run_id,host,arch,cpu,compiler,library,version,backend_isa,implementation,case,model,subgraph,shape,batch,tokens,chunk,op,dtype,extent,phase,epilogue,orientation,tuning,mc,nc,kc,native_batch,packing_included,weights_prepacked,call_multiplicity,selected_kc,selected_outer_block,padding_ratio,isa_fallback,median_us,p10_us,p90_us,cv,logical_gflops,openblas_raw_e2e_us,speedup_vs_openblas,speedup_vs_openblas_raw_e2e,vecops_dynamic_extent,vecops_dynamic_us,vecops_const_us,vecops_dynamic_speedup_vs_row,vecops_const_speedup_vs_row,status,error,source_json
post-targeted-fixes-20260904-peers,920f-4,Native,,BiSheng clang,ACL,2a8ca9840a3112d12d6cc68e49e6c833f9759fd6,SVE/SVE2/SME; VL=SVL=512b,sme_interleaved_nomerge_bf16fp32_mopa_2VLx2VL,A01_gsa_proj_r128,af3,gsa_projection,128x16384x128,1,128,128,bias,bf16xbf16_acc_fp32,NA,prepared_execute,native_fused,row_contiguous,default,auto,auto,auto,1.0,0.0,1.0,5.0,128.0,32.0,,,1921.3469414454369,1913.4414640979633,1924.6015426081917,0.002596755972348624,279.4242416188041,5980116.2029616535,,3112.4603651554926,,,,,,ok,,benchmarks/ops/matmul-otherlibs/results/raw/cycles/post-targeted-fixes-20260904/arm-peers/920f-4_MatmulOtherlibsACLBench_post-targeted-fixes-20260904-peers.json
post-targeted-fixes-20260904-peers,920f-4,Native,,BiSheng clang,LIBXSMM,3668d249637792dcc988414eb3d2a374033743df,SVE/SVE2/SME; VL=SVL=512b,,A01_gsa_proj_r128,af3,gsa_projection,128x16384x128,1,128,128,bias,bf16xbf16_acc_fp32,NA,prepared_execute,separate,row_contiguous,default,auto,auto,auto,0.0,0.0,1.0,5.0,,,1.0,0.0,1085107.0927456021,1084449.7574493287,1085818.208474666,0.0005297110154815136,0.49476306586622476,5980116.2029616535,,5.511083876366903,,,,,,ok,,benchmarks/ops/matmul-otherlibs/results/raw/cycles/post-targeted-fixes-20260904/arm-peers/920f-4_MatmulOtherlibsLIBXSMMBench_post-targeted-fixes-20260904-peers.json
post-targeted-fixes-20260904-peers,920f-4,Native,,BiSheng clang,oneDNN,0e2a5bfeef1bfbffc3137464606540233086ce9b,SVE/SVE2/SME; VL=SVL=512b,brg:sve_512,A01_gsa_proj_r128,af3,gsa_projection,128x16384x128,1,128,128,bias,bf16xbf16_acc_fp32,NA,prepared_execute,separate,row_contiguous,default,auto,auto,auto,0.0,0.0,1.0,5.0,,,,,5330.178955638849,5317.30055809021,5349.163204017612,0.0025095186882327747,100.72286811909738,5980116.2029616535,,1121.9353520270138,,,,,,ok,,benchmarks/ops/matmul-otherlibs/results/raw/cycles/post-targeted-fixes-20260904/arm-peers/920f-4_MatmulOtherlibsOneDNNBench_post-targeted-fixes-20260904-peers.json
post-targeted-fixes-20260904-peers,920f-4,Native,,BiSheng clang,KUPL-MMA,bd7059eae348f1d77f73a9fbb1cadfe7a6405fb8,SVE/SVE2/SME; VL=SVL=512b,KP36_16x64x2_BF16BF16F32+vecops_transpose_pack,A01_gsa_proj_r128,af3,gsa_projection,128x16384x128,1,128,128,bias,bf16xbf16_acc_fp32,NA,raw_e2e,native_accumulate,row_contiguous,default,auto,auto,auto,0.0,1.0,0.0,5.0,,,1.0,,10635.002695310573,10500.822617457463,10649.709568287317,0.00661587947095613,50.48150220373045,5980116.2029616535,562.3050951927395,562.3050951927395,,,,,,ok,,benchmarks/ops/matmul-otherlibs/results/raw/cycles/post-targeted-fixes-20260904/arm-peers/920f-4_MatmulOtherlibsKUPLBench_post-targeted-fixes-20260904-peers.json
post-targeted-fixes-20260904-peers,920f-4,Native,,BiSheng clang,OpenBLAS,e0166008be8e466242aa76b2ff75ce3f0fbf574a,SVE/SVE2/SME; VL=SVL=512b,ARMV8SVE,A01_gsa_proj_r128,af3,gsa_projection,128x16384x128,1,128,128,bias,bf16xbf16_acc_fp32,NA,raw_e2e,separate,row_contiguous,default,auto,auto,auto,0.0,1.0,0.0,5.0,,,1.0,,5980116.2029616535,5978425.085730851,5982493.77179891,0.00034596266059982366,0.08977599996035437,5980116.2029616535,1.0,1.0,,,,,,ok,,benchmarks/ops/matmul-otherlibs/results/raw/cycles/post-targeted-fixes-20260904/arm-peers/920f-4_MatmulOtherlibsOpenBLASBench_post-targeted-fixes-20260904-peers.json
stage4-sme-20260905,920f-4,Native,,BiSheng clang 19.1.7,vecops,rsync-snapshot,"SVE2+SME BF16, VL=SVL=512b",,A01_gsa_proj_r128,af3,gsa_projection,128x16384x128,1,128,128,bias,bf16xbf16_acc_fp32,AllConst,raw_e2e,native_fused,row_contiguous,default,auto,auto,auto,0.0,1.0,0.0,5.0,,,,,2150.5264780269217,2149.441434213749,2165.9795610377428,0.005622667060788387,249.64626917431474,,,,TokenDynamic,2149.662708468509,2150.5264780269217,1.0004018163198392,1.0,ok,,benchmarks/ops/matmul-otherlibs/results/raw/cycles/stage4-sme-20260905/arm/920f-4-arm_MatmulOtherlibsVecopsBiasBench_stage4-sme-20260905.json
stage4-sme-20260905,920f-4,Native,,BiSheng clang 19.1.7,vecops,rsync-snapshot,"SVE2+SME BF16, VL=SVL=512b",,A01_gsa_proj_r128,af3,gsa_projection,128x16384x128,1,128,128,bias,bf16xbf16_acc_fp32,TokenDynamic,raw_e2e,native_fused,row_contiguous,default,auto,auto,auto,0.0,1.0,0.0,5.0,,,,,2149.662708468509,2148.52826444037,2152.1214409872437,0.0011130422171670273,249.74658111945595,,,,TokenDynamic,2149.662708468509,2150.5264780269217,1.0,0.9995983450716659,ok,,benchmarks/ops/matmul-otherlibs/results/raw/cycles/stage4-sme-20260905/arm/920f-4-arm_MatmulOtherlibsVecopsBiasBench_stage4-sme-20260905.json
post-targeted-fixes-20260904-peers,920f-4,Native,,BiSheng clang,ACL,2a8ca9840a3112d12d6cc68e49e6c833f9759fd6,SVE/SVE2/SME; VL=SVL=512b,sme_interleaved_nomerge_bf16fp32_mopa_2VLx2VL,A01_gsa_proj_r128,af3,gsa_projection,128x16384x128,1,128,128,bias_relu,bf16xbf16_acc_fp32,NA,prepared_execute,native_fused,row_contiguous,default,auto,auto,auto,1.0,0.0,1.0,5.0,128.0,32.0,,,1910.8769232155505,1906.1047092986266,1916.8117889077278,0.0027788860480449113,280.9552543533647,5979530.409909785,,3129.207505341401,,,,,,ok,,benchmarks/ops/matmul-otherlibs/results/raw/cycles/post-targeted-fixes-20260904/arm-peers/920f-4_MatmulOtherlibsACLBench_post-targeted-fixes-20260904-peers.json
post-targeted-fixes-20260904-peers,920f-4,Native,,BiSheng clang,LIBXSMM,3668d249637792dcc988414eb3d2a374033743df,SVE/SVE2/SME; VL=SVL=512b,,A01_gsa_proj_r128,af3,gsa_projection,128x16384x128,1,128,128,bias_relu,bf16xbf16_acc_fp32,NA,prepared_execute,separate,row_contiguous,default,auto,auto,auto,0.0,0.0,1.0,5.0,,,1.0,0.0,1084946.2640471756,1084581.570792943,1085651.0387733576,0.0005008832559479367,0.49483640783950916,5979530.409909785,,5.511360892293724,,,,,,ok,,benchmarks/ops/matmul-otherlibs/results/raw/cycles/post-targeted-fixes-20260904/arm-peers/920f-4_MatmulOtherlibsLIBXSMMBench_post-targeted-fixes-20260904-peers.json
post-targeted-fixes-20260904-peers,920f-4,Native,,BiSheng clang,oneDNN,0e2a5bfeef1bfbffc3137464606540233086ce9b,SVE/SVE2/SME; VL=SVL=512b,brg:sve_512,A01_gsa_proj_r128,af3,gsa_projection,128x16384x128,1,128,128,bias_relu,bf16xbf16_acc_fp32,NA,prepared_execute,separate,row_contiguous,default,auto,auto,auto,0.0,0.0,1.0,5.0,,,,,6006.301458304128,5945.233713525036,6052.076509998491,0.0073698086881273835,89.38460976808595,5979530.409909785,,995.5428397025711,,,,,,ok,,benchmarks/ops/matmul-otherlibs/results/raw/cycles/post-targeted-fixes-20260904/arm-peers/920f-4_MatmulOtherlibsOneDNNBench_post-targeted-fixes-20260904-peers.json
post-targeted-fixes-20260904-peers,920f-4,Native,,BiSheng clang,KUPL-MMA,bd7059eae348f1d77f73a9fbb1cadfe7a6405fb8,SVE/SVE2/SME; VL=SVL=512b,KP36_16x64x2_BF16BF16F32+vecops_transpose_pack,A01_gsa_proj_r128,af3,gsa_projection,128x16384x128,1,128,128,bias_relu,bf16xbf16_acc_fp32,NA,raw_e2e,separate,row_contiguous,default,auto,auto,auto,0.0,1.0,0.0,5.0,,,1.0,,11152.404754494246,11119.350597548942,11174.599998272384,0.0021317603107755627,48.1394751910927,5979530.409909785,536.1651178863578,536.1651178863578,,,,,,ok,,benchmarks/ops/matmul-otherlibs/results/raw/cycles/post-targeted-fixes-20260904/arm-peers/920f-4_MatmulOtherlibsKUPLBench_post-targeted-fixes-20260904-peers.json
post-targeted-fixes-20260904-peers,920f-4,Native,,BiSheng clang,OpenBLAS,e0166008be8e466242aa76b2ff75ce3f0fbf574a,SVE/SVE2/SME; VL=SVL=512b,ARMV8SVE,A01_gsa_proj_r128,af3,gsa_projection,128x16384x128,1,128,128,bias_relu,bf16xbf16_acc_fp32,NA,raw_e2e,separate,row_contiguous,default,auto,auto,auto,0.0,1.0,0.0,5.0,,,1.0,,5979530.409909785,5978744.453564286,5981361.6923987875,0.00020537941293745756,0.08978479499163547,5979530.409909785,1.0,1.0,,,,,,ok,,benchmarks/ops/matmul-otherlibs/results/raw/cycles/post-targeted-fixes-20260904/arm-peers/920f-4_MatmulOtherlibsOpenBLASBench_post-targeted-fixes-20260904-peers.json
stage4-sme-20260905,920f-4,Native,,BiSheng clang 19.1.7,vecops,rsync-snapshot,"SVE2+SME BF16, VL=SVL=512b",,A01_gsa_proj_r128,af3,gsa_projection,128x16384x128,1,128,128,bias_relu,bf16xbf16_acc_fp32,AllConst,raw_e2e,native_fused,row_contiguous,default,auto,auto,auto,0.0,1.0,0.0,5.0,,,,,1908.7828758701282,1360.0457472273629,1912.9270826139164,0.15327628874786098,281.2634788308569,,,,TokenDynamic,1884.0050014356773,1908.7828758701282,1.0131517031088395,1.0,ok,,benchmarks/ops/matmul-otherlibs/results/raw/cycles/stage4-sme-20260905/arm/920f-4-arm_MatmulOtherlibsVecopsBiasReluBench_stage4-sme-20260905.json
stage4-sme-20260905,920f-4,Native,,BiSheng clang 19.1.7,vecops,rsync-snapshot,"SVE2+SME BF16, VL=SVL=512b",,A01_gsa_proj_r128,af3,gsa_projection,128x16384x128,1,128,128,bias_relu,bf16xbf16_acc_fp32,TokenDynamic,raw_e2e,native_fused,row_contiguous,default,auto,auto,auto,0.0,1.0,0.0,5.0,,,,,1884.0050014356773,1372.010812163353,1893.59541858236,0.1452884275645727,284.9625725997997,,,,TokenDynamic,1884.0050014356773,1908.7828758701282,1.0,0.9870190189006406,ok,,benchmarks/ops/matmul-otherlibs/results/raw/cycles/stage4-sme-20260905/arm/920f-4-arm_MatmulOtherlibsVecopsBiasReluBench_stage4-sme-20260905.json
post-targeted-fixes-20260904-peers,920f-4,Native,,BiSheng clang,ACL,2a8ca9840a3112d12d6cc68e49e6c833f9759fd6,SVE/SVE2/SME; VL=SVL=512b,sme_interleaved_nomerge_bf16fp32_mopa_2VLx2VL,A01_gsa_proj_r128,af3,gsa_projection,128x16384x128,1,128,128,gemm,bf16xbf16_acc_fp32,NA,prepared_execute,native,row_contiguous,default,auto,auto,auto,1.0,0.0,1.0,5.0,128.0,32.0,,,1857.9027627741818,1857.0401166614736,1860.8485605861792,0.0009795379926614421,288.96609809565894,5981041.113846004,,3219.2433499131234,,,,,,ok,,benchmarks/ops/matmul-otherlibs/results/raw/cycles/post-targeted-fixes-20260904/arm-peers/920f-4_MatmulOtherlibsACLBench_post-targeted-fixes-20260904-peers.json
post-targeted-fixes-20260904-peers,920f-4,Native,,BiSheng clang,LIBXSMM,3668d249637792dcc988414eb3d2a374033743df,SVE/SVE2/SME; VL=SVL=512b,,A01_gsa_proj_r128,af3,gsa_projection,128x16384x128,1,128,128,gemm,bf16xbf16_acc_fp32,NA,prepared_execute,native,row_contiguous,default,auto,auto,auto,0.0,0.0,1.0,5.0,,,1.0,0.0,1084755.4332576692,1084255.1406472924,1091609.93816331,0.005642754632089872,0.4949234597403242,5981041.113846004,,5.513723121795406,,,,,,ok,,benchmarks/ops/matmul-otherlibs/results/raw/cycles/post-targeted-fixes-20260904/arm-peers/920f-4_MatmulOtherlibsLIBXSMMBench_post-targeted-fixes-20260904-peers.json
post-targeted-fixes-20260904-peers,920f-4,Native,,BiSheng clang,oneDNN,0e2a5bfeef1bfbffc3137464606540233086ce9b,SVE/SVE2/SME; VL=SVL=512b,brg:sve_512,A01_gsa_proj_r128,af3,gsa_projection,128x16384x128,1,128,128,gemm,bf16xbf16_acc_fp32,NA,prepared_execute,native,row_contiguous,default,auto,auto,auto,0.0,0.0,1.0,5.0,,,,,5262.278141108928,5254.365093316192,5278.30251182119,0.002057360956487256,102.02252667071383,5981041.113846004,,1136.58779590575,,,,,,ok,,benchmarks/ops/matmul-otherlibs/results/raw/cycles/post-targeted-fixes-20260904/arm-peers/920f-4_MatmulOtherlibsOneDNNBench_post-targeted-fixes-20260904-peers.json
post-targeted-fixes-20260904-peers,920f-4,Native,,BiSheng clang,KUPL-MMA,bd7059eae348f1d77f73a9fbb1cadfe7a6405fb8,SVE/SVE2/SME; VL=SVL=512b,KP36_16x64x2_BF16BF16F32+vecops_transpose_pack,A01_gsa_proj_r128,af3,gsa_projection,128x16384x128,1,128,128,gemm,bf16xbf16_acc_fp32,NA,raw_e2e,native_accumulate,row_contiguous,default,auto,auto,auto,0.0,1.0,0.0,5.0,,,1.0,,7480.63067562486,7428.304355983672,7492.467094408838,0.004019027707553074,71.76813497147485,5981041.113846004,799.5370140828942,799.5370140828942,,,,,,ok,,benchmarks/ops/matmul-otherlibs/results/raw/cycles/post-targeted-fixes-20260904/arm-peers/920f-4_MatmulOtherlibsKUPLBench_post-targeted-fixes-20260904-peers.json
post-targeted-fixes-20260904-peers,920f-4,Native,,BiSheng clang,OpenBLAS,e0166008be8e466242aa76b2ff75ce3f0fbf574a,SVE/SVE2/SME; VL=SVL=512b,ARMV8SVE,A01_gsa_proj_r128,af3,gsa_projection,128x16384x128,1,128,128,gemm,bf16xbf16_acc_fp32,NA,raw_e2e,native,row_contiguous,default,auto,auto,auto,0.0,1.0,0.0,5.0,,,1.0,,5981041.113846004,5979458.649922162,5982921.825628727,0.0002539851769994554,0.0897621169593958,5981041.113846004,1.0,1.0,,,,,,ok,,benchmarks/ops/matmul-otherlibs/results/raw/cycles/post-targeted-fixes-20260904/arm-peers/920f-4_MatmulOtherlibsOpenBLASBench_post-targeted-fixes-20260904-peers.json
stage4-sme-20260905,920f-4,Native,,BiSheng clang 19.1.7,vecops,rsync-snapshot,"SVE2+SME BF16, VL=SVL=512b",,A01_gsa_proj_r128,af3,gsa_projection,128x16384x128,1,128,128,gemm,bf16xbf16_acc_fp32,AllConst,raw_e2e,native,row_contiguous,default,auto,auto,auto,0.0,1.0,0.0,5.0,,,,,1786.912278009531,1779.769018340187,1793.2010671267144,0.003654513256431987,300.44614870408117,,,,TokenDynamic,2073.2573085577687,1786.912278009531,0.8618864000303805,1.0,ok,,benchmarks/ops/matmul-otherlibs/results/raw/cycles/stage4-sme-20260905/arm/920f-4-arm_MatmulOtherlibsVecopsAF3ProjectionBench_stage4-sme-20260905.json
stage4-sme-20260905,920f-4,Native,,BiSheng clang 19.1.7,vecops,rsync-snapshot,"SVE2+SME BF16, VL=SVL=512b",,A01_gsa_proj_r128,af3,gsa_projection,128x16384x128,1,128,128,gemm,bf16xbf16_acc_fp32,TokenDynamic,raw_e2e,native,row_contiguous,default,auto,auto,auto,0.0,1.0,0.0,5.0,,,,,2073.2573085577687,2065.5023499835875,2076.5254918102905,0.002717419652316036,258.95044950955287,,,,TokenDynamic,2073.2573085577687,1786.912278009531,1.0,1.1602457121550487,ok,,benchmarks/ops/matmul-otherlibs/results/raw/cycles/stage4-sme-20260905/arm/920f-4-arm_MatmulOtherlibsVecopsAF3ProjectionBench_stage4-sme-20260905.json
post-targeted-fixes-20260904-peers,920f-4,Native,,BiSheng clang,ACL,2a8ca9840a3112d12d6cc68e49e6c833f9759fd6,SVE/SVE2/SME; VL=SVL=512b,a64_hybrid_bf16fp32_mmla_6x16,A01_gsa_proj_r128,af3,gsa_projection,128x16384x128,1,128,128,gemm_add,bf16xbf16_acc_fp32,NA,prepared_execute,native,row_contiguous,default,auto,auto,auto,1.0,0.0,1.0,5.0,128.0,48.0,,,21272.77312268104,21240.425522306137,21294.113474764996,0.0013363305763294082,25.23746710895854,5979764.7329978645,,281.09944568638474,,,,,,ok,,benchmarks/ops/matmul-otherlibs/results/raw/cycles/post-targeted-fixes-20260904/arm-peers/920f-4_MatmulOtherlibsACLBench_post-targeted-fixes-20260904-peers.json
post-targeted-fixes-20260904-peers,920f-4,Native,,BiSheng clang,LIBXSMM,3668d249637792dcc988414eb3d2a374033743df,SVE/SVE2/SME; VL=SVL=512b,,A01_gsa_proj_r128,af3,gsa_projection,128x16384x128,1,128,128,gemm_add,bf16xbf16_acc_fp32,NA,prepared_execute,native,row_contiguous,default,auto,auto,auto,0.0,0.0,1.0,5.0,,,1.0,0.0,1083907.4458926916,1083604.7229357066,1084509.2492178085,0.00041595469356507447,0.4953106596272529,5979764.7329978645,,5.516859170639806,,,,,,ok,,benchmarks/ops/matmul-otherlibs/results/raw/cycles/post-targeted-fixes-20260904/arm-peers/920f-4_MatmulOtherlibsLIBXSMMBench_post-targeted-fixes-20260904-peers.json
post-targeted-fixes-20260904-peers,920f-4,Native,,BiSheng clang,oneDNN,0e2a5bfeef1bfbffc3137464606540233086ce9b,SVE/SVE2/SME; VL=SVL=512b,brg:sve_512,A01_gsa_proj_r128,af3,gsa_projection,128x16384x128,1,128,128,gemm_add,bf16xbf16_acc_fp32,NA,prepared_execute,native,row_contiguous,default,auto,auto,auto,0.0,0.0,1.0,5.0,,,,,6185.983105198197,6176.025630987208,6205.485805707133,0.0022893731969911555,86.78829263999401,5979764.7329978645,,966.66360565598,,,,,,ok,,benchmarks/ops/matmul-otherlibs/results/raw/cycles/post-targeted-fixes-20260904/arm-peers/920f-4_MatmulOtherlibsOneDNNBench_post-targeted-fixes-20260904-peers.json
post-targeted-fixes-20260904-peers,920f-4,Native,,BiSheng clang,KUPL-MMA,bd7059eae348f1d77f73a9fbb1cadfe7a6405fb8,SVE/SVE2/SME; VL=SVL=512b,KP36_16x64x2_BF16BF16F32+vecops_transpose_pack,A01_gsa_proj_r128,af3,gsa_projection,128x16384x128,1,128,128,gemm_add,bf16xbf16_acc_fp32,NA,raw_e2e,native_accumulate,row_contiguous,default,auto,auto,auto,0.0,1.0,0.0,5.0,,,1.0,,11171.012686995358,11041.088373615192,11183.952876868158,0.005953726231061952,48.05928764408206,5979764.7329978645,535.2929855642504,535.2929855642504,,,,,,ok,,benchmarks/ops/matmul-otherlibs/results/raw/cycles/post-targeted-fixes-20260904/arm-peers/920f-4_MatmulOtherlibsKUPLBench_post-targeted-fixes-20260904-peers.json
post-targeted-fixes-20260904-peers,920f-4,Native,,BiSheng clang,OpenBLAS,e0166008be8e466242aa76b2ff75ce3f0fbf574a,SVE/SVE2/SME; VL=SVL=512b,ARMV8SVE,A01_gsa_proj_r128,af3,gsa_projection,128x16384x128,1,128,128,gemm_add,bf16xbf16_acc_fp32,NA,raw_e2e,native,row_contiguous,default,auto,auto,auto,0.0,1.0,0.0,5.0,,,1.0,,5979764.7329978645,5978232.281375677,5980856.018140912,0.00019459789879405296,0.08978127668424973,5979764.7329978645,1.0,1.0,,,,,,ok,,benchmarks/ops/matmul-otherlibs/results/raw/cycles/post-targeted-fixes-20260904/arm-peers/920f-4_MatmulOtherlibsOpenBLASBench_post-targeted-fixes-20260904-peers.json
stage4-sme-20260905,920f-4,Native,,BiSheng clang 19.1.7,vecops,rsync-snapshot,"SVE2+SME BF16, VL=SVL=512b",,A01_gsa_proj_r128,af3,gsa_projection,128x16384x128,1,128,128,gemm_add,bf16xbf16_acc_fp32,AllConst,raw_e2e,native,row_contiguous,default,auto,auto,auto,0.0,1.0,0.0,5.0,,,,,2596.6526871478113,2594.6551019808758,2854.839919341935,0.046796374325228776,206.75499448087692,,,,TokenDynamic,2257.999986232746,2596.6526871478113,1.1499790535783283,1.0,ok,,benchmarks/ops/matmul-otherlibs/results/raw/cycles/stage4-sme-20260905/arm/920f-4-arm_MatmulOtherlibsVecopsAF3ProjectionBench_stage4-sme-20260905.json
stage4-sme-20260905,920f-4,Native,,BiSheng clang 19.1.7,vecops,rsync-snapshot,"SVE2+SME BF16, VL=SVL=512b",,A01_gsa_proj_r128,af3,gsa_projection,128x16384x128,1,128,128,gemm_add,bf16xbf16_acc_fp32,TokenDynamic,raw_e2e,native,row_contiguous,default,auto,auto,auto,0.0,1.0,0.0,5.0,,,,,2257.999986232746,2244.281693406048,2263.1802389191257,0.004327832403987111,237.76391287571133,,,,TokenDynamic,2257.999986232746,2596.6526871478113,1.0,0.8695810561838961,ok,,benchmarks/ops/matmul-otherlibs/results/raw/cycles/stage4-sme-20260905/arm/920f-4-arm_MatmulOtherlibsVecopsAF3ProjectionBench_stage4-sme-20260905.json
stage4-sme-20260905,920f-4,Native,,BiSheng clang 19.1.7,vecops,rsync-snapshot,"SVE2+SME BF16, VL=SVL=512b",,A02_gsa_proj_r512,af3,gsa_projection,128x65536x128,1,512,128,bias,bf16xbf16_acc_fp32,AllConst,raw_e2e,native_fused,row_contiguous,default,auto,auto,auto,0.0,1.0,0.0,20.0,,,,,6415.997145020149,6382.468359714206,6427.609700370919,0.0034116595263983134,334.7077000598098,,,,TokenDynamic,5701.136160641909,6415.997145020149,1.125389214401389,1.0,ok,,benchmarks/ops/matmul-otherlibs/results/raw/cycles/stage4-sme-20260905/arm/920f-4-arm_MatmulOtherlibsVecopsBiasBench_stage4-sme-20260905.json
stage4-sme-20260905,920f-4,Native,,BiSheng clang 19.1.7,vecops,rsync-snapshot,"SVE2+SME BF16, VL=SVL=512b",,A02_gsa_proj_r512,af3,gsa_projection,128x65536x128,1,512,128,bias,bf16xbf16_acc_fp32,TokenDynamic,raw_e2e,native_fused,row_contiguous,default,auto,auto,auto,0.0,1.0,0.0,20.0,,,,,5701.136160641909,5697.51862436533,5727.895583957435,0.00410565372734301,376.6764356244051,,,,TokenDynamic,5701.136160641909,6415.997145020149,1.0,0.8885814678185934,ok,,benchmarks/ops/matmul-otherlibs/results/raw/cycles/stage4-sme-20260905/arm/920f-4-arm_MatmulOtherlibsVecopsBiasBench_stage4-sme-20260905.json
stage4-sme-20260905,920f-4,Native,,BiSheng clang 19.1.7,vecops,rsync-snapshot,"SVE2+SME BF16, VL=SVL=512b",,A02_gsa_proj_r512,af3,gsa_projection,128x65536x128,1,512,128,bias_relu,bf16xbf16_acc_fp32,AllConst,raw_e2e,native_fused,row_contiguous,default,auto,auto,auto,0.0,1.0,0.0,20.0,,,,,7710.376961363688,7696.347849236596,7795.843181924689,0.005862992185905781,278.5186325857909,,,,TokenDynamic,8049.57388626302,7710.376961363688,0.9578615055042619,1.0,ok,,benchmarks/ops/matmul-otherlibs/results/raw/cycles/stage4-sme-20260905/arm/920f-4-arm_MatmulOtherlibsVecopsBiasReluBench_stage4-sme-20260905.json
stage4-sme-20260905,920f-4,Native,,BiSheng clang 19.1.7,vecops,rsync-snapshot,"SVE2+SME BF16, VL=SVL=512b",,A02_gsa_proj_r512,af3,gsa_projection,128x65536x128,1,512,128,bias_relu,bf16xbf16_acc_fp32,TokenDynamic,raw_e2e,native_fused,row_contiguous,default,auto,auto,auto,0.0,1.0,0.0,20.0,,,,,8049.57388626302,8006.375118651811,8076.3403654975045,0.004419697864106467,266.78227671961406,,,,TokenDynamic,8049.57388626302,7710.376961363688,1.0,1.0439922621940576,ok,,benchmarks/ops/matmul-otherlibs/results/raw/cycles/stage4-sme-20260905/arm/920f-4-arm_MatmulOtherlibsVecopsBiasReluBench_stage4-sme-20260905.json
stage4-sme-20260905,920f-4,Native,,BiSheng clang 19.1.7,vecops,rsync-snapshot,"SVE2+SME BF16, VL=SVL=512b",,A02_gsa_proj_r512,af3,gsa_projection,128x65536x128,1,512,128,gemm,bf16xbf16_acc_fp32,AllConst,raw_e2e,native,row_contiguous,default,auto,auto,auto,0.0,1.0,0.0,20.0,,,,,6418.95642250099,6402.417141097513,6499.030792408369,0.007805045023946887,334.55339258453563,,,,TokenDynamic,5814.049451146275,6418.95642250099,1.1040422817930202,1.0,ok,,benchmarks/ops/matmul-otherlibs/results/raw/cycles/stage4-sme-20260905/arm/920f-4-arm_MatmulOtherlibsVecopsAF3ProjectionBench_stage4-sme-20260905.json
stage4-sme-20260905,920f-4,Native,,BiSheng clang 19.1.7,vecops,rsync-snapshot,"SVE2+SME BF16, VL=SVL=512b",,A02_gsa_proj_r512,af3,gsa_projection,128x65536x128,1,512,128,gemm,bf16xbf16_acc_fp32,TokenDynamic,raw_e2e,native,row_contiguous,default,auto,auto,auto,0.0,1.0,0.0,20.0,,,,,5814.049451146275,5799.440081076076,5843.9849837062275,0.003554474697679321,369.3610909306268,,,,TokenDynamic,5814.049451146275,6418.95642250099,1.0,0.9057624119032377,ok,,benchmarks/ops/matmul-otherlibs/results/raw/cycles/stage4-sme-20260905/arm/920f-4-arm_MatmulOtherlibsVecopsAF3ProjectionBench_stage4-sme-20260905.json
stage4-sme-20260905,920f-4,Native,,BiSheng clang 19.1.7,vecops,rsync-snapshot,"SVE2+SME BF16, VL=SVL=512b",,A02_gsa_proj_r512,af3,gsa_projection,128x65536x128,1,512,128,gemm_add,bf16xbf16_acc_fp32,AllConst,raw_e2e,native,row_contiguous,default,auto,auto,auto,0.0,1.0,0.0,20.0,,,,,9597.501686463755,9582.317763318619,9612.875332434973,0.0016059234149501686,223.75444341195532,,,,TokenDynamic,9132.330917054787,9597.501686463755,1.0509366966258584,1.0,ok,,benchmarks/ops/matmul-otherlibs/results/raw/cycles/stage4-sme-20260905/arm/920f-4-arm_MatmulOtherlibsVecopsAF3ProjectionBench_stage4-sme-20260905.json
stage4-sme-20260905,920f-4,Native,,BiSheng clang 19.1.7,vecops,rsync-snapshot,"SVE2+SME BF16, VL=SVL=512b",,A02_gsa_proj_r512,af3,gsa_projection,128x65536x128,1,512,128,gemm_add,bf16xbf16_acc_fp32,TokenDynamic,raw_e2e,native,row_contiguous,default,auto,auto,auto,0.0,1.0,0.0,20.0,,,,,9132.330917054787,9045.137831708415,9180.853312136605,0.006672124549278646,235.1517556147179,,,,TokenDynamic,9132.330917054787,9597.501686463755,1.0,0.9515320981849849,ok,,benchmarks/ops/matmul-otherlibs/results/raw/cycles/stage4-sme-20260905/arm/920f-4-arm_MatmulOtherlibsVecopsAF3ProjectionBench_stage4-sme-20260905.json
stage4-sme-20260905,920f-4,Native,,BiSheng clang 19.1.7,vecops,rsync-snapshot,"SVE2+SME BF16, VL=SVL=512b",,A03_gsa_proj_r1536,af3,gsa_projection,128x196608x128,1,1536,128,bias,bf16xbf16_acc_fp32,AllConst,raw_e2e,native_fused,row_contiguous,default,auto,auto,auto,0.0,1.0,0.0,60.0,,,,,19732.44554496237,19560.35034464938,19916.085779134715,0.009351315606510747,326.49024315411003,,,,TokenDynamic,17037.718382198364,19732.44554496237,1.1581624430169921,1.0,ok,,benchmarks/ops/matmul-otherlibs/results/raw/cycles/stage4-sme-20260905/arm/920f-4-arm_MatmulOtherlibsVecopsBiasBench_stage4-sme-20260905.json
stage4-sme-20260905,920f-4,Native,,BiSheng clang 19.1.7,vecops,rsync-snapshot,"SVE2+SME BF16, VL=SVL=512b",,A03_gsa_proj_r1536,af3,gsa_projection,128x196608x128,1,1536,128,bias,bf16xbf16_acc_fp32,TokenDynamic,raw_e2e,native_fused,row_contiguous,default,auto,auto,auto,0.0,1.0,0.0,60.0,,,,,17037.718382198364,17015.302542131398,17308.652168139815,0.01418397955850656,378.12873763257585,,,,TokenDynamic,17037.718382198364,19732.44554496237,1.0,0.8634367363830399,ok,,benchmarks/ops/matmul-otherlibs/results/raw/cycles/stage4-sme-20260905/arm/920f-4-arm_MatmulOtherlibsVecopsBiasBench_stage4-sme-20260905.json
stage4-sme-20260905,920f-4,Native,,BiSheng clang 19.1.7,vecops,rsync-snapshot,"SVE2+SME BF16, VL=SVL=512b",,A03_gsa_proj_r1536,af3,gsa_projection,128x196608x128,1,1536,128,bias_relu,bf16xbf16_acc_fp32,AllConst,raw_e2e,native_fused,row_contiguous,default,auto,auto,auto,0.0,1.0,0.0,60.0,,,,,23074.97283133368,23030.41983395815,23099.51068212589,0.001392255218682215,279.1964693129236,,,,TokenDynamic,24081.889151905976,23074.97283133368,0.958187818479656,1.0,ok,,benchmarks/ops/matmul-otherlibs/results/raw/cycles/stage4-sme-20260905/arm/920f-4-arm_MatmulOtherlibsVecopsBiasReluBench_stage4-sme-20260905.json
stage4-sme-20260905,920f-4,Native,,BiSheng clang 19.1.7,vecops,rsync-snapshot,"SVE2+SME BF16, VL=SVL=512b",,A03_gsa_proj_r1536,af3,gsa_projection,128x196608x128,1,1536,128,bias_relu,bf16xbf16_acc_fp32,TokenDynamic,raw_e2e,native_fused,row_contiguous,default,auto,auto,auto,0.0,1.0,0.0,60.0,,,,,24081.889151905976,23971.281992271546,24183.449381962422,0.003914201040867364,267.52265585817247,,,,TokenDynamic,24081.889151905976,23074.97283133368,1.0,1.0436367283260675,ok,,benchmarks/ops/matmul-otherlibs/results/raw/cycles/stage4-sme-20260905/arm/920f-4-arm_MatmulOtherlibsVecopsBiasReluBench_stage4-sme-20260905.json
stage4-sme-20260905,920f-4,Native,,BiSheng clang 19.1.7,vecops,rsync-snapshot,"SVE2+SME BF16, VL=SVL=512b",,A03_gsa_proj_r1536,af3,gsa_projection,128x196608x128,1,1536,128,gemm,bf16xbf16_acc_fp32,AllConst,raw_e2e,native,row_contiguous,default,auto,auto,auto,0.0,1.0,0.0,60.0,,,,,16978.9987266995,16951.20136719197,17166.01649532095,0.0065088709183099835,379.43644661856507,,,,TokenDynamic,17227.698874194175,16978.9987266995,0.9855639369302416,1.0,ok,,benchmarks/ops/matmul-otherlibs/results/raw/cycles/stage4-sme-20260905/arm/920f-4-arm_MatmulOtherlibsVecopsAF3ProjectionBench_stage4-sme-20260905.json
stage4-sme-20260905,920f-4,Native,,BiSheng clang 19.1.7,vecops,rsync-snapshot,"SVE2+SME BF16, VL=SVL=512b",,A03_gsa_proj_r1536,af3,gsa_projection,128x196608x128,1,1536,128,gemm,bf16xbf16_acc_fp32,TokenDynamic,raw_e2e,native,row_contiguous,default,auto,auto,auto,0.0,1.0,0.0,60.0,,,,,17227.698874194175,17130.136943887923,17407.425737474114,0.007158687857015922,373.95887814421445,,,,TokenDynamic,17227.698874194175,16978.9987266995,1.0,1.0146475155277321,ok,,benchmarks/ops/matmul-otherlibs/results/raw/cycles/stage4-sme-20260905/arm/920f-4-arm_MatmulOtherlibsVecopsAF3ProjectionBench_stage4-sme-20260905.json
stage4-sme-20260905,920f-4,Native,,BiSheng clang 19.1.7,vecops,rsync-snapshot,"SVE2+SME BF16, VL=SVL=512b",,A03_gsa_proj_r1536,af3,gsa_projection,128x196608x128,1,1536,128,gemm_add,bf16xbf16_acc_fp32,AllConst,raw_e2e,native,row_contiguous,default,auto,auto,auto,0.0,1.0,0.0,60.0,,,,,29767.76165887713,29732.88711160421,29850.680734962225,0.001992764683875564,216.42376131020848,,,,TokenDynamic,26823.730859905478,29767.76165887713,1.109754709900263,1.0,ok,,benchmarks/ops/matmul-otherlibs/results/raw/cycles/stage4-sme-20260905/arm/920f-4-arm_MatmulOtherlibsVecopsAF3ProjectionBench_stage4-sme-20260905.json
stage4-sme-20260905,920f-4,Native,,BiSheng clang 19.1.7,vecops,rsync-snapshot,"SVE2+SME BF16, VL=SVL=512b",,A03_gsa_proj_r1536,af3,gsa_projection,128x196608x128,1,1536,128,gemm_add,bf16xbf16_acc_fp32,TokenDynamic,raw_e2e,native,row_contiguous,default,auto,auto,auto,0.0,1.0,0.0,60.0,,,,,26823.730859905478,26777.858603745695,27140.22686704993,0.006586996255504769,240.17728844833414,,,,TokenDynamic,26823.730859905478,29767.76165887713,1.0,0.9011000278519865,ok,,benchmarks/ops/matmul-otherlibs/results/raw/cycles/stage4-sme-20260905/arm/920f-4-arm_MatmulOtherlibsVecopsAF3ProjectionBench_stage4-sme-20260905.json
stage4-sme-20260905,920f-4,Native,,BiSheng clang 19.1.7,vecops,rsync-snapshot,"SVE2+SME BF16, VL=SVL=512b",,A04_gsa_proj_r2048,af3,gsa_projection,128x65536x128,1,2048,32,bias,bf16xbf16_acc_fp32,AllConst,raw_e2e,native_fused,row_contiguous,default,auto,auto,auto,0.0,1.0,0.0,320.0,,,,,6442.683177407492,6406.541088257324,6529.67686764896,0.011100820113339129,333.32131797673435,,,,TokenDynamic,5706.498064100743,6442.683177407492,1.1290082122235434,1.0,ok,,benchmarks/ops/matmul-otherlibs/results/raw/cycles/stage4-sme-20260905/arm/920f-4-arm_MatmulOtherlibsVecopsBiasBench_stage4-sme-20260905.json
stage4-sme-20260905,920f-4,Native,,BiSheng clang 19.1.7,vecops,rsync-snapshot,"SVE2+SME BF16, VL=SVL=512b",,A04_gsa_proj_r2048,af3,gsa_projection,128x65536x128,1,2048,32,bias,bf16xbf16_acc_fp32,TokenDynamic,raw_e2e,native_fused,row_contiguous,default,auto,auto,auto,0.0,1.0,0.0,320.0,,,,,5706.498064100743,5701.488610357046,5715.793412178755,0.0011620349508883311,376.32250530490813,,,,TokenDynamic,5706.498064100743,6442.683177407492,1.0,0.8857331498329263,ok,,benchmarks/ops/matmul-otherlibs/results/raw/cycles/stage4-sme-20260905/arm/920f-4-arm_MatmulOtherlibsVecopsBiasBench_stage4-sme-20260905.json
stage4-sme-20260905,920f-4,Native,,BiSheng clang 19.1.7,vecops,rsync-snapshot,"SVE2+SME BF16, VL=SVL=512b",,A04_gsa_proj_r2048,af3,gsa_projection,128x65536x128,1,2048,32,bias_relu,bf16xbf16_acc_fp32,AllConst,raw_e2e,native_fused,row_contiguous,default,auto,auto,auto,0.0,1.0,0.0,320.0,,,,,7706.422281141082,7699.7313907163025,7816.224540066388,0.007303707373582299,278.6615591070393,,,,TokenDynamic,8062.169395594135,7706.422281141082,0.9558745175154142,1.0,ok,,benchmarks/ops/matmul-otherlibs/results/raw/cycles/stage4-sme-20260905/arm/920f-4-arm_MatmulOtherlibsVecopsBiasReluBench_stage4-sme-20260905.json
stage4-sme-20260905,920f-4,Native,,BiSheng clang 19.1.7,vecops,rsync-snapshot,"SVE2+SME BF16, VL=SVL=512b",,A04_gsa_proj_r2048,af3,gsa_projection,128x65536x128,1,2048,32,bias_relu,bf16xbf16_acc_fp32,TokenDynamic,raw_e2e,native_fused,row_contiguous,default,auto,auto,auto,0.0,1.0,0.0,320.0,,,,,8062.169395594135,8029.110243337022,8099.14604243305,0.004426612733748914,266.36548336153425,,,,TokenDynamic,8062.169395594135,7706.422281141082,1.0,1.04616242161082,ok,,benchmarks/ops/matmul-otherlibs/results/raw/cycles/stage4-sme-20260905/arm/920f-4-arm_MatmulOtherlibsVecopsBiasReluBench_stage4-sme-20260905.json
stage4-sme-20260905,920f-4,Native,,BiSheng clang 19.1.7,vecops,rsync-snapshot,"SVE2+SME BF16, VL=SVL=512b",,A04_gsa_proj_r2048,af3,gsa_projection,128x65536x128,1,2048,32,gemm,bf16xbf16_acc_fp32,AllConst,raw_e2e,native,row_contiguous,default,auto,auto,auto,0.0,1.0,0.0,320.0,,,,,6445.538358424198,6414.936279708689,6497.521080415357,0.006470597100792022,333.1736665864813,,,,TokenDynamic,5800.5366202754285,6445.538358424198,1.1111969082126307,1.0,ok,,benchmarks/ops/matmul-otherlibs/results/raw/cycles/stage4-sme-20260905/arm/920f-4-arm_MatmulOtherlibsVecopsAF3ProjectionBench_stage4-sme-20260905.json
stage4-sme-20260905,920f-4,Native,,BiSheng clang 19.1.7,vecops,rsync-snapshot,"SVE2+SME BF16, VL=SVL=512b",,A04_gsa_proj_r2048,af3,gsa_projection,128x65536x128,1,2048,32,gemm,bf16xbf16_acc_fp32,TokenDynamic,raw_e2e,native,row_contiguous,default,auto,auto,auto,0.0,1.0,0.0,320.0,,,,,5800.5366202754285,5605.089004772405,5850.9711059741685,0.019863151914491648,370.2215482087639,,,,TokenDynamic,5800.5366202754285,6445.538358424198,1.0,0.8999305097136279,ok,,benchmarks/ops/matmul-otherlibs/results/raw/cycles/stage4-sme-20260905/arm/920f-4-arm_MatmulOtherlibsVecopsAF3ProjectionBench_stage4-sme-20260905.json
stage4-sme-20260905,920f-4,Native,,BiSheng clang 19.1.7,vecops,rsync-snapshot,"SVE2+SME BF16, VL=SVL=512b",,A04_gsa_proj_r2048,af3,gsa_projection,128x65536x128,1,2048,32,gemm_add,bf16xbf16_acc_fp32,AllConst,raw_e2e,native,row_contiguous,default,auto,auto,auto,0.0,1.0,0.0,320.0,,,,,9582.38880460461,9559.322955707708,9603.354893624783,0.0020991970409678603,224.10733813765447,,,,TokenDynamic,9124.834556132555,9582.38880460461,1.0501438404890908,1.0,ok,,benchmarks/ops/matmul-otherlibs/results/raw/cycles/stage4-sme-20260905/arm/920f-4-arm_MatmulOtherlibsVecopsAF3ProjectionBench_stage4-sme-20260905.json
stage4-sme-20260905,920f-4,Native,,BiSheng clang 19.1.7,vecops,rsync-snapshot,"SVE2+SME BF16, VL=SVL=512b",,A04_gsa_proj_r2048,af3,gsa_projection,128x65536x128,1,2048,32,gemm_add,bf16xbf16_acc_fp32,TokenDynamic,raw_e2e,native,row_contiguous,default,auto,auto,auto,0.0,1.0,0.0,320.0,,,,,9124.834556132555,9003.880452364683,9190.18553569913,0.00898808797320125,235.34494075366376,,,,TokenDynamic,9124.834556132555,9582.38880460461,1.0,0.9522505026875775,ok,,benchmarks/ops/matmul-otherlibs/results/raw/cycles/stage4-sme-20260905/arm/920f-4-arm_MatmulOtherlibsVecopsAF3ProjectionBench_stage4-sme-20260905.json
post-targeted-fixes-20260904-peers,920f-4,Native,,BiSheng clang,ACL,2a8ca9840a3112d12d6cc68e49e6c833f9759fd6,SVE/SVE2/SME; VL=SVL=512b,sme_interleaved_nomerge_bf16fp32_mopa_4VLx1VL_lhs2VL,A05_pair_bias_r128,af3,pair_bias_projection,4x16384x128,1,128,0,gemm,bf16xbf16_acc_fp32,NA,prepared_execute,native,row_contiguous,default,auto,auto,auto,1.0,0.0,1.0,1.0,128.0,16.0,,,755.8987971635596,754.605078949563,757.1682444102662,0.0017603758130266874,22.195055823550657,187483.23991894722,,248.02690601236668,,,,,,ok,,benchmarks/ops/matmul-otherlibs/results/raw/cycles/post-targeted-fixes-20260904/arm-peers/920f-4_MatmulOtherlibsACLBench_post-targeted-fixes-20260904-peers.json
post-targeted-fixes-20260904-peers,920f-4,Native,,BiSheng clang,LIBXSMM,3668d249637792dcc988414eb3d2a374033743df,SVE/SVE2/SME; VL=SVL=512b,,A05_pair_bias_r128,af3,pair_bias_projection,4x16384x128,1,128,0,gemm,bf16xbf16_acc_fp32,NA,prepared_execute,native,row_contiguous,default,auto,auto,auto,0.0,0.0,1.0,1.0,,,1.0,0.0,33600.69252084941,33565.38701336831,33656.6015612334,0.0012126440122393449,0.49931161358027515,187483.23991894722,,5.579743328284466,,,,,,ok,,benchmarks/ops/matmul-otherlibs/results/raw/cycles/post-targeted-fixes-20260904/arm-peers/920f-4_MatmulOtherlibsLIBXSMMBench_post-targeted-fixes-20260904-peers.json
post-targeted-fixes-20260904-peers,920f-4,Native,,BiSheng clang,oneDNN,0e2a5bfeef1bfbffc3137464606540233086ce9b,SVE/SVE2/SME; VL=SVL=512b,brg:sve_512,A05_pair_bias_r128,af3,pair_bias_projection,4x16384x128,1,128,0,gemm,bf16xbf16_acc_fp32,NA,prepared_execute,native,row_contiguous,default,auto,auto,auto,0.0,0.0,1.0,1.0,,,,,957.4791524229812,955.6352483982943,960.4190818357223,0.0023060440649511956,17.52227811701576,187483.23991894722,,195.80921364658977,,,,,,ok,,benchmarks/ops/matmul-otherlibs/results/raw/cycles/post-targeted-fixes-20260904/arm-peers/920f-4_MatmulOtherlibsOneDNNBench_post-targeted-fixes-20260904-peers.json
post-targeted-fixes-20260904-peers,920f-4,Native,,BiSheng clang,KUPL-MMA,bd7059eae348f1d77f73a9fbb1cadfe7a6405fb8,SVE/SVE2/SME; VL=SVL=512b,KP36_16x64x2_BF16BF16F32+vecops_transpose_pack,A05_pair_bias_r128,af3,pair_bias_projection,4x16384x128,1,128,0,gemm,bf16xbf16_acc_fp32,NA,raw_e2e,native_accumulate,row_contiguous,default,auto,auto,auto,0.0,1.0,0.0,1.0,,,16.0,,4055.488601859127,4033.6656410779274,4073.187203279564,0.004250189652135326,4.136916077709834,187483.23991894722,46.229507298578206,46.229507298578206,,,,,,ok,,benchmarks/ops/matmul-otherlibs/results/raw/cycles/post-targeted-fixes-20260904/arm-peers/920f-4_MatmulOtherlibsKUPLBench_post-targeted-fixes-20260904-peers.json
post-targeted-fixes-20260904-peers,920f-4,Native,,BiSheng clang,OpenBLAS,e0166008be8e466242aa76b2ff75ce3f0fbf574a,SVE/SVE2/SME; VL=SVL=512b,ARMV8SVE,A05_pair_bias_r128,af3,pair_bias_projection,4x16384x128,1,128,0,gemm,bf16xbf16_acc_fp32,NA,raw_e2e,native,row_contiguous,default,auto,auto,auto,0.0,1.0,0.0,1.0,,,1.0,,187483.23991894722,187415.16480222344,188120.57022005317,0.0018937480256754576,0.08948648427055735,187483.23991894722,1.0,1.0,,,,,,ok,,benchmarks/ops/matmul-otherlibs/results/raw/cycles/post-targeted-fixes-20260904/arm-peers/920f-4_MatmulOtherlibsOpenBLASBench_post-targeted-fixes-20260904-peers.json
stage4-sme-20260905,920f-4,Native,,BiSheng clang 19.1.7,vecops,rsync-snapshot,"SVE2+SME BF16, VL=SVL=512b",,A05_pair_bias_r128,af3,pair_bias_projection,4x16384x128,1,128,0,gemm,bf16xbf16_acc_fp32,AllConst,raw_e2e,native,row_contiguous,default,auto,auto,auto,0.0,1.0,0.0,1.0,,,,,620.3322429292003,618.7501002414899,627.9014046857799,0.009092298312765285,27.045532762859814,,,,TokenDynamic,620.153807436249,620.3322429292003,1.0002877278036701,1.0,ok,,benchmarks/ops/matmul-otherlibs/results/raw/cycles/stage4-sme-20260905/arm/920f-4-arm_MatmulOtherlibsVecopsAF3ProjectionBench_stage4-sme-20260905.json
stage4-sme-20260905,920f-4,Native,,BiSheng clang 19.1.7,vecops,rsync-snapshot,"SVE2+SME BF16, VL=SVL=512b",,A05_pair_bias_r128,af3,pair_bias_projection,4x16384x128,1,128,0,gemm,bf16xbf16_acc_fp32,TokenDynamic,raw_e2e,native,row_contiguous,default,auto,auto,auto,0.0,1.0,0.0,1.0,,,,,620.153807436249,618.8586524720969,621.5156126667613,0.002146188230525737,27.053314514600757,,,,TokenDynamic,620.153807436249,620.3322429292003,1.0,0.9997123549598056,ok,,benchmarks/ops/matmul-otherlibs/results/raw/cycles/stage4-sme-20260905/arm/920f-4-arm_MatmulOtherlibsVecopsAF3ProjectionBench_stage4-sme-20260905.json
post-targeted-fixes-20260904-peers,920f-4,Native,,BiSheng clang,ACL,2a8ca9840a3112d12d6cc68e49e6c833f9759fd6,SVE/SVE2/SME; VL=SVL=512b,a64_hybrid_bf16fp32_mmla_6x16,A05_pair_bias_r128,af3,pair_bias_projection,4x16384x128,1,128,0,gemm_add,bf16xbf16_acc_fp32,NA,prepared_execute,native,row_contiguous,default,auto,auto,auto,1.0,0.0,1.0,1.0,128.0,4.0,,,2561.301492493261,2559.4077428633514,2566.5694525973354,0.0014554541400649736,6.550269872239238,187584.91473272443,,73.23812338473387,,,,,,ok,,benchmarks/ops/matmul-otherlibs/results/raw/cycles/post-targeted-fixes-20260904/arm-peers/920f-4_MatmulOtherlibsACLBench_post-targeted-fixes-20260904-peers.json
post-targeted-fixes-20260904-peers,920f-4,Native,,BiSheng clang,LIBXSMM,3668d249637792dcc988414eb3d2a374033743df,SVE/SVE2/SME; VL=SVL=512b,,A05_pair_bias_r128,af3,pair_bias_projection,4x16384x128,1,128,0,gemm_add,bf16xbf16_acc_fp32,NA,prepared_execute,native,row_contiguous,default,auto,auto,auto,0.0,0.0,1.0,1.0,,,1.0,0.0,33834.037953056395,33806.8480603397,33867.930038832135,0.0008281485499974767,0.4958679783736671,187584.91473272443,,5.544266250247525,,,,,,ok,,benchmarks/ops/matmul-otherlibs/results/raw/cycles/post-targeted-fixes-20260904/arm-peers/920f-4_MatmulOtherlibsLIBXSMMBench_post-targeted-fixes-20260904-peers.json
post-targeted-fixes-20260904-peers,920f-4,Native,,BiSheng clang,oneDNN,0e2a5bfeef1bfbffc3137464606540233086ce9b,SVE/SVE2/SME; VL=SVL=512b,brg:sve_512,A05_pair_bias_r128,af3,pair_bias_projection,4x16384x128,1,128,0,gemm_add,bf16xbf16_acc_fp32,NA,prepared_execute,native,row_contiguous,default,auto,auto,auto,0.0,0.0,1.0,1.0,,,,,974.1844320348625,971.6821763792942,979.1697067176473,0.0035370873969620066,17.221806721911978,187584.91473272443,,192.55585345466847,,,,,,ok,,benchmarks/ops/matmul-otherlibs/results/raw/cycles/post-targeted-fixes-20260904/arm-peers/920f-4_MatmulOtherlibsOneDNNBench_post-targeted-fixes-20260904-peers.json
post-targeted-fixes-20260904-peers,920f-4,Native,,BiSheng clang,KUPL-MMA,bd7059eae348f1d77f73a9fbb1cadfe7a6405fb8,SVE/SVE2/SME; VL=SVL=512b,KP36_16x64x2_BF16BF16F32+vecops_transpose_pack,A05_pair_bias_r128,af3,pair_bias_projection,4x16384x128,1,128,0,gemm_add,bf16xbf16_acc_fp32,NA,raw_e2e,native_accumulate,row_contiguous,default,auto,auto,auto,0.0,1.0,0.0,1.0,,,16.0,,5074.000667913684,5048.05306970541,5273.450608365238,0.034491063412050584,3.306506462660443,187584.91473272443,36.96982460387715,36.96982460387715,,,,,,ok,,benchmarks/ops/matmul-otherlibs/results/raw/cycles/post-targeted-fixes-20260904/arm-peers/920f-4_MatmulOtherlibsKUPLBench_post-targeted-fixes-20260904-peers.json
post-targeted-fixes-20260904-peers,920f-4,Native,,BiSheng clang,OpenBLAS,e0166008be8e466242aa76b2ff75ce3f0fbf574a,SVE/SVE2/SME; VL=SVL=512b,ARMV8SVE,A05_pair_bias_r128,af3,pair_bias_projection,4x16384x128,1,128,0,gemm_add,bf16xbf16_acc_fp32,NA,raw_e2e,native,row_contiguous,default,auto,auto,auto,0.0,1.0,0.0,1.0,,,1.0,,187584.91473272443,187241.5085323155,190114.40929025412,0.011774196964678685,0.08943798078808515,187584.91473272443,1.0,1.0,,,,,,ok,,benchmarks/ops/matmul-otherlibs/results/raw/cycles/post-targeted-fixes-20260904/arm-peers/920f-4_MatmulOtherlibsOpenBLASBench_post-targeted-fixes-20260904-peers.json
stage4-sme-20260905,920f-4,Native,,BiSheng clang 19.1.7,vecops,rsync-snapshot,"SVE2+SME BF16, VL=SVL=512b",,A05_pair_bias_r128,af3,pair_bias_projection,4x16384x128,1,128,0,gemm_add,bf16xbf16_acc_fp32,AllConst,raw_e2e,native,row_contiguous,default,auto,auto,auto,0.0,1.0,0.0,1.0,,,,,619.6047979435732,619.0974322775386,620.170848829762,0.0008090352632706879,27.077285482104813,,,,TokenDynamic,620.7396616822823,619.6047979435732,0.9981717557153775,1.0,ok,,benchmarks/ops/matmul-otherlibs/results/raw/cycles/stage4-sme-20260905/arm/920f-4-arm_MatmulOtherlibsVecopsAF3ProjectionBench_stage4-sme-20260905.json
stage4-sme-20260905,920f-4,Native,,BiSheng clang 19.1.7,vecops,rsync-snapshot,"SVE2+SME BF16, VL=SVL=512b",,A05_pair_bias_r128,af3,pair_bias_projection,4x16384x128,1,128,0,gemm_add,bf16xbf16_acc_fp32,TokenDynamic,raw_e2e,native,row_contiguous,default,auto,auto,auto,0.0,1.0,0.0,1.0,,,,,620.7396616822823,620.7101055244518,621.5342226138725,0.0007347358531337292,27.027781589679062,,,,TokenDynamic,620.7396616822823,619.6047979435732,1.0,1.0018315928838442,ok,,benchmarks/ops/matmul-otherlibs/results/raw/cycles/stage4-sme-20260905/arm/920f-4-arm_MatmulOtherlibsVecopsAF3ProjectionBench_stage4-sme-20260905.json
stage4-sme-20260905,920f-4,Native,,BiSheng clang 19.1.7,vecops,rsync-snapshot,"SVE2+SME BF16, VL=SVL=512b",,A06_pair_bias_r512,af3,pair_bias_projection,4x262144x128,1,512,0,gemm,bf16xbf16_acc_fp32,AllConst,raw_e2e,native,row_contiguous,default,auto,auto,auto,0.0,1.0,0.0,1.0,,,,,8965.140383224934,8959.83722875826,8974.636008497328,0.0007377026930318696,29.94213637772826,,,,TokenDynamic,9438.311614628348,8965.140383224934,0.9498669623632631,1.0,ok,,benchmarks/ops/matmul-otherlibs/results/raw/cycles/stage4-sme-20260905/arm/920f-4-arm_MatmulOtherlibsVecopsAF3ProjectionBench_stage4-sme-20260905.json
stage4-sme-20260905,920f-4,Native,,BiSheng clang 19.1.7,vecops,rsync-snapshot,"SVE2+SME BF16, VL=SVL=512b",,A06_pair_bias_r512,af3,pair_bias_projection,4x262144x128,1,512,0,gemm,bf16xbf16_acc_fp32,TokenDynamic,raw_e2e,native,row_contiguous,default,auto,auto,auto,0.0,1.0,0.0,1.0,,,,,9438.311614628348,9390.010358765721,9538.721160164901,0.007049916353531844,28.441046127779302,,,,TokenDynamic,9438.311614628348,8965.140383224934,1.0,1.0527790097173253,ok,,benchmarks/ops/matmul-otherlibs/results/raw/cycles/stage4-sme-20260905/arm/920f-4-arm_MatmulOtherlibsVecopsAF3ProjectionBench_stage4-sme-20260905.json
stage4-sme-20260905,920f-4,Native,,BiSheng clang 19.1.7,vecops,rsync-snapshot,"SVE2+SME BF16, VL=SVL=512b",,A06_pair_bias_r512,af3,pair_bias_projection,4x262144x128,1,512,0,gemm_add,bf16xbf16_acc_fp32,AllConst,raw_e2e,native,row_contiguous,default,auto,auto,auto,0.0,1.0,0.0,1.0,,,,,10254.655931411045,10179.688189444798,10401.948002566185,0.012335998926997804,26.1769344379225,,,,TokenDynamic,9259.75472976764,10254.655931411045,1.1074435803839453,1.0,ok,,benchmarks/ops/matmul-otherlibs/results/raw/cycles/stage4-sme-20260905/arm/920f-4-arm_MatmulOtherlibsVecopsAF3ProjectionBench_stage4-sme-20260905.json
stage4-sme-20260905,920f-4,Native,,BiSheng clang 19.1.7,vecops,rsync-snapshot,"SVE2+SME BF16, VL=SVL=512b",,A06_pair_bias_r512,af3,pair_bias_projection,4x262144x128,1,512,0,gemm_add,bf16xbf16_acc_fp32,TokenDynamic,raw_e2e,native,row_contiguous,default,auto,auto,auto,0.0,1.0,0.0,1.0,,,,,9259.75472976764,9247.749305019775,9276.196223994097,0.0017129568653796378,28.989477997408688,,,,TokenDynamic,9259.75472976764,10254.655931411045,1.0,0.9029805379821741,ok,,benchmarks/ops/matmul-otherlibs/results/raw/cycles/stage4-sme-20260905/arm/920f-4-arm_MatmulOtherlibsVecopsAF3ProjectionBench_stage4-sme-20260905.json
stage4-sme-20260905,920f-4,Native,,BiSheng clang 19.1.7,vecops,rsync-snapshot,"SVE2+SME BF16, VL=SVL=512b",,A07_pair_bias_r1536,af3,pair_bias_projection,4x2359296x128,1,1536,0,gemm,bf16xbf16_acc_fp32,AllConst,raw_e2e,native,row_contiguous,default,auto,auto,auto,0.0,1.0,0.0,1.0,,,,,76665.79936631024,76279.67987209557,76945.49802690746,0.004046464030546523,31.512344800015786,,,,TokenDynamic,81444.49209794402,76665.79936631024,0.9413257715956164,1.0,ok,,benchmarks/ops/matmul-otherlibs/results/raw/cycles/stage4-sme-20260905/arm/920f-4-arm_MatmulOtherlibsVecopsAF3ProjectionBench_stage4-sme-20260905.json
stage4-sme-20260905,920f-4,Native,,BiSheng clang 19.1.7,vecops,rsync-snapshot,"SVE2+SME BF16, VL=SVL=512b",,A07_pair_bias_r1536,af3,pair_bias_projection,4x2359296x128,1,1536,0,gemm,bf16xbf16_acc_fp32,TokenDynamic,raw_e2e,native,row_contiguous,default,auto,auto,auto,0.0,1.0,0.0,1.0,,,,,81444.49209794402,81077.2933997214,81640.71454666555,0.0033862142390448107,29.66338228366197,,,,TokenDynamic,81444.49209794402,76665.79936631024,1.0,1.0623314798923718,ok,,benchmarks/ops/matmul-otherlibs/results/raw/cycles/stage4-sme-20260905/arm/920f-4-arm_MatmulOtherlibsVecopsAF3ProjectionBench_stage4-sme-20260905.json
stage4-sme-20260905,920f-4,Native,,BiSheng clang 19.1.7,vecops,rsync-snapshot,"SVE2+SME BF16, VL=SVL=512b",,A07_pair_bias_r1536,af3,pair_bias_projection,4x2359296x128,1,1536,0,gemm_add,bf16xbf16_acc_fp32,AllConst,raw_e2e,native,row_contiguous,default,auto,auto,auto,0.0,1.0,0.0,1.0,,,,,82526.96203999221,82450.35917498171,82709.82452668248,0.0014520984959093197,29.27430071676764,,,,TokenDynamic,82479.30463403463,82526.96203999221,1.0005778104722032,1.0,ok,,benchmarks/ops/matmul-otherlibs/results/raw/cycles/stage4-sme-20260905/arm/920f-4-arm_MatmulOtherlibsVecopsAF3ProjectionBench_stage4-sme-20260905.json
stage4-sme-20260905,920f-4,Native,,BiSheng clang 19.1.7,vecops,rsync-snapshot,"SVE2+SME BF16, VL=SVL=512b",,A07_pair_bias_r1536,af3,pair_bias_projection,4x2359296x128,1,1536,0,gemm_add,bf16xbf16_acc_fp32,TokenDynamic,raw_e2e,native,row_contiguous,default,auto,auto,auto,0.0,1.0,0.0,1.0,,,,,82479.30463403463,82375.88377669454,82535.88392399251,0.0009247065742498913,29.291215714288214,,,,TokenDynamic,82479.30463403463,82526.96203999221,1.0,0.9994225231999394,ok,,benchmarks/ops/matmul-otherlibs/results/raw/cycles/stage4-sme-20260905/arm/920f-4-arm_MatmulOtherlibsVecopsAF3ProjectionBench_stage4-sme-20260905.json
post-targeted-fixes-20260904-peers,920f-4,Native,,BiSheng clang,ACL,2a8ca9840a3112d12d6cc68e49e6c833f9759fd6,SVE/SVE2/SME; VL=SVL=512b,sme_interleaved_nomerge_bf16fp32_mopa_2VLx2VL,A08_gsa_qk_r128,af3,gsa_qk,128x128x32,4,128,128,gemm,bf16xbf16_acc_fp32,NA,prepared_execute,native,row_contiguous,default,auto,auto,auto,1.0,0.0,1.0,128.0,32.0,32.0,,,15.958859223480419,15.882553084678616,16.391254574964993,0.017088767397241314,262.819788135538,58314.97791223228,,3654.081854825369,,,,,,ok,,benchmarks/ops/matmul-otherlibs/results/raw/cycles/post-targeted-fixes-20260904/arm-peers/920f-4_MatmulOtherlibsACLBench_post-targeted-fixes-20260904-peers.json
post-targeted-fixes-20260904-peers,920f-4,Native,,BiSheng clang,LIBXSMM,3668d249637792dcc988414eb3d2a374033743df,SVE/SVE2/SME; VL=SVL=512b,,A08_gsa_qk_r128,af3,gsa_qk,128x128x32,4,128,128,gemm,bf16xbf16_acc_fp32,NA,prepared_execute,native,row_contiguous,default,auto,auto,auto,0.0,0.0,1.0,128.0,,,1.0,0.0,8739.641489228234,8723.286213353276,8747.31165240519,0.0012147643222937229,0.47991716881860147,58314.97791223228,,6.67246797069497,,,,,,ok,,benchmarks/ops/matmul-otherlibs/results/raw/cycles/post-targeted-fixes-20260904/arm-peers/920f-4_MatmulOtherlibsLIBXSMMBench_post-targeted-fixes-20260904-peers.json
post-targeted-fixes-20260904-peers,920f-4,Native,,BiSheng clang,oneDNN,0e2a5bfeef1bfbffc3137464606540233086ce9b,SVE/SVE2/SME; VL=SVL=512b,brg:sve_512,A08_gsa_qk_r128,af3,gsa_qk,128x128x32,4,128,128,gemm,bf16xbf16_acc_fp32,NA,prepared_execute,native,row_contiguous,default,auto,auto,auto,1.0,0.0,1.0,128.0,,,,,46.08328651432207,45.80147548385758,46.28161480003126,0.004900328922740879,91.01573080506023,58314.97791223228,,1265.425761118595,,,,,,ok,,benchmarks/ops/matmul-otherlibs/results/raw/cycles/post-targeted-fixes-20260904/arm-peers/920f-4_MatmulOtherlibsOneDNNBench_post-targeted-fixes-20260904-peers.json
post-targeted-fixes-20260904-peers,920f-4,Native,,BiSheng clang,KUPL-MMA,bd7059eae348f1d77f73a9fbb1cadfe7a6405fb8,SVE/SVE2/SME; VL=SVL=512b,KP36_16x64x2_BF16BF16F32+vecops_transpose_pack,A08_gsa_qk_r128,af3,gsa_qk,128x128x32,4,128,128,gemm,bf16xbf16_acc_fp32,NA,raw_e2e,native_accumulate,row_contiguous,default,auto,auto,auto,0.0,1.0,0.0,128.0,,,1.0,,164.92626015493212,161.65915843601346,166.09869719027205,0.01215224929326285,25.431389737812893,58314.97791223228,353.58212729404676,353.58212729404676,,,,,,ok,,benchmarks/ops/matmul-otherlibs/results/raw/cycles/post-targeted-fixes-20260904/arm-peers/920f-4_MatmulOtherlibsKUPLBench_post-targeted-fixes-20260904-peers.json
post-targeted-fixes-20260904-peers,920f-4,Native,,BiSheng clang,OpenBLAS,e0166008be8e466242aa76b2ff75ce3f0fbf574a,SVE/SVE2/SME; VL=SVL=512b,ARMV8SVE,A08_gsa_qk_r128,af3,gsa_qk,128x128x32,4,128,128,gemm,bf16xbf16_acc_fp32,NA,raw_e2e,native,row_contiguous,default,auto,auto,auto,0.0,1.0,0.0,128.0,,,1.0,,58314.97791223228,58267.28101819754,58502.480434253805,0.0019198766833176428,0.07192498651568885,58314.97791223228,1.0,1.0,,,,,,ok,,benchmarks/ops/matmul-otherlibs/results/raw/cycles/post-targeted-fixes-20260904/arm-peers/920f-4_MatmulOtherlibsOpenBLASBench_post-targeted-fixes-20260904-peers.json
stage4-sme-20260905,920f-4,Native,,BiSheng clang 19.1.7,vecops,rsync-snapshot,"SVE2+SME BF16, VL=SVL=512b",,A08_gsa_qk_r128,af3,gsa_qk,128x128x32,4,128,128,gemm,bf16xbf16_acc_fp32,AllConst,raw_e2e,native,row_contiguous,default,auto,auto,auto,1.0,1.0,0.0,128.0,,,,,17.757573813316974,17.748232605442812,17.775198639054246,0.000741045010539009,236.1980326870193,,,,TokenDynamic,18.18924654422957,17.757573813316974,0.9762676958683844,1.0,ok,,benchmarks/ops/matmul-otherlibs/results/raw/cycles/stage4-sme-20260905/arm/920f-4-arm_MatmulOtherlibsVecopsAF3AttentionShallowBench_stage4-sme-20260905.json
stage4-sme-20260905,920f-4,Native,,BiSheng clang 19.1.7,vecops,rsync-snapshot,"SVE2+SME BF16, VL=SVL=512b",,A08_gsa_qk_r128,af3,gsa_qk,128x128x32,4,128,128,gemm,bf16xbf16_acc_fp32,TokenDynamic,raw_e2e,native,row_contiguous,default,auto,auto,auto,1.0,1.0,0.0,128.0,,,,,18.18924654422957,17.83564652443028,18.75292817042367,0.02248884531625224,230.59250914000162,,,,TokenDynamic,18.18924654422957,17.757573813316974,1.0,1.0243092178836317,ok,,benchmarks/ops/matmul-otherlibs/results/raw/cycles/stage4-sme-20260905/arm/920f-4-arm_MatmulOtherlibsVecopsAF3AttentionShallowBench_stage4-sme-20260905.json
post-targeted-fixes-20260904-peers,920f-4,Native,,BiSheng clang,ACL,2a8ca9840a3112d12d6cc68e49e6c833f9759fd6,SVE/SVE2/SME; VL=SVL=512b,a64_hybrid_bf16fp32_mmla_6x16,A08_gsa_qk_r128,af3,gsa_qk,128x128x32,4,128,128,gemm_add,bf16xbf16_acc_fp32,NA,prepared_execute,native,row_contiguous,default,auto,auto,auto,1.0,0.0,1.0,128.0,32.0,48.0,,,172.5169468034164,172.4403883075069,172.58221430183923,0.0004078966420837435,24.312417288368906,58454.395504668355,,338.8327731725818,,,,,,ok,,benchmarks/ops/matmul-otherlibs/results/raw/cycles/post-targeted-fixes-20260904/arm-peers/920f-4_MatmulOtherlibsACLBench_post-targeted-fixes-20260904-peers.json
post-targeted-fixes-20260904-peers,920f-4,Native,,BiSheng clang,LIBXSMM,3668d249637792dcc988414eb3d2a374033743df,SVE/SVE2/SME; VL=SVL=512b,,A08_gsa_qk_r128,af3,gsa_qk,128x128x32,4,128,128,gemm_add,bf16xbf16_acc_fp32,NA,prepared_execute,native,row_contiguous,default,auto,auto,auto,0.0,0.0,1.0,128.0,,,1.0,0.0,8708.608511369675,8700.188435614107,8734.42947049625,0.001966656593606582,0.4816273454621428,58454.395504668355,,6.712254366280469,,,,,,ok,,benchmarks/ops/matmul-otherlibs/results/raw/cycles/post-targeted-fixes-20260904/arm-peers/920f-4_MatmulOtherlibsLIBXSMMBench_post-targeted-fixes-20260904-peers.json
post-targeted-fixes-20260904-peers,920f-4,Native,,BiSheng clang,oneDNN,0e2a5bfeef1bfbffc3137464606540233086ce9b,SVE/SVE2/SME; VL=SVL=512b,brg:sve_512,A08_gsa_qk_r128,af3,gsa_qk,128x128x32,4,128,128,gemm_add,bf16xbf16_acc_fp32,NA,prepared_execute,native,row_contiguous,default,auto,auto,auto,1.0,0.0,1.0,128.0,,,,,53.40093765560819,53.02069930580901,53.53553150380566,0.004316432814700618,78.5436395714582,58454.395504668355,,1094.6323804583878,,,,,,ok,,benchmarks/ops/matmul-otherlibs/results/raw/cycles/post-targeted-fixes-20260904/arm-peers/920f-4_MatmulOtherlibsOneDNNBench_post-targeted-fixes-20260904-peers.json
post-targeted-fixes-20260904-peers,920f-4,Native,,BiSheng clang,KUPL-MMA,bd7059eae348f1d77f73a9fbb1cadfe7a6405fb8,SVE/SVE2/SME; VL=SVL=512b,KP36_16x64x2_BF16BF16F32+vecops_transpose_pack,A08_gsa_qk_r128,af3,gsa_qk,128x128x32,4,128,128,gemm_add,bf16xbf16_acc_fp32,NA,raw_e2e,native_accumulate,row_contiguous,default,auto,auto,auto,0.0,1.0,0.0,128.0,,,1.0,,267.50730655152535,266.75150269366264,267.9522657419905,0.0023784909791034086,15.679212856162202,58454.395504668355,218.5151361217466,218.5151361217466,,,,,,ok,,benchmarks/ops/matmul-otherlibs/results/raw/cycles/post-targeted-fixes-20260904/arm-peers/920f-4_MatmulOtherlibsKUPLBench_post-targeted-fixes-20260904-peers.json
post-targeted-fixes-20260904-peers,920f-4,Native,,BiSheng clang,OpenBLAS,e0166008be8e466242aa76b2ff75ce3f0fbf574a,SVE/SVE2/SME; VL=SVL=512b,ARMV8SVE,A08_gsa_qk_r128,af3,gsa_qk,128x128x32,4,128,128,gemm_add,bf16xbf16_acc_fp32,NA,raw_e2e,native,row_contiguous,default,auto,auto,auto,0.0,1.0,0.0,128.0,,,1.0,,58454.395504668355,58404.524996876724,58483.63628610968,0.0006543500749181157,0.07175344067436348,58454.395504668355,1.0,1.0,,,,,,ok,,benchmarks/ops/matmul-otherlibs/results/raw/cycles/post-targeted-fixes-20260904/arm-peers/920f-4_MatmulOtherlibsOpenBLASBench_post-targeted-fixes-20260904-peers.json
stage4-sme-20260905,920f-4,Native,,BiSheng clang 19.1.7,vecops,rsync-snapshot,"SVE2+SME BF16, VL=SVL=512b",,A08_gsa_qk_r128,af3,gsa_qk,128x128x32,4,128,128,gemm_add,bf16xbf16_acc_fp32,AllConst,raw_e2e,native,row_contiguous,default,auto,auto,auto,1.0,1.0,0.0,128.0,,,,,34.64622385948302,28.637054388363108,35.42252721179618,0.09593065400244695,121.06092765004105,,,,TokenDynamic,36.16004399880804,34.64622385948302,0.9581355559364109,1.0,ok,,benchmarks/ops/matmul-otherlibs/results/raw/cycles/stage4-sme-20260905/arm/920f-4-arm_MatmulOtherlibsVecopsAF3AttentionShallowBench_stage4-sme-20260905.json
stage4-sme-20260905,920f-4,Native,,BiSheng clang 19.1.7,vecops,rsync-snapshot,"SVE2+SME BF16, VL=SVL=512b",,A08_gsa_qk_r128,af3,gsa_qk,128x128x32,4,128,128,gemm_add,bf16xbf16_acc_fp32,TokenDynamic,raw_e2e,native,row_contiguous,default,auto,auto,auto,1.0,1.0,0.0,128.0,,,,,36.16004399880804,35.03970662201719,36.50471061255889,0.01884103467890388,115.9927792161497,,,,TokenDynamic,36.16004399880804,34.64622385948302,1.0,1.0436936546235087,ok,,benchmarks/ops/matmul-otherlibs/results/raw/cycles/stage4-sme-20260905/arm/920f-4-arm_MatmulOtherlibsVecopsAF3AttentionShallowBench_stage4-sme-20260905.json
stage4-sme-20260905,920f-4,Native,,BiSheng clang 19.1.7,vecops,rsync-snapshot,"SVE2+SME BF16, VL=SVL=512b",,A09_gsa_qk_r512,af3,gsa_qk,512x512x32,4,512,128,gemm,bf16xbf16_acc_fp32,AllConst,raw_e2e,native,row_contiguous,default,auto,auto,auto,1.0,1.0,0.0,512.0,,,,,344.63645762212445,344.1275047087992,345.8002074198289,0.0022049384757313584,194.72363563341085,,,,TokenDynamic,524.2742079110882,344.63645762212445,0.6573591689648243,1.0,ok,,benchmarks/ops/matmul-otherlibs/results/raw/cycles/stage4-sme-20260905/arm/920f-4-arm_MatmulOtherlibsVecopsAF3AttentionQKLargeBench_stage4-sme-20260905.json
stage4-sme-20260905,920f-4,Native,,BiSheng clang 19.1.7,vecops,rsync-snapshot,"SVE2+SME BF16, VL=SVL=512b",,A09_gsa_qk_r512,af3,gsa_qk,512x512x32,4,512,128,gemm,bf16xbf16_acc_fp32,TokenDynamic,raw_e2e,native,row_contiguous,default,auto,auto,auto,1.0,1.0,0.0,512.0,,,,,524.2742079110882,515.7800433017425,703.5910351137024,0.15190023390295437,128.0033672977882,,,,TokenDynamic,524.2742079110882,344.63645762212445,1.0,1.5212383841465982,ok,,benchmarks/ops/matmul-otherlibs/results/raw/cycles/stage4-sme-20260905/arm/920f-4-arm_MatmulOtherlibsVecopsAF3AttentionQKLargeBench_stage4-sme-20260905.json
stage4-sme-20260905,920f-4,Native,,BiSheng clang 19.1.7,vecops,rsync-snapshot,"SVE2+SME BF16, VL=SVL=512b",,A09_gsa_qk_r512,af3,gsa_qk,512x512x32,4,512,128,gemm_add,bf16xbf16_acc_fp32,AllConst,raw_e2e,native,row_contiguous,default,auto,auto,auto,1.0,1.0,0.0,512.0,,,,,764.0014478080982,760.8121054599414,764.9416833914614,0.00277002691548769,87.83866076763823,,,,TokenDynamic,745.8275253389111,764.0014478080982,1.0243674601053758,1.0,ok,,benchmarks/ops/matmul-otherlibs/results/raw/cycles/stage4-sme-20260905/arm/920f-4-arm_MatmulOtherlibsVecopsAF3AttentionQKLargeBench_stage4-sme-20260905.json
stage4-sme-20260905,920f-4,Native,,BiSheng clang 19.1.7,vecops,rsync-snapshot,"SVE2+SME BF16, VL=SVL=512b",,A09_gsa_qk_r512,af3,gsa_qk,512x512x32,4,512,128,gemm_add,bf16xbf16_acc_fp32,TokenDynamic,raw_e2e,native,row_contiguous,default,auto,auto,auto,1.0,1.0,0.0,512.0,,,,,745.8275253389111,742.6116779010663,748.0722361620753,0.003446857734038316,89.97906582960329,,,,TokenDynamic,745.8275253389111,764.0014478080982,1.0,0.976212188443716,ok,,benchmarks/ops/matmul-otherlibs/results/raw/cycles/stage4-sme-20260905/arm/920f-4-arm_MatmulOtherlibsVecopsAF3AttentionQKLargeBench_stage4-sme-20260905.json
stage4-sme-20260905,920f-4,Native,,BiSheng clang 19.1.7,vecops,rsync-snapshot,"SVE2+SME BF16, VL=SVL=512b",,A10_gsa_qk_r1536,af3,gsa_qk,1536x1536x32,4,1536,128,gemm,bf16xbf16_acc_fp32,AllConst,raw_e2e,native,row_contiguous,default,auto,auto,auto,1.0,1.0,0.0,1536.0,,,,,4995.189141482115,4983.111168257892,5004.524216721101,0.0017978075649674873,120.9122935875045,,,,TokenDynamic,4953.509279792862,4995.189141482115,1.0084142088638615,1.0,ok,,benchmarks/ops/matmul-otherlibs/results/raw/cycles/stage4-sme-20260905/arm/920f-4-arm_MatmulOtherlibsVecopsAF3AttentionQKLargeBench_stage4-sme-20260905.json
stage4-sme-20260905,920f-4,Native,,BiSheng clang 19.1.7,vecops,rsync-snapshot,"SVE2+SME BF16, VL=SVL=512b",,A10_gsa_qk_r1536,af3,gsa_qk,1536x1536x32,4,1536,128,gemm,bf16xbf16_acc_fp32,TokenDynamic,raw_e2e,native,row_contiguous,default,auto,auto,auto,1.0,1.0,0.0,1536.0,,,,,4953.509279792862,4946.330465775515,4958.396920535181,0.001180389253934809,121.92967487995828,,,,TokenDynamic,4953.509279792862,4995.189141482115,1.0,0.991655999300782,ok,,benchmarks/ops/matmul-otherlibs/results/raw/cycles/stage4-sme-20260905/arm/920f-4-arm_MatmulOtherlibsVecopsAF3AttentionQKLargeBench_stage4-sme-20260905.json
stage4-sme-20260905,920f-4,Native,,BiSheng clang 19.1.7,vecops,rsync-snapshot,"SVE2+SME BF16, VL=SVL=512b",,A10_gsa_qk_r1536,af3,gsa_qk,1536x1536x32,4,1536,128,gemm_add,bf16xbf16_acc_fp32,AllConst,raw_e2e,native,row_contiguous,default,auto,auto,auto,1.0,1.0,0.0,1536.0,,,,,12339.807708155025,11889.0832093629,12384.519328109242,0.021599052614244194,48.94563920966508,,,,TokenDynamic,12333.987365392122,12339.807708155025,1.0004718946590812,1.0,ok,,benchmarks/ops/matmul-otherlibs/results/raw/cycles/stage4-sme-20260905/arm/920f-4-arm_MatmulOtherlibsVecopsAF3AttentionQKLargeBench_stage4-sme-20260905.json
stage4-sme-20260905,920f-4,Native,,BiSheng clang 19.1.7,vecops,rsync-snapshot,"SVE2+SME BF16, VL=SVL=512b",,A10_gsa_qk_r1536,af3,gsa_qk,1536x1536x32,4,1536,128,gemm_add,bf16xbf16_acc_fp32,TokenDynamic,raw_e2e,native,row_contiguous,default,auto,auto,auto,1.0,1.0,0.0,1536.0,,,,,12333.987365392122,12313.008333810354,12431.997043842619,0.005198512278627569,48.968736395393435,,,,TokenDynamic,12333.987365392122,12339.807708155025,1.0,0.999528327920454,ok,,benchmarks/ops/matmul-otherlibs/results/raw/cycles/stage4-sme-20260905/arm/920f-4-arm_MatmulOtherlibsVecopsAF3AttentionQKLargeBench_stage4-sme-20260905.json
stage4-sme-20260905,920f-4,Native,,BiSheng clang 19.1.7,vecops,rsync-snapshot,"SVE2+SME BF16, VL=SVL=512b",,A11_gsa_qk_r2048,af3,gsa_qk,2048x2048x32,4,2048,32,gemm,bf16xbf16_acc_fp32,AllConst,raw_e2e,native,row_contiguous,default,auto,auto,auto,1.0,1.0,0.0,2048.0,,,,,9888.972654672605,9880.39065684591,9893.595586930003,0.0006173630927125694,108.57971414175665,,,,TokenDynamic,9787.323352481637,9888.972654672605,1.0103858121909495,1.0,ok,,benchmarks/ops/matmul-otherlibs/results/raw/cycles/stage4-sme-20260905/arm/920f-4-arm_MatmulOtherlibsVecopsAF3AttentionQKLargeBench_stage4-sme-20260905.json
stage4-sme-20260905,920f-4,Native,,BiSheng clang 19.1.7,vecops,rsync-snapshot,"SVE2+SME BF16, VL=SVL=512b",,A11_gsa_qk_r2048,af3,gsa_qk,2048x2048x32,4,2048,32,gemm,bf16xbf16_acc_fp32,TokenDynamic,raw_e2e,native,row_contiguous,default,auto,auto,auto,1.0,1.0,0.0,2048.0,,,,,9787.323352481637,9739.026201090643,9812.093007245234,0.0032831836012020507,109.70740266057993,,,,TokenDynamic,9787.323352481637,9888.972654672605,1.0,0.989720944152582,ok,,benchmarks/ops/matmul-otherlibs/results/raw/cycles/stage4-sme-20260905/arm/920f-4-arm_MatmulOtherlibsVecopsAF3AttentionQKLargeBench_stage4-sme-20260905.json
stage4-sme-20260905,920f-4,Native,,BiSheng clang 19.1.7,vecops,rsync-snapshot,"SVE2+SME BF16, VL=SVL=512b",,A11_gsa_qk_r2048,af3,gsa_qk,2048x2048x32,4,2048,32,gemm_add,bf16xbf16_acc_fp32,AllConst,raw_e2e,native,row_contiguous,default,auto,auto,auto,1.0,1.0,0.0,2048.0,,,,,21730.80419500669,21684.8266000549,21769.088708485167,0.0020215759617539675,49.41104868299005,,,,TokenDynamic,21590.949368796177,21730.80419500669,1.0064774746039022,1.0,ok,,benchmarks/ops/matmul-otherlibs/results/raw/cycles/stage4-sme-20260905/arm/920f-4-arm_MatmulOtherlibsVecopsAF3AttentionQKLargeBench_stage4-sme-20260905.json
stage4-sme-20260905,920f-4,Native,,BiSheng clang 19.1.7,vecops,rsync-snapshot,"SVE2+SME BF16, VL=SVL=512b",,A11_gsa_qk_r2048,af3,gsa_qk,2048x2048x32,4,2048,32,gemm_add,bf16xbf16_acc_fp32,TokenDynamic,raw_e2e,native,row_contiguous,default,auto,auto,auto,1.0,1.0,0.0,2048.0,,,,,21590.949368796177,21272.137255540914,21672.064238893134,0.008540983284766364,49.731107495986286,,,,TokenDynamic,21590.949368796177,21730.80419500669,1.0,0.9935642130426701,ok,,benchmarks/ops/matmul-otherlibs/results/raw/cycles/stage4-sme-20260905/arm/920f-4-arm_MatmulOtherlibsVecopsAF3AttentionQKLargeBench_stage4-sme-20260905.json
post-targeted-fixes-20260904-peers,920f-4,Native,,BiSheng clang,ACL,2a8ca9840a3112d12d6cc68e49e6c833f9759fd6,SVE/SVE2/SME; VL=SVL=512b,sme_interleaved_nomerge_bf16fp32_mopa_2VLx2VL,A12_gsa_pv_r128,af3,gsa_pv,32x128x128,4,128,128,gemm,bf16xbf16_acc_fp32,NA,prepared_execute,native,row_contiguous,default,auto,auto,auto,1.0,0.0,1.0,128.0,128.0,32.0,,,13.897026042874243,13.870026714448073,13.920249339659692,0.0016119507894134986,301.81306324532983,46736.4884292086,,3363.0568356870085,,,,,,ok,,benchmarks/ops/matmul-otherlibs/results/raw/cycles/post-targeted-fixes-20260904/arm-peers/920f-4_MatmulOtherlibsACLBench_post-targeted-fixes-20260904-peers.json
post-targeted-fixes-20260904-peers,920f-4,Native,,BiSheng clang,LIBXSMM,3668d249637792dcc988414eb3d2a374033743df,SVE/SVE2/SME; VL=SVL=512b,,A12_gsa_pv_r128,af3,gsa_pv,32x128x128,4,128,128,gemm,bf16xbf16_acc_fp32,NA,prepared_execute,native,row_contiguous,default,auto,auto,auto,0.0,0.0,1.0,128.0,,,1.0,0.0,8329.371373881311,8325.106858768882,8339.7416945766,0.0007901912427977989,0.5035558881612866,46736.4884292086,,5.611046300055941,,,,,,ok,,benchmarks/ops/matmul-otherlibs/results/raw/cycles/post-targeted-fixes-20260904/arm-peers/920f-4_MatmulOtherlibsLIBXSMMBench_post-targeted-fixes-20260904-peers.json
post-targeted-fixes-20260904-peers,920f-4,Native,,BiSheng clang,oneDNN,0e2a5bfeef1bfbffc3137464606540233086ce9b,SVE/SVE2/SME; VL=SVL=512b,brg:sve_512,A12_gsa_pv_r128,af3,gsa_pv,32x128x128,4,128,128,gemm,bf16xbf16_acc_fp32,NA,prepared_execute,native,row_contiguous,default,auto,auto,auto,1.0,0.0,1.0,128.0,,,,,42.901568270311564,42.422487159420605,42.985838952013644,0.0060877520644723555,97.76575004374635,46736.4884292086,,1089.3888105612878,,,,,,ok,,benchmarks/ops/matmul-otherlibs/results/raw/cycles/post-targeted-fixes-20260904/arm-peers/920f-4_MatmulOtherlibsOneDNNBench_post-targeted-fixes-20260904-peers.json
post-targeted-fixes-20260904-peers,920f-4,Native,,BiSheng clang,KUPL-MMA,bd7059eae348f1d77f73a9fbb1cadfe7a6405fb8,SVE/SVE2/SME; VL=SVL=512b,KP36_16x64x2_BF16BF16F32+vecops_transpose_pack,A12_gsa_pv_r128,af3,gsa_pv,32x128x128,4,128,128,gemm,bf16xbf16_acc_fp32,NA,raw_e2e,native_accumulate,row_contiguous,default,auto,auto,auto,0.0,1.0,0.0,128.0,,,2.0,,113.31967702558772,111.62404243096516,113.69740369717603,0.008351253079045167,37.013024658135244,46736.4884292086,412.43047682403335,412.43047682403335,,,,,,ok,,benchmarks/ops/matmul-otherlibs/results/raw/cycles/post-targeted-fixes-20260904/arm-peers/920f-4_MatmulOtherlibsKUPLBench_post-targeted-fixes-20260904-peers.json
post-targeted-fixes-20260904-peers,920f-4,Native,,BiSheng clang,OpenBLAS,e0166008be8e466242aa76b2ff75ce3f0fbf574a,SVE/SVE2/SME; VL=SVL=512b,ARMV8SVE,A12_gsa_pv_r128,af3,gsa_pv,32x128x128,4,128,128,gemm,bf16xbf16_acc_fp32,NA,raw_e2e,native,row_contiguous,default,auto,auto,auto,0.0,1.0,0.0,128.0,,,1.0,,46736.4884292086,46675.76222370068,46848.41788063447,0.0017019953711933933,0.08974367011661734,46736.4884292086,1.0,1.0,,,,,,ok,,benchmarks/ops/matmul-otherlibs/results/raw/cycles/post-targeted-fixes-20260904/arm-peers/920f-4_MatmulOtherlibsOpenBLASBench_post-targeted-fixes-20260904-peers.json
stage4-sme-20260905,920f-4,Native,,BiSheng clang 19.1.7,vecops,rsync-snapshot,"SVE2+SME BF16, VL=SVL=512b",,A12_gsa_pv_r128,af3,gsa_pv,32x128x128,4,128,128,gemm,bf16xbf16_acc_fp32,AllConst,raw_e2e,native,row_contiguous,default,auto,auto,auto,1.0,1.0,0.0,128.0,,,,,12.996507483068681,12.987079428110974,13.000730156859882,0.0005818348410050288,322.72547109015005,,,,TokenDynamic,13.731901559146467,12.996507483068681,0.9464463044021781,1.0,ok,,benchmarks/ops/matmul-otherlibs/results/raw/cycles/stage4-sme-20260905/arm/920f-4-arm_MatmulOtherlibsVecopsAF3AttentionPVBench_stage4-sme-20260905.json
stage4-sme-20260905,920f-4,Native,,BiSheng clang 19.1.7,vecops,rsync-snapshot,"SVE2+SME BF16, VL=SVL=512b",,A12_gsa_pv_r128,af3,gsa_pv,32x128x128,4,128,128,gemm,bf16xbf16_acc_fp32,TokenDynamic,raw_e2e,native,row_contiguous,default,auto,auto,auto,1.0,1.0,0.0,128.0,,,,,13.731901559146467,13.505265263238874,13.751133411323645,0.00887789830107969,305.44232944972447,,,,TokenDynamic,13.731901559146467,12.996507483068681,1.0,1.0565839766595624,ok,,benchmarks/ops/matmul-otherlibs/results/raw/cycles/stage4-sme-20260905/arm/920f-4-arm_MatmulOtherlibsVecopsAF3AttentionPVBench_stage4-sme-20260905.json
post-targeted-fixes-20260904-peers,920f-4,Native,,BiSheng clang,ACL,2a8ca9840a3112d12d6cc68e49e6c833f9759fd6,SVE/SVE2/SME; VL=SVL=512b,a64_hybrid_bf16fp32_mmla_6x16,A12_gsa_pv_r128,af3,gsa_pv,32x128x128,4,128,128,gemm_add,bf16xbf16_acc_fp32,NA,prepared_execute,native,row_contiguous,default,auto,auto,auto,1.0,0.0,1.0,128.0,128.0,32.0,,,155.10246518623921,155.06960404160145,155.13987196887842,0.0002533200606975228,27.042149168704,46702.299577494465,,301.1061076393383,,,,,,ok,,benchmarks/ops/matmul-otherlibs/results/raw/cycles/post-targeted-fixes-20260904/arm-peers/920f-4_MatmulOtherlibsACLBench_post-targeted-fixes-20260904-peers.json
post-targeted-fixes-20260904-peers,920f-4,Native,,BiSheng clang,LIBXSMM,3668d249637792dcc988414eb3d2a374033743df,SVE/SVE2/SME; VL=SVL=512b,,A12_gsa_pv_r128,af3,gsa_pv,32x128x128,4,128,128,gemm_add,bf16xbf16_acc_fp32,NA,prepared_execute,native,row_contiguous,default,auto,auto,auto,0.0,0.0,1.0,128.0,,,1.0,0.0,8341.309066642732,8334.51705710853,8350.737962652654,0.0010452986898089524,0.5028352224440656,46702.299577494465,,5.598917292761522,,,,,,ok,,benchmarks/ops/matmul-otherlibs/results/raw/cycles/post-targeted-fixes-20260904/arm-peers/920f-4_MatmulOtherlibsLIBXSMMBench_post-targeted-fixes-20260904-peers.json
post-targeted-fixes-20260904-peers,920f-4,Native,,BiSheng clang,oneDNN,0e2a5bfeef1bfbffc3137464606540233086ce9b,SVE/SVE2/SME; VL=SVL=512b,brg:sve_512,A12_gsa_pv_r128,af3,gsa_pv,32x128x128,4,128,128,gemm_add,bf16xbf16_acc_fp32,NA,prepared_execute,native,row_contiguous,default,auto,auto,auto,1.0,0.0,1.0,128.0,,,,,44.77319819130411,44.03890653307885,44.879624540479774,0.009172831956319119,93.67890098176238,46702.299577494465,,1043.0860752441183,,,,,,ok,,benchmarks/ops/matmul-otherlibs/results/raw/cycles/post-targeted-fixes-20260904/arm-peers/920f-4_MatmulOtherlibsOneDNNBench_post-targeted-fixes-20260904-peers.json
post-targeted-fixes-20260904-peers,920f-4,Native,,BiSheng clang,KUPL-MMA,bd7059eae348f1d77f73a9fbb1cadfe7a6405fb8,SVE/SVE2/SME; VL=SVL=512b,KP36_16x64x2_BF16BF16F32+vecops_transpose_pack,A12_gsa_pv_r128,af3,gsa_pv,32x128x128,4,128,128,gemm_add,bf16xbf16_acc_fp32,NA,raw_e2e,native_accumulate,row_contiguous,default,auto,auto,auto,0.0,1.0,0.0,128.0,,,2.0,,165.22085371278447,163.60609136389556,166.0939960701931,0.007444364027372303,25.3860448348201,46702.299577494465,282.66588949286324,282.66588949286324,,,,,,ok,,benchmarks/ops/matmul-otherlibs/results/raw/cycles/post-targeted-fixes-20260904/arm-peers/920f-4_MatmulOtherlibsKUPLBench_post-targeted-fixes-20260904-peers.json
post-targeted-fixes-20260904-peers,920f-4,Native,,BiSheng clang,OpenBLAS,e0166008be8e466242aa76b2ff75ce3f0fbf574a,SVE/SVE2/SME; VL=SVL=512b,ARMV8SVE,A12_gsa_pv_r128,af3,gsa_pv,32x128x128,4,128,128,gemm_add,bf16xbf16_acc_fp32,NA,raw_e2e,native,row_contiguous,default,auto,auto,auto,0.0,1.0,0.0,128.0,,,1.0,,46702.299577494465,46653.1661649545,46785.820430765554,0.0012500970114784488,0.08980936780297662,46702.299577494465,1.0,1.0,,,,,,ok,,benchmarks/ops/matmul-otherlibs/results/raw/cycles/post-targeted-fixes-20260904/arm-peers/920f-4_MatmulOtherlibsOpenBLASBench_post-targeted-fixes-20260904-peers.json
stage4-sme-20260905,920f-4,Native,,BiSheng clang 19.1.7,vecops,rsync-snapshot,"SVE2+SME BF16, VL=SVL=512b",,A12_gsa_pv_r128,af3,gsa_pv,32x128x128,4,128,128,gemm_add,bf16xbf16_acc_fp32,AllConst,raw_e2e,native,row_contiguous,default,auto,auto,auto,1.0,1.0,0.0,128.0,,,,,14.659871369341797,14.654851930946103,14.672960816633493,0.0005783932656016346,286.1078309848988,,,,TokenDynamic,14.671379919873683,14.659871369341797,0.9992155781804616,1.0,ok,,benchmarks/ops/matmul-otherlibs/results/raw/cycles/stage4-sme-20260905/arm/920f-4-arm_MatmulOtherlibsVecopsAF3AttentionPVBench_stage4-sme-20260905.json
stage4-sme-20260905,920f-4,Native,,BiSheng clang 19.1.7,vecops,rsync-snapshot,"SVE2+SME BF16, VL=SVL=512b",,A12_gsa_pv_r128,af3,gsa_pv,32x128x128,4,128,128,gemm_add,bf16xbf16_acc_fp32,TokenDynamic,raw_e2e,native,row_contiguous,default,auto,auto,auto,1.0,1.0,0.0,128.0,,,,,14.671379919873683,14.66882004054697,14.699012715013781,0.0011898757860622543,285.88340175953346,,,,TokenDynamic,14.671379919873683,14.659871369341797,1.0,1.0007850376201768,ok,,benchmarks/ops/matmul-otherlibs/results/raw/cycles/stage4-sme-20260905/arm/920f-4-arm_MatmulOtherlibsVecopsAF3AttentionPVBench_stage4-sme-20260905.json
stage4-sme-20260905,920f-4,Native,,BiSheng clang 19.1.7,vecops,rsync-snapshot,"SVE2+SME BF16, VL=SVL=512b",,A13_gsa_pv_r512,af3,gsa_pv,32x512x512,4,512,128,gemm,bf16xbf16_acc_fp32,AllConst,raw_e2e,native,row_contiguous,default,auto,auto,auto,1.0,1.0,0.0,512.0,,,,,343.1285140899623,342.9443425521618,346.51803148047236,0.004936623781929584,195.57938569455413,,,,TokenDynamic,340.76224415947866,343.1285140899623,1.0069440496153566,1.0,ok,,benchmarks/ops/matmul-otherlibs/results/raw/cycles/stage4-sme-20260905/arm/920f-4-arm_MatmulOtherlibsVecopsAF3AttentionPVBench_stage4-sme-20260905.json
stage4-sme-20260905,920f-4,Native,,BiSheng clang 19.1.7,vecops,rsync-snapshot,"SVE2+SME BF16, VL=SVL=512b",,A13_gsa_pv_r512,af3,gsa_pv,32x512x512,4,512,128,gemm,bf16xbf16_acc_fp32,TokenDynamic,raw_e2e,native,row_contiguous,default,auto,auto,auto,1.0,1.0,0.0,512.0,,,,,340.76224415947866,340.668103158984,341.60773363192095,0.001293102620905873,196.9374986525581,,,,TokenDynamic,340.76224415947866,343.1285140899623,1.0,0.9931038376779632,ok,,benchmarks/ops/matmul-otherlibs/results/raw/cycles/stage4-sme-20260905/arm/920f-4-arm_MatmulOtherlibsVecopsAF3AttentionPVBench_stage4-sme-20260905.json
stage4-sme-20260905,920f-4,Native,,BiSheng clang 19.1.7,vecops,rsync-snapshot,"SVE2+SME BF16, VL=SVL=512b",,A13_gsa_pv_r512,af3,gsa_pv,32x512x512,4,512,128,gemm_add,bf16xbf16_acc_fp32,AllConst,raw_e2e,native,row_contiguous,default,auto,auto,auto,1.0,1.0,0.0,512.0,,,,,356.20289324205135,355.8377516043337,356.8622295426417,0.0012389388784161902,188.40067072222618,,,,TokenDynamic,365.34803945965854,356.20289324205135,0.9749686730736734,1.0,ok,,benchmarks/ops/matmul-otherlibs/results/raw/cycles/stage4-sme-20260905/arm/920f-4-arm_MatmulOtherlibsVecopsAF3AttentionPVBench_stage4-sme-20260905.json
stage4-sme-20260905,920f-4,Native,,BiSheng clang 19.1.7,vecops,rsync-snapshot,"SVE2+SME BF16, VL=SVL=512b",,A13_gsa_pv_r512,af3,gsa_pv,32x512x512,4,512,128,gemm_add,bf16xbf16_acc_fp32,TokenDynamic,raw_e2e,native,row_contiguous,default,auto,auto,auto,1.0,1.0,0.0,512.0,,,,,365.34803945965854,364.47170414319334,365.9903067007699,0.0020182765523427343,183.68475194023893,,,,TokenDynamic,365.34803945965854,356.20289324205135,1.0,1.0256739807315174,ok,,benchmarks/ops/matmul-otherlibs/results/raw/cycles/stage4-sme-20260905/arm/920f-4-arm_MatmulOtherlibsVecopsAF3AttentionPVBench_stage4-sme-20260905.json
stage4-sme-20260905,920f-4,Native,,BiSheng clang 19.1.7,vecops,rsync-snapshot,"SVE2+SME BF16, VL=SVL=512b",,A14_gsa_pv_r1536,af3,gsa_pv,32x1536x1536,4,1536,128,gemm,bf16xbf16_acc_fp32,AllConst,raw_e2e,native,row_contiguous,default,auto,auto,auto,1.0,1.0,0.0,1536.0,,,,,2447.2643332234743,2444.685301904021,2482.6059278486105,0.007328133381470642,246.79793179695193,,,,TokenDynamic,2561.949887736277,2447.2643332234743,0.955235051605893,1.0,ok,,benchmarks/ops/matmul-otherlibs/results/raw/cycles/stage4-sme-20260905/arm/920f-4-arm_MatmulOtherlibsVecopsAF3AttentionPVBench_stage4-sme-20260905.json
stage4-sme-20260905,920f-4,Native,,BiSheng clang 19.1.7,vecops,rsync-snapshot,"SVE2+SME BF16, VL=SVL=512b",,A14_gsa_pv_r1536,af3,gsa_pv,32x1536x1536,4,1536,128,gemm,bf16xbf16_acc_fp32,TokenDynamic,raw_e2e,native,row_contiguous,default,auto,auto,auto,1.0,1.0,0.0,1536.0,,,,,2561.949887736277,2558.5739111358466,2564.723901450634,0.0012066162763036963,235.75003511628898,,,,TokenDynamic,2561.949887736277,2447.2643332234743,1.0,1.0468627573065399,ok,,benchmarks/ops/matmul-otherlibs/results/raw/cycles/stage4-sme-20260905/arm/920f-4-arm_MatmulOtherlibsVecopsAF3AttentionPVBench_stage4-sme-20260905.json
stage4-sme-20260905,920f-4,Native,,BiSheng clang 19.1.7,vecops,rsync-snapshot,"SVE2+SME BF16, VL=SVL=512b",,A14_gsa_pv_r1536,af3,gsa_pv,32x1536x1536,4,1536,128,gemm_add,bf16xbf16_acc_fp32,AllConst,raw_e2e,native,row_contiguous,default,auto,auto,auto,1.0,1.0,0.0,1536.0,,,,,2507.171161206705,2506.539606422718,2508.8218306856497,0.00044663970231221265,240.90089473959316,,,,TokenDynamic,2588.987445320796,2507.171161206705,0.9683983465188442,1.0,ok,,benchmarks/ops/matmul-otherlibs/results/raw/cycles/stage4-sme-20260905/arm/920f-4-arm_MatmulOtherlibsVecopsAF3AttentionPVBench_stage4-sme-20260905.json
stage4-sme-20260905,920f-4,Native,,BiSheng clang 19.1.7,vecops,rsync-snapshot,"SVE2+SME BF16, VL=SVL=512b",,A14_gsa_pv_r1536,af3,gsa_pv,32x1536x1536,4,1536,128,gemm_add,bf16xbf16_acc_fp32,TokenDynamic,raw_e2e,native,row_contiguous,default,auto,auto,auto,1.0,1.0,0.0,1536.0,,,,,2588.987445320796,2587.0554821772707,2592.7209588526575,0.0012332072117929884,233.28802814073214,,,,TokenDynamic,2588.987445320796,2507.171161206705,1.0,1.0326329073100506,ok,,benchmarks/ops/matmul-otherlibs/results/raw/cycles/stage4-sme-20260905/arm/920f-4-arm_MatmulOtherlibsVecopsAF3AttentionPVBench_stage4-sme-20260905.json
stage4-sme-20260905,920f-4,Native,,BiSheng clang 19.1.7,vecops,rsync-snapshot,"SVE2+SME BF16, VL=SVL=512b",,A15_gsa_pv_r2048,af3,gsa_pv,32x2048x2048,4,2048,32,gemm,bf16xbf16_acc_fp32,AllConst,raw_e2e,native,row_contiguous,default,auto,auto,auto,1.0,1.0,0.0,2048.0,,,,,4998.6475413399085,4936.794773675501,5006.346688605845,0.006522522246293663,214.806468173625,,,,TokenDynamic,5226.678697875252,4998.6475413399085,0.9563716903761385,1.0,ok,,benchmarks/ops/matmul-otherlibs/results/raw/cycles/stage4-sme-20260905/arm/920f-4-arm_MatmulOtherlibsVecopsAF3AttentionPVBench_stage4-sme-20260905.json
stage4-sme-20260905,920f-4,Native,,BiSheng clang 19.1.7,vecops,rsync-snapshot,"SVE2+SME BF16, VL=SVL=512b",,A15_gsa_pv_r2048,af3,gsa_pv,32x2048x2048,4,2048,32,gemm,bf16xbf16_acc_fp32,TokenDynamic,raw_e2e,native,row_contiguous,default,auto,auto,auto,1.0,1.0,0.0,2048.0,,,,,5226.678697875252,5222.349396596352,5231.339812140774,0.0008736755748632326,205.43482507093793,,,,TokenDynamic,5226.678697875252,4998.6475413399085,1.0,1.045618570753284,ok,,benchmarks/ops/matmul-otherlibs/results/raw/cycles/stage4-sme-20260905/arm/920f-4-arm_MatmulOtherlibsVecopsAF3AttentionPVBench_stage4-sme-20260905.json
stage4-sme-20260905,920f-4,Native,,BiSheng clang 19.1.7,vecops,rsync-snapshot,"SVE2+SME BF16, VL=SVL=512b",,A15_gsa_pv_r2048,af3,gsa_pv,32x2048x2048,4,2048,32,gemm_add,bf16xbf16_acc_fp32,AllConst,raw_e2e,native,row_contiguous,default,auto,auto,auto,1.0,1.0,0.0,2048.0,,,,,5092.444563550608,5085.5836930817795,5093.840369954705,0.0007976118071498329,210.8499779625199,,,,TokenDynamic,5287.173962979405,5092.444563550608,0.9631694737505736,1.0,ok,,benchmarks/ops/matmul-otherlibs/results/raw/cycles/stage4-sme-20260905/arm/920f-4-arm_MatmulOtherlibsVecopsAF3AttentionPVBench_stage4-sme-20260905.json
stage4-sme-20260905,920f-4,Native,,BiSheng clang 19.1.7,vecops,rsync-snapshot,"SVE2+SME BF16, VL=SVL=512b",,A15_gsa_pv_r2048,af3,gsa_pv,32x2048x2048,4,2048,32,gemm_add,bf16xbf16_acc_fp32,TokenDynamic,raw_e2e,native,row_contiguous,default,auto,auto,auto,1.0,1.0,0.0,2048.0,,,,,5287.173962979405,5224.152647510723,5290.579778590688,0.006001576486188566,203.08426231448036,,,,TokenDynamic,5287.173962979405,5092.444563550608,1.0,1.0382388844883224,ok,,benchmarks/ops/matmul-otherlibs/results/raw/cycles/stage4-sme-20260905/arm/920f-4-arm_MatmulOtherlibsVecopsAF3AttentionPVBench_stage4-sme-20260905.json
post-targeted-fixes-20260904-peers,920f-4,Native,,BiSheng clang,ACL,2a8ca9840a3112d12d6cc68e49e6c833f9759fd6,SVE/SVE2/SME; VL=SVL=512b,sme_interleaved_nomerge_bf16fp32_mopa_2VLx2VL,A16_tri_mul_r128,af3,triangle_multiplication,128x128x128,128,128,0,gemm,bf16xbf16_acc_fp32,NA,prepared_execute,native,row_contiguous,default,auto,auto,auto,1.0,0.0,1.0,2.0,128.0,32.0,,,2625.2546727105423,2624.381652653769,2628.51661450609,0.0007175176824788065,204.50241173961518,6006677.389144897,,2288.0360719225305,,,,,,ok,,benchmarks/ops/matmul-otherlibs/results/raw/cycles/post-targeted-fixes-20260904/arm-peers/920f-4_MatmulOtherlibsACLBench_post-targeted-fixes-20260904-peers.json
post-targeted-fixes-20260904-peers,920f-4,Native,,BiSheng clang,LIBXSMM,3668d249637792dcc988414eb3d2a374033743df,SVE/SVE2/SME; VL=SVL=512b,,A16_tri_mul_r128,af3,triangle_multiplication,128x128x128,128,128,0,gemm,bf16xbf16_acc_fp32,NA,prepared_execute,native,row_contiguous,default,auto,auto,auto,0.0,0.0,1.0,2.0,,,1.0,0.0,1103187.6439228654,1101435.1841062305,1103530.5796191099,0.0009416025319456059,0.4866542106027593,6006677.389144897,,5.444837441965478,,,,,,ok,,benchmarks/ops/matmul-otherlibs/results/raw/cycles/post-targeted-fixes-20260904/arm-peers/920f-4_MatmulOtherlibsLIBXSMMBench_post-targeted-fixes-20260904-peers.json
post-targeted-fixes-20260904-peers,920f-4,Native,,BiSheng clang,oneDNN,0e2a5bfeef1bfbffc3137464606540233086ce9b,SVE/SVE2/SME; VL=SVL=512b,brg:sve_512,A16_tri_mul_r128,af3,triangle_multiplication,128x128x128,128,128,0,gemm,bf16xbf16_acc_fp32,NA,prepared_execute,native,row_contiguous,default,auto,auto,auto,1.0,0.0,1.0,2.0,,,,,5595.6218764185915,5591.2681855261335,5600.345820188523,0.00076229651442154,95.94481611820733,6006677.389144897,,1073.4602018872292,,,,,,ok,,benchmarks/ops/matmul-otherlibs/results/raw/cycles/post-targeted-fixes-20260904/arm-peers/920f-4_MatmulOtherlibsOneDNNBench_post-targeted-fixes-20260904-peers.json
post-targeted-fixes-20260904-peers,920f-4,Native,,BiSheng clang,KUPL-MMA,bd7059eae348f1d77f73a9fbb1cadfe7a6405fb8,SVE/SVE2/SME; VL=SVL=512b,KP36_16x64x2_BF16BF16F32+vecops_transpose_pack,A16_tri_mul_r128,af3,triangle_multiplication,128x128x128,128,128,0,gemm,bf16xbf16_acc_fp32,NA,raw_e2e,native_accumulate,row_contiguous,default,auto,auto,auto,0.0,1.0,0.0,2.0,,,1.0,,8719.633508007973,8605.425996938722,8729.661960387602,0.006868150040481233,61.5703528717057,6006677.389144897,688.8681024986269,688.8681024986269,,,,,,ok,,benchmarks/ops/matmul-otherlibs/results/raw/cycles/post-targeted-fixes-20260904/arm-peers/920f-4_MatmulOtherlibsKUPLBench_post-targeted-fixes-20260904-peers.json
post-targeted-fixes-20260904-peers,920f-4,Native,,BiSheng clang,OpenBLAS,e0166008be8e466242aa76b2ff75ce3f0fbf574a,SVE/SVE2/SME; VL=SVL=512b,ARMV8SVE,A16_tri_mul_r128,af3,triangle_multiplication,128x128x128,128,128,0,gemm,bf16xbf16_acc_fp32,NA,raw_e2e,native,row_contiguous,default,auto,auto,auto,0.0,1.0,0.0,2.0,,,1.0,,6006677.389144897,6005925.912875682,6009840.911068022,0.000355817124643776,0.08937901558858785,6006677.389144897,1.0,1.0,,,,,,ok,,benchmarks/ops/matmul-otherlibs/results/raw/cycles/post-targeted-fixes-20260904/arm-peers/920f-4_MatmulOtherlibsOpenBLASBench_post-targeted-fixes-20260904-peers.json
stage4-sme-20260905,920f-4,Native,,BiSheng clang 19.1.7,vecops,rsync-snapshot,"SVE2+SME BF16, VL=SVL=512b",,A16_tri_mul_r128,af3,triangle_multiplication,128x128x128,128,128,0,gemm,bf16xbf16_acc_fp32,AllConst,raw_e2e,native,row_contiguous,default,auto,auto,auto,1.0,1.0,0.0,2.0,,,,,2051.118518347326,2049.85268899928,2051.5710992765603,0.00047082663153813253,261.7454365497026,,,,TokenDynamic,1941.4265742142723,2051.118518347326,1.056500691599654,1.0,ok,,benchmarks/ops/matmul-otherlibs/results/raw/cycles/stage4-sme-20260905/arm/920f-4-arm_MatmulOtherlibsVecopsAF3TriangleBench_stage4-sme-20260905.json
stage4-sme-20260905,920f-4,Native,,BiSheng clang 19.1.7,vecops,rsync-snapshot,"SVE2+SME BF16, VL=SVL=512b",,A16_tri_mul_r128,af3,triangle_multiplication,128x128x128,128,128,0,gemm,bf16xbf16_acc_fp32,TokenDynamic,raw_e2e,native,row_contiguous,default,auto,auto,auto,1.0,1.0,0.0,2.0,,,,,1941.4265742142723,1570.7896690662594,2206.9456412980003,0.15070256904055693,276.5342347378142,,,,TokenDynamic,1941.4265742142723,2051.118518347326,1.0,0.9465209137590757,ok,,benchmarks/ops/matmul-otherlibs/results/raw/cycles/stage4-sme-20260905/arm/920f-4-arm_MatmulOtherlibsVecopsAF3TriangleBench_stage4-sme-20260905.json
post-targeted-fixes-20260904-peers,920f-4,Native,,BiSheng clang,ACL,2a8ca9840a3112d12d6cc68e49e6c833f9759fd6,SVE/SVE2/SME; VL=SVL=512b,a64_hybrid_bf16fp32_mmla_6x16,A16_tri_mul_r128,af3,triangle_multiplication,128x128x128,128,128,0,gemm_add,bf16xbf16_acc_fp32,NA,prepared_execute,native,row_contiguous,default,auto,auto,auto,1.0,0.0,1.0,2.0,128.0,48.0,,,20518.797981951917,20499.14813999619,20580.94743905323,0.001797225927547616,26.164832485422636,5980750.7381774485,,291.4766617146893,,,,,,ok,,benchmarks/ops/matmul-otherlibs/results/raw/cycles/post-targeted-fixes-20260904/arm-peers/920f-4_MatmulOtherlibsACLBench_post-targeted-fixes-20260904-peers.json
post-targeted-fixes-20260904-peers,920f-4,Native,,BiSheng clang,LIBXSMM,3668d249637792dcc988414eb3d2a374033743df,SVE/SVE2/SME; VL=SVL=512b,,A16_tri_mul_r128,af3,triangle_multiplication,128x128x128,128,128,0,gemm_add,bf16xbf16_acc_fp32,NA,prepared_execute,native,row_contiguous,default,auto,auto,auto,0.0,0.0,1.0,2.0,,,1.0,0.0,1102706.2870562077,1102188.4138695898,1103279.5595005152,0.00045315939838095205,0.4868666464514629,5980750.7381774485,,5.423702402335714,,,,,,ok,,benchmarks/ops/matmul-otherlibs/results/raw/cycles/post-targeted-fixes-20260904/arm-peers/920f-4_MatmulOtherlibsLIBXSMMBench_post-targeted-fixes-20260904-peers.json
post-targeted-fixes-20260904-peers,920f-4,Native,,BiSheng clang,oneDNN,0e2a5bfeef1bfbffc3137464606540233086ce9b,SVE/SVE2/SME; VL=SVL=512b,brg:sve_512,A16_tri_mul_r128,af3,triangle_multiplication,128x128x128,128,128,0,gemm_add,bf16xbf16_acc_fp32,NA,prepared_execute,native,row_contiguous,default,auto,auto,auto,1.0,0.0,1.0,2.0,,,,,6425.9244933385735,6418.039353395049,6432.268717749554,0.0013441363839143106,83.54765334646346,5980750.7381774485,,930.7222243861387,,,,,,ok,,benchmarks/ops/matmul-otherlibs/results/raw/cycles/post-targeted-fixes-20260904/arm-peers/920f-4_MatmulOtherlibsOneDNNBench_post-targeted-fixes-20260904-peers.json
post-targeted-fixes-20260904-peers,920f-4,Native,,BiSheng clang,KUPL-MMA,bd7059eae348f1d77f73a9fbb1cadfe7a6405fb8,SVE/SVE2/SME; VL=SVL=512b,KP36_16x64x2_BF16BF16F32+vecops_transpose_pack,A16_tri_mul_r128,af3,triangle_multiplication,128x128x128,128,128,0,gemm_add,bf16xbf16_acc_fp32,NA,raw_e2e,native_accumulate,row_contiguous,default,auto,auto,auto,0.0,1.0,0.0,2.0,,,1.0,,12150.38253841075,11994.952403686266,12173.060183836657,0.006812902175983496,44.18551517228377,5980750.7381774485,492.22736150657204,492.22736150657204,,,,,,ok,,benchmarks/ops/matmul-otherlibs/results/raw/cycles/post-targeted-fixes-20260904/arm-peers/920f-4_MatmulOtherlibsKUPLBench_post-targeted-fixes-20260904-peers.json
post-targeted-fixes-20260904-peers,920f-4,Native,,BiSheng clang,OpenBLAS,e0166008be8e466242aa76b2ff75ce3f0fbf574a,SVE/SVE2/SME; VL=SVL=512b,ARMV8SVE,A16_tri_mul_r128,af3,triangle_multiplication,128x128x128,128,128,0,gemm_add,bf16xbf16_acc_fp32,NA,raw_e2e,native,row_contiguous,default,auto,auto,auto,0.0,1.0,0.0,2.0,,,1.0,,5980750.7381774485,5980274.573620409,5984208.285529166,0.0003795764693985853,0.08976647506356435,5980750.7381774485,1.0,1.0,,,,,,ok,,benchmarks/ops/matmul-otherlibs/results/raw/cycles/post-targeted-fixes-20260904/arm-peers/920f-4_MatmulOtherlibsOpenBLASBench_post-targeted-fixes-20260904-peers.json
stage4-sme-20260905,920f-4,Native,,BiSheng clang 19.1.7,vecops,rsync-snapshot,"SVE2+SME BF16, VL=SVL=512b",,A16_tri_mul_r128,af3,triangle_multiplication,128x128x128,128,128,0,gemm_add,bf16xbf16_acc_fp32,AllConst,raw_e2e,native,row_contiguous,default,auto,auto,auto,1.0,1.0,0.0,2.0,,,,,2565.460762491932,2557.319923545475,2581.1219432701664,0.004072460967958523,209.26880654316315,,,,TokenDynamic,2577.5036689910016,2565.460762491932,0.9953276859917007,1.0,ok,,benchmarks/ops/matmul-otherlibs/results/raw/cycles/stage4-sme-20260905/arm/920f-4-arm_MatmulOtherlibsVecopsAF3TriangleBench_stage4-sme-20260905.json
stage4-sme-20260905,920f-4,Native,,BiSheng clang 19.1.7,vecops,rsync-snapshot,"SVE2+SME BF16, VL=SVL=512b",,A16_tri_mul_r128,af3,triangle_multiplication,128x128x128,128,128,0,gemm_add,bf16xbf16_acc_fp32,TokenDynamic,raw_e2e,native,row_contiguous,default,auto,auto,auto,1.0,1.0,0.0,2.0,,,,,2577.5036689910016,2573.11393760822,2588.6543535373426,0.0027353647468925523,208.29103696685146,,,,TokenDynamic,2577.5036689910016,2565.460762491932,1.0,1.004694247004336,ok,,benchmarks/ops/matmul-otherlibs/results/raw/cycles/stage4-sme-20260905/arm/920f-4-arm_MatmulOtherlibsVecopsAF3TriangleBench_stage4-sme-20260905.json
stage4-sme-20260905,920f-4,Native,,BiSheng clang 19.1.7,vecops,rsync-snapshot,"SVE2+SME BF16, VL=SVL=512b",,A17_tri_mul_r512,af3,triangle_multiplication,512x512x512,128,512,0,gemm,bf16xbf16_acc_fp32,AllConst,raw_e2e,native,row_contiguous,default,auto,auto,auto,1.0,1.0,0.0,2.0,,,,,83853.97144593298,83767.84380525352,84065.72523526849,0.0017364385550015019,409.7568400818598,,,,TokenDynamic,83690.70757180452,83853.97144593298,1.0019508004994269,1.0,ok,,benchmarks/ops/matmul-otherlibs/results/raw/cycles/stage4-sme-20260905/arm/920f-4-arm_MatmulOtherlibsVecopsAF3TriangleBench_stage4-sme-20260905.json
stage4-sme-20260905,920f-4,Native,,BiSheng clang 19.1.7,vecops,rsync-snapshot,"SVE2+SME BF16, VL=SVL=512b",,A17_tri_mul_r512,af3,triangle_multiplication,512x512x512,128,512,0,gemm,bf16xbf16_acc_fp32,TokenDynamic,raw_e2e,native,row_contiguous,default,auto,auto,auto,1.0,1.0,0.0,2.0,,,,,83690.70757180452,83576.46125368774,83823.22983816266,0.0012429262864055086,410.55619393013507,,,,TokenDynamic,83690.70757180452,83853.97144593298,1.0,0.9980529977136059,ok,,benchmarks/ops/matmul-otherlibs/results/raw/cycles/stage4-sme-20260905/arm/920f-4-arm_MatmulOtherlibsVecopsAF3TriangleBench_stage4-sme-20260905.json
stage4-sme-20260905,920f-4,Native,,BiSheng clang 19.1.7,vecops,rsync-snapshot,"SVE2+SME BF16, VL=SVL=512b",,A17_tri_mul_r512,af3,triangle_multiplication,512x512x512,128,512,0,gemm_add,bf16xbf16_acc_fp32,AllConst,raw_e2e,native,row_contiguous,default,auto,auto,auto,1.0,1.0,0.0,2.0,,,,,142534.47391092777,142413.47182542086,142733.4637381136,0.001121706148381467,241.06265260060516,,,,TokenDynamic,142852.03302279115,142534.47391092777,0.9977770067030638,1.0,ok,,benchmarks/ops/matmul-otherlibs/results/raw/cycles/stage4-sme-20260905/arm/920f-4-arm_MatmulOtherlibsVecopsAF3TriangleBench_stage4-sme-20260905.json
stage4-sme-20260905,920f-4,Native,,BiSheng clang 19.1.7,vecops,rsync-snapshot,"SVE2+SME BF16, VL=SVL=512b",,A17_tri_mul_r512,af3,triangle_multiplication,512x512x512,128,512,0,gemm_add,bf16xbf16_acc_fp32,TokenDynamic,raw_e2e,native,row_contiguous,default,auto,auto,auto,1.0,1.0,0.0,2.0,,,,,142852.03302279115,142688.66777420047,143294.5290580392,0.0018958006412617668,240.52677193973236,,,,TokenDynamic,142852.03302279115,142534.47391092777,1.0,1.0022279460059733,ok,,benchmarks/ops/matmul-otherlibs/results/raw/cycles/stage4-sme-20260905/arm/920f-4-arm_MatmulOtherlibsVecopsAF3TriangleBench_stage4-sme-20260905.json
stage4-sme-20260905,920f-4,Native,,BiSheng clang 19.1.7,vecops,rsync-snapshot,"SVE2+SME BF16, VL=SVL=512b",,A18_tri_mul_r1536_ch1,af3,triangle_multiplication,1536x1536x1536,1,1536,0,gemm,bf16xbf16_acc_fp32,AllConst,raw_e2e,native,row_contiguous,default,auto,auto,auto,0.0,1.0,0.0,256.0,,,,,12884.176378561691,12879.061893644657,12897.839295593176,0.0006423032300356891,562.5316744390218,,,,TokenDynamic,13893.850380554795,12884.176378561691,0.9273294317746362,1.0,ok,,benchmarks/ops/matmul-otherlibs/results/raw/cycles/stage4-sme-20260905/arm/920f-4-arm_MatmulOtherlibsVecopsAF3TriangleBench_stage4-sme-20260905.json
stage4-sme-20260905,920f-4,Native,,BiSheng clang 19.1.7,vecops,rsync-snapshot,"SVE2+SME BF16, VL=SVL=512b",,A18_tri_mul_r1536_ch1,af3,triangle_multiplication,1536x1536x1536,1,1536,0,gemm,bf16xbf16_acc_fp32,TokenDynamic,raw_e2e,native,row_contiguous,default,auto,auto,auto,0.0,1.0,0.0,256.0,,,,,13893.850380554795,13881.695847958325,13972.224360331891,0.0048864302181878755,521.6521780127728,,,,TokenDynamic,13893.850380554795,12884.176378561691,1.0,1.0783654284392696,ok,,benchmarks/ops/matmul-otherlibs/results/raw/cycles/stage4-sme-20260905/arm/920f-4-arm_MatmulOtherlibsVecopsAF3TriangleBench_stage4-sme-20260905.json
stage4-sme-20260905,920f-4,Native,,BiSheng clang 19.1.7,vecops,rsync-snapshot,"SVE2+SME BF16, VL=SVL=512b",,A18_tri_mul_r1536_ch1,af3,triangle_multiplication,1536x1536x1536,1,1536,0,gemm_add,bf16xbf16_acc_fp32,AllConst,raw_e2e,native,row_contiguous,default,auto,auto,auto,0.0,1.0,0.0,256.0,,,,,13860.403513535855,13851.113347336648,13875.167490914464,0.0009108599063028039,522.9109892018622,,,,TokenDynamic,16312.793880287145,13860.403513535855,0.8496646016158624,1.0,ok,,benchmarks/ops/matmul-otherlibs/results/raw/cycles/stage4-sme-20260905/arm/920f-4-arm_MatmulOtherlibsVecopsAF3TriangleBench_stage4-sme-20260905.json
stage4-sme-20260905,920f-4,Native,,BiSheng clang 19.1.7,vecops,rsync-snapshot,"SVE2+SME BF16, VL=SVL=512b",,A18_tri_mul_r1536_ch1,af3,triangle_multiplication,1536x1536x1536,1,1536,0,gemm_add,bf16xbf16_acc_fp32,TokenDynamic,raw_e2e,native,row_contiguous,default,auto,auto,auto,0.0,1.0,0.0,256.0,,,,,16312.793880287145,16294.378497534328,16329.25519305799,0.0010526270845828843,444.29895732075676,,,,TokenDynamic,16312.793880287145,13860.403513535855,1.0,1.1769349906989592,ok,,benchmarks/ops/matmul-otherlibs/results/raw/cycles/stage4-sme-20260905/arm/920f-4-arm_MatmulOtherlibsVecopsAF3TriangleBench_stage4-sme-20260905.json
post-targeted-fixes-20260904-peers,920f-4,Native,,BiSheng clang,ACL,2a8ca9840a3112d12d6cc68e49e6c833f9759fd6,SVE/SVE2/SME; VL=SVL=512b,sme_interleaved_nomerge_bf16fp32_mopa_2VLx2VL,G01_square,general,square,256x256x256,1,0,0,gemm,bf16xbf16_acc_fp32,NA,prepared_execute,native,row_contiguous,default,auto,auto,auto,1.0,0.0,1.0,1.0,256.0,32.0,,,61.976839103225025,49.67911592525113,63.6225724550897,0.10889517766835335,541.4027640892381,397788.10599818826,,6418.334844983873,,,,,,ok,,benchmarks/ops/matmul-otherlibs/results/raw/cycles/post-targeted-fixes-20260904/arm-peers/920f-4_MatmulOtherlibsACLBench_post-targeted-fixes-20260904-peers.json
post-targeted-fixes-20260904-peers,920f-4,Native,,BiSheng clang,LIBXSMM,3668d249637792dcc988414eb3d2a374033743df,SVE/SVE2/SME; VL=SVL=512b,,G01_square,general,square,256x256x256,1,0,0,gemm,bf16xbf16_acc_fp32,NA,prepared_execute,native,row_contiguous,default,auto,auto,auto,0.0,0.0,1.0,1.0,,,1.0,0.0,66761.70998252928,66713.2626287639,67313.60941193998,0.0048214275809462205,0.5025999485151111,397788.10599818826,,5.958327102500587,,,,,,ok,,benchmarks/ops/matmul-otherlibs/results/raw/cycles/post-targeted-fixes-20260904/arm-peers/920f-4_MatmulOtherlibsLIBXSMMBench_post-targeted-fixes-20260904-peers.json
post-targeted-fixes-20260904-peers,920f-4,Native,,BiSheng clang,oneDNN,0e2a5bfeef1bfbffc3137464606540233086ce9b,SVE/SVE2/SME; VL=SVL=512b,brg:sve_512,G01_square,general,square,256x256x256,1,0,0,gemm,bf16xbf16_acc_fp32,NA,prepared_execute,native,row_contiguous,default,auto,auto,auto,0.0,0.0,1.0,1.0,,,,,332.5009099162608,330.2768239010016,335.05322723604235,0.006699172530702223,100.91530879855507,397788.10599818826,,1196.3519320845462,,,,,,ok,,benchmarks/ops/matmul-otherlibs/results/raw/cycles/post-targeted-fixes-20260904/arm-peers/920f-4_MatmulOtherlibsOneDNNBench_post-targeted-fixes-20260904-peers.json
post-targeted-fixes-20260904-peers,920f-4,Native,,BiSheng clang,KUPL-MMA,bd7059eae348f1d77f73a9fbb1cadfe7a6405fb8,SVE/SVE2/SME; VL=SVL=512b,KP36_16x64x2_BF16BF16F32+vecops_transpose_pack,G01_square,general,square,256x256x256,1,0,0,gemm,bf16xbf16_acc_fp32,NA,raw_e2e,native_accumulate,row_contiguous,default,auto,auto,auto,0.0,1.0,0.0,1.0,,,1.0,,253.8871464988552,248.3369754345128,255.67423831173443,0.013676132829999837,132.1627835938961,397788.10599818826,1566.7910387892832,1566.7910387892832,,,,,,ok,,benchmarks/ops/matmul-otherlibs/results/raw/cycles/post-targeted-fixes-20260904/arm-peers/920f-4_MatmulOtherlibsKUPLBench_post-targeted-fixes-20260904-peers.json
post-targeted-fixes-20260904-peers,920f-4,Native,,BiSheng clang,OpenBLAS,e0166008be8e466242aa76b2ff75ce3f0fbf574a,SVE/SVE2/SME; VL=SVL=512b,ARMV8SVE,G01_square,general,square,256x256x256,1,0,0,gemm,bf16xbf16_acc_fp32,NA,raw_e2e,native,row_contiguous,default,auto,auto,auto,0.0,1.0,0.0,1.0,,,1.0,,397788.10599818826,396816.3566663862,398179.5966625213,0.0015154929917878498,0.08435252712194674,397788.10599818826,1.0,1.0,,,,,,ok,,benchmarks/ops/matmul-otherlibs/results/raw/cycles/post-targeted-fixes-20260904/arm-peers/920f-4_MatmulOtherlibsOpenBLASBench_post-targeted-fixes-20260904-peers.json
stage4-sme-20260905,920f-4,Native,,BiSheng clang 19.1.7,vecops,rsync-snapshot,"SVE2+SME BF16, VL=SVL=512b",,G01_square,general,square,256x256x256,1,0,0,gemm,bf16xbf16_acc_fp32,AllConst,raw_e2e,native,row_contiguous,default,auto,auto,auto,0.0,1.0,0.0,1.0,,,,,70.36741566750779,67.54546997560016,75.00190327101085,0.04901997254996823,476.8461607080703,,,,AllDynamic,67.17869868922038,70.36741566750779,1.04746619152358,1.0,ok,,benchmarks/ops/matmul-otherlibs/results/raw/cycles/stage4-sme-20260905/arm/920f-4-arm_MatmulOtherlibsVecopsGeneralBench_stage4-sme-20260905.json
stage4-sme-20260905,920f-4,Native,,BiSheng clang 19.1.7,vecops,rsync-snapshot,"SVE2+SME BF16, VL=SVL=512b",,G01_square,general,square,256x256x256,1,0,0,gemm,bf16xbf16_acc_fp32,AllDynamic,raw_e2e,native,row_contiguous,default,auto,auto,auto,0.0,1.0,0.0,1.0,,,,,67.17869868922038,55.537691707702606,75.21402875958923,0.14197678234228633,499.4802318995233,,,,AllDynamic,67.17869868922038,70.36741566750779,1.0,0.9546847507750694,ok,,benchmarks/ops/matmul-otherlibs/results/raw/cycles/stage4-sme-20260905/arm/920f-4-arm_MatmulOtherlibsVecopsGeneralBench_stage4-sme-20260905.json
post-targeted-fixes-20260904-peers,920f-4,Native,,BiSheng clang,ACL,2a8ca9840a3112d12d6cc68e49e6c833f9759fd6,SVE/SVE2/SME; VL=SVL=512b,a64_interleaved_bf16fp32_mmla_8x12,G01_square,general,square,256x256x256,1,0,0,gemm_add,bf16xbf16_acc_fp32,NA,prepared_execute,native,row_contiguous,default,auto,auto,auto,1.0,0.0,1.0,1.0,256.0,264.0,,,1232.2573841589947,1227.2566848475,1234.632663266814,0.002969922212063715,27.230051474108727,397575.4249840975,,322.6399209248313,,,,,,ok,,benchmarks/ops/matmul-otherlibs/results/raw/cycles/post-targeted-fixes-20260904/arm-peers/920f-4_MatmulOtherlibsACLBench_post-targeted-fixes-20260904-peers.json
post-targeted-fixes-20260904-peers,920f-4,Native,,BiSheng clang,LIBXSMM,3668d249637792dcc988414eb3d2a374033743df,SVE/SVE2/SME; VL=SVL=512b,,G01_square,general,square,256x256x256,1,0,0,gemm_add,bf16xbf16_acc_fp32,NA,prepared_execute,native,row_contiguous,default,auto,auto,auto,0.0,0.0,1.0,1.0,,,1.0,0.0,66860.61108484864,66778.76831963658,66909.719677642,0.0008789578753520244,0.501856496008063,397575.4249840975,,5.946332504792085,,,,,,ok,,benchmarks/ops/matmul-otherlibs/results/raw/cycles/post-targeted-fixes-20260904/arm-peers/920f-4_MatmulOtherlibsLIBXSMMBench_post-targeted-fixes-20260904-peers.json
post-targeted-fixes-20260904-peers,920f-4,Native,,BiSheng clang,oneDNN,0e2a5bfeef1bfbffc3137464606540233086ce9b,SVE/SVE2/SME; VL=SVL=512b,brg:sve_512,G01_square,general,square,256x256x256,1,0,0,gemm_add,bf16xbf16_acc_fp32,NA,prepared_execute,native,row_contiguous,default,auto,auto,auto,0.0,0.0,1.0,1.0,,,,,362.5608245136763,362.3439651735709,369.5002972898939,0.010169957961813003,92.5484214821292,397575.4249840975,,1096.575796674636,,,,,,ok,,benchmarks/ops/matmul-otherlibs/results/raw/cycles/post-targeted-fixes-20260904/arm-peers/920f-4_MatmulOtherlibsOneDNNBench_post-targeted-fixes-20260904-peers.json
post-targeted-fixes-20260904-peers,920f-4,Native,,BiSheng clang,KUPL-MMA,bd7059eae348f1d77f73a9fbb1cadfe7a6405fb8,SVE/SVE2/SME; VL=SVL=512b,KP36_16x64x2_BF16BF16F32+vecops_transpose_pack,G01_square,general,square,256x256x256,1,0,0,gemm_add,bf16xbf16_acc_fp32,NA,raw_e2e,native_accumulate,row_contiguous,default,auto,auto,auto,0.0,1.0,0.0,1.0,,,1.0,,407.7764799233613,405.0374136652885,415.5873052970788,0.012008161518318348,82.28633492129393,397575.4249840975,974.9837093567019,974.9837093567019,,,,,,ok,,benchmarks/ops/matmul-otherlibs/results/raw/cycles/post-targeted-fixes-20260904/arm-peers/920f-4_MatmulOtherlibsKUPLBench_post-targeted-fixes-20260904-peers.json
post-targeted-fixes-20260904-peers,920f-4,Native,,BiSheng clang,OpenBLAS,e0166008be8e466242aa76b2ff75ce3f0fbf574a,SVE/SVE2/SME; VL=SVL=512b,ARMV8SVE,G01_square,general,square,256x256x256,1,0,0,gemm_add,bf16xbf16_acc_fp32,NA,raw_e2e,native,row_contiguous,default,auto,auto,auto,0.0,1.0,0.0,1.0,,,1.0,,397575.4249840975,397211.69769763947,398126.3376772404,0.0011948987533517803,0.08439765109058774,397575.4249840975,1.0,1.0,,,,,,ok,,benchmarks/ops/matmul-otherlibs/results/raw/cycles/post-targeted-fixes-20260904/arm-peers/920f-4_MatmulOtherlibsOpenBLASBench_post-targeted-fixes-20260904-peers.json
stage4-sme-20260905,920f-4,Native,,BiSheng clang 19.1.7,vecops,rsync-snapshot,"SVE2+SME BF16, VL=SVL=512b",,G01_square,general,square,256x256x256,1,0,0,gemm_add,bf16xbf16_acc_fp32,AllConst,raw_e2e,native,row_contiguous,default,auto,auto,auto,0.0,1.0,0.0,1.0,,,,,110.64238479976896,110.17962257709418,111.77714500490583,0.0067122813894155515,303.2692404517845,,,,AllDynamic,110.97689912786652,110.64238479976896,0.9969857300868343,1.0,ok,,benchmarks/ops/matmul-otherlibs/results/raw/cycles/stage4-sme-20260905/arm/920f-4-arm_MatmulOtherlibsVecopsGeneralBench_stage4-sme-20260905.json
stage4-sme-20260905,920f-4,Native,,BiSheng clang 19.1.7,vecops,rsync-snapshot,"SVE2+SME BF16, VL=SVL=512b",,G01_square,general,square,256x256x256,1,0,0,gemm_add,bf16xbf16_acc_fp32,AllDynamic,raw_e2e,native,row_contiguous,default,auto,auto,auto,0.0,1.0,0.0,1.0,,,,,110.97689912786652,109.59348270151263,113.34561809311892,0.01541772678105627,302.35510510470203,,,,AllDynamic,110.97689912786652,110.64238479976896,1.0,1.0030233832062,ok,,benchmarks/ops/matmul-otherlibs/results/raw/cycles/stage4-sme-20260905/arm/920f-4-arm_MatmulOtherlibsVecopsGeneralBench_stage4-sme-20260905.json
stage4-sme-20260905,920f-4,Native,,BiSheng clang 19.1.7,vecops,rsync-snapshot,"SVE2+SME BF16, VL=SVL=512b",,G02_ragged,general,ragged,1025x127x769,1,0,0,gemm,bf16xbf16_acc_fp32,AllConst,raw_e2e,native,row_contiguous,default,auto,auto,auto,0.0,1.0,0.0,1.0,,,,,541.6506507362311,539.395039757857,542.2264136947118,0.0025381361454325504,369.6278214156458,,,,AllDynamic,541.5128006671484,541.6506507362311,1.0002545647469696,1.0,ok,,benchmarks/ops/matmul-otherlibs/results/raw/cycles/stage4-sme-20260905/arm/920f-4-arm_MatmulOtherlibsVecopsGeneralBench_stage4-sme-20260905.json
stage4-sme-20260905,920f-4,Native,,BiSheng clang 19.1.7,vecops,rsync-snapshot,"SVE2+SME BF16, VL=SVL=512b",,G02_ragged,general,ragged,1025x127x769,1,0,0,gemm,bf16xbf16_acc_fp32,AllDynamic,raw_e2e,native,row_contiguous,default,auto,auto,auto,0.0,1.0,0.0,1.0,,,,,541.5128006671484,539.1889892948362,546.1504091866888,0.006491878033584838,369.72191562847746,,,,AllDynamic,541.5128006671484,541.6506507362311,1.0,0.9997455000397483,ok,,benchmarks/ops/matmul-otherlibs/results/raw/cycles/stage4-sme-20260905/arm/920f-4-arm_MatmulOtherlibsVecopsGeneralBench_stage4-sme-20260905.json
stage4-sme-20260905,920f-4,Native,,BiSheng clang 19.1.7,vecops,rsync-snapshot,"SVE2+SME BF16, VL=SVL=512b",,G02_ragged,general,ragged,1025x127x769,1,0,0,gemm_add,bf16xbf16_acc_fp32,AllConst,raw_e2e,native,row_contiguous,default,auto,auto,auto,0.0,1.0,0.0,1.0,,,,,697.350696577589,695.8773401150904,700.4052068632428,0.0029343505083932074,287.0996630283343,,,,AllDynamic,688.2757427695307,697.350696577589,1.0131850554133173,1.0,ok,,benchmarks/ops/matmul-otherlibs/results/raw/cycles/stage4-sme-20260905/arm/920f-4-arm_MatmulOtherlibsVecopsGeneralBench_stage4-sme-20260905.json
stage4-sme-20260905,920f-4,Native,,BiSheng clang 19.1.7,vecops,rsync-snapshot,"SVE2+SME BF16, VL=SVL=512b",,G02_ragged,general,ragged,1025x127x769,1,0,0,gemm_add,bf16xbf16_acc_fp32,AllDynamic,raw_e2e,native,row_contiguous,default,auto,auto,auto,0.0,1.0,0.0,1.0,,,,,688.2757427695307,686.497448771758,688.8342311479224,0.0015595573849981191,290.8850879945076,,,,AllDynamic,688.2757427695307,697.350696577589,1.0,0.9869865279369536,ok,,benchmarks/ops/matmul-otherlibs/results/raw/cycles/stage4-sme-20260905/arm/920f-4-arm_MatmulOtherlibsVecopsGeneralBench_stage4-sme-20260905.json
post-targeted-fixes-20260904-peers,920f-4,Native,,BiSheng clang,ACL,2a8ca9840a3112d12d6cc68e49e6c833f9759fd6,SVE/SVE2/SME; VL=SVL=512b,sme_interleaved_nomerge_bf16fp32_mopa_2VLx2VL,G03_conv1x1,general,conv1x1,64x3136x576,1,0,0,gemm,bf16xbf16_acc_fp32,NA,prepared_execute,native,row_contiguous,default,auto,auto,auto,1.0,0.0,1.0,1.0,192.0,64.0,,,1140.8673791784393,1133.8228075033871,1142.6851715246014,0.003671870776934721,202.66247612978427,3151112.758088857,,2762.032481249516,,,,,,ok,,benchmarks/ops/matmul-otherlibs/results/raw/cycles/post-targeted-fixes-20260904/arm-peers/920f-4_MatmulOtherlibsACLBench_post-targeted-fixes-20260904-peers.json
post-targeted-fixes-20260904-peers,920f-4,Native,,BiSheng clang,LIBXSMM,3668d249637792dcc988414eb3d2a374033743df,SVE/SVE2/SME; VL=SVL=512b,,G03_conv1x1,general,conv1x1,64x3136x576,1,0,0,gemm,bf16xbf16_acc_fp32,NA,prepared_execute,native,row_contiguous,default,auto,auto,auto,0.0,0.0,1.0,1.0,,,1.0,0.0,452375.9810253978,452134.0795792639,452507.31017440563,0.00040513274244153945,0.5111036343616553,3151112.758088857,,6.965694223964432,,,,,,ok,,benchmarks/ops/matmul-otherlibs/results/raw/cycles/post-targeted-fixes-20260904/arm-peers/920f-4_MatmulOtherlibsLIBXSMMBench_post-targeted-fixes-20260904-peers.json
post-targeted-fixes-20260904-peers,920f-4,Native,,BiSheng clang,oneDNN,0e2a5bfeef1bfbffc3137464606540233086ce9b,SVE/SVE2/SME; VL=SVL=512b,brg:sve_512,G03_conv1x1,general,conv1x1,64x3136x576,1,0,0,gemm,bf16xbf16_acc_fp32,NA,prepared_execute,native,row_contiguous,default,auto,auto,auto,0.0,0.0,1.0,1.0,,,,,2395.476222480252,2394.7892489574724,2404.6017646284427,0.0020478673946435874,96.51985097168131,3151112.758088857,,1315.4431375763047,,,,,,ok,,benchmarks/ops/matmul-otherlibs/results/raw/cycles/post-targeted-fixes-20260904/arm-peers/920f-4_MatmulOtherlibsOneDNNBench_post-targeted-fixes-20260904-peers.json
post-targeted-fixes-20260904-peers,920f-4,Native,,BiSheng clang,KUPL-MMA,bd7059eae348f1d77f73a9fbb1cadfe7a6405fb8,SVE/SVE2/SME; VL=SVL=512b,KP36_16x64x2_BF16BF16F32+vecops_transpose_pack,G03_conv1x1,general,conv1x1,64x3136x576,1,0,0,gemm,bf16xbf16_acc_fp32,NA,raw_e2e,native_accumulate,row_contiguous,default,auto,auto,auto,0.0,1.0,0.0,1.0,,,1.0,,2128.365287331469,2122.5258143562264,2139.4274112853136,0.003600422591315293,108.6331417713972,3151112.758088857,1480.5319260020926,1480.5319260020926,,,,,,ok,,benchmarks/ops/matmul-otherlibs/results/raw/cycles/post-targeted-fixes-20260904/arm-peers/920f-4_MatmulOtherlibsKUPLBench_post-targeted-fixes-20260904-peers.json
post-targeted-fixes-20260904-peers,920f-4,Native,,BiSheng clang,OpenBLAS,e0166008be8e466242aa76b2ff75ce3f0fbf574a,SVE/SVE2/SME; VL=SVL=512b,ARMV8SVE,G03_conv1x1,general,conv1x1,64x3136x576,1,0,0,gemm,bf16xbf16_acc_fp32,NA,raw_e2e,native,row_contiguous,default,auto,auto,auto,0.0,1.0,0.0,1.0,,,1.0,,3151112.758088857,3148992.480989546,3152234.710380435,0.0005150257860129678,0.07337440001360948,3151112.758088857,1.0,1.0,,,,,,ok,,benchmarks/ops/matmul-otherlibs/results/raw/cycles/post-targeted-fixes-20260904/arm-peers/920f-4_MatmulOtherlibsOpenBLASBench_post-targeted-fixes-20260904-peers.json
stage4-sme-20260905,920f-4,Native,,BiSheng clang 19.1.7,vecops,rsync-snapshot,"SVE2+SME BF16, VL=SVL=512b",,G03_conv1x1,general,conv1x1,64x3136x576,1,0,0,gemm,bf16xbf16_acc_fp32,AllConst,raw_e2e,native,row_contiguous,default,auto,auto,auto,0.0,1.0,0.0,1.0,,,,,695.946819052614,694.7370796588255,698.3186384396894,0.0024786708193178532,332.22510926157463,,,,AllDynamic,748.0884520733292,695.946819052614,0.9303001765684198,1.0,ok,,benchmarks/ops/matmul-otherlibs/results/raw/cycles/stage4-sme-20260905/arm/920f-4-arm_MatmulOtherlibsVecopsGeneralBench_stage4-sme-20260905.json
stage4-sme-20260905,920f-4,Native,,BiSheng clang 19.1.7,vecops,rsync-snapshot,"SVE2+SME BF16, VL=SVL=512b",,G03_conv1x1,general,conv1x1,64x3136x576,1,0,0,gemm,bf16xbf16_acc_fp32,AllDynamic,raw_e2e,native,row_contiguous,default,auto,auto,auto,0.0,1.0,0.0,1.0,,,,,748.0884520733292,746.5859627390795,749.7411424373375,0.0022945743123225803,309.06907780650545,,,,AllDynamic,748.0884520733292,695.946819052614,1.0,1.0749218641328013,ok,,benchmarks/ops/matmul-otherlibs/results/raw/cycles/stage4-sme-20260905/arm/920f-4-arm_MatmulOtherlibsVecopsGeneralBench_stage4-sme-20260905.json
post-targeted-fixes-20260904-peers,920f-4,Native,,BiSheng clang,ACL,2a8ca9840a3112d12d6cc68e49e6c833f9759fd6,SVE/SVE2/SME; VL=SVL=512b,a64_hybrid_bf16fp32_mmla_6x16,G03_conv1x1,general,conv1x1,64x3136x576,1,0,0,gemm_add,bf16xbf16_acc_fp32,NA,prepared_execute,native,row_contiguous,default,auto,auto,auto,1.0,0.0,1.0,1.0,576.0,64.0,,,8483.816431287456,8474.814656245357,8488.522979485639,0.0008092137687210726,27.253183737841994,3150063.609238714,,371.3026601591235,,,,,,ok,,benchmarks/ops/matmul-otherlibs/results/raw/cycles/post-targeted-fixes-20260904/arm-peers/920f-4_MatmulOtherlibsACLBench_post-targeted-fixes-20260904-peers.json
post-targeted-fixes-20260904-peers,920f-4,Native,,BiSheng clang,LIBXSMM,3668d249637792dcc988414eb3d2a374033743df,SVE/SVE2/SME; VL=SVL=512b,,G03_conv1x1,general,conv1x1,64x3136x576,1,0,0,gemm_add,bf16xbf16_acc_fp32,NA,prepared_execute,native,row_contiguous,default,auto,auto,auto,0.0,0.0,1.0,1.0,,,1.0,0.0,452274.9949246645,451832.04179629683,452658.77051278943,0.000795599491690139,0.5112177559993403,3150063.609238714,,6.964929842657829,,,,,,ok,,benchmarks/ops/matmul-otherlibs/results/raw/cycles/post-targeted-fixes-20260904/arm-peers/920f-4_MatmulOtherlibsLIBXSMMBench_post-targeted-fixes-20260904-peers.json
post-targeted-fixes-20260904-peers,920f-4,Native,,BiSheng clang,oneDNN,0e2a5bfeef1bfbffc3137464606540233086ce9b,SVE/SVE2/SME; VL=SVL=512b,brg:sve_512,G03_conv1x1,general,conv1x1,64x3136x576,1,0,0,gemm_add,bf16xbf16_acc_fp32,NA,prepared_execute,native,row_contiguous,default,auto,auto,auto,0.0,0.0,1.0,1.0,,,,,2423.838728332314,2419.959469537797,2425.678849926797,0.0010950570193533793,95.39042564893798,3150063.609238714,,1299.6176570732773,,,,,,ok,,benchmarks/ops/matmul-otherlibs/results/raw/cycles/post-targeted-fixes-20260904/arm-peers/920f-4_MatmulOtherlibsOneDNNBench_post-targeted-fixes-20260904-peers.json
post-targeted-fixes-20260904-peers,920f-4,Native,,BiSheng clang,KUPL-MMA,bd7059eae348f1d77f73a9fbb1cadfe7a6405fb8,SVE/SVE2/SME; VL=SVL=512b,KP36_16x64x2_BF16BF16F32+vecops_transpose_pack,G03_conv1x1,general,conv1x1,64x3136x576,1,0,0,gemm_add,bf16xbf16_acc_fp32,NA,raw_e2e,native_accumulate,row_contiguous,default,auto,auto,auto,0.0,1.0,0.0,1.0,,,1.0,,2415.674120380447,2412.2746902164713,2418.7102335794216,0.0012689222935481103,95.71283065432117,3150063.609238714,1304.0101653871288,1304.0101653871288,,,,,,ok,,benchmarks/ops/matmul-otherlibs/results/raw/cycles/post-targeted-fixes-20260904/arm-peers/920f-4_MatmulOtherlibsKUPLBench_post-targeted-fixes-20260904-peers.json
post-targeted-fixes-20260904-peers,920f-4,Native,,BiSheng clang,OpenBLAS,e0166008be8e466242aa76b2ff75ce3f0fbf574a,SVE/SVE2/SME; VL=SVL=512b,ARMV8SVE,G03_conv1x1,general,conv1x1,64x3136x576,1,0,0,gemm_add,bf16xbf16_acc_fp32,NA,raw_e2e,native,row_contiguous,default,auto,auto,auto,0.0,1.0,0.0,1.0,,,1.0,,3150063.609238714,3149436.7797859013,3151501.135341823,0.0003221830412089475,0.07339883782723915,3150063.609238714,1.0,1.0,,,,,,ok,,benchmarks/ops/matmul-otherlibs/results/raw/cycles/post-targeted-fixes-20260904/arm-peers/920f-4_MatmulOtherlibsOpenBLASBench_post-targeted-fixes-20260904-peers.json
stage4-sme-20260905,920f-4,Native,,BiSheng clang 19.1.7,vecops,rsync-snapshot,"SVE2+SME BF16, VL=SVL=512b",,G03_conv1x1,general,conv1x1,64x3136x576,1,0,0,gemm_add,bf16xbf16_acc_fp32,AllConst,raw_e2e,native,row_contiguous,default,auto,auto,auto,0.0,1.0,0.0,1.0,,,,,709.546868679951,708.68960365352,713.4082990538592,0.0030624198679253716,325.8572734316305,,,,AllDynamic,815.8781457432481,709.546868679951,0.8696726004758573,1.0,ok,,benchmarks/ops/matmul-otherlibs/results/raw/cycles/stage4-sme-20260905/arm/920f-4-arm_MatmulOtherlibsVecopsGeneralBench_stage4-sme-20260905.json
stage4-sme-20260905,920f-4,Native,,BiSheng clang 19.1.7,vecops,rsync-snapshot,"SVE2+SME BF16, VL=SVL=512b",,G03_conv1x1,general,conv1x1,64x3136x576,1,0,0,gemm_add,bf16xbf16_acc_fp32,AllDynamic,raw_e2e,native,row_contiguous,default,auto,auto,auto,0.0,1.0,0.0,1.0,,,,,815.8781457432481,812.1428345221767,816.5644763340786,0.002512272217500118,283.38914236925854,,,,AllDynamic,815.8781457432481,709.546868679951,1.0,1.149858003405916,ok,,benchmarks/ops/matmul-otherlibs/results/raw/cycles/stage4-sme-20260905/arm/920f-4-arm_MatmulOtherlibsVecopsGeneralBench_stage4-sme-20260905.json
stage4-sme-20260905,920f-4,Native,,BiSheng clang 19.1.7,vecops,rsync-snapshot,"SVE2+SME BF16, VL=SVL=512b",,G04_rank_reduce,general,rank_reduce,64x1024x4096,1,0,0,gemm,bf16xbf16_acc_fp32,AllConst,raw_e2e,native,row_contiguous,default,auto,auto,auto,0.0,1.0,0.0,1.0,,,,,1854.0582619607449,1852.7540614207587,1862.5892028212547,0.0026780170869824134,289.5652866012076,,,,AllDynamic,2407.4021553210287,1854.0582619607449,0.770148958229833,1.0,ok,,benchmarks/ops/matmul-otherlibs/results/raw/cycles/stage4-sme-20260905/arm/920f-4-arm_MatmulOtherlibsVecopsGeneralBench_stage4-sme-20260905.json
stage4-sme-20260905,920f-4,Native,,BiSheng clang 19.1.7,vecops,rsync-snapshot,"SVE2+SME BF16, VL=SVL=512b",,G04_rank_reduce,general,rank_reduce,64x1024x4096,1,0,0,gemm,bf16xbf16_acc_fp32,AllDynamic,raw_e2e,native,row_contiguous,default,auto,auto,auto,0.0,1.0,0.0,1.0,,,,,2407.4021553210287,2385.8049726587233,2422.140712328887,0.006774695384379989,223.0084038154431,,,,AllDynamic,2407.4021553210287,1854.0582619607449,1.0,1.2984501106103856,ok,,benchmarks/ops/matmul-otherlibs/results/raw/cycles/stage4-sme-20260905/arm/920f-4-arm_MatmulOtherlibsVecopsGeneralBench_stage4-sme-20260905.json
stage4-sme-20260905,920f-4,Native,,BiSheng clang 19.1.7,vecops,rsync-snapshot,"SVE2+SME BF16, VL=SVL=512b",,G04_rank_reduce,general,rank_reduce,64x1024x4096,1,0,0,gemm_add,bf16xbf16_acc_fp32,AllConst,raw_e2e,native,row_contiguous,default,auto,auto,auto,0.0,1.0,0.0,1.0,,,,,1908.250555798814,1899.524253314814,1916.85373743845,0.0041014151447510225,281.34193927969807,,,,AllDynamic,2416.3891673730363,1908.250555798814,0.7897116000869007,1.0,ok,,benchmarks/ops/matmul-otherlibs/results/raw/cycles/stage4-sme-20260905/arm/920f-4-arm_MatmulOtherlibsVecopsGeneralBench_stage4-sme-20260905.json
stage4-sme-20260905,920f-4,Native,,BiSheng clang 19.1.7,vecops,rsync-snapshot,"SVE2+SME BF16, VL=SVL=512b",,G04_rank_reduce,general,rank_reduce,64x1024x4096,1,0,0,gemm_add,bf16xbf16_acc_fp32,AllDynamic,raw_e2e,native,row_contiguous,default,auto,auto,auto,0.0,1.0,0.0,1.0,,,,,2416.3891673730363,2408.3906078133086,2429.6369435715264,0.004061657628667835,222.17899304012198,,,,AllDynamic,2416.3891673730363,1908.250555798814,1.0,1.2662850588619428,ok,,benchmarks/ops/matmul-otherlibs/results/raw/cycles/stage4-sme-20260905/arm/920f-4-arm_MatmulOtherlibsVecopsGeneralBench_stage4-sme-20260905.json
stage4-sme-20260905,920f-4,Native,,BiSheng clang 19.1.7,vecops,rsync-snapshot,"SVE2+SME BF16, VL=SVL=512b",,G05_rank_expand,general,rank_expand,1024x64x4096,1,0,0,gemm,bf16xbf16_acc_fp32,AllConst,raw_e2e,native,row_contiguous,default,auto,auto,auto,0.0,1.0,0.0,1.0,,,,,1666.3495889481376,1658.3126202663952,1684.9121341810508,0.006786859997215887,322.1838415904631,,,,AllDynamic,1809.8803762442026,1666.3495889481376,0.9206959812482663,1.0,ok,,benchmarks/ops/matmul-otherlibs/results/raw/cycles/stage4-sme-20260905/arm/920f-4-arm_MatmulOtherlibsVecopsGeneralBench_stage4-sme-20260905.json
stage4-sme-20260905,920f-4,Native,,BiSheng clang 19.1.7,vecops,rsync-snapshot,"SVE2+SME BF16, VL=SVL=512b",,G05_rank_expand,general,rank_expand,1024x64x4096,1,0,0,gemm,bf16xbf16_acc_fp32,AllDynamic,raw_e2e,native,row_contiguous,default,auto,auto,auto,0.0,1.0,0.0,1.0,,,,,1809.8803762442026,1804.2924622885694,1866.8577886926826,0.016053705589461634,296.6333681754674,,,,AllDynamic,1809.8803762442026,1666.3495889481376,1.0,1.086134859244432,ok,,benchmarks/ops/matmul-otherlibs/results/raw/cycles/stage4-sme-20260905/arm/920f-4-arm_MatmulOtherlibsVecopsGeneralBench_stage4-sme-20260905.json
stage4-sme-20260905,920f-4,Native,,BiSheng clang 19.1.7,vecops,rsync-snapshot,"SVE2+SME BF16, VL=SVL=512b",,G05_rank_expand,general,rank_expand,1024x64x4096,1,0,0,gemm_add,bf16xbf16_acc_fp32,AllConst,raw_e2e,native,row_contiguous,default,auto,auto,auto,0.0,1.0,0.0,1.0,,,,,1713.6705770011406,1696.8815250838377,1733.9653492602235,0.009913205024036661,313.2871155082233,,,,AllDynamic,1903.385962233753,1713.6705770011406,0.9003274222901337,1.0,ok,,benchmarks/ops/matmul-otherlibs/results/raw/cycles/stage4-sme-20260905/arm/920f-4-arm_MatmulOtherlibsVecopsGeneralBench_stage4-sme-20260905.json
stage4-sme-20260905,920f-4,Native,,BiSheng clang 19.1.7,vecops,rsync-snapshot,"SVE2+SME BF16, VL=SVL=512b",,G05_rank_expand,general,rank_expand,1024x64x4096,1,0,0,gemm_add,bf16xbf16_acc_fp32,AllDynamic,raw_e2e,native,row_contiguous,default,auto,auto,auto,0.0,1.0,0.0,1.0,,,,,1903.385962233753,1894.7269314446967,1966.8574860269152,0.01890065076688109,282.06098114223005,,,,AllDynamic,1903.385962233753,1713.6705770011406,1.0,1.1107070330661843,ok,,benchmarks/ops/matmul-otherlibs/results/raw/cycles/stage4-sme-20260905/arm/920f-4-arm_MatmulOtherlibsVecopsGeneralBench_stage4-sme-20260905.json
post-targeted-fixes-20260904-peers,920f-4,Native,,BiSheng clang,ACL,2a8ca9840a3112d12d6cc68e49e6c833f9759fd6,SVE/SVE2/SME; VL=SVL=512b,sme_gemv_bf16fp32_dot_8VL,L01_qkv_decode,llm,qkv,4096x1x4096,1,1,0,bias,bf16xbf16_acc_fp32,NA,prepared_execute,native_fused,row_contiguous,default,auto,auto,auto,1.0,0.0,1.0,1.0,4096.0,4096.0,,,1713.281099843543,1711.5330346292114,1715.0492214302467,0.0010573335528832268,19.584895907078057,75322.49437645078,,43.96388565970245,,,,,,ok,,benchmarks/ops/matmul-otherlibs/results/raw/cycles/post-targeted-fixes-20260904/arm-peers/920f-4_MatmulOtherlibsACLBench_post-targeted-fixes-20260904-peers.json
post-targeted-fixes-20260904-peers,920f-4,Native,,BiSheng clang,LIBXSMM,3668d249637792dcc988414eb3d2a374033743df,SVE/SVE2/SME; VL=SVL=512b,,L01_qkv_decode,llm,qkv,4096x1x4096,1,1,0,bias,bf16xbf16_acc_fp32,NA,prepared_execute,separate,row_contiguous,default,auto,auto,auto,0.0,0.0,1.0,1.0,,,1.0,0.0,119239.71073701978,119105.93220964076,119745.83584815264,0.003766791836869725,0.2814031650412459,75322.49437645078,,0.6316896771292297,,,,,,ok,,benchmarks/ops/matmul-otherlibs/results/raw/cycles/post-targeted-fixes-20260904/arm-peers/920f-4_MatmulOtherlibsLIBXSMMBench_post-targeted-fixes-20260904-peers.json
post-targeted-fixes-20260904-peers,920f-4,Native,,BiSheng clang,oneDNN,0e2a5bfeef1bfbffc3137464606540233086ce9b,SVE/SVE2/SME; VL=SVL=512b,brg:sve_512,L01_qkv_decode,llm,qkv,4096x1x4096,1,1,0,bias,bf16xbf16_acc_fp32,NA,prepared_execute,separate,row_contiguous,default,auto,auto,auto,0.0,0.0,1.0,1.0,,,,,1854.373221775811,1851.0566203315793,1855.0695312258445,0.001017599675236005,18.09475654952951,75322.49437645078,,40.61884279385753,,,,,,ok,,benchmarks/ops/matmul-otherlibs/results/raw/cycles/post-targeted-fixes-20260904/arm-peers/920f-4_MatmulOtherlibsOneDNNBench_post-targeted-fixes-20260904-peers.json
post-targeted-fixes-20260904-peers,920f-4,Native,,BiSheng clang,KUPL-MMA,bd7059eae348f1d77f73a9fbb1cadfe7a6405fb8,SVE/SVE2/SME; VL=SVL=512b,KP36_16x64x2_BF16BF16F32+vecops_transpose_pack,L01_qkv_decode,llm,qkv,4096x1x4096,1,1,0,bias,bf16xbf16_acc_fp32,NA,raw_e2e,native_accumulate,row_contiguous,default,auto,auto,auto,0.0,1.0,0.0,1.0,,,16.0,,8840.55282222107,8827.237738296388,8877.581334672868,0.0028227751354434694,3.79551286834231,75322.49437645078,8.52011134271205,8.52011134271205,,,,,,ok,,benchmarks/ops/matmul-otherlibs/results/raw/cycles/post-targeted-fixes-20260904/arm-peers/920f-4_MatmulOtherlibsKUPLBench_post-targeted-fixes-20260904-peers.json
post-targeted-fixes-20260904-peers,920f-4,Native,,BiSheng clang,OpenBLAS,e0166008be8e466242aa76b2ff75ce3f0fbf574a,SVE/SVE2/SME; VL=SVL=512b,ARMV8SVE,L01_qkv_decode,llm,qkv,4096x1x4096,1,1,0,bias,bf16xbf16_acc_fp32,NA,raw_e2e,separate,row_contiguous,default,auto,auto,auto,0.0,1.0,0.0,1.0,,,1.0,,75322.49437645078,75238.04223164916,75545.33295333384,0.0019442514651361734,0.4454769093585758,75322.49437645078,1.0,1.0,,,,,,ok,,benchmarks/ops/matmul-otherlibs/results/raw/cycles/post-targeted-fixes-20260904/arm-peers/920f-4_MatmulOtherlibsOpenBLASBench_post-targeted-fixes-20260904-peers.json
stage4-sme-20260905,920f-4,Native,,BiSheng clang 19.1.7,vecops,rsync-snapshot,"SVE2+SME BF16, VL=SVL=512b",,L01_qkv_decode,llm,qkv,4096x1x4096,1,1,0,bias,bf16xbf16_acc_fp32,AllConst,raw_e2e,native_fused,row_contiguous,default,auto,auto,auto,0.0,1.0,0.0,1.0,,,,,4900.936278161304,4868.097192254559,5009.787626050669,0.012706489623348357,6.846535048725159,,,,TokenDynamic,4933.853312556086,4900.936278161304,0.9933283313650585,1.0,ok,,benchmarks/ops/matmul-otherlibs/results/raw/cycles/stage4-sme-20260905/arm/920f-4-arm_MatmulOtherlibsVecopsBiasBench_stage4-sme-20260905.json
stage4-sme-20260905,920f-4,Native,,BiSheng clang 19.1.7,vecops,rsync-snapshot,"SVE2+SME BF16, VL=SVL=512b",,L01_qkv_decode,llm,qkv,4096x1x4096,1,1,0,bias,bf16xbf16_acc_fp32,TokenDynamic,raw_e2e,native_fused,row_contiguous,default,auto,auto,auto,0.0,1.0,0.0,1.0,,,,,4933.853312556086,4892.236325119076,5016.122016541916,0.011306749086793648,6.800857235582552,,,,TokenDynamic,4933.853312556086,4900.936278161304,1.0,1.0067164787555924,ok,,benchmarks/ops/matmul-otherlibs/results/raw/cycles/stage4-sme-20260905/arm/920f-4-arm_MatmulOtherlibsVecopsBiasBench_stage4-sme-20260905.json
post-targeted-fixes-20260904-peers,920f-4,Native,,BiSheng clang,ACL,2a8ca9840a3112d12d6cc68e49e6c833f9759fd6,SVE/SVE2/SME; VL=SVL=512b,sme_gemv_bf16fp32_dot_8VL,L01_qkv_decode,llm,qkv,4096x1x4096,1,1,0,bias_relu,bf16xbf16_acc_fp32,NA,prepared_execute,native_fused,row_contiguous,default,auto,auto,auto,1.0,0.0,1.0,1.0,4096.0,4096.0,,,1715.9450231347143,1714.2931817144884,1725.8154603130206,0.00308681147838879,19.55449128475122,75248.46564047039,,43.85249214045643,,,,,,ok,,benchmarks/ops/matmul-otherlibs/results/raw/cycles/post-targeted-fixes-20260904/arm-peers/920f-4_MatmulOtherlibsACLBench_post-targeted-fixes-20260904-peers.json
post-targeted-fixes-20260904-peers,920f-4,Native,,BiSheng clang,LIBXSMM,3668d249637792dcc988414eb3d2a374033743df,SVE/SVE2/SME; VL=SVL=512b,,L01_qkv_decode,llm,qkv,4096x1x4096,1,1,0,bias_relu,bf16xbf16_acc_fp32,NA,prepared_execute,separate,row_contiguous,default,auto,auto,auto,0.0,0.0,1.0,1.0,,,1.0,0.0,119236.21129244566,119184.74026024343,119305.06536737084,0.0004848857163444162,0.2814114238979168,75248.46564047039,,0.6310873586540889,,,,,,ok,,benchmarks/ops/matmul-otherlibs/results/raw/cycles/post-targeted-fixes-20260904/arm-peers/920f-4_MatmulOtherlibsLIBXSMMBench_post-targeted-fixes-20260904-peers.json
post-targeted-fixes-20260904-peers,920f-4,Native,,BiSheng clang,oneDNN,0e2a5bfeef1bfbffc3137464606540233086ce9b,SVE/SVE2/SME; VL=SVL=512b,brg:sve_512,L01_qkv_decode,llm,qkv,4096x1x4096,1,1,0,bias_relu,bf16xbf16_acc_fp32,NA,prepared_execute,separate,row_contiguous,default,auto,auto,auto,0.0,0.0,1.0,1.0,,,,,1851.2640993944126,1848.5332116190536,1868.6630530282855,0.004884761974525553,18.12514595350083,75248.46564047039,,40.64707227082605,,,,,,ok,,benchmarks/ops/matmul-otherlibs/results/raw/cycles/post-targeted-fixes-20260904/arm-peers/920f-4_MatmulOtherlibsOneDNNBench_post-targeted-fixes-20260904-peers.json
post-targeted-fixes-20260904-peers,920f-4,Native,,BiSheng clang,KUPL-MMA,bd7059eae348f1d77f73a9fbb1cadfe7a6405fb8,SVE/SVE2/SME; VL=SVL=512b,KP36_16x64x2_BF16BF16F32+vecops_transpose_pack,L01_qkv_decode,llm,qkv,4096x1x4096,1,1,0,bias_relu,bf16xbf16_acc_fp32,NA,raw_e2e,separate,row_contiguous,default,auto,auto,auto,0.0,1.0,0.0,1.0,,,16.0,,8832.861698465422,8820.68175706081,8856.560796266423,0.0018054452469674347,3.798817772254895,75248.46564047039,8.519149083195051,8.519149083195051,,,,,,ok,,benchmarks/ops/matmul-otherlibs/results/raw/cycles/post-targeted-fixes-20260904/arm-peers/920f-4_MatmulOtherlibsKUPLBench_post-targeted-fixes-20260904-peers.json
post-targeted-fixes-20260904-peers,920f-4,Native,,BiSheng clang,OpenBLAS,e0166008be8e466242aa76b2ff75ce3f0fbf574a,SVE/SVE2/SME; VL=SVL=512b,ARMV8SVE,L01_qkv_decode,llm,qkv,4096x1x4096,1,1,0,bias_relu,bf16xbf16_acc_fp32,NA,raw_e2e,separate,row_contiguous,default,auto,auto,auto,0.0,1.0,0.0,1.0,,,1.0,,75248.46564047039,75075.71261376141,77421.38374596834,0.014839071059633077,0.4459151653712078,75248.46564047039,1.0,1.0,,,,,,ok,,benchmarks/ops/matmul-otherlibs/results/raw/cycles/post-targeted-fixes-20260904/arm-peers/920f-4_MatmulOtherlibsOpenBLASBench_post-targeted-fixes-20260904-peers.json
stage4-sme-20260905,920f-4,Native,,BiSheng clang 19.1.7,vecops,rsync-snapshot,"SVE2+SME BF16, VL=SVL=512b",,L01_qkv_decode,llm,qkv,4096x1x4096,1,1,0,bias_relu,bf16xbf16_acc_fp32,AllConst,raw_e2e,native_fused,row_contiguous,default,auto,auto,auto,0.0,1.0,0.0,1.0,,,,,4991.105325253947,4917.938664688596,5016.080888786486,0.01020369372266232,6.722845905539522,,,,TokenDynamic,4961.2165492927215,4991.105325253947,1.0060244852576503,1.0,ok,,benchmarks/ops/matmul-otherlibs/results/raw/cycles/stage4-sme-20260905/arm/920f-4-arm_MatmulOtherlibsVecopsBiasReluBench_stage4-sme-20260905.json
stage4-sme-20260905,920f-4,Native,,BiSheng clang 19.1.7,vecops,rsync-snapshot,"SVE2+SME BF16, VL=SVL=512b",,L01_qkv_decode,llm,qkv,4096x1x4096,1,1,0,bias_relu,bf16xbf16_acc_fp32,TokenDynamic,raw_e2e,native_fused,row_contiguous,default,auto,auto,auto,0.0,1.0,0.0,1.0,,,,,4961.2165492927215,4889.541295967225,5020.673608343149,0.01322186848112267,6.7633475915869,,,,TokenDynamic,4961.2165492927215,4991.105325253947,1.0,0.9940115918191519,ok,,benchmarks/ops/matmul-otherlibs/results/raw/cycles/stage4-sme-20260905/arm/920f-4-arm_MatmulOtherlibsVecopsBiasReluBench_stage4-sme-20260905.json
post-targeted-fixes-20260904-peers,920f-4,Native,,BiSheng clang,ACL,2a8ca9840a3112d12d6cc68e49e6c833f9759fd6,SVE/SVE2/SME; VL=SVL=512b,sme_gemv_bf16fp32_dot_8VL,L01_qkv_decode,llm,qkv,4096x1x4096,1,1,0,gemm,bf16xbf16_acc_fp32,NA,prepared_execute,native,row_contiguous,default,auto,auto,auto,1.0,0.0,1.0,1.0,4096.0,4096.0,,,1703.9474133947276,1703.2413720721154,1706.4271574249358,0.0009884908422011153,19.692175789128626,75178.66138368845,,44.12029431936052,,,,,,ok,,benchmarks/ops/matmul-otherlibs/results/raw/cycles/post-targeted-fixes-20260904/arm-peers/920f-4_MatmulOtherlibsACLBench_post-targeted-fixes-20260904-peers.json
post-targeted-fixes-20260904-peers,920f-4,Native,,BiSheng clang,LIBXSMM,3668d249637792dcc988414eb3d2a374033743df,SVE/SVE2/SME; VL=SVL=512b,,L01_qkv_decode,llm,qkv,4096x1x4096,1,1,0,gemm,bf16xbf16_acc_fp32,NA,prepared_execute,native,row_contiguous,default,auto,auto,auto,0.0,0.0,1.0,1.0,,,1.0,0.0,119576.66091620922,119395.44258639216,120135.40593907239,0.0027294292144478135,0.2806102105787395,75178.66138368845,,0.6287068129153421,,,,,,ok,,benchmarks/ops/matmul-otherlibs/results/raw/cycles/post-targeted-fixes-20260904/arm-peers/920f-4_MatmulOtherlibsLIBXSMMBench_post-targeted-fixes-20260904-peers.json
post-targeted-fixes-20260904-peers,920f-4,Native,,BiSheng clang,oneDNN,0e2a5bfeef1bfbffc3137464606540233086ce9b,SVE/SVE2/SME; VL=SVL=512b,brg:sve_512,L01_qkv_decode,llm,qkv,4096x1x4096,1,1,0,gemm,bf16xbf16_acc_fp32,NA,prepared_execute,native,row_contiguous,default,auto,auto,auto,0.0,0.0,1.0,1.0,,,,,1835.7368496557078,1829.4645212590694,1839.0244953334332,0.0025208221893988896,18.278454238303887,75178.66138368845,,40.95285301800647,,,,,,ok,,benchmarks/ops/matmul-otherlibs/results/raw/cycles/post-targeted-fixes-20260904/arm-peers/920f-4_MatmulOtherlibsOneDNNBench_post-targeted-fixes-20260904-peers.json
post-targeted-fixes-20260904-peers,920f-4,Native,,BiSheng clang,KUPL-MMA,bd7059eae348f1d77f73a9fbb1cadfe7a6405fb8,SVE/SVE2/SME; VL=SVL=512b,KP36_16x64x2_BF16BF16F32+vecops_transpose_pack,L01_qkv_decode,llm,qkv,4096x1x4096,1,1,0,gemm,bf16xbf16_acc_fp32,NA,raw_e2e,native_accumulate,row_contiguous,default,auto,auto,auto,0.0,1.0,0.0,1.0,,,16.0,,8818.922215141356,8814.054331742229,8827.768079936506,0.0008047214525990496,3.804822310643565,75178.66138368845,8.52469945302533,8.52469945302533,,,,,,ok,,benchmarks/ops/matmul-otherlibs/results/raw/cycles/post-targeted-fixes-20260904/arm-peers/920f-4_MatmulOtherlibsKUPLBench_post-targeted-fixes-20260904-peers.json
post-targeted-fixes-20260904-peers,920f-4,Native,,BiSheng clang,OpenBLAS,e0166008be8e466242aa76b2ff75ce3f0fbf574a,SVE/SVE2/SME; VL=SVL=512b,ARMV8SVE,L01_qkv_decode,llm,qkv,4096x1x4096,1,1,0,gemm,bf16xbf16_acc_fp32,NA,raw_e2e,native,row_contiguous,default,auto,auto,auto,0.0,1.0,0.0,1.0,,,1.0,,75178.66138368845,74955.91584593058,75434.58072468638,0.0027930452795685303,0.44632920276072274,75178.66138368845,1.0,1.0,,,,,,ok,,benchmarks/ops/matmul-otherlibs/results/raw/cycles/post-targeted-fixes-20260904/arm-peers/920f-4_MatmulOtherlibsOpenBLASBench_post-targeted-fixes-20260904-peers.json
stage4-sme-20260905,920f-4,Native,,BiSheng clang 19.1.7,vecops,rsync-snapshot,"SVE2+SME BF16, VL=SVL=512b",,L01_qkv_decode,llm,qkv,4096x1x4096,1,1,0,gemm,bf16xbf16_acc_fp32,AllConst,raw_e2e,native,row_contiguous,default,auto,auto,auto,0.0,1.0,0.0,1.0,,,,,4809.055284693322,4779.987721222228,4901.7017964145225,0.011516567629900892,6.977343784505858,,,,TokenDynamic,4858.970128256698,4809.055284693322,0.9897272791875993,1.0,ok,,benchmarks/ops/matmul-otherlibs/results/raw/cycles/stage4-sme-20260905/arm/920f-4-arm_MatmulOtherlibsVecopsLLMBench_stage4-sme-20260905.json
stage4-sme-20260905,920f-4,Native,,BiSheng clang 19.1.7,vecops,rsync-snapshot,"SVE2+SME BF16, VL=SVL=512b",,L01_qkv_decode,llm,qkv,4096x1x4096,1,1,0,gemm,bf16xbf16_acc_fp32,TokenDynamic,raw_e2e,native,row_contiguous,default,auto,auto,auto,0.0,1.0,0.0,1.0,,,,,4858.970128256698,4835.796982435318,4908.548899251839,0.006556355158940945,6.90566747979549,,,,TokenDynamic,4858.970128256698,4809.055284693322,1.0,1.0103793449250311,ok,,benchmarks/ops/matmul-otherlibs/results/raw/cycles/stage4-sme-20260905/arm/920f-4-arm_MatmulOtherlibsVecopsLLMBench_stage4-sme-20260905.json
post-targeted-fixes-20260904-peers,920f-4,Native,,BiSheng clang,ACL,2a8ca9840a3112d12d6cc68e49e6c833f9759fd6,SVE/SVE2/SME; VL=SVL=512b,a64_hybrid_bf16fp32_mmla_6x16,L01_qkv_decode,llm,qkv,4096x1x4096,1,1,0,gemm_add,bf16xbf16_acc_fp32,NA,prepared_execute,native,row_contiguous,default,auto,auto,auto,1.0,0.0,1.0,1.0,1024.0,16.0,,,2700.646667597958,2699.8566732240406,2723.595806254217,0.004696147964761363,12.424591636729875,75255.66592812538,,27.865794822785976,,,,,,ok,,benchmarks/ops/matmul-otherlibs/results/raw/cycles/post-targeted-fixes-20260904/arm-peers/920f-4_MatmulOtherlibsACLBench_post-targeted-fixes-20260904-peers.json
post-targeted-fixes-20260904-peers,920f-4,Native,,BiSheng clang,LIBXSMM,3668d249637792dcc988414eb3d2a374033743df,SVE/SVE2/SME; VL=SVL=512b,,L01_qkv_decode,llm,qkv,4096x1x4096,1,1,0,gemm_add,bf16xbf16_acc_fp32,NA,prepared_execute,native,row_contiguous,default,auto,auto,auto,0.0,0.0,1.0,1.0,,,1.0,0.0,119506.45595788956,119189.01512399316,120111.75034567715,0.00438769344816955,0.28077505713853285,75255.66592812538,,0.6297205061008854,,,,,,ok,,benchmarks/ops/matmul-otherlibs/results/raw/cycles/post-targeted-fixes-20260904/arm-peers/920f-4_MatmulOtherlibsLIBXSMMBench_post-targeted-fixes-20260904-peers.json
post-targeted-fixes-20260904-peers,920f-4,Native,,BiSheng clang,oneDNN,0e2a5bfeef1bfbffc3137464606540233086ce9b,SVE/SVE2/SME; VL=SVL=512b,brg:sve_512,L01_qkv_decode,llm,qkv,4096x1x4096,1,1,0,gemm_add,bf16xbf16_acc_fp32,NA,prepared_execute,native,row_contiguous,default,auto,auto,auto,0.0,0.0,1.0,1.0,,,,,1851.398062794224,1849.915343336761,1861.0913955949638,0.00380136925473064,18.123834454789236,75255.66592812538,,40.64802023965916,,,,,,ok,,benchmarks/ops/matmul-otherlibs/results/raw/cycles/post-targeted-fixes-20260904/arm-peers/920f-4_MatmulOtherlibsOneDNNBench_post-targeted-fixes-20260904-peers.json
post-targeted-fixes-20260904-peers,920f-4,Native,,BiSheng clang,KUPL-MMA,bd7059eae348f1d77f73a9fbb1cadfe7a6405fb8,SVE/SVE2/SME; VL=SVL=512b,KP36_16x64x2_BF16BF16F32+vecops_transpose_pack,L01_qkv_decode,llm,qkv,4096x1x4096,1,1,0,gemm_add,bf16xbf16_acc_fp32,NA,raw_e2e,native_accumulate,row_contiguous,default,auto,auto,auto,0.0,1.0,0.0,1.0,,,16.0,,8843.102870741859,8787.448040675374,8863.93604450859,0.0042081166309399995,3.794418372200286,75255.66592812538,8.510097307260216,8.510097307260216,,,,,,ok,,benchmarks/ops/matmul-otherlibs/results/raw/cycles/post-targeted-fixes-20260904/arm-peers/920f-4_MatmulOtherlibsKUPLBench_post-targeted-fixes-20260904-peers.json
post-targeted-fixes-20260904-peers,920f-4,Native,,BiSheng clang,OpenBLAS,e0166008be8e466242aa76b2ff75ce3f0fbf574a,SVE/SVE2/SME; VL=SVL=512b,ARMV8SVE,L01_qkv_decode,llm,qkv,4096x1x4096,1,1,0,gemm_add,bf16xbf16_acc_fp32,NA,raw_e2e,native,row_contiguous,default,auto,auto,auto,0.0,1.0,0.0,1.0,,,1.0,,75255.66592812538,75144.57651413979,75364.38074894251,0.0012821501824674072,0.4458725012419253,75255.66592812538,1.0,1.0,,,,,,ok,,benchmarks/ops/matmul-otherlibs/results/raw/cycles/post-targeted-fixes-20260904/arm-peers/920f-4_MatmulOtherlibsOpenBLASBench_post-targeted-fixes-20260904-peers.json
stage4-sme-20260905,920f-4,Native,,BiSheng clang 19.1.7,vecops,rsync-snapshot,"SVE2+SME BF16, VL=SVL=512b",,L01_qkv_decode,llm,qkv,4096x1x4096,1,1,0,gemm_add,bf16xbf16_acc_fp32,AllConst,raw_e2e,native,row_contiguous,default,auto,auto,auto,0.0,1.0,0.0,1.0,,,,,4834.110109970488,4756.4619927313815,4871.962890671246,0.01145115791412352,6.941180741992831,,,,TokenDynamic,4845.390754655518,4834.110109970488,0.9976718813288296,1.0,ok,,benchmarks/ops/matmul-otherlibs/results/raw/cycles/stage4-sme-20260905/arm/920f-4-arm_MatmulOtherlibsVecopsLLMBench_stage4-sme-20260905.json
stage4-sme-20260905,920f-4,Native,,BiSheng clang 19.1.7,vecops,rsync-snapshot,"SVE2+SME BF16, VL=SVL=512b",,L01_qkv_decode,llm,qkv,4096x1x4096,1,1,0,gemm_add,bf16xbf16_acc_fp32,TokenDynamic,raw_e2e,native,row_contiguous,default,auto,auto,auto,0.0,1.0,0.0,1.0,,,,,4845.390754655518,4800.342572531824,4893.871695445529,0.008737223199108158,6.925020849507429,,,,TokenDynamic,4845.390754655518,4834.110109970488,1.0,1.002333551455885,ok,,benchmarks/ops/matmul-otherlibs/results/raw/cycles/stage4-sme-20260905/arm/920f-4-arm_MatmulOtherlibsVecopsLLMBench_stage4-sme-20260905.json
post-targeted-fixes-20260904-peers,920f-4,Native,,BiSheng clang,ACL,2a8ca9840a3112d12d6cc68e49e6c833f9759fd6,SVE/SVE2/SME; VL=SVL=512b,sme_interleaved_nomerge_bf16fp32_mopa_1VLx4VL,L02_qkv_batch4,llm,qkv,4096x4x4096,1,4,0,bias,bf16xbf16_acc_fp32,NA,prepared_execute,native_fused,row_contiguous,default,auto,auto,auto,1.0,0.0,1.0,1.0,256.0,64.0,,,2220.7875372259878,2216.3245608680877,2222.200779942796,0.001455500051097107,60.43699622326455,1591814.1729198396,,716.77913633656,,,,,,ok,,benchmarks/ops/matmul-otherlibs/results/raw/cycles/post-targeted-fixes-20260904/arm-peers/920f-4_MatmulOtherlibsACLBench_post-targeted-fixes-20260904-peers.json
post-targeted-fixes-20260904-peers,920f-4,Native,,BiSheng clang,LIBXSMM,3668d249637792dcc988414eb3d2a374033743df,SVE/SVE2/SME; VL=SVL=512b,,L02_qkv_batch4,llm,qkv,4096x4x4096,1,4,0,bias,bf16xbf16_acc_fp32,NA,prepared_execute,separate,row_contiguous,default,auto,auto,auto,0.0,0.0,1.0,1.0,,,1.0,0.0,478563.9871843159,477982.86154866224,482674.71212893724,0.005572485505158943,0.28045931493860377,1591814.1729198396,,3.326230588902968,,,,,,ok,,benchmarks/ops/matmul-otherlibs/results/raw/cycles/post-targeted-fixes-20260904/arm-peers/920f-4_MatmulOtherlibsLIBXSMMBench_post-targeted-fixes-20260904-peers.json
post-targeted-fixes-20260904-peers,920f-4,Native,,BiSheng clang,oneDNN,0e2a5bfeef1bfbffc3137464606540233086ce9b,SVE/SVE2/SME; VL=SVL=512b,brg:sve_512,L02_qkv_batch4,llm,qkv,4096x4x4096,1,4,0,bias,bf16xbf16_acc_fp32,NA,prepared_execute,separate,row_contiguous,default,auto,auto,auto,0.0,0.0,1.0,1.0,,,,,1858.8514986300938,1856.4660555536025,1862.8607540832538,0.0018335785683267142,72.20465330281284,1591814.1729198396,,856.3428407771944,,,,,,ok,,benchmarks/ops/matmul-otherlibs/results/raw/cycles/post-targeted-fixes-20260904/arm-peers/920f-4_MatmulOtherlibsOneDNNBench_post-targeted-fixes-20260904-peers.json
post-targeted-fixes-20260904-peers,920f-4,Native,,BiSheng clang,KUPL-MMA,bd7059eae348f1d77f73a9fbb1cadfe7a6405fb8,SVE/SVE2/SME; VL=SVL=512b,KP36_16x64x2_BF16BF16F32+vecops_transpose_pack,L02_qkv_batch4,llm,qkv,4096x4x4096,1,4,0,bias,bf16xbf16_acc_fp32,NA,raw_e2e,native_accumulate,row_contiguous,default,auto,auto,auto,0.0,1.0,0.0,1.0,,,4.0,,8881.03008037433,8862.960390979422,8891.134086297825,0.001505564851469413,15.112855917085556,1591814.1729198396,179.23756124162858,179.23756124162858,,,,,,ok,,benchmarks/ops/matmul-otherlibs/results/raw/cycles/post-targeted-fixes-20260904/arm-peers/920f-4_MatmulOtherlibsKUPLBench_post-targeted-fixes-20260904-peers.json
post-targeted-fixes-20260904-peers,920f-4,Native,,BiSheng clang,OpenBLAS,e0166008be8e466242aa76b2ff75ce3f0fbf574a,SVE/SVE2/SME; VL=SVL=512b,ARMV8SVE,L02_qkv_batch4,llm,qkv,4096x4x4096,1,4,0,bias,bf16xbf16_acc_fp32,NA,raw_e2e,separate,row_contiguous,default,auto,auto,auto,0.0,1.0,0.0,1.0,,,1.0,,1591814.1729198396,1590962.1591679752,1592087.3245224357,0.00033423875763475403,0.0843174600925977,1591814.1729198396,1.0,1.0,,,,,,ok,,benchmarks/ops/matmul-otherlibs/results/raw/cycles/post-targeted-fixes-20260904/arm-peers/920f-4_MatmulOtherlibsOpenBLASBench_post-targeted-fixes-20260904-peers.json
stage4-sme-20260905,920f-4,Native,,BiSheng clang 19.1.7,vecops,rsync-snapshot,"SVE2+SME BF16, VL=SVL=512b",,L02_qkv_batch4,llm,qkv,4096x4x4096,1,4,0,bias,bf16xbf16_acc_fp32,AllConst,raw_e2e,native_fused,row_contiguous,default,auto,auto,auto,0.0,1.0,0.0,1.0,,,,,4913.152484544393,4841.14571891982,4977.672155304202,0.013898974469515343,27.318046493003628,,,,TokenDynamic,4926.018117527877,4913.152484544393,0.9973882286511077,1.0,ok,,benchmarks/ops/matmul-otherlibs/results/raw/cycles/stage4-sme-20260905/arm/920f-4-arm_MatmulOtherlibsVecopsBiasBench_stage4-sme-20260905.json
stage4-sme-20260905,920f-4,Native,,BiSheng clang 19.1.7,vecops,rsync-snapshot,"SVE2+SME BF16, VL=SVL=512b",,L02_qkv_batch4,llm,qkv,4096x4x4096,1,4,0,bias,bf16xbf16_acc_fp32,TokenDynamic,raw_e2e,native_fused,row_contiguous,default,auto,auto,auto,0.0,1.0,0.0,1.0,,,,,4926.018117527877,4879.304932962571,4978.56206992375,0.010187653649989952,27.24669800186549,,,,TokenDynamic,4926.018117527877,4913.152484544393,1.0,1.0026186105609294,ok,,benchmarks/ops/matmul-otherlibs/results/raw/cycles/stage4-sme-20260905/arm/920f-4-arm_MatmulOtherlibsVecopsBiasBench_stage4-sme-20260905.json
post-targeted-fixes-20260904-peers,920f-4,Native,,BiSheng clang,ACL,2a8ca9840a3112d12d6cc68e49e6c833f9759fd6,SVE/SVE2/SME; VL=SVL=512b,sme_interleaved_nomerge_bf16fp32_mopa_1VLx4VL,L02_qkv_batch4,llm,qkv,4096x4x4096,1,4,0,bias_relu,bf16xbf16_acc_fp32,NA,prepared_execute,native_fused,row_contiguous,default,auto,auto,auto,1.0,0.0,1.0,1.0,256.0,64.0,,,2218.3883979561783,2213.812374051601,2221.9522826610105,0.0018488411465313978,60.50235753290813,1591381.4986124635,,717.3592776082935,,,,,,ok,,benchmarks/ops/matmul-otherlibs/results/raw/cycles/post-targeted-fixes-20260904/arm-peers/920f-4_MatmulOtherlibsACLBench_post-targeted-fixes-20260904-peers.json
post-targeted-fixes-20260904-peers,920f-4,Native,,BiSheng clang,LIBXSMM,3668d249637792dcc988414eb3d2a374033743df,SVE/SVE2/SME; VL=SVL=512b,,L02_qkv_batch4,llm,qkv,4096x4x4096,1,4,0,bias_relu,bf16xbf16_acc_fp32,NA,prepared_execute,separate,row_contiguous,default,auto,auto,auto,0.0,0.0,1.0,1.0,,,1.0,0.0,477825.0348754227,475984.4597429037,479675.39839446545,0.003355751339137193,0.2808930428582355,1591381.4986124635,,3.3304690680917637,,,,,,ok,,benchmarks/ops/matmul-otherlibs/results/raw/cycles/post-targeted-fixes-20260904/arm-peers/920f-4_MatmulOtherlibsLIBXSMMBench_post-targeted-fixes-20260904-peers.json
post-targeted-fixes-20260904-peers,920f-4,Native,,BiSheng clang,oneDNN,0e2a5bfeef1bfbffc3137464606540233086ce9b,SVE/SVE2/SME; VL=SVL=512b,brg:sve_512,L02_qkv_batch4,llm,qkv,4096x4x4096,1,4,0,bias_relu,bf16xbf16_acc_fp32,NA,prepared_execute,separate,row_contiguous,default,auto,auto,auto,0.0,0.0,1.0,1.0,,,,,1865.0832958519459,1861.2035661935809,1882.0706879099212,0.005907265491435103,71.96339611132011,1591381.4986124635,,853.2495584255078,,,,,,ok,,benchmarks/ops/matmul-otherlibs/results/raw/cycles/post-targeted-fixes-20260904/arm-peers/920f-4_MatmulOtherlibsOneDNNBench_post-targeted-fixes-20260904-peers.json
post-targeted-fixes-20260904-peers,920f-4,Native,,BiSheng clang,KUPL-MMA,bd7059eae348f1d77f73a9fbb1cadfe7a6405fb8,SVE/SVE2/SME; VL=SVL=512b,KP36_16x64x2_BF16BF16F32+vecops_transpose_pack,L02_qkv_batch4,llm,qkv,4096x4x4096,1,4,0,bias_relu,bf16xbf16_acc_fp32,NA,raw_e2e,separate,row_contiguous,default,auto,auto,auto,0.0,1.0,0.0,1.0,,,4.0,,8692.369505297393,8673.807058949022,8702.045760583134,0.0014793000245233692,15.440867753977056,1591381.4986124635,183.077985541529,183.077985541529,,,,,,ok,,benchmarks/ops/matmul-otherlibs/results/raw/cycles/post-targeted-fixes-20260904/arm-peers/920f-4_MatmulOtherlibsKUPLBench_post-targeted-fixes-20260904-peers.json
post-targeted-fixes-20260904-peers,920f-4,Native,,BiSheng clang,OpenBLAS,e0166008be8e466242aa76b2ff75ce3f0fbf574a,SVE/SVE2/SME; VL=SVL=512b,ARMV8SVE,L02_qkv_batch4,llm,qkv,4096x4x4096,1,4,0,bias_relu,bf16xbf16_acc_fp32,NA,raw_e2e,separate,row_contiguous,default,auto,auto,auto,0.0,1.0,0.0,1.0,,,1.0,,1591381.4986124635,1590935.5582669377,1592289.5279712973,0.0004089146212538262,0.08434038482728709,1591381.4986124635,1.0,1.0,,,,,,ok,,benchmarks/ops/matmul-otherlibs/results/raw/cycles/post-targeted-fixes-20260904/arm-peers/920f-4_MatmulOtherlibsOpenBLASBench_post-targeted-fixes-20260904-peers.json
stage4-sme-20260905,920f-4,Native,,BiSheng clang 19.1.7,vecops,rsync-snapshot,"SVE2+SME BF16, VL=SVL=512b",,L02_qkv_batch4,llm,qkv,4096x4x4096,1,4,0,bias_relu,bf16xbf16_acc_fp32,AllConst,raw_e2e,native_fused,row_contiguous,default,auto,auto,auto,0.0,1.0,0.0,1.0,,,,,4958.838144124582,4921.877528701363,5021.0092537875835,0.009644910616818422,27.0663659710342,,,,TokenDynamic,4954.7189846634865,4958.838144124582,1.000831360865035,1.0,ok,,benchmarks/ops/matmul-otherlibs/results/raw/cycles/stage4-sme-20260905/arm/920f-4-arm_MatmulOtherlibsVecopsBiasReluBench_stage4-sme-20260905.json
stage4-sme-20260905,920f-4,Native,,BiSheng clang 19.1.7,vecops,rsync-snapshot,"SVE2+SME BF16, VL=SVL=512b",,L02_qkv_batch4,llm,qkv,4096x4x4096,1,4,0,bias_relu,bf16xbf16_acc_fp32,TokenDynamic,raw_e2e,native_fused,row_contiguous,default,auto,auto,auto,0.0,1.0,0.0,1.0,,,,,4954.7189846634865,4867.284878024033,5030.942149460316,0.015215099710539574,27.08886788846124,,,,TokenDynamic,4954.7189846634865,4958.838144124582,1.0,0.999169329721726,ok,,benchmarks/ops/matmul-otherlibs/results/raw/cycles/stage4-sme-20260905/arm/920f-4-arm_MatmulOtherlibsVecopsBiasReluBench_stage4-sme-20260905.json
post-targeted-fixes-20260904-peers,920f-4,Native,,BiSheng clang,ACL,2a8ca9840a3112d12d6cc68e49e6c833f9759fd6,SVE/SVE2/SME; VL=SVL=512b,sme_interleaved_nomerge_bf16fp32_mopa_1VLx4VL,L02_qkv_batch4,llm,qkv,4096x4x4096,1,4,0,gemm,bf16xbf16_acc_fp32,NA,prepared_execute,native,row_contiguous,default,auto,auto,auto,1.0,0.0,1.0,1.0,256.0,64.0,,,2217.1131131472066,2213.1731981062326,2219.734821119346,0.0014508609394467812,60.53715852569969,1591254.6622566879,,717.7146952136743,,,,,,ok,,benchmarks/ops/matmul-otherlibs/results/raw/cycles/post-targeted-fixes-20260904/arm-peers/920f-4_MatmulOtherlibsACLBench_post-targeted-fixes-20260904-peers.json
post-targeted-fixes-20260904-peers,920f-4,Native,,BiSheng clang,LIBXSMM,3668d249637792dcc988414eb3d2a374033743df,SVE/SVE2/SME; VL=SVL=512b,,L02_qkv_batch4,llm,qkv,4096x4x4096,1,4,0,gemm,bf16xbf16_acc_fp32,NA,prepared_execute,native,row_contiguous,default,auto,auto,auto,0.0,0.0,1.0,1.0,,,1.0,0.0,477773.851249367,476572.7184712887,481935.9672255814,0.008404118308742109,0.28092313476140207,1591254.6622566879,,3.3305603856209287,,,,,,ok,,benchmarks/ops/matmul-otherlibs/results/raw/cycles/post-targeted-fixes-20260904/arm-peers/920f-4_MatmulOtherlibsLIBXSMMBench_post-targeted-fixes-20260904-peers.json
post-targeted-fixes-20260904-peers,920f-4,Native,,BiSheng clang,oneDNN,0e2a5bfeef1bfbffc3137464606540233086ce9b,SVE/SVE2/SME; VL=SVL=512b,brg:sve_512,L02_qkv_batch4,llm,qkv,4096x4x4096,1,4,0,gemm,bf16xbf16_acc_fp32,NA,prepared_execute,native,row_contiguous,default,auto,auto,auto,0.0,0.0,1.0,1.0,,,,,1854.754420683572,1853.0244191520308,1870.03801968929,0.004414147159318898,72.36415047903425,1591254.6622566879,,857.9328047484739,,,,,,ok,,benchmarks/ops/matmul-otherlibs/results/raw/cycles/post-targeted-fixes-20260904/arm-peers/920f-4_MatmulOtherlibsOneDNNBench_post-targeted-fixes-20260904-peers.json
post-targeted-fixes-20260904-peers,920f-4,Native,,BiSheng clang,KUPL-MMA,bd7059eae348f1d77f73a9fbb1cadfe7a6405fb8,SVE/SVE2/SME; VL=SVL=512b,KP36_16x64x2_BF16BF16F32+vecops_transpose_pack,L02_qkv_batch4,llm,qkv,4096x4x4096,1,4,0,gemm,bf16xbf16_acc_fp32,NA,raw_e2e,native_accumulate,row_contiguous,default,auto,auto,auto,0.0,1.0,0.0,1.0,,,4.0,,8642.557921120897,8633.419073885309,8647.944818949325,0.0008110682092831904,15.529861555454016,1591254.6622566879,184.11848399279341,184.11848399279341,,,,,,ok,,benchmarks/ops/matmul-otherlibs/results/raw/cycles/post-targeted-fixes-20260904/arm-peers/920f-4_MatmulOtherlibsKUPLBench_post-targeted-fixes-20260904-peers.json
post-targeted-fixes-20260904-peers,920f-4,Native,,BiSheng clang,OpenBLAS,e0166008be8e466242aa76b2ff75ce3f0fbf574a,SVE/SVE2/SME; VL=SVL=512b,ARMV8SVE,L02_qkv_batch4,llm,qkv,4096x4x4096,1,4,0,gemm,bf16xbf16_acc_fp32,NA,raw_e2e,native,row_contiguous,default,auto,auto,auto,0.0,1.0,0.0,1.0,,,1.0,,1591254.6622566879,1590520.504955202,1591565.2037598195,0.0003269030715881369,0.08434710746402772,1591254.6622566879,1.0,1.0,,,,,,ok,,benchmarks/ops/matmul-otherlibs/results/raw/cycles/post-targeted-fixes-20260904/arm-peers/920f-4_MatmulOtherlibsOpenBLASBench_post-targeted-fixes-20260904-peers.json
stage4-sme-20260905,920f-4,Native,,BiSheng clang 19.1.7,vecops,rsync-snapshot,"SVE2+SME BF16, VL=SVL=512b",,L02_qkv_batch4,llm,qkv,4096x4x4096,1,4,0,gemm,bf16xbf16_acc_fp32,AllConst,raw_e2e,native,row_contiguous,default,auto,auto,auto,0.0,1.0,0.0,1.0,,,,,4829.83747497201,4812.532647288052,4882.285641185168,0.006523752926101057,27.78928456609771,,,,TokenDynamic,4845.691443388831,4829.83747497201,0.9967282340194293,1.0,ok,,benchmarks/ops/matmul-otherlibs/results/raw/cycles/stage4-sme-20260905/arm/920f-4-arm_MatmulOtherlibsVecopsLLMBench_stage4-sme-20260905.json
stage4-sme-20260905,920f-4,Native,,BiSheng clang 19.1.7,vecops,rsync-snapshot,"SVE2+SME BF16, VL=SVL=512b",,L02_qkv_batch4,llm,qkv,4096x4x4096,1,4,0,gemm,bf16xbf16_acc_fp32,TokenDynamic,raw_e2e,native,row_contiguous,default,auto,auto,auto,0.0,1.0,0.0,1.0,,,,,4845.691443388831,4843.014478683473,4878.356054039866,0.0035861170178398505,27.698364530229952,,,,TokenDynamic,4845.691443388831,4829.83747497201,1.0,1.0032825055706276,ok,,benchmarks/ops/matmul-otherlibs/results/raw/cycles/stage4-sme-20260905/arm/920f-4-arm_MatmulOtherlibsVecopsLLMBench_stage4-sme-20260905.json
post-targeted-fixes-20260904-peers,920f-4,Native,,BiSheng clang,ACL,2a8ca9840a3112d12d6cc68e49e6c833f9759fd6,SVE/SVE2/SME; VL=SVL=512b,a64_hybrid_bf16fp32_mmla_6x16,L02_qkv_batch4,llm,qkv,4096x4x4096,1,4,0,gemm_add,bf16xbf16_acc_fp32,NA,prepared_execute,native,row_contiguous,default,auto,auto,auto,1.0,0.0,1.0,1.0,1024.0,16.0,,,5029.228532553783,5026.224787746157,5032.193284880902,0.0005344388678529473,26.68753808486126,1591618.3618828654,,316.47366024042265,,,,,,ok,,benchmarks/ops/matmul-otherlibs/results/raw/cycles/post-targeted-fixes-20260904/arm-peers/920f-4_MatmulOtherlibsACLBench_post-targeted-fixes-20260904-peers.json
post-targeted-fixes-20260904-peers,920f-4,Native,,BiSheng clang,LIBXSMM,3668d249637792dcc988414eb3d2a374033743df,SVE/SVE2/SME; VL=SVL=512b,,L02_qkv_batch4,llm,qkv,4096x4x4096,1,4,0,gemm_add,bf16xbf16_acc_fp32,NA,prepared_execute,native,row_contiguous,default,auto,auto,auto,0.0,0.0,1.0,1.0,,,1.0,0.0,478315.0218427181,477369.337156415,481248.078122735,0.004649955860787944,0.28060529540327533,1591618.3618828654,,3.3275525316999746,,,,,,ok,,benchmarks/ops/matmul-otherlibs/results/raw/cycles/post-targeted-fixes-20260904/arm-peers/920f-4_MatmulOtherlibsLIBXSMMBench_post-targeted-fixes-20260904-peers.json
post-targeted-fixes-20260904-peers,920f-4,Native,,BiSheng clang,oneDNN,0e2a5bfeef1bfbffc3137464606540233086ce9b,SVE/SVE2/SME; VL=SVL=512b,brg:sve_512,L02_qkv_batch4,llm,qkv,4096x4x4096,1,4,0,gemm_add,bf16xbf16_acc_fp32,NA,prepared_execute,native,row_contiguous,default,auto,auto,auto,0.0,0.0,1.0,1.0,,,,,1871.3472224771976,1866.4613602062068,1880.1089301705363,0.003058596545854451,71.72251434040614,1591618.3618828654,,850.5200653120692,,,,,,ok,,benchmarks/ops/matmul-otherlibs/results/raw/cycles/post-targeted-fixes-20260904/arm-peers/920f-4_MatmulOtherlibsOneDNNBench_post-targeted-fixes-20260904-peers.json
post-targeted-fixes-20260904-peers,920f-4,Native,,BiSheng clang,KUPL-MMA,bd7059eae348f1d77f73a9fbb1cadfe7a6405fb8,SVE/SVE2/SME; VL=SVL=512b,KP36_16x64x2_BF16BF16F32+vecops_transpose_pack,L02_qkv_batch4,llm,qkv,4096x4x4096,1,4,0,gemm_add,bf16xbf16_acc_fp32,NA,raw_e2e,native_accumulate,row_contiguous,default,auto,auto,auto,0.0,1.0,0.0,1.0,,,4.0,,8730.795991141349,8722.236391622571,8739.353466080503,0.0008924987354854955,15.372908510997535,1591618.3618828654,182.29934172070813,182.29934172070813,,,,,,ok,,benchmarks/ops/matmul-otherlibs/results/raw/cycles/post-targeted-fixes-20260904/arm-peers/920f-4_MatmulOtherlibsKUPLBench_post-targeted-fixes-20260904-peers.json
post-targeted-fixes-20260904-peers,920f-4,Native,,BiSheng clang,OpenBLAS,e0166008be8e466242aa76b2ff75ce3f0fbf574a,SVE/SVE2/SME; VL=SVL=512b,ARMV8SVE,L02_qkv_batch4,llm,qkv,4096x4x4096,1,4,0,gemm_add,bf16xbf16_acc_fp32,NA,raw_e2e,native,row_contiguous,default,auto,auto,auto,0.0,1.0,0.0,1.0,,,1.0,,1591618.3618828654,1591174.5551042256,1592455.4551020265,0.0004490222178620405,0.08432783336403711,1591618.3618828654,1.0,1.0,,,,,,ok,,benchmarks/ops/matmul-otherlibs/results/raw/cycles/post-targeted-fixes-20260904/arm-peers/920f-4_MatmulOtherlibsOpenBLASBench_post-targeted-fixes-20260904-peers.json
stage4-sme-20260905,920f-4,Native,,BiSheng clang 19.1.7,vecops,rsync-snapshot,"SVE2+SME BF16, VL=SVL=512b",,L02_qkv_batch4,llm,qkv,4096x4x4096,1,4,0,gemm_add,bf16xbf16_acc_fp32,AllConst,raw_e2e,native,row_contiguous,default,auto,auto,auto,0.0,1.0,0.0,1.0,,,,,4861.028864979744,4811.047939262514,4873.562604188919,0.00585611758319436,27.61097120137329,,,,TokenDynamic,4827.344549241766,4861.028864979744,1.006977814695922,1.0,ok,,benchmarks/ops/matmul-otherlibs/results/raw/cycles/stage4-sme-20260905/arm/920f-4-arm_MatmulOtherlibsVecopsLLMBench_stage4-sme-20260905.json
stage4-sme-20260905,920f-4,Native,,BiSheng clang 19.1.7,vecops,rsync-snapshot,"SVE2+SME BF16, VL=SVL=512b",,L02_qkv_batch4,llm,qkv,4096x4x4096,1,4,0,gemm_add,bf16xbf16_acc_fp32,TokenDynamic,raw_e2e,native,row_contiguous,default,auto,auto,auto,0.0,1.0,0.0,1.0,,,,,4827.344549241766,4807.001169257123,4858.776136975865,0.005283876807424026,27.80363544199091,,,,TokenDynamic,4827.344549241766,4861.028864979744,1.0,0.9930705378072018,ok,,benchmarks/ops/matmul-otherlibs/results/raw/cycles/stage4-sme-20260905/arm/920f-4-arm_MatmulOtherlibsVecopsLLMBench_stage4-sme-20260905.json
stage4-sme-20260905,920f-4,Native,,BiSheng clang 19.1.7,vecops,rsync-snapshot,"SVE2+SME BF16, VL=SVL=512b",,L03_qkv_prefill,llm,qkv,4096x128x4096,1,128,0,bias,bf16xbf16_acc_fp32,AllConst,raw_e2e,native_fused,row_contiguous,default,auto,auto,auto,0.0,1.0,0.0,1.0,,,,,10051.084402948616,10014.71052877605,10124.956481158733,0.005527530558580153,427.3138224508408,,,,TokenDynamic,10808.372476066534,10051.084402948616,0.9299350503699966,1.0,ok,,benchmarks/ops/matmul-otherlibs/results/raw/cycles/stage4-sme-20260905/arm/920f-4-arm_MatmulOtherlibsVecopsBiasBench_stage4-sme-20260905.json
stage4-sme-20260905,920f-4,Native,,BiSheng clang 19.1.7,vecops,rsync-snapshot,"SVE2+SME BF16, VL=SVL=512b",,L03_qkv_prefill,llm,qkv,4096x128x4096,1,128,0,bias,bf16xbf16_acc_fp32,TokenDynamic,raw_e2e,native_fused,row_contiguous,default,auto,auto,auto,0.0,1.0,0.0,1.0,,,,,10808.372476066534,10767.91537209199,11291.889036790684,0.02508389761604872,397.3741010046184,,,,TokenDynamic,10808.372476066534,10051.084402948616,1.0,1.0753439174081314,ok,,benchmarks/ops/matmul-otherlibs/results/raw/cycles/stage4-sme-20260905/arm/920f-4-arm_MatmulOtherlibsVecopsBiasBench_stage4-sme-20260905.json
stage4-sme-20260905,920f-4,Native,,BiSheng clang 19.1.7,vecops,rsync-snapshot,"SVE2+SME BF16, VL=SVL=512b",,L03_qkv_prefill,llm,qkv,4096x128x4096,1,128,0,bias_relu,bf16xbf16_acc_fp32,AllConst,raw_e2e,native_fused,row_contiguous,default,auto,auto,auto,0.0,1.0,0.0,1.0,,,,,10003.554701272931,9936.893132648298,10159.07655070935,0.010121992564889173,429.3441105943545,,,,TokenDynamic,10827.524336771323,10003.554701272931,0.9239004586948735,1.0,ok,,benchmarks/ops/matmul-otherlibs/results/raw/cycles/stage4-sme-20260905/arm/920f-4-arm_MatmulOtherlibsVecopsBiasReluBench_stage4-sme-20260905.json
stage4-sme-20260905,920f-4,Native,,BiSheng clang 19.1.7,vecops,rsync-snapshot,"SVE2+SME BF16, VL=SVL=512b",,L03_qkv_prefill,llm,qkv,4096x128x4096,1,128,0,bias_relu,bf16xbf16_acc_fp32,TokenDynamic,raw_e2e,native_fused,row_contiguous,default,auto,auto,auto,0.0,1.0,0.0,1.0,,,,,10827.524336771323,10766.461584717035,11020.214304041405,0.012542714535990051,396.6712207160666,,,,TokenDynamic,10827.524336771323,10003.554701272931,1.0,1.0823676842986167,ok,,benchmarks/ops/matmul-otherlibs/results/raw/cycles/stage4-sme-20260905/arm/920f-4-arm_MatmulOtherlibsVecopsBiasReluBench_stage4-sme-20260905.json
stage4-sme-20260905,920f-4,Native,,BiSheng clang 19.1.7,vecops,rsync-snapshot,"SVE2+SME BF16, VL=SVL=512b",,L03_qkv_prefill,llm,qkv,4096x128x4096,1,128,0,gemm,bf16xbf16_acc_fp32,AllConst,raw_e2e,native,row_contiguous,default,auto,auto,auto,0.0,1.0,0.0,1.0,,,,,9909.325146249363,9868.848310517413,9990.412063364472,0.00714282767377566,433.4268209602171,,,,TokenDynamic,10829.850565642118,9909.325146249363,0.9150010968467895,1.0,ok,,benchmarks/ops/matmul-otherlibs/results/raw/cycles/stage4-sme-20260905/arm/920f-4-arm_MatmulOtherlibsVecopsLLMBench_stage4-sme-20260905.json
stage4-sme-20260905,920f-4,Native,,BiSheng clang 19.1.7,vecops,rsync-snapshot,"SVE2+SME BF16, VL=SVL=512b",,L03_qkv_prefill,llm,qkv,4096x128x4096,1,128,0,gemm,bf16xbf16_acc_fp32,TokenDynamic,raw_e2e,native,row_contiguous,default,auto,auto,auto,0.0,1.0,0.0,1.0,,,,,10829.850565642118,10768.689953077297,11128.629557788372,0.015935117860607917,396.5860165814158,,,,TokenDynamic,10829.850565642118,9909.325146249363,1.0,1.0928948647669685,ok,,benchmarks/ops/matmul-otherlibs/results/raw/cycles/stage4-sme-20260905/arm/920f-4-arm_MatmulOtherlibsVecopsLLMBench_stage4-sme-20260905.json
stage4-sme-20260905,920f-4,Native,,BiSheng clang 19.1.7,vecops,rsync-snapshot,"SVE2+SME BF16, VL=SVL=512b",,L03_qkv_prefill,llm,qkv,4096x128x4096,1,128,0,gemm_add,bf16xbf16_acc_fp32,AllConst,raw_e2e,native,row_contiguous,default,auto,auto,auto,0.0,1.0,0.0,1.0,,,,,10331.320875723448,10278.866679540703,10362.5716175884,0.0037467560195344786,415.72296008076955,,,,TokenDynamic,11578.321146468323,10331.320875723448,0.8922986972834795,1.0,ok,,benchmarks/ops/matmul-otherlibs/results/raw/cycles/stage4-sme-20260905/arm/920f-4-arm_MatmulOtherlibsVecopsLLMBench_stage4-sme-20260905.json
stage4-sme-20260905,920f-4,Native,,BiSheng clang 19.1.7,vecops,rsync-snapshot,"SVE2+SME BF16, VL=SVL=512b",,L03_qkv_prefill,llm,qkv,4096x128x4096,1,128,0,gemm_add,bf16xbf16_acc_fp32,TokenDynamic,raw_e2e,native,row_contiguous,default,auto,auto,auto,0.0,1.0,0.0,1.0,,,,,11578.321146468323,11464.659295355279,11665.752491292855,0.00820801085687819,370.94905571090266,,,,TokenDynamic,11578.321146468323,10331.320875723448,1.0,1.1207009525447107,ok,,benchmarks/ops/matmul-otherlibs/results/raw/cycles/stage4-sme-20260905/arm/920f-4-arm_MatmulOtherlibsVecopsLLMBench_stage4-sme-20260905.json
post-targeted-fixes-20260904-peers,920f-4,Native,,BiSheng clang,ACL,2a8ca9840a3112d12d6cc68e49e6c833f9759fd6,SVE/SVE2/SME; VL=SVL=512b,sme_gemv_bf16fp32_dot_8VL,L04_mlp_up_decode,llm,mlp_up,11008x1x4096,1,1,0,bias,bf16xbf16_acc_fp32,NA,prepared_execute,native_fused,row_contiguous,default,auto,auto,auto,1.0,0.0,1.0,1.0,4096.0,11008.0,,,4576.999634023635,4574.132554473415,4578.967545662195,0.0004560775453144218,19.70232536827298,198333.4757387638,,43.33263963239802,,,,,,ok,,benchmarks/ops/matmul-otherlibs/results/raw/cycles/post-targeted-fixes-20260904/arm-peers/920f-4_MatmulOtherlibsACLBench_post-targeted-fixes-20260904-peers.json
post-targeted-fixes-20260904-peers,920f-4,Native,,BiSheng clang,LIBXSMM,3668d249637792dcc988414eb3d2a374033743df,SVE/SVE2/SME; VL=SVL=512b,,L04_mlp_up_decode,llm,mlp_up,11008x1x4096,1,1,0,bias,bf16xbf16_acc_fp32,NA,prepared_execute,separate,row_contiguous,default,auto,auto,auto,0.0,0.0,1.0,1.0,,,1.0,0.0,714220.8414152265,713472.1694514155,714597.5480787457,0.0007959525117449172,0.12626001758967645,198333.4757387638,,0.2776920865901457,,,,,,ok,,benchmarks/ops/matmul-otherlibs/results/raw/cycles/post-targeted-fixes-20260904/arm-peers/920f-4_MatmulOtherlibsLIBXSMMBench_post-targeted-fixes-20260904-peers.json
post-targeted-fixes-20260904-peers,920f-4,Native,,BiSheng clang,oneDNN,0e2a5bfeef1bfbffc3137464606540233086ce9b,SVE/SVE2/SME; VL=SVL=512b,brg:sve_512,L04_mlp_up_decode,llm,mlp_up,11008x1x4096,1,1,0,bias,bf16xbf16_acc_fp32,NA,prepared_execute,separate,row_contiguous,default,auto,auto,auto,0.0,0.0,1.0,1.0,,,,,4783.533963685235,4779.314476375779,4792.867492263516,0.0017025644842643727,18.851655843690764,198333.4757387638,,41.4617053509886,,,,,,ok,,benchmarks/ops/matmul-otherlibs/results/raw/cycles/post-targeted-fixes-20260904/arm-peers/920f-4_MatmulOtherlibsOneDNNBench_post-targeted-fixes-20260904-peers.json
post-targeted-fixes-20260904-peers,920f-4,Native,,BiSheng clang,KUPL-MMA,bd7059eae348f1d77f73a9fbb1cadfe7a6405fb8,SVE/SVE2/SME; VL=SVL=512b,KP36_16x64x2_BF16BF16F32+vecops_transpose_pack,L04_mlp_up_decode,llm,mlp_up,11008x1x4096,1,1,0,bias,bf16xbf16_acc_fp32,NA,raw_e2e,native_accumulate,row_contiguous,default,auto,auto,auto,0.0,1.0,0.0,1.0,,,16.0,,23558.39467296998,23218.21628138423,23701.60878635943,0.008872456980213874,3.8278302597360905,198333.4757387638,8.418802660026925,8.418802660026925,,,,,,ok,,benchmarks/ops/matmul-otherlibs/results/raw/cycles/post-targeted-fixes-20260904/arm-peers/920f-4_MatmulOtherlibsKUPLBench_post-targeted-fixes-20260904-peers.json
post-targeted-fixes-20260904-peers,920f-4,Native,,BiSheng clang,OpenBLAS,e0166008be8e466242aa76b2ff75ce3f0fbf574a,SVE/SVE2/SME; VL=SVL=512b,ARMV8SVE,L04_mlp_up_decode,llm,mlp_up,11008x1x4096,1,1,0,bias,bf16xbf16_acc_fp32,NA,raw_e2e,separate,row_contiguous,default,auto,auto,auto,0.0,1.0,0.0,1.0,,,1.0,,198333.4757387638,197818.92392784354,199577.8544805944,0.004227704840263684,0.45467632563843086,198333.4757387638,1.0,1.0,,,,,,ok,,benchmarks/ops/matmul-otherlibs/results/raw/cycles/post-targeted-fixes-20260904/arm-peers/920f-4_MatmulOtherlibsOpenBLASBench_post-targeted-fixes-20260904-peers.json
stage4-sme-20260905,920f-4,Native,,BiSheng clang 19.1.7,vecops,rsync-snapshot,"SVE2+SME BF16, VL=SVL=512b",,L04_mlp_up_decode,llm,mlp_up,11008x1x4096,1,1,0,bias,bf16xbf16_acc_fp32,AllConst,raw_e2e,native_fused,row_contiguous,default,auto,auto,auto,0.0,1.0,0.0,1.0,,,,,12877.856000241909,12796.79033058611,13052.524702454155,0.01043182619207603,7.002527128607901,,,,TokenDynamic,12957.914097403936,12877.856000241909,0.9938216832925242,1.0,ok,,benchmarks/ops/matmul-otherlibs/results/raw/cycles/stage4-sme-20260905/arm/920f-4-arm_MatmulOtherlibsVecopsBiasBench_stage4-sme-20260905.json
stage4-sme-20260905,920f-4,Native,,BiSheng clang 19.1.7,vecops,rsync-snapshot,"SVE2+SME BF16, VL=SVL=512b",,L04_mlp_up_decode,llm,mlp_up,11008x1x4096,1,1,0,bias,bf16xbf16_acc_fp32,TokenDynamic,raw_e2e,native_fused,row_contiguous,default,auto,auto,auto,0.0,1.0,0.0,1.0,,,,,12957.914097403936,12877.446489239277,13133.586596020245,0.009438569774011425,6.95926329825467,,,,TokenDynamic,12957.914097403936,12877.856000241909,1.0,1.0062167256071604,ok,,benchmarks/ops/matmul-otherlibs/results/raw/cycles/stage4-sme-20260905/arm/920f-4-arm_MatmulOtherlibsVecopsBiasBench_stage4-sme-20260905.json
post-targeted-fixes-20260904-peers,920f-4,Native,,BiSheng clang,ACL,2a8ca9840a3112d12d6cc68e49e6c833f9759fd6,SVE/SVE2/SME; VL=SVL=512b,sme_gemv_bf16fp32_dot_8VL,L04_mlp_up_decode,llm,mlp_up,11008x1x4096,1,1,0,bias_relu,bf16xbf16_acc_fp32,NA,prepared_execute,native_fused,row_contiguous,default,auto,auto,auto,1.0,0.0,1.0,1.0,4096.0,11008.0,,,4574.355293786333,4570.989569108332,4589.786729024302,0.00259206066207849,19.713714875294986,198707.92794972658,,43.439548348954325,,,,,,ok,,benchmarks/ops/matmul-otherlibs/results/raw/cycles/post-targeted-fixes-20260904/arm-peers/920f-4_MatmulOtherlibsACLBench_post-targeted-fixes-20260904-peers.json
post-targeted-fixes-20260904-peers,920f-4,Native,,BiSheng clang,LIBXSMM,3668d249637792dcc988414eb3d2a374033743df,SVE/SVE2/SME; VL=SVL=512b,,L04_mlp_up_decode,llm,mlp_up,11008x1x4096,1,1,0,bias_relu,bf16xbf16_acc_fp32,NA,prepared_execute,separate,row_contiguous,default,auto,auto,auto,0.0,0.0,1.0,1.0,,,1.0,0.0,714504.9967803061,713114.8668937385,715326.6355395317,0.001480550540340657,0.12620980455890013,198707.92794972658,,0.2781057219265672,,,,,,ok,,benchmarks/ops/matmul-otherlibs/results/raw/cycles/post-targeted-fixes-20260904/arm-peers/920f-4_MatmulOtherlibsLIBXSMMBench_post-targeted-fixes-20260904-peers.json
post-targeted-fixes-20260904-peers,920f-4,Native,,BiSheng clang,oneDNN,0e2a5bfeef1bfbffc3137464606540233086ce9b,SVE/SVE2/SME; VL=SVL=512b,brg:sve_512,L04_mlp_up_decode,llm,mlp_up,11008x1x4096,1,1,0,bias_relu,bf16xbf16_acc_fp32,NA,prepared_execute,separate,row_contiguous,default,auto,auto,auto,0.0,0.0,1.0,1.0,,,,,4792.859839896361,4786.64661757648,4806.630676612258,0.0022273462918885553,18.81497456890998,198707.92794972658,,41.45915686823493,,,,,,ok,,benchmarks/ops/matmul-otherlibs/results/raw/cycles/post-targeted-fixes-20260904/arm-peers/920f-4_MatmulOtherlibsOneDNNBench_post-targeted-fixes-20260904-peers.json
post-targeted-fixes-20260904-peers,920f-4,Native,,BiSheng clang,KUPL-MMA,bd7059eae348f1d77f73a9fbb1cadfe7a6405fb8,SVE/SVE2/SME; VL=SVL=512b,KP36_16x64x2_BF16BF16F32+vecops_transpose_pack,L04_mlp_up_decode,llm,mlp_up,11008x1x4096,1,1,0,bias_relu,bf16xbf16_acc_fp32,NA,raw_e2e,separate,row_contiguous,default,auto,auto,auto,0.0,1.0,0.0,1.0,,,16.0,,23674.01782733699,23628.612064446013,23753.857581565775,0.0027685553344283533,3.809135257804432,198707.92794972658,8.393502505530494,8.393502505530494,,,,,,ok,,benchmarks/ops/matmul-otherlibs/results/raw/cycles/post-targeted-fixes-20260904/arm-peers/920f-4_MatmulOtherlibsKUPLBench_post-targeted-fixes-20260904-peers.json
post-targeted-fixes-20260904-peers,920f-4,Native,,BiSheng clang,OpenBLAS,e0166008be8e466242aa76b2ff75ce3f0fbf574a,SVE/SVE2/SME; VL=SVL=512b,ARMV8SVE,L04_mlp_up_decode,llm,mlp_up,11008x1x4096,1,1,0,bias_relu,bf16xbf16_acc_fp32,NA,raw_e2e,separate,row_contiguous,default,auto,auto,auto,0.0,1.0,0.0,1.0,,,1.0,,198707.92794972658,198406.1809256673,199059.57197770476,0.0014747551059265175,0.45381951757262073,198707.92794972658,1.0,1.0,,,,,,ok,,benchmarks/ops/matmul-otherlibs/results/raw/cycles/post-targeted-fixes-20260904/arm-peers/920f-4_MatmulOtherlibsOpenBLASBench_post-targeted-fixes-20260904-peers.json
stage4-sme-20260905,920f-4,Native,,BiSheng clang 19.1.7,vecops,rsync-snapshot,"SVE2+SME BF16, VL=SVL=512b",,L04_mlp_up_decode,llm,mlp_up,11008x1x4096,1,1,0,bias_relu,bf16xbf16_acc_fp32,AllConst,raw_e2e,native_fused,row_contiguous,default,auto,auto,auto,0.0,1.0,0.0,1.0,,,,,13091.00974520499,13006.756666370415,13205.095871605658,0.00834966238992102,6.8885088129302225,,,,TokenDynamic,13124.174353751268,13091.00974520499,0.997473013718627,1.0,ok,,benchmarks/ops/matmul-otherlibs/results/raw/cycles/stage4-sme-20260905/arm/920f-4-arm_MatmulOtherlibsVecopsBiasReluBench_stage4-sme-20260905.json
stage4-sme-20260905,920f-4,Native,,BiSheng clang 19.1.7,vecops,rsync-snapshot,"SVE2+SME BF16, VL=SVL=512b",,L04_mlp_up_decode,llm,mlp_up,11008x1x4096,1,1,0,bias_relu,bf16xbf16_acc_fp32,TokenDynamic,raw_e2e,native_fused,row_contiguous,default,auto,auto,auto,0.0,1.0,0.0,1.0,,,,,13124.174353751268,13019.245117902756,13236.17163368247,0.008143139139294642,6.87110164566083,,,,TokenDynamic,13124.174353751268,13091.00974520499,1.0,1.0025333881183938,ok,,benchmarks/ops/matmul-otherlibs/results/raw/cycles/stage4-sme-20260905/arm/920f-4-arm_MatmulOtherlibsVecopsBiasReluBench_stage4-sme-20260905.json
post-targeted-fixes-20260904-peers,920f-4,Native,,BiSheng clang,ACL,2a8ca9840a3112d12d6cc68e49e6c833f9759fd6,SVE/SVE2/SME; VL=SVL=512b,sme_gemv_bf16fp32_dot_8VL,L04_mlp_up_decode,llm,mlp_up,11008x1x4096,1,1,0,bias_silu,bf16xbf16_acc_fp32,NA,prepared_execute,native_fused,row_contiguous,default,auto,auto,auto,1.0,0.0,1.0,1.0,4096.0,11008.0,,,4690.117094044885,4684.458492944637,4700.919144476453,0.0021133069676348877,19.227139577069373,198635.80400124192,,42.35199250216011,,,,,,ok,,benchmarks/ops/matmul-otherlibs/results/raw/cycles/post-targeted-fixes-20260904/arm-peers/920f-4_MatmulOtherlibsACLBench_post-targeted-fixes-20260904-peers.json
post-targeted-fixes-20260904-peers,920f-4,Native,,BiSheng clang,LIBXSMM,3668d249637792dcc988414eb3d2a374033743df,SVE/SVE2/SME; VL=SVL=512b,,L04_mlp_up_decode,llm,mlp_up,11008x1x4096,1,1,0,bias_silu,bf16xbf16_acc_fp32,NA,prepared_execute,separate,row_contiguous,default,auto,auto,auto,0.0,0.0,1.0,1.0,,,1.0,0.0,714397.0411270857,713665.5677109957,715610.6156297029,0.0014193644023084244,0.1262288766730182,198635.80400124192,,0.2780467899025161,,,,,,ok,,benchmarks/ops/matmul-otherlibs/results/raw/cycles/post-targeted-fixes-20260904/arm-peers/920f-4_MatmulOtherlibsLIBXSMMBench_post-targeted-fixes-20260904-peers.json
post-targeted-fixes-20260904-peers,920f-4,Native,,BiSheng clang,oneDNN,0e2a5bfeef1bfbffc3137464606540233086ce9b,SVE/SVE2/SME; VL=SVL=512b,brg:sve_512,L04_mlp_up_decode,llm,mlp_up,11008x1x4096,1,1,0,bias_silu,bf16xbf16_acc_fp32,NA,prepared_execute,separate,row_contiguous,default,auto,auto,auto,0.0,0.0,1.0,1.0,,,,,4900.153838740341,4896.529834589054,4904.1958365204,0.0008003469736693631,18.40300100112398,198635.80400124192,,40.53664650910313,,,,,,ok,,benchmarks/ops/matmul-otherlibs/results/raw/cycles/post-targeted-fixes-20260904/arm-peers/920f-4_MatmulOtherlibsOneDNNBench_post-targeted-fixes-20260904-peers.json
post-targeted-fixes-20260904-peers,920f-4,Native,,BiSheng clang,KUPL-MMA,bd7059eae348f1d77f73a9fbb1cadfe7a6405fb8,SVE/SVE2/SME; VL=SVL=512b,KP36_16x64x2_BF16BF16F32+vecops_transpose_pack,L04_mlp_up_decode,llm,mlp_up,11008x1x4096,1,1,0,bias_silu,bf16xbf16_acc_fp32,NA,raw_e2e,separate,row_contiguous,default,auto,auto,auto,0.0,1.0,0.0,1.0,,,16.0,,23922.58013909062,23853.87932881713,24003.391340374947,0.002696981294143931,3.769557274996674,198635.80400124192,8.303276772251738,8.303276772251738,,,,,,ok,,benchmarks/ops/matmul-otherlibs/results/raw/cycles/post-targeted-fixes-20260904/arm-peers/920f-4_MatmulOtherlibsKUPLBench_post-targeted-fixes-20260904-peers.json
post-targeted-fixes-20260904-peers,920f-4,Native,,BiSheng clang,OpenBLAS,e0166008be8e466242aa76b2ff75ce3f0fbf574a,SVE/SVE2/SME; VL=SVL=512b,ARMV8SVE,L04_mlp_up_decode,llm,mlp_up,11008x1x4096,1,1,0,bias_silu,bf16xbf16_acc_fp32,NA,raw_e2e,separate,row_contiguous,default,auto,auto,auto,0.0,1.0,0.0,1.0,,,1.0,,198635.80400124192,197943.17465275526,198996.98430672288,0.002942586470267185,0.45398429781287664,198635.80400124192,1.0,1.0,,,,,,ok,,benchmarks/ops/matmul-otherlibs/results/raw/cycles/post-targeted-fixes-20260904/arm-peers/920f-4_MatmulOtherlibsOpenBLASBench_post-targeted-fixes-20260904-peers.json
stage4-sme-20260905,920f-4,Native,,BiSheng clang 19.1.7,vecops,rsync-snapshot,"SVE2+SME BF16, VL=SVL=512b",,L04_mlp_up_decode,llm,mlp_up,11008x1x4096,1,1,0,bias_silu,bf16xbf16_acc_fp32,AllConst,raw_e2e,native_fused,row_contiguous,default,auto,auto,auto,0.0,1.0,0.0,1.0,,,,,13258.087152445858,13054.281811822544,13362.476940859447,0.010024576848207628,6.801700348105195,,,,TokenDynamic,13194.22826848247,13258.087152445858,1.004839910502074,1.0,ok,,benchmarks/ops/matmul-otherlibs/results/raw/cycles/stage4-sme-20260905/arm/920f-4-arm_MatmulOtherlibsVecopsBiasSiluBench_stage4-sme-20260905.json
stage4-sme-20260905,920f-4,Native,,BiSheng clang 19.1.7,vecops,rsync-snapshot,"SVE2+SME BF16, VL=SVL=512b",,L04_mlp_up_decode,llm,mlp_up,11008x1x4096,1,1,0,bias_silu,bf16xbf16_acc_fp32,TokenDynamic,raw_e2e,native_fused,row_contiguous,default,auto,auto,auto,0.0,1.0,0.0,1.0,,,,,13194.22826848247,13088.237460363993,13298.393150960856,0.007853301032235265,6.834619969051949,,,,TokenDynamic,13194.22826848247,13258.087152445858,1.0,0.9951834014040549,ok,,benchmarks/ops/matmul-otherlibs/results/raw/cycles/stage4-sme-20260905/arm/920f-4-arm_MatmulOtherlibsVecopsBiasSiluBench_stage4-sme-20260905.json
post-targeted-fixes-20260904-peers,920f-4,Native,,BiSheng clang,ACL,2a8ca9840a3112d12d6cc68e49e6c833f9759fd6,SVE/SVE2/SME; VL=SVL=512b,sme_gemv_bf16fp32_dot_8VL,L04_mlp_up_decode,llm,mlp_up,11008x1x4096,1,1,0,gemm,bf16xbf16_acc_fp32,NA,prepared_execute,native,row_contiguous,default,auto,auto,auto,1.0,0.0,1.0,1.0,4096.0,11008.0,,,4563.281132328894,4558.688663547077,4569.299326788995,0.0013111590066312586,19.76155607883344,198651.39527246356,,43.532578754594674,,,,,,ok,,benchmarks/ops/matmul-otherlibs/results/raw/cycles/post-targeted-fixes-20260904/arm-peers/920f-4_MatmulOtherlibsACLBench_post-targeted-fixes-20260904-peers.json
post-targeted-fixes-20260904-peers,920f-4,Native,,BiSheng clang,LIBXSMM,3668d249637792dcc988414eb3d2a374033743df,SVE/SVE2/SME; VL=SVL=512b,,L04_mlp_up_decode,llm,mlp_up,11008x1x4096,1,1,0,gemm,bf16xbf16_acc_fp32,NA,prepared_execute,native,row_contiguous,default,auto,auto,auto,0.0,0.0,1.0,1.0,,,1.0,0.0,715130.812022835,713626.2513697146,715687.3333267869,0.0013900298250587749,0.12609935760552926,198651.39527246356,,0.2777832977305981,,,,,,ok,,benchmarks/ops/matmul-otherlibs/results/raw/cycles/post-targeted-fixes-20260904/arm-peers/920f-4_MatmulOtherlibsLIBXSMMBench_post-targeted-fixes-20260904-peers.json
post-targeted-fixes-20260904-peers,920f-4,Native,,BiSheng clang,oneDNN,0e2a5bfeef1bfbffc3137464606540233086ce9b,SVE/SVE2/SME; VL=SVL=512b,brg:sve_512,L04_mlp_up_decode,llm,mlp_up,11008x1x4096,1,1,0,gemm,bf16xbf16_acc_fp32,NA,prepared_execute,native,row_contiguous,default,auto,auto,auto,0.0,0.0,1.0,1.0,,,,,4753.557965159416,4746.314420675239,4762.5914091865225,0.0014814578118059897,18.970534631310798,198651.39527246356,,41.79004373743901,,,,,,ok,,benchmarks/ops/matmul-otherlibs/results/raw/cycles/post-targeted-fixes-20260904/arm-peers/920f-4_MatmulOtherlibsOneDNNBench_post-targeted-fixes-20260904-peers.json
post-targeted-fixes-20260904-peers,920f-4,Native,,BiSheng clang,KUPL-MMA,bd7059eae348f1d77f73a9fbb1cadfe7a6405fb8,SVE/SVE2/SME; VL=SVL=512b,KP36_16x64x2_BF16BF16F32+vecops_transpose_pack,L04_mlp_up_decode,llm,mlp_up,11008x1x4096,1,1,0,gemm,bf16xbf16_acc_fp32,NA,raw_e2e,native_accumulate,row_contiguous,default,auto,auto,auto,0.0,1.0,0.0,1.0,,,16.0,,23200.5015326043,23189.87745481233,23250.88690655927,0.0012114954222369756,3.8868787329132104,198651.39527246356,8.56237504147457,8.56237504147457,,,,,,ok,,benchmarks/ops/matmul-otherlibs/results/raw/cycles/post-targeted-fixes-20260904/arm-peers/920f-4_MatmulOtherlibsKUPLBench_post-targeted-fixes-20260904-peers.json
post-targeted-fixes-20260904-peers,920f-4,Native,,BiSheng clang,OpenBLAS,e0166008be8e466242aa76b2ff75ce3f0fbf574a,SVE/SVE2/SME; VL=SVL=512b,ARMV8SVE,L04_mlp_up_decode,llm,mlp_up,11008x1x4096,1,1,0,gemm,bf16xbf16_acc_fp32,NA,raw_e2e,native,row_contiguous,default,auto,auto,auto,0.0,1.0,0.0,1.0,,,1.0,,198651.39527246356,198246.17970734835,200619.92667615414,0.005371543332408775,0.45394866658910465,198651.39527246356,1.0,1.0,,,,,,ok,,benchmarks/ops/matmul-otherlibs/results/raw/cycles/post-targeted-fixes-20260904/arm-peers/920f-4_MatmulOtherlibsOpenBLASBench_post-targeted-fixes-20260904-peers.json
stage4-sme-20260905,920f-4,Native,,BiSheng clang 19.1.7,vecops,rsync-snapshot,"SVE2+SME BF16, VL=SVL=512b",,L04_mlp_up_decode,llm,mlp_up,11008x1x4096,1,1,0,gemm,bf16xbf16_acc_fp32,AllConst,raw_e2e,native,row_contiguous,default,auto,auto,auto,0.0,1.0,0.0,1.0,,,,,12852.935543791815,12727.708107029848,12887.69820027731,0.005581872165078098,7.0161042738253885,,,,TokenDynamic,12752.548071809792,12852.935543791815,1.007871954013954,1.0,ok,,benchmarks/ops/matmul-otherlibs/results/raw/cycles/stage4-sme-20260905/arm/920f-4-arm_MatmulOtherlibsVecopsLLMBench_stage4-sme-20260905.json
stage4-sme-20260905,920f-4,Native,,BiSheng clang 19.1.7,vecops,rsync-snapshot,"SVE2+SME BF16, VL=SVL=512b",,L04_mlp_up_decode,llm,mlp_up,11008x1x4096,1,1,0,gemm,bf16xbf16_acc_fp32,TokenDynamic,raw_e2e,native,row_contiguous,default,auto,auto,auto,0.0,1.0,0.0,1.0,,,,,12752.548071809792,12712.968420237303,12959.70299027183,0.008859879753136766,7.071334724026048,,,,TokenDynamic,12752.548071809792,12852.935543791815,1.0,0.9921895296494728,ok,,benchmarks/ops/matmul-otherlibs/results/raw/cycles/stage4-sme-20260905/arm/920f-4-arm_MatmulOtherlibsVecopsLLMBench_stage4-sme-20260905.json
post-targeted-fixes-20260904-peers,920f-4,Native,,BiSheng clang,ACL,2a8ca9840a3112d12d6cc68e49e6c833f9759fd6,SVE/SVE2/SME; VL=SVL=512b,a64_hybrid_bf16fp32_mmla_6x16,L04_mlp_up_decode,llm,mlp_up,11008x1x4096,1,1,0,gemm_add,bf16xbf16_acc_fp32,NA,prepared_execute,native,row_contiguous,default,auto,auto,auto,1.0,0.0,1.0,1.0,1024.0,16.0,,,7258.6608462427785,7246.627241961266,7264.90592289912,0.0011355970946013508,12.423439792847963,198801.0830245912,,27.388121202479716,,,,,,ok,,benchmarks/ops/matmul-otherlibs/results/raw/cycles/post-targeted-fixes-20260904/arm-peers/920f-4_MatmulOtherlibsACLBench_post-targeted-fixes-20260904-peers.json
post-targeted-fixes-20260904-peers,920f-4,Native,,BiSheng clang,LIBXSMM,3668d249637792dcc988414eb3d2a374033743df,SVE/SVE2/SME; VL=SVL=512b,,L04_mlp_up_decode,llm,mlp_up,11008x1x4096,1,1,0,gemm_add,bf16xbf16_acc_fp32,NA,prepared_execute,native,row_contiguous,default,auto,auto,auto,0.0,0.0,1.0,1.0,,,1.0,0.0,714676.6260266304,713717.2398157418,715503.2170936465,0.0011710918111946626,0.12617949533533476,198801.0830245912,,0.27816928074150205,,,,,,ok,,benchmarks/ops/matmul-otherlibs/results/raw/cycles/post-targeted-fixes-20260904/arm-peers/920f-4_MatmulOtherlibsLIBXSMMBench_post-targeted-fixes-20260904-peers.json
post-targeted-fixes-20260904-peers,920f-4,Native,,BiSheng clang,oneDNN,0e2a5bfeef1bfbffc3137464606540233086ce9b,SVE/SVE2/SME; VL=SVL=512b,brg:sve_512,L04_mlp_up_decode,llm,mlp_up,11008x1x4096,1,1,0,gemm_add,bf16xbf16_acc_fp32,NA,prepared_execute,native,row_contiguous,default,auto,auto,auto,0.0,0.0,1.0,1.0,,,,,4791.923457135757,4782.021905605991,4812.031878779331,0.0029980835930164896,18.818651175597278,198801.0830245912,,41.48669835878789,,,,,,ok,,benchmarks/ops/matmul-otherlibs/results/raw/cycles/post-targeted-fixes-20260904/arm-peers/920f-4_MatmulOtherlibsOneDNNBench_post-targeted-fixes-20260904-peers.json
post-targeted-fixes-20260904-peers,920f-4,Native,,BiSheng clang,KUPL-MMA,bd7059eae348f1d77f73a9fbb1cadfe7a6405fb8,SVE/SVE2/SME; VL=SVL=512b,KP36_16x64x2_BF16BF16F32+vecops_transpose_pack,L04_mlp_up_decode,llm,mlp_up,11008x1x4096,1,1,0,gemm_add,bf16xbf16_acc_fp32,NA,raw_e2e,native_accumulate,row_contiguous,default,auto,auto,auto,0.0,1.0,0.0,1.0,,,16.0,,23763.802833855152,23640.64198918641,23835.120256990194,0.004037497531651968,3.7947434857323588,198801.0830245912,8.365710000815561,8.365710000815561,,,,,,ok,,benchmarks/ops/matmul-otherlibs/results/raw/cycles/post-targeted-fixes-20260904/arm-peers/920f-4_MatmulOtherlibsKUPLBench_post-targeted-fixes-20260904-peers.json
post-targeted-fixes-20260904-peers,920f-4,Native,,BiSheng clang,OpenBLAS,e0166008be8e466242aa76b2ff75ce3f0fbf574a,SVE/SVE2/SME; VL=SVL=512b,ARMV8SVE,L04_mlp_up_decode,llm,mlp_up,11008x1x4096,1,1,0,gemm_add,bf16xbf16_acc_fp32,NA,raw_e2e,native,row_contiguous,default,auto,auto,auto,0.0,1.0,0.0,1.0,,,1.0,,198801.0830245912,198134.70784574747,200821.91443070766,0.006076331940765848,0.4536068648521661,198801.0830245912,1.0,1.0,,,,,,ok,,benchmarks/ops/matmul-otherlibs/results/raw/cycles/post-targeted-fixes-20260904/arm-peers/920f-4_MatmulOtherlibsOpenBLASBench_post-targeted-fixes-20260904-peers.json
stage4-sme-20260905,920f-4,Native,,BiSheng clang 19.1.7,vecops,rsync-snapshot,"SVE2+SME BF16, VL=SVL=512b",,L04_mlp_up_decode,llm,mlp_up,11008x1x4096,1,1,0,gemm_add,bf16xbf16_acc_fp32,AllConst,raw_e2e,native,row_contiguous,default,auto,auto,auto,0.0,1.0,0.0,1.0,,,,,12913.600753315472,12753.323761915619,12954.550498927181,0.007268816721258647,6.983144184386186,,,,TokenDynamic,12875.440445813265,12913.600753315472,1.0029638059888364,1.0,ok,,benchmarks/ops/matmul-otherlibs/results/raw/cycles/stage4-sme-20260905/arm/920f-4-arm_MatmulOtherlibsVecopsLLMBench_stage4-sme-20260905.json
stage4-sme-20260905,920f-4,Native,,BiSheng clang 19.1.7,vecops,rsync-snapshot,"SVE2+SME BF16, VL=SVL=512b",,L04_mlp_up_decode,llm,mlp_up,11008x1x4096,1,1,0,gemm_add,bf16xbf16_acc_fp32,TokenDynamic,raw_e2e,native,row_contiguous,default,auto,auto,auto,0.0,1.0,0.0,1.0,,,,,12875.440445813265,12763.640834865246,12929.021219976921,0.006312091816553341,7.0038408689407765,,,,TokenDynamic,12875.440445813265,12913.600753315472,1.0,0.997044952199532,ok,,benchmarks/ops/matmul-otherlibs/results/raw/cycles/stage4-sme-20260905/arm/920f-4-arm_MatmulOtherlibsVecopsLLMBench_stage4-sme-20260905.json
stage4-sme-20260905,920f-4,Native,,BiSheng clang 19.1.7,vecops,rsync-snapshot,"SVE2+SME BF16, VL=SVL=512b",,L05_mlp_up_prefill,llm,mlp_up,11008x128x4096,1,128,0,bias,bf16xbf16_acc_fp32,AllConst,raw_e2e,native_fused,row_contiguous,default,auto,auto,auto,0.0,1.0,0.0,1.0,,,,,25655.297376215458,25554.338078945875,25952.326394617558,0.007195442176236596,449.91583760401244,,,,TokenDynamic,28937.57717683911,25655.297376215458,0.8865737867214847,1.0,ok,,benchmarks/ops/matmul-otherlibs/results/raw/cycles/stage4-sme-20260905/arm/920f-4-arm_MatmulOtherlibsVecopsBiasBench_stage4-sme-20260905.json
stage4-sme-20260905,920f-4,Native,,BiSheng clang 19.1.7,vecops,rsync-snapshot,"SVE2+SME BF16, VL=SVL=512b",,L05_mlp_up_prefill,llm,mlp_up,11008x128x4096,1,128,0,bias,bf16xbf16_acc_fp32,TokenDynamic,raw_e2e,native_fused,row_contiguous,default,auto,auto,auto,0.0,1.0,0.0,1.0,,,,,28937.57717683911,28378.059081733223,29696.57992944121,0.020562792099266546,398.88358785055783,,,,TokenDynamic,28937.57717683911,25655.297376215458,1.0,1.1279377023969557,ok,,benchmarks/ops/matmul-otherlibs/results/raw/cycles/stage4-sme-20260905/arm/920f-4-arm_MatmulOtherlibsVecopsBiasBench_stage4-sme-20260905.json
stage4-sme-20260905,920f-4,Native,,BiSheng clang 19.1.7,vecops,rsync-snapshot,"SVE2+SME BF16, VL=SVL=512b",,L05_mlp_up_prefill,llm,mlp_up,11008x128x4096,1,128,0,bias_relu,bf16xbf16_acc_fp32,AllConst,raw_e2e,native_fused,row_contiguous,default,auto,auto,auto,0.0,1.0,0.0,1.0,,,,,26389.326434582472,26297.156494110823,26572.849955409765,0.006059624970977276,437.4012590512194,,,,TokenDynamic,28302.181605249643,26389.326434582472,0.9324131546695904,1.0,ok,,benchmarks/ops/matmul-otherlibs/results/raw/cycles/stage4-sme-20260905/arm/920f-4-arm_MatmulOtherlibsVecopsBiasReluBench_stage4-sme-20260905.json
stage4-sme-20260905,920f-4,Native,,BiSheng clang 19.1.7,vecops,rsync-snapshot,"SVE2+SME BF16, VL=SVL=512b",,L05_mlp_up_prefill,llm,mlp_up,11008x128x4096,1,128,0,bias_relu,bf16xbf16_acc_fp32,TokenDynamic,raw_e2e,native_fused,row_contiguous,default,auto,auto,auto,0.0,1.0,0.0,1.0,,,,,28302.181605249643,28220.3465886414,29384.2364102602,0.020842899923623214,407.8386878083982,,,,TokenDynamic,28302.181605249643,26389.326434582472,1.0,1.0724859414433718,ok,,benchmarks/ops/matmul-otherlibs/results/raw/cycles/stage4-sme-20260905/arm/920f-4-arm_MatmulOtherlibsVecopsBiasReluBench_stage4-sme-20260905.json
stage4-sme-20260905,920f-4,Native,,BiSheng clang 19.1.7,vecops,rsync-snapshot,"SVE2+SME BF16, VL=SVL=512b",,L05_mlp_up_prefill,llm,mlp_up,11008x128x4096,1,128,0,bias_silu,bf16xbf16_acc_fp32,AllConst,raw_e2e,native_fused,row_contiguous,default,auto,auto,auto,0.0,1.0,0.0,1.0,,,,,27097.290195524693,26915.859133005142,27263.97348567843,0.006076027940574461,425.97339160896473,,,,TokenDynamic,29105.82041367888,27097.290195524693,0.930992145570642,1.0,ok,,benchmarks/ops/matmul-otherlibs/results/raw/cycles/stage4-sme-20260905/arm/920f-4-arm_MatmulOtherlibsVecopsBiasSiluBench_stage4-sme-20260905.json
stage4-sme-20260905,920f-4,Native,,BiSheng clang 19.1.7,vecops,rsync-snapshot,"SVE2+SME BF16, VL=SVL=512b",,L05_mlp_up_prefill,llm,mlp_up,11008x128x4096,1,128,0,bias_silu,bf16xbf16_acc_fp32,TokenDynamic,raw_e2e,native_fused,row_contiguous,default,auto,auto,auto,0.0,1.0,0.0,1.0,,,,,29105.82041367888,29064.821898937225,29922.985117882487,0.013762574271332763,396.5778818100334,,,,TokenDynamic,29105.82041367888,27097.290195524693,1.0,1.0741229179619558,ok,,benchmarks/ops/matmul-otherlibs/results/raw/cycles/stage4-sme-20260905/arm/920f-4-arm_MatmulOtherlibsVecopsBiasSiluBench_stage4-sme-20260905.json
stage4-sme-20260905,920f-4,Native,,BiSheng clang 19.1.7,vecops,rsync-snapshot,"SVE2+SME BF16, VL=SVL=512b",,L05_mlp_up_prefill,llm,mlp_up,11008x128x4096,1,128,0,gemm,bf16xbf16_acc_fp32,AllConst,raw_e2e,native,row_contiguous,default,auto,auto,auto,0.0,1.0,0.0,1.0,,,,,26354.50242087245,26174.806524068117,26424.35170710087,0.004425765595091873,437.9792273694494,,,,TokenDynamic,29280.442185699936,26354.50242087245,0.9000718723347537,1.0,ok,,benchmarks/ops/matmul-otherlibs/results/raw/cycles/stage4-sme-20260905/arm/920f-4-arm_MatmulOtherlibsVecopsLLMBench_stage4-sme-20260905.json
stage4-sme-20260905,920f-4,Native,,BiSheng clang 19.1.7,vecops,rsync-snapshot,"SVE2+SME BF16, VL=SVL=512b",,L05_mlp_up_prefill,llm,mlp_up,11008x128x4096,1,128,0,gemm,bf16xbf16_acc_fp32,TokenDynamic,raw_e2e,native,row_contiguous,default,auto,auto,auto,0.0,1.0,0.0,1.0,,,,,29280.442185699936,28460.09226515889,29565.765876322985,0.01848908707237,394.21278322214914,,,,TokenDynamic,29280.442185699936,26354.50242087245,1.0,1.1110223869189872,ok,,benchmarks/ops/matmul-otherlibs/results/raw/cycles/stage4-sme-20260905/arm/920f-4-arm_MatmulOtherlibsVecopsLLMBench_stage4-sme-20260905.json
stage4-sme-20260905,920f-4,Native,,BiSheng clang 19.1.7,vecops,rsync-snapshot,"SVE2+SME BF16, VL=SVL=512b",,L05_mlp_up_prefill,llm,mlp_up,11008x128x4096,1,128,0,gemm_add,bf16xbf16_acc_fp32,AllConst,raw_e2e,native,row_contiguous,default,auto,auto,auto,0.0,1.0,0.0,1.0,,,,,26955.014187842607,26941.444203257557,27222.817577421665,0.0049964466246040454,428.22179678933577,,,,TokenDynamic,30341.00560471415,26955.014187842607,0.8884021360074679,1.0,ok,,benchmarks/ops/matmul-otherlibs/results/raw/cycles/stage4-sme-20260905/arm/920f-4-arm_MatmulOtherlibsVecopsLLMBench_stage4-sme-20260905.json
stage4-sme-20260905,920f-4,Native,,BiSheng clang 19.1.7,vecops,rsync-snapshot,"SVE2+SME BF16, VL=SVL=512b",,L05_mlp_up_prefill,llm,mlp_up,11008x128x4096,1,128,0,gemm_add,bf16xbf16_acc_fp32,TokenDynamic,raw_e2e,native,row_contiguous,default,auto,auto,auto,0.0,1.0,0.0,1.0,,,,,30341.00560471415,30163.04923221469,30517.58505403995,0.005369841761481755,380.4331589526018,,,,TokenDynamic,30341.00560471415,26955.014187842607,1.0,1.1256163841456523,ok,,benchmarks/ops/matmul-otherlibs/results/raw/cycles/stage4-sme-20260905/arm/920f-4-arm_MatmulOtherlibsVecopsLLMBench_stage4-sme-20260905.json
stage4-sme-20260905,920f-4,Native,,BiSheng clang 19.1.7,vecops,rsync-snapshot,"SVE2+SME BF16, VL=SVL=512b",,L06_mlp_down_decode,llm,mlp_down,4096x1x11008,1,1,0,bias,bf16xbf16_acc_fp32,AllConst,raw_e2e,native_fused,row_contiguous,default,auto,auto,auto,0.0,1.0,0.0,1.0,,,,,12299.174527552996,12284.058129245586,12310.122605413198,0.001036100781809103,7.331999053918738,,,,TokenDynamic,12302.614706145092,12299.174527552996,0.9997203701266546,1.0,ok,,benchmarks/ops/matmul-otherlibs/results/raw/cycles/stage4-sme-20260905/arm/920f-4-arm_MatmulOtherlibsVecopsBiasBench_stage4-sme-20260905.json
stage4-sme-20260905,920f-4,Native,,BiSheng clang 19.1.7,vecops,rsync-snapshot,"SVE2+SME BF16, VL=SVL=512b",,L06_mlp_down_decode,llm,mlp_down,4096x1x11008,1,1,0,bias,bf16xbf16_acc_fp32,TokenDynamic,raw_e2e,native_fused,row_contiguous,default,auto,auto,auto,0.0,1.0,0.0,1.0,,,,,12302.614706145092,12295.87634178725,12338.981260968878,0.002522942173221989,7.329948807951921,,,,TokenDynamic,12302.614706145092,12299.174527552996,1.0,1.0002797080880825,ok,,benchmarks/ops/matmul-otherlibs/results/raw/cycles/stage4-sme-20260905/arm/920f-4-arm_MatmulOtherlibsVecopsBiasBench_stage4-sme-20260905.json
stage4-sme-20260905,920f-4,Native,,BiSheng clang 19.1.7,vecops,rsync-snapshot,"SVE2+SME BF16, VL=SVL=512b",,L06_mlp_down_decode,llm,mlp_down,4096x1x11008,1,1,0,bias_relu,bf16xbf16_acc_fp32,AllConst,raw_e2e,native_fused,row_contiguous,default,auto,auto,auto,0.0,1.0,0.0,1.0,,,,,12285.993815484371,12284.769194031305,12298.573206432839,0.0008283811199160716,7.339865000285675,,,,TokenDynamic,12305.153914811935,12285.993815484371,0.9984429207907346,1.0,ok,,benchmarks/ops/matmul-otherlibs/results/raw/cycles/stage4-sme-20260905/arm/920f-4-arm_MatmulOtherlibsVecopsBiasReluBench_stage4-sme-20260905.json
stage4-sme-20260905,920f-4,Native,,BiSheng clang 19.1.7,vecops,rsync-snapshot,"SVE2+SME BF16, VL=SVL=512b",,L06_mlp_down_decode,llm,mlp_down,4096x1x11008,1,1,0,bias_relu,bf16xbf16_acc_fp32,TokenDynamic,raw_e2e,native_fused,row_contiguous,default,auto,auto,auto,0.0,1.0,0.0,1.0,,,,,12305.153914811935,12301.189528608864,12314.589550210672,0.0006801071206120751,7.328436249094916,,,,TokenDynamic,12305.153914811935,12285.993815484371,1.0,1.0015595074859485,ok,,benchmarks/ops/matmul-otherlibs/results/raw/cycles/stage4-sme-20260905/arm/920f-4-arm_MatmulOtherlibsVecopsBiasReluBench_stage4-sme-20260905.json
stage4-sme-20260905,920f-4,Native,,BiSheng clang 19.1.7,vecops,rsync-snapshot,"SVE2+SME BF16, VL=SVL=512b",,L06_mlp_down_decode,llm,mlp_down,4096x1x11008,1,1,0,gemm,bf16xbf16_acc_fp32,AllConst,raw_e2e,native,row_contiguous,default,auto,auto,auto,0.0,1.0,0.0,1.0,,,,,12287.693902511488,12271.808104758913,12306.6305775534,0.0014454296299280412,7.338849479442889,,,,TokenDynamic,12282.131747765974,12287.693902511488,1.0004528655822738,1.0,ok,,benchmarks/ops/matmul-otherlibs/results/raw/cycles/stage4-sme-20260905/arm/920f-4-arm_MatmulOtherlibsVecopsLLMBench_stage4-sme-20260905.json
stage4-sme-20260905,920f-4,Native,,BiSheng clang 19.1.7,vecops,rsync-snapshot,"SVE2+SME BF16, VL=SVL=512b",,L06_mlp_down_decode,llm,mlp_down,4096x1x11008,1,1,0,gemm,bf16xbf16_acc_fp32,TokenDynamic,raw_e2e,native,row_contiguous,default,auto,auto,auto,0.0,1.0,0.0,1.0,,,,,12282.131747765974,12269.850845702673,12285.671552473845,0.0006116191464331492,7.342172991785617,,,,TokenDynamic,12282.131747765974,12287.693902511488,1.0,0.999547339412127,ok,,benchmarks/ops/matmul-otherlibs/results/raw/cycles/stage4-sme-20260905/arm/920f-4-arm_MatmulOtherlibsVecopsLLMBench_stage4-sme-20260905.json
stage4-sme-20260905,920f-4,Native,,BiSheng clang 19.1.7,vecops,rsync-snapshot,"SVE2+SME BF16, VL=SVL=512b",,L06_mlp_down_decode,llm,mlp_down,4096x1x11008,1,1,0,gemm_add,bf16xbf16_acc_fp32,AllConst,raw_e2e,native,row_contiguous,default,auto,auto,auto,0.0,1.0,0.0,1.0,,,,,12279.051525348967,12272.480096329344,12306.715099310333,0.0013994996821129584,7.344014789239773,,,,TokenDynamic,12276.905080811544,12279.051525348967,1.0001748359642184,1.0,ok,,benchmarks/ops/matmul-otherlibs/results/raw/cycles/stage4-sme-20260905/arm/920f-4-arm_MatmulOtherlibsVecopsLLMBench_stage4-sme-20260905.json
stage4-sme-20260905,920f-4,Native,,BiSheng clang 19.1.7,vecops,rsync-snapshot,"SVE2+SME BF16, VL=SVL=512b",,L06_mlp_down_decode,llm,mlp_down,4096x1x11008,1,1,0,gemm_add,bf16xbf16_acc_fp32,TokenDynamic,raw_e2e,native,row_contiguous,default,auto,auto,auto,0.0,1.0,0.0,1.0,,,,,12276.905080811544,12263.26758041978,12290.756065737116,0.00116358386339832,7.3452987871466835,,,,TokenDynamic,12276.905080811544,12279.051525348967,1.0,0.9998251945980525,ok,,benchmarks/ops/matmul-otherlibs/results/raw/cycles/stage4-sme-20260905/arm/920f-4-arm_MatmulOtherlibsVecopsLLMBench_stage4-sme-20260905.json
stage4-sme-20260905,920f-4,Native,,BiSheng clang 19.1.7,vecops,rsync-snapshot,"SVE2+SME BF16, VL=SVL=512b",,L07_mlp_down_prefill,llm,mlp_down,4096x128x11008,1,128,0,bias,bf16xbf16_acc_fp32,AllConst,raw_e2e,native_fused,row_contiguous,default,auto,auto,auto,0.0,1.0,0.0,1.0,,,,,35401.93324442953,35340.15428740532,35478.73201314359,0.0019916147326651287,326.04786095449293,,,,TokenDynamic,43001.24943256378,35401.93324442953,0.8232768515237727,1.0,ok,,benchmarks/ops/matmul-otherlibs/results/raw/cycles/stage4-sme-20260905/arm/920f-4-arm_MatmulOtherlibsVecopsBiasBench_stage4-sme-20260905.json
stage4-sme-20260905,920f-4,Native,,BiSheng clang 19.1.7,vecops,rsync-snapshot,"SVE2+SME BF16, VL=SVL=512b",,L07_mlp_down_prefill,llm,mlp_down,4096x128x11008,1,128,0,bias,bf16xbf16_acc_fp32,TokenDynamic,raw_e2e,native_fused,row_contiguous,default,auto,auto,auto,0.0,1.0,0.0,1.0,,,,,43001.24943256378,42910.51467880607,43067.19905386369,0.0016002011937688732,268.4276564126758,,,,TokenDynamic,43001.24943256378,35401.93324442953,1.0,1.2146582260258343,ok,,benchmarks/ops/matmul-otherlibs/results/raw/cycles/stage4-sme-20260905/arm/920f-4-arm_MatmulOtherlibsVecopsBiasBench_stage4-sme-20260905.json
stage4-sme-20260905,920f-4,Native,,BiSheng clang 19.1.7,vecops,rsync-snapshot,"SVE2+SME BF16, VL=SVL=512b",,L07_mlp_down_prefill,llm,mlp_down,4096x128x11008,1,128,0,bias_relu,bf16xbf16_acc_fp32,AllConst,raw_e2e,native_fused,row_contiguous,default,auto,auto,auto,0.0,1.0,0.0,1.0,,,,,35745.53248472512,35716.51489473879,35971.3521786034,0.004509200098110002,322.91376867675615,,,,TokenDynamic,43123.29273670912,35745.53248472512,0.8289147283573823,1.0,ok,,benchmarks/ops/matmul-otherlibs/results/raw/cycles/stage4-sme-20260905/arm/920f-4-arm_MatmulOtherlibsVecopsBiasReluBench_stage4-sme-20260905.json
stage4-sme-20260905,920f-4,Native,,BiSheng clang 19.1.7,vecops,rsync-snapshot,"SVE2+SME BF16, VL=SVL=512b",,L07_mlp_down_prefill,llm,mlp_down,4096x128x11008,1,128,0,bias_relu,bf16xbf16_acc_fp32,TokenDynamic,raw_e2e,native_fused,row_contiguous,default,auto,auto,auto,0.0,1.0,0.0,1.0,,,,,43123.29273670912,43079.48776210349,43163.097649812706,0.0009678125215143656,267.66797884555194,,,,TokenDynamic,43123.29273670912,35745.53248472512,1.0,1.2063967085995064,ok,,benchmarks/ops/matmul-otherlibs/results/raw/cycles/stage4-sme-20260905/arm/920f-4-arm_MatmulOtherlibsVecopsBiasReluBench_stage4-sme-20260905.json
stage4-sme-20260905,920f-4,Native,,BiSheng clang 19.1.7,vecops,rsync-snapshot,"SVE2+SME BF16, VL=SVL=512b",,L07_mlp_down_prefill,llm,mlp_down,4096x128x11008,1,128,0,gemm,bf16xbf16_acc_fp32,AllConst,raw_e2e,native,row_contiguous,default,auto,auto,auto,0.0,1.0,0.0,1.0,,,,,35823.971731588244,35763.547127135105,35846.382984891534,0.0010540370215152916,322.2067249964374,,,,TokenDynamic,43171.10901077589,35823.971731588244,0.8298135617189326,1.0,ok,,benchmarks/ops/matmul-otherlibs/results/raw/cycles/stage4-sme-20260905/arm/920f-4-arm_MatmulOtherlibsVecopsLLMBench_stage4-sme-20260905.json
stage4-sme-20260905,920f-4,Native,,BiSheng clang 19.1.7,vecops,rsync-snapshot,"SVE2+SME BF16, VL=SVL=512b",,L07_mlp_down_prefill,llm,mlp_down,4096x128x11008,1,128,0,gemm,bf16xbf16_acc_fp32,TokenDynamic,raw_e2e,native,row_contiguous,default,auto,auto,auto,0.0,1.0,0.0,1.0,,,,,43171.10901077589,43108.330139269434,43295.33766334256,0.0025334695689695225,267.37151007908636,,,,TokenDynamic,43171.10901077589,35823.971731588244,1.0,1.205089969762041,ok,,benchmarks/ops/matmul-otherlibs/results/raw/cycles/stage4-sme-20260905/arm/920f-4-arm_MatmulOtherlibsVecopsLLMBench_stage4-sme-20260905.json
stage4-sme-20260905,920f-4,Native,,BiSheng clang 19.1.7,vecops,rsync-snapshot,"SVE2+SME BF16, VL=SVL=512b",,L07_mlp_down_prefill,llm,mlp_down,4096x128x11008,1,128,0,gemm_add,bf16xbf16_acc_fp32,AllConst,raw_e2e,native,row_contiguous,default,auto,auto,auto,0.0,1.0,0.0,1.0,,,,,36174.03155658394,36147.591401822865,36207.7237572521,0.0008242628801846543,319.08869736967813,,,,TokenDynamic,43223.06827331583,36174.03155658394,0.8369149392135199,1.0,ok,,benchmarks/ops/matmul-otherlibs/results/raw/cycles/stage4-sme-20260905/arm/920f-4-arm_MatmulOtherlibsVecopsLLMBench_stage4-sme-20260905.json
stage4-sme-20260905,920f-4,Native,,BiSheng clang 19.1.7,vecops,rsync-snapshot,"SVE2+SME BF16, VL=SVL=512b",,L07_mlp_down_prefill,llm,mlp_down,4096x128x11008,1,128,0,gemm_add,bf16xbf16_acc_fp32,TokenDynamic,raw_e2e,native,row_contiguous,default,auto,auto,auto,0.0,1.0,0.0,1.0,,,,,43223.06827331583,43165.068266292416,43294.16053369641,0.0014047373424920634,267.05009776286545,,,,TokenDynamic,43223.06827331583,36174.03155658394,1.0,1.1948645592821383,ok,,benchmarks/ops/matmul-otherlibs/results/raw/cycles/stage4-sme-20260905/arm/920f-4-arm_MatmulOtherlibsVecopsLLMBench_stage4-sme-20260905.json
post-targeted-fixes-20260904-peers,920f-4,Native,,BiSheng clang,ACL,2a8ca9840a3112d12d6cc68e49e6c833f9759fd6,SVE/SVE2/SME; VL=SVL=512b,sme_interleaved_nomerge_bf16fp32_mopa_2VLx2VL,L08_attention,llm,attention,128x128x128,1,128,0,gemm,bf16xbf16_acc_fp32,NA,prepared_execute,native,row_contiguous,default,auto,auto,auto,1.0,0.0,1.0,1.0,128.0,32.0,,,9.145760419716293,8.748634589337037,9.151988580994894,0.021682300080065494,458.6063714240735,46877.122949808836,,5125.557722762105,,,,,,ok,,benchmarks/ops/matmul-otherlibs/results/raw/cycles/post-targeted-fixes-20260904/arm-peers/920f-4_MatmulOtherlibsACLBench_post-targeted-fixes-20260904-peers.json
post-targeted-fixes-20260904-peers,920f-4,Native,,BiSheng clang,LIBXSMM,3668d249637792dcc988414eb3d2a374033743df,SVE/SVE2/SME; VL=SVL=512b,,L08_attention,llm,attention,128x128x128,1,128,0,gemm,bf16xbf16_acc_fp32,NA,prepared_execute,native,row_contiguous,default,auto,auto,auto,0.0,0.0,1.0,1.0,,,1.0,0.0,8633.19422933273,8608.224615454676,8637.37627514638,0.002129681958088674,0.4858345461230498,46877.122949808836,,5.429870069473929,,,,,,ok,,benchmarks/ops/matmul-otherlibs/results/raw/cycles/post-targeted-fixes-20260904/arm-peers/920f-4_MatmulOtherlibsLIBXSMMBench_post-targeted-fixes-20260904-peers.json
post-targeted-fixes-20260904-peers,920f-4,Native,,BiSheng clang,oneDNN,0e2a5bfeef1bfbffc3137464606540233086ce9b,SVE/SVE2/SME; VL=SVL=512b,brg:sve_512,L08_attention,llm,attention,128x128x128,1,128,0,gemm,bf16xbf16_acc_fp32,NA,prepared_execute,native,row_contiguous,default,auto,auto,auto,0.0,0.0,1.0,1.0,,,,,43.935539930573995,43.62516292838266,44.039483310349375,0.005956197236642291,95.4649472073804,46877.122949808836,,1066.9522446721508,,,,,,ok,,benchmarks/ops/matmul-otherlibs/results/raw/cycles/post-targeted-fixes-20260904/arm-peers/920f-4_MatmulOtherlibsOneDNNBench_post-targeted-fixes-20260904-peers.json
post-targeted-fixes-20260904-peers,920f-4,Native,,BiSheng clang,KUPL-MMA,bd7059eae348f1d77f73a9fbb1cadfe7a6405fb8,SVE/SVE2/SME; VL=SVL=512b,KP36_16x64x2_BF16BF16F32+vecops_transpose_pack,L08_attention,llm,attention,128x128x128,1,128,0,gemm,bf16xbf16_acc_fp32,NA,raw_e2e,native_accumulate,row_contiguous,default,auto,auto,auto,0.0,1.0,0.0,1.0,,,1.0,,51.08069661012382,49.897091526923134,51.16631772390837,0.011896005889832622,82.11133125323744,46877.122949808836,917.7071978403311,917.7071978403311,,,,,,ok,,benchmarks/ops/matmul-otherlibs/results/raw/cycles/post-targeted-fixes-20260904/arm-peers/920f-4_MatmulOtherlibsKUPLBench_post-targeted-fixes-20260904-peers.json
post-targeted-fixes-20260904-peers,920f-4,Native,,BiSheng clang,OpenBLAS,e0166008be8e466242aa76b2ff75ce3f0fbf574a,SVE/SVE2/SME; VL=SVL=512b,ARMV8SVE,L08_attention,llm,attention,128x128x128,1,128,0,gemm,bf16xbf16_acc_fp32,NA,raw_e2e,native,row_contiguous,default,auto,auto,auto,0.0,1.0,0.0,1.0,,,1.0,,46877.122949808836,46851.8542436262,46953.32373181979,0.0009624626978528441,0.08947443307241415,46877.122949808836,1.0,1.0,,,,,,ok,,benchmarks/ops/matmul-otherlibs/results/raw/cycles/post-targeted-fixes-20260904/arm-peers/920f-4_MatmulOtherlibsOpenBLASBench_post-targeted-fixes-20260904-peers.json
stage4-sme-20260905,920f-4,Native,,BiSheng clang 19.1.7,vecops,rsync-snapshot,"SVE2+SME BF16, VL=SVL=512b",,L08_attention,llm,attention,128x128x128,1,128,0,gemm,bf16xbf16_acc_fp32,AllConst,raw_e2e,native,row_contiguous,default,auto,auto,auto,0.0,1.0,0.0,1.0,,,,,8.5102771803216,8.506994545089118,8.513872879829636,0.0003716776572791002,492.8516323414861,,,,TokenDynamic,8.539709276037451,8.5102771803216,0.9965535014407999,1.0,ok,,benchmarks/ops/matmul-otherlibs/results/raw/cycles/stage4-sme-20260905/arm/920f-4-arm_MatmulOtherlibsVecopsLLMBench_stage4-sme-20260905.json
stage4-sme-20260905,920f-4,Native,,BiSheng clang 19.1.7,vecops,rsync-snapshot,"SVE2+SME BF16, VL=SVL=512b",,L08_attention,llm,attention,128x128x128,1,128,0,gemm,bf16xbf16_acc_fp32,TokenDynamic,raw_e2e,native,row_contiguous,default,auto,auto,auto,0.0,1.0,0.0,1.0,,,,,8.539709276037451,8.536299079243133,8.54370109891063,0.00038653860539333346,491.15301990072174,,,,TokenDynamic,8.539709276037451,8.5102771803216,1.0,1.003458417991826,ok,,benchmarks/ops/matmul-otherlibs/results/raw/cycles/stage4-sme-20260905/arm/920f-4-arm_MatmulOtherlibsVecopsLLMBench_stage4-sme-20260905.json
post-targeted-fixes-20260904-peers,920f-4,Native,,BiSheng clang,ACL,2a8ca9840a3112d12d6cc68e49e6c833f9759fd6,SVE/SVE2/SME; VL=SVL=512b,a64_hybrid_bf16fp32_mmla_6x16,L08_attention,llm,attention,128x128x128,1,128,0,gemm_add,bf16xbf16_acc_fp32,NA,prepared_execute,native,row_contiguous,default,auto,auto,auto,1.0,0.0,1.0,1.0,128.0,48.0,,,155.42653707966852,155.2902829368183,155.52916872425462,0.0008050221822277278,26.98576497171834,46594.9436960121,,299.7875689151362,,,,,,ok,,benchmarks/ops/matmul-otherlibs/results/raw/cycles/post-targeted-fixes-20260904/arm-peers/920f-4_MatmulOtherlibsACLBench_post-targeted-fixes-20260904-peers.json
post-targeted-fixes-20260904-peers,920f-4,Native,,BiSheng clang,LIBXSMM,3668d249637792dcc988414eb3d2a374033743df,SVE/SVE2/SME; VL=SVL=512b,,L08_attention,llm,attention,128x128x128,1,128,0,gemm_add,bf16xbf16_acc_fp32,NA,prepared_execute,native,row_contiguous,default,auto,auto,auto,0.0,0.0,1.0,1.0,,,1.0,0.0,8631.130418507382,8626.10238837078,8637.766033643857,0.0006584094556132511,0.4859507152164361,46594.9436960121,,5.398475221287406,,,,,,ok,,benchmarks/ops/matmul-otherlibs/results/raw/cycles/post-targeted-fixes-20260904/arm-peers/920f-4_MatmulOtherlibsLIBXSMMBench_post-targeted-fixes-20260904-peers.json
post-targeted-fixes-20260904-peers,920f-4,Native,,BiSheng clang,oneDNN,0e2a5bfeef1bfbffc3137464606540233086ce9b,SVE/SVE2/SME; VL=SVL=512b,brg:sve_512,L08_attention,llm,attention,128x128x128,1,128,0,gemm_add,bf16xbf16_acc_fp32,NA,prepared_execute,native,row_contiguous,default,auto,auto,auto,0.0,0.0,1.0,1.0,,,,,45.55084090740242,45.451554617641115,45.59798209613512,0.0015382450516802126,92.07961733409817,46594.9436960121,,1022.9217017251598,,,,,,ok,,benchmarks/ops/matmul-otherlibs/results/raw/cycles/post-targeted-fixes-20260904/arm-peers/920f-4_MatmulOtherlibsOneDNNBench_post-targeted-fixes-20260904-peers.json
post-targeted-fixes-20260904-peers,920f-4,Native,,BiSheng clang,KUPL-MMA,bd7059eae348f1d77f73a9fbb1cadfe7a6405fb8,SVE/SVE2/SME; VL=SVL=512b,KP36_16x64x2_BF16BF16F32+vecops_transpose_pack,L08_attention,llm,attention,128x128x128,1,128,0,gemm_add,bf16xbf16_acc_fp32,NA,raw_e2e,native_accumulate,row_contiguous,default,auto,auto,auto,0.0,1.0,0.0,1.0,,,1.0,,74.9136626491118,74.58316533349567,75.84422970588922,0.007970543382812948,55.988505323063784,46594.9436960121,621.9819195633007,621.9819195633007,,,,,,ok,,benchmarks/ops/matmul-otherlibs/results/raw/cycles/post-targeted-fixes-20260904/arm-peers/920f-4_MatmulOtherlibsKUPLBench_post-targeted-fixes-20260904-peers.json
post-targeted-fixes-20260904-peers,920f-4,Native,,BiSheng clang,OpenBLAS,e0166008be8e466242aa76b2ff75ce3f0fbf574a,SVE/SVE2/SME; VL=SVL=512b,ARMV8SVE,L08_attention,llm,attention,128x128x128,1,128,0,gemm_add,bf16xbf16_acc_fp32,NA,raw_e2e,native,row_contiguous,default,auto,auto,auto,0.0,1.0,0.0,1.0,,,1.0,,46594.9436960121,46570.48691685001,46672.16927434008,0.0010867903540830622,0.09001629076673776,46594.9436960121,1.0,1.0,,,,,,ok,,benchmarks/ops/matmul-otherlibs/results/raw/cycles/post-targeted-fixes-20260904/arm-peers/920f-4_MatmulOtherlibsOpenBLASBench_post-targeted-fixes-20260904-peers.json
stage4-sme-20260905,920f-4,Native,,BiSheng clang 19.1.7,vecops,rsync-snapshot,"SVE2+SME BF16, VL=SVL=512b",,L08_attention,llm,attention,128x128x128,1,128,0,gemm_add,bf16xbf16_acc_fp32,AllConst,raw_e2e,native,row_contiguous,default,auto,auto,auto,0.0,1.0,0.0,1.0,,,,,10.378170408465905,10.371155818641705,10.390365499029539,0.0009807407894262697,404.14676526977547,,,,TokenDynamic,10.373526469423284,10.378170408465905,1.0004476721639752,1.0,ok,,benchmarks/ops/matmul-otherlibs/results/raw/cycles/stage4-sme-20260905/arm/920f-4-arm_MatmulOtherlibsVecopsLLMBench_stage4-sme-20260905.json
stage4-sme-20260905,920f-4,Native,,BiSheng clang 19.1.7,vecops,rsync-snapshot,"SVE2+SME BF16, VL=SVL=512b",,L08_attention,llm,attention,128x128x128,1,128,0,gemm_add,bf16xbf16_acc_fp32,TokenDynamic,raw_e2e,native,row_contiguous,default,auto,auto,auto,0.0,1.0,0.0,1.0,,,,,10.373526469423284,10.36818107896224,10.384392060274942,0.0006929575547361927,404.32769052674735,,,,TokenDynamic,10.373526469423284,10.378170408465905,1.0,0.9995525281567131,ok,,benchmarks/ops/matmul-otherlibs/results/raw/cycles/stage4-sme-20260905/arm/920f-4-arm_MatmulOtherlibsVecopsLLMBench_stage4-sme-20260905.json
post-targeted-fixes-20260904,local-x86,Native,Intel(R) Xeon(R) w9-3495X,gcc,LIBXSMM,3668d249637792dcc988414eb3d2a374033743df,AVX-512+AMX-BF16,,A01_gsa_proj_r128,af3,gsa_projection,128x16384x128,1,128,128,bias,bf16xbf16_acc_fp32,NA,prepared_execute,separate,row_contiguous,default,auto,auto,auto,0.0,0.0,1.0,5.0,,,1.0,0.0,1672.8420831939382,1670.9946929560308,1674.8517213965808,0.0010783312323820644,320.9334087142036,1341.9849134292094,,0.8022185279240304,TokenDynamic,843.5855480752526,886.5231708873982,1.9830141554827954,1.8869693857177414,ok,,/home/renyz/project/vecops-neo/benchmarks/ops/matmul-otherlibs/results/raw/cycles/post-targeted-fixes-20260904/x86/local-x86_MatmulOtherlibsLIBXSMMBench_post-targeted-fixes-20260904.json
post-targeted-fixes-20260904,local-x86,Native,Intel(R) Xeon(R) w9-3495X,gcc,oneDNN,0e2a5bfeef1bfbffc3137464606540233086ce9b,AVX-512+AMX-BF16,brg_matmul:avx10_1_512_amx,A01_gsa_proj_r128,af3,gsa_projection,128x16384x128,1,128,128,bias,bf16xbf16_acc_fp32,NA,prepared_execute,separate,row_contiguous,default,auto,auto,auto,0.0,0.0,1.0,5.0,,,,,676.3876231886662,674.8915652200076,681.133171968648,0.004296480055606733,793.7326077450259,1341.9849134292094,,1.984047116508054,TokenDynamic,843.5855480752526,886.5231708873982,0.8018008662333421,0.7629666605460644,ok,,/home/renyz/project/vecops-neo/benchmarks/ops/matmul-otherlibs/results/raw/cycles/post-targeted-fixes-20260904/x86/local-x86_MatmulOtherlibsOneDNNBench_post-targeted-fixes-20260904.json
post-targeted-fixes-20260904,local-x86,Native,Intel(R) Xeon(R) w9-3495X,gcc,OpenBLAS,e0166008be8e466242aa76b2ff75ce3f0fbf574a,AVX-512+AMX-BF16,unspecified,A01_gsa_proj_r128,af3,gsa_projection,128x16384x128,1,128,128,bias,bf16xbf16_acc_fp32,NA,raw_e2e,separate,row_contiguous,default,auto,auto,auto,0.0,1.0,0.0,5.0,,,,,1341.9849134292094,1292.4684770741108,1343.851732739355,0.018552705428946402,400.05733792350884,1341.9849134292094,1.0,1.0,TokenDynamic,843.5855480752526,886.5231708873982,1.5908106966639224,1.5137618028481985,ok,,/home/renyz/project/vecops-neo/benchmarks/ops/matmul-otherlibs/results/raw/cycles/post-targeted-fixes-20260904/x86/local-x86_MatmulOtherlibsOpenBLASBench_post-targeted-fixes-20260904.json
final-stage3-20260904,local-x86,Native,Intel(R) Xeon(R) w9-3495X,gcc-13.3,vecops,0b7a801a0b816f70245d24001a70ce0561c23389+dirty,AMX-BF16,,A01_gsa_proj_r128,af3,gsa_projection,128x16384x128,1,128,128,bias,bf16xbf16_acc_fp32,AllConst,raw_e2e,native_fused,row_contiguous,default,auto,auto,auto,0.0,1.0,0.0,5.0,,,,,655.8342651344922,652.0537004622001,842.0593311284604,0.1297236787158884,818.6075972866463,,,,TokenDynamic,665.8020989424637,655.8342651344922,0.9850288339075469,1.0,ok,,/home/renyz/project/vecops-neo-validate-stage3/benchmarks/results/final-x86-stage3/local-x86-stage3_MatmulOtherlibsVecopsBiasBench_final-stage3-20260904.json
final-stage3-20260904,local-x86,Native,Intel(R) Xeon(R) w9-3495X,gcc-13.3,vecops,0b7a801a0b816f70245d24001a70ce0561c23389+dirty,AMX-BF16,,A01_gsa_proj_r128,af3,gsa_projection,128x16384x128,1,128,128,bias,bf16xbf16_acc_fp32,TokenDynamic,raw_e2e,native_fused,row_contiguous,default,auto,auto,auto,0.0,1.0,0.0,5.0,,,,,665.8020989424637,663.9086848941967,667.6705537379263,0.002667871531736505,806.3520869831241,,,,TokenDynamic,665.8020989424637,655.8342651344922,1.0,1.0151987084815206,ok,,/home/renyz/project/vecops-neo-validate-stage3/benchmarks/results/final-x86-stage3/local-x86-stage3_MatmulOtherlibsVecopsBiasBench_final-stage3-20260904.json
post-targeted-fixes-20260904,local-x86,Native,Intel(R) Xeon(R) w9-3495X,gcc,LIBXSMM,3668d249637792dcc988414eb3d2a374033743df,AVX-512+AMX-BF16,,A01_gsa_proj_r128,af3,gsa_projection,128x16384x128,1,128,128,bias_relu,bf16xbf16_acc_fp32,NA,prepared_execute,separate,row_contiguous,default,auto,auto,auto,0.0,0.0,1.0,5.0,,,1.0,0.0,1670.1461309345348,1667.5232070459365,2083.599723603887,0.11317432034127489,321.4514598788984,1337.2769429614502,,0.800694572883376,TokenDynamic,926.607317909512,765.1401427830314,1.802431406113321,2.1827976831273554,ok,,/home/renyz/project/vecops-neo/benchmarks/ops/matmul-otherlibs/results/raw/cycles/post-targeted-fixes-20260904/x86/local-x86_MatmulOtherlibsLIBXSMMBench_post-targeted-fixes-20260904.json
post-targeted-fixes-20260904,local-x86,Native,Intel(R) Xeon(R) w9-3495X,gcc,oneDNN,0e2a5bfeef1bfbffc3137464606540233086ce9b,AVX-512+AMX-BF16,brg_matmul:avx10_1_512_amx,A01_gsa_proj_r128,af3,gsa_projection,128x16384x128,1,128,128,bias_relu,bf16xbf16_acc_fp32,NA,prepared_execute,separate,row_contiguous,default,auto,auto,auto,0.0,0.0,1.0,5.0,,,,,890.6542865194641,887.9680917627967,893.434694231114,0.00331247389222349,602.782606142285,1337.2769429614502,,1.5014545634617857,TokenDynamic,926.607317909512,765.1401427830314,0.9611992796785155,1.1640407249839255,ok,,/home/renyz/project/vecops-neo/benchmarks/ops/matmul-otherlibs/results/raw/cycles/post-targeted-fixes-20260904/x86/local-x86_MatmulOtherlibsOneDNNBench_post-targeted-fixes-20260904.json
post-targeted-fixes-20260904,local-x86,Native,Intel(R) Xeon(R) w9-3495X,gcc,OpenBLAS,e0166008be8e466242aa76b2ff75ce3f0fbf574a,AVX-512+AMX-BF16,unspecified,A01_gsa_proj_r128,af3,gsa_projection,128x16384x128,1,128,128,bias_relu,bf16xbf16_acc_fp32,NA,raw_e2e,separate,row_contiguous,default,auto,auto,auto,0.0,1.0,0.0,5.0,,,,,1337.2769429614502,1327.7291239327972,1340.7365447797235,0.0044736784351438715,401.4657658054577,1337.2769429614502,1.0,1.0,TokenDynamic,926.607317909512,765.1401427830314,1.4431970448694884,1.7477542585824806,ok,,/home/renyz/project/vecops-neo/benchmarks/ops/matmul-otherlibs/results/raw/cycles/post-targeted-fixes-20260904/x86/local-x86_MatmulOtherlibsOpenBLASBench_post-targeted-fixes-20260904.json
final-stage3-20260904,local-x86,Native,Intel(R) Xeon(R) w9-3495X,gcc-13.3,vecops,0b7a801a0b816f70245d24001a70ce0561c23389+dirty,AMX-BF16,,A01_gsa_proj_r128,af3,gsa_projection,128x16384x128,1,128,128,bias_relu,bf16xbf16_acc_fp32,AllConst,raw_e2e,native_fused,row_contiguous,default,auto,auto,auto,0.0,1.0,0.0,5.0,,,,,798.9831257145852,797.1305507567844,976.5239485672543,0.10287649245463837,671.9427416190294,,,,TokenDynamic,909.9802143294244,798.9831257145852,0.8780225252516789,1.0,ok,,/home/renyz/project/vecops-neo-validate-stage3/benchmarks/results/final-x86-stage3/local-x86-stage3_MatmulOtherlibsVecopsBiasReluBench_final-stage3-20260904.json
final-stage3-20260904,local-x86,Native,Intel(R) Xeon(R) w9-3495X,gcc-13.3,vecops,0b7a801a0b816f70245d24001a70ce0561c23389+dirty,AMX-BF16,,A01_gsa_proj_r128,af3,gsa_projection,128x16384x128,1,128,128,bias_relu,bf16xbf16_acc_fp32,TokenDynamic,raw_e2e,native_fused,row_contiguous,default,auto,auto,auto,0.0,1.0,0.0,5.0,,,,,909.9802143294244,908.508798668415,1070.2130103532177,0.08344999440667651,589.9808628208766,,,,TokenDynamic,909.9802143294244,798.9831257145852,1.0,1.1389229447312381,ok,,/home/renyz/project/vecops-neo-validate-stage3/benchmarks/results/final-x86-stage3/local-x86-stage3_MatmulOtherlibsVecopsBiasReluBench_final-stage3-20260904.json
post-targeted-fixes-20260904,local-x86,Native,Intel(R) Xeon(R) w9-3495X,gcc,LIBXSMM,3668d249637792dcc988414eb3d2a374033743df,AVX-512+AMX-BF16,,A01_gsa_proj_r128,af3,gsa_projection,128x16384x128,1,128,128,gemm,bf16xbf16_acc_fp32,NA,prepared_execute,native,row_contiguous,default,auto,auto,auto,0.0,0.0,1.0,5.0,,,1.0,0.0,1418.0596565093958,1411.3979131886451,1850.3586263654547,0.13782801233665135,378.5954346388549,1091.7341874119302,,0.7698788851375072,TokenDynamic,974.7684627964576,801.0704057025058,1.4547656296154734,1.7702060223605638,ok,,/home/renyz/project/vecops-neo/benchmarks/ops/matmul-otherlibs/results/raw/cycles/post-targeted-fixes-20260904/x86/local-x86_MatmulOtherlibsLIBXSMMBench_post-targeted-fixes-20260904.json
post-targeted-fixes-20260904,local-x86,Native,Intel(R) Xeon(R) w9-3495X,gcc,oneDNN,0e2a5bfeef1bfbffc3137464606540233086ce9b,AVX-512+AMX-BF16,brg_matmul:avx10_1_512_amx,A01_gsa_proj_r128,af3,gsa_projection,128x16384x128,1,128,128,gemm,bf16xbf16_acc_fp32,NA,prepared_execute,native,row_contiguous,default,auto,auto,auto,0.0,0.0,1.0,5.0,,,,,452.02405167548284,449.5464793158575,454.1052916395147,0.004856321979653272,1187.7043046935707,1091.7341874119302,,2.415212605093209,TokenDynamic,974.7684627964576,801.0704057025058,0.46372453452043044,0.5642750605411223,ok,,/home/renyz/project/vecops-neo/benchmarks/ops/matmul-otherlibs/results/raw/cycles/post-targeted-fixes-20260904/x86/local-x86_MatmulOtherlibsOneDNNBench_post-targeted-fixes-20260904.json
post-targeted-fixes-20260904,local-x86,Native,Intel(R) Xeon(R) w9-3495X,gcc,OpenBLAS,e0166008be8e466242aa76b2ff75ce3f0fbf574a,AVX-512+AMX-BF16,unspecified,A01_gsa_proj_r128,af3,gsa_projection,128x16384x128,1,128,128,gemm,bf16xbf16_acc_fp32,NA,raw_e2e,native,row_contiguous,default,auto,auto,auto,0.0,1.0,0.0,5.0,,,,,1091.7341874119302,1040.3076641068767,1093.4854328297663,0.023987406346456658,491.75973253407824,1091.7341874119302,1.0,1.0,TokenDynamic,974.7684627964576,801.0704057025058,1.1199933410647245,1.3628442389586521,ok,,/home/renyz/project/vecops-neo/benchmarks/ops/matmul-otherlibs/results/raw/cycles/post-targeted-fixes-20260904/x86/local-x86_MatmulOtherlibsOpenBLASBench_post-targeted-fixes-20260904.json
final-stage3-20260904,local-x86,Native,Intel(R) Xeon(R) w9-3495X,gcc-13.3,vecops,0b7a801a0b816f70245d24001a70ce0561c23389+dirty,AMX-BF16,,A01_gsa_proj_r128,af3,gsa_projection,128x16384x128,1,128,128,gemm,bf16xbf16_acc_fp32,AllConst,raw_e2e,native,row_contiguous,default,auto,auto,auto,0.0,1.0,0.0,5.0,,,,,643.7569770133208,641.8090990804341,644.6384788232369,0.0019044152071388209,833.9651936524036,,,,TokenDynamic,810.3941763693001,643.7569770133208,0.7943751272960259,1.0,ok,,/home/renyz/project/vecops-neo-validate-stage3/benchmarks/results/final-x86-stage3/local-x86-stage3_MatmulOtherlibsVecopsAF3ProjectionBench_final-stage3-20260904.json
final-stage3-20260904,local-x86,Native,Intel(R) Xeon(R) w9-3495X,gcc-13.3,vecops,0b7a801a0b816f70245d24001a70ce0561c23389+dirty,AMX-BF16,,A01_gsa_proj_r128,af3,gsa_projection,128x16384x128,1,128,128,gemm,bf16xbf16_acc_fp32,TokenDynamic,raw_e2e,native,row_contiguous,default,auto,auto,auto,0.0,1.0,0.0,5.0,,,,,810.3941763693001,809.2308411398656,811.0954838390599,0.001233317439507156,662.481206868083,,,,TokenDynamic,810.3941763693001,643.7569770133208,1.0,1.2588510964635824,ok,,/home/renyz/project/vecops-neo-validate-stage3/benchmarks/results/final-x86-stage3/local-x86-stage3_MatmulOtherlibsVecopsAF3ProjectionBench_final-stage3-20260904.json
post-targeted-fixes-20260904,local-x86,Native,Intel(R) Xeon(R) w9-3495X,gcc,LIBXSMM,3668d249637792dcc988414eb3d2a374033743df,AVX-512+AMX-BF16,,A01_gsa_proj_r128,af3,gsa_projection,128x16384x128,1,128,128,gemm_add,bf16xbf16_acc_fp32,NA,prepared_execute,native,row_contiguous,default,auto,auto,auto,0.0,0.0,1.0,5.0,,,1.0,0.0,945.9662837184009,944.7223865159638,948.5299162554077,0.0018775851075482758,567.5370478212709,842.6284759743027,,0.8907595233332225,TokenDynamic,1333.9136763187566,1042.64617913208,0.7091660431348253,0.907274493161086,ok,,/home/renyz/project/vecops-neo/benchmarks/ops/matmul-otherlibs/results/raw/cycles/post-targeted-fixes-20260904/x86/local-x86_MatmulOtherlibsLIBXSMMBench_post-targeted-fixes-20260904.json
post-targeted-fixes-20260904,local-x86,Native,Intel(R) Xeon(R) w9-3495X,gcc,oneDNN,0e2a5bfeef1bfbffc3137464606540233086ce9b,AVX-512+AMX-BF16,brg_matmul:avx10_1_512_amx,A01_gsa_proj_r128,af3,gsa_projection,128x16384x128,1,128,128,gemm_add,bf16xbf16_acc_fp32,NA,prepared_execute,native,row_contiguous,default,auto,auto,auto,0.0,0.0,1.0,5.0,,,,,498.77232855318914,497.84185499967344,499.2832328467298,0.0013090527008787697,1076.3847175670815,842.6284759743027,,1.6894050205602869,TokenDynamic,1333.9136763187566,1042.64617913208,0.37391649655296044,0.47837160729671246,ok,,/home/renyz/project/vecops-neo/benchmarks/ops/matmul-otherlibs/results/raw/cycles/post-targeted-fixes-20260904/x86/local-x86_MatmulOtherlibsOneDNNBench_post-targeted-fixes-20260904.json
post-targeted-fixes-20260904,local-x86,Native,Intel(R) Xeon(R) w9-3495X,gcc,OpenBLAS,e0166008be8e466242aa76b2ff75ce3f0fbf574a,AVX-512+AMX-BF16,unspecified,A01_gsa_proj_r128,af3,gsa_projection,128x16384x128,1,128,128,gemm_add,bf16xbf16_acc_fp32,NA,raw_e2e,native,row_contiguous,default,auto,auto,auto,0.0,1.0,0.0,5.0,,,,,842.6284759743027,787.2034746842144,844.0560011153883,0.03321831537567479,637.1383442498005,842.6284759743027,1.0,1.0,TokenDynamic,1333.9136763187566,1042.64617913208,0.6316964065468845,0.80816339506056,ok,,/home/renyz/project/vecops-neo/benchmarks/ops/matmul-otherlibs/results/raw/cycles/post-targeted-fixes-20260904/x86/local-x86_MatmulOtherlibsOpenBLASBench_post-targeted-fixes-20260904.json
final-stage3-20260904,local-x86,Native,Intel(R) Xeon(R) w9-3495X,gcc-13.3,vecops,0b7a801a0b816f70245d24001a70ce0561c23389+dirty,AMX-BF16,,A01_gsa_proj_r128,af3,gsa_projection,128x16384x128,1,128,128,gemm_add,bf16xbf16_acc_fp32,AllConst,raw_e2e,native,row_contiguous,default,auto,auto,auto,0.0,1.0,0.0,5.0,,,,,991.5211338805638,989.5473197233717,1202.181370397636,0.09836771361541868,541.4618949157671,,,,TokenDynamic,984.1285873907846,991.5211338805638,1.0075117688729875,1.0,ok,,/home/renyz/project/vecops-neo-validate-stage3/benchmarks/results/final-x86-stage3/local-x86-stage3_MatmulOtherlibsVecopsAF3ProjectionBench_final-stage3-20260904.json
final-stage3-20260904,local-x86,Native,Intel(R) Xeon(R) w9-3495X,gcc-13.3,vecops,0b7a801a0b816f70245d24001a70ce0561c23389+dirty,AMX-BF16,,A01_gsa_proj_r128,af3,gsa_projection,128x16384x128,1,128,128,gemm_add,bf16xbf16_acc_fp32,TokenDynamic,raw_e2e,native,row_contiguous,default,auto,auto,auto,0.0,1.0,0.0,5.0,,,,,984.1285873907846,982.8576391523744,985.2717021623483,0.001150383710499513,545.5292315239042,,,,TokenDynamic,984.1285873907846,991.5211338805638,1.0,0.9925442370947287,ok,,/home/renyz/project/vecops-neo-validate-stage3/benchmarks/results/final-x86-stage3/local-x86-stage3_MatmulOtherlibsVecopsAF3ProjectionBench_final-stage3-20260904.json
post-targeted-fixes-20260904,local-x86,Native,Intel(R) Xeon(R) w9-3495X,gcc,LIBXSMM,3668d249637792dcc988414eb3d2a374033743df,AVX-512+AMX-BF16,,A02_gsa_proj_r512,af3,gsa_projection,128x65536x128,1,512,128,bias,bf16xbf16_acc_fp32,NA,prepared_execute,separate,row_contiguous,default,auto,auto,auto,0.0,0.0,1.0,20.0,,,1.0,0.0,8187.259117702898,7921.714600353666,8205.813046900885,0.016700077022606657,262.29579608108463,5376.0557683954885,,0.6566368171701216,TokenDynamic,3610.880794720008,3516.9789749488696,2.2673856001213544,2.327923816440195,ok,,/home/renyz/project/vecops-neo/benchmarks/ops/matmul-otherlibs/results/raw/cycles/post-targeted-fixes-20260904/x86/local-x86_MatmulOtherlibsLIBXSMMBench_post-targeted-fixes-20260904.json
post-targeted-fixes-20260904,local-x86,Native,Intel(R) Xeon(R) w9-3495X,gcc,oneDNN,0e2a5bfeef1bfbffc3137464606540233086ce9b,AVX-512+AMX-BF16,brg_matmul:avx10_1_512_amx,A02_gsa_proj_r512,af3,gsa_projection,128x65536x128,1,512,128,bias,bf16xbf16_acc_fp32,NA,prepared_execute,separate,row_contiguous,default,auto,auto,auto,0.0,0.0,1.0,20.0,,,,,2333.693233473847,2319.0828468068507,2600.1882932420513,0.055456381999897275,920.2081992599076,5376.0557683954885,,2.303668576179096,TokenDynamic,3610.880794720008,3516.9789749488696,0.6462947314367946,0.6635505216541066,ok,,/home/renyz/project/vecops-neo/benchmarks/ops/matmul-otherlibs/results/raw/cycles/post-targeted-fixes-20260904/x86/local-x86_MatmulOtherlibsOneDNNBench_post-targeted-fixes-20260904.json
post-targeted-fixes-20260904,local-x86,Native,Intel(R) Xeon(R) w9-3495X,gcc,OpenBLAS,e0166008be8e466242aa76b2ff75ce3f0fbf574a,AVX-512+AMX-BF16,unspecified,A02_gsa_proj_r512,af3,gsa_projection,128x65536x128,1,512,128,bias,bf16xbf16_acc_fp32,NA,raw_e2e,separate,row_contiguous,default,auto,auto,auto,0.0,1.0,0.0,20.0,,,,,5376.0557683954885,5344.286568847915,5379.993723293481,0.003257114489954558,399.4533800457445,5376.0557683954885,1.0,1.0,TokenDynamic,3610.880794720008,3516.9789749488696,1.488848863761052,1.528600485441812,ok,,/home/renyz/project/vecops-neo/benchmarks/ops/matmul-otherlibs/results/raw/cycles/post-targeted-fixes-20260904/x86/local-x86_MatmulOtherlibsOpenBLASBench_post-targeted-fixes-20260904.json
final-stage3-20260904,local-x86,Native,Intel(R) Xeon(R) w9-3495X,gcc-13.3,vecops,0b7a801a0b816f70245d24001a70ce0561c23389+dirty,AMX-BF16,,A02_gsa_proj_r512,af3,gsa_projection,128x65536x128,1,512,128,bias,bf16xbf16_acc_fp32,AllConst,raw_e2e,native_fused,row_contiguous,default,auto,auto,auto,0.0,1.0,0.0,20.0,,,,,3482.858549978118,3481.404690101044,3489.8971096845344,0.0011444767518530754,616.5865243116153,,,,TokenDynamic,3382.7128049224707,3482.858549978118,1.0296051574079588,1.0,ok,,/home/renyz/project/vecops-neo-validate-stage3/benchmarks/results/final-x86-stage3/local-x86-stage3_MatmulOtherlibsVecopsBiasBench_final-stage3-20260904.json
final-stage3-20260904,local-x86,Native,Intel(R) Xeon(R) w9-3495X,gcc-13.3,vecops,0b7a801a0b816f70245d24001a70ce0561c23389+dirty,AMX-BF16,,A02_gsa_proj_r512,af3,gsa_projection,128x65536x128,1,512,128,bias,bf16xbf16_acc_fp32,TokenDynamic,raw_e2e,native_fused,row_contiguous,default,auto,auto,auto,0.0,1.0,0.0,20.0,,,,,3382.7128049224707,3373.24786814861,3388.8751118466616,0.0020897580286249303,634.8406654194868,,,,TokenDynamic,3382.7128049224707,3482.858549978118,1.0,0.9712461061456898,ok,,/home/renyz/project/vecops-neo-validate-stage3/benchmarks/results/final-x86-stage3/local-x86-stage3_MatmulOtherlibsVecopsBiasBench_final-stage3-20260904.json
post-targeted-fixes-20260904,local-x86,Native,Intel(R) Xeon(R) w9-3495X,gcc,LIBXSMM,3668d249637792dcc988414eb3d2a374033743df,AVX-512+AMX-BF16,,A02_gsa_proj_r512,af3,gsa_projection,128x65536x128,1,512,128,bias_relu,bf16xbf16_acc_fp32,NA,prepared_execute,separate,row_contiguous,default,auto,auto,auto,0.0,0.0,1.0,20.0,,,1.0,0.0,8196.592175141524,7926.991341895807,8211.989247116862,0.016590109929923096,261.99713272460343,5359.839116303751,,0.6539106743115723,TokenDynamic,4438.008902774703,3957.786199836327,1.8469075557773003,2.0710042840314347,ok,,/home/renyz/project/vecops-neo/benchmarks/ops/matmul-otherlibs/results/raw/cycles/post-targeted-fixes-20260904/x86/local-x86_MatmulOtherlibsLIBXSMMBench_post-targeted-fixes-20260904.json
post-targeted-fixes-20260904,local-x86,Native,Intel(R) Xeon(R) w9-3495X,gcc,oneDNN,0e2a5bfeef1bfbffc3137464606540233086ce9b,AVX-512+AMX-BF16,brg_matmul:avx10_1_512_amx,A02_gsa_proj_r512,af3,gsa_projection,128x65536x128,1,512,128,bias_relu,bf16xbf16_acc_fp32,NA,prepared_execute,separate,row_contiguous,default,auto,auto,auto,0.0,0.0,1.0,20.0,,,,,3473.5874048367673,3330.6077859985335,4364.382790628866,0.2103057351131597,618.2322186595203,5359.839116303751,,1.543026989572938,TokenDynamic,4438.008902774703,3957.786199836327,0.7826904994861623,0.8776591835558011,ok,,/home/renyz/project/vecops-neo/benchmarks/ops/matmul-otherlibs/results/raw/cycles/post-targeted-fixes-20260904/x86/local-x86_MatmulOtherlibsOneDNNBench_post-targeted-fixes-20260904.json
post-targeted-fixes-20260904,local-x86,Native,Intel(R) Xeon(R) w9-3495X,gcc,OpenBLAS,e0166008be8e466242aa76b2ff75ce3f0fbf574a,AVX-512+AMX-BF16,unspecified,A02_gsa_proj_r512,af3,gsa_projection,128x65536x128,1,512,128,bias_relu,bf16xbf16_acc_fp32,NA,raw_e2e,separate,row_contiguous,default,auto,auto,auto,0.0,1.0,0.0,20.0,,,,,5359.839116303751,5338.6025923268435,5367.116645748655,0.0023315830627629033,400.6619604434967,5359.839116303751,1.0,1.0,TokenDynamic,4438.008902774703,3957.786199836327,1.2077125651894722,1.3542518078731505,ok,,/home/renyz/project/vecops-neo/benchmarks/ops/matmul-otherlibs/results/raw/cycles/post-targeted-fixes-20260904/x86/local-x86_MatmulOtherlibsOpenBLASBench_post-targeted-fixes-20260904.json
final-stage3-20260904,local-x86,Native,Intel(R) Xeon(R) w9-3495X,gcc-13.3,vecops,0b7a801a0b816f70245d24001a70ce0561c23389+dirty,AMX-BF16,,A02_gsa_proj_r512,af3,gsa_projection,128x65536x128,1,512,128,bias_relu,bf16xbf16_acc_fp32,AllConst,raw_e2e,native_fused,row_contiguous,default,auto,auto,auto,0.0,1.0,0.0,20.0,,,,,4091.4477645214097,3632.9111414756076,4094.708787777242,0.05678086528575305,524.8713344507768,,,,TokenDynamic,4128.089352675221,4091.4477645214097,0.9911238384096349,1.0,ok,,/home/renyz/project/vecops-neo-validate-stage3/benchmarks/results/final-x86-stage3/local-x86-stage3_MatmulOtherlibsVecopsBiasReluBench_final-stage3-20260904.json
final-stage3-20260904,local-x86,Native,Intel(R) Xeon(R) w9-3495X,gcc-13.3,vecops,0b7a801a0b816f70245d24001a70ce0561c23389+dirty,AMX-BF16,,A02_gsa_proj_r512,af3,gsa_projection,128x65536x128,1,512,128,bias_relu,bf16xbf16_acc_fp32,TokenDynamic,raw_e2e,native_fused,row_contiguous,default,auto,auto,auto,0.0,1.0,0.0,20.0,,,,,4128.089352675221,4011.6056529394186,4138.019094449084,0.01453680085908041,520.2124916720412,,,,TokenDynamic,4128.089352675221,4091.4477645214097,1.0,1.008955653417244,ok,,/home/renyz/project/vecops-neo-validate-stage3/benchmarks/results/final-x86-stage3/local-x86-stage3_MatmulOtherlibsVecopsBiasReluBench_final-stage3-20260904.json
post-targeted-fixes-20260904,local-x86,Native,Intel(R) Xeon(R) w9-3495X,gcc,LIBXSMM,3668d249637792dcc988414eb3d2a374033743df,AVX-512+AMX-BF16,,A02_gsa_proj_r512,af3,gsa_projection,128x65536x128,1,512,128,gemm,bf16xbf16_acc_fp32,NA,prepared_execute,native,row_contiguous,default,auto,auto,auto,0.0,0.0,1.0,20.0,,,1.0,0.0,7160.698949883225,6917.0207096613,7165.696459123864,0.01695181948122402,299.89860808699694,4369.259594568575,,0.6101722227325068,TokenDynamic,4318.600156693719,3158.2743633242158,1.6581064905451657,2.2672821060252315,ok,,/home/renyz/project/vecops-neo/benchmarks/ops/matmul-otherlibs/results/raw/cycles/post-targeted-fixes-20260904/x86/local-x86_MatmulOtherlibsLIBXSMMBench_post-targeted-fixes-20260904.json
post-targeted-fixes-20260904,local-x86,Native,Intel(R) Xeon(R) w9-3495X,gcc,oneDNN,0e2a5bfeef1bfbffc3137464606540233086ce9b,AVX-512+AMX-BF16,brg_matmul:avx10_1_512_amx,A02_gsa_proj_r512,af3,gsa_projection,128x65536x128,1,512,128,gemm,bf16xbf16_acc_fp32,NA,prepared_execute,native,row_contiguous,default,auto,auto,auto,0.0,0.0,1.0,20.0,,,,,1881.895186767603,1878.8332397428653,1882.773752013842,0.0009505120676968739,1141.1281898693728,4369.259594568575,,2.3217337635436226,TokenDynamic,4318.600156693719,3158.2743633242158,0.4357650901880124,0.5958618442467518,ok,,/home/renyz/project/vecops-neo/benchmarks/ops/matmul-otherlibs/results/raw/cycles/post-targeted-fixes-20260904/x86/local-x86_MatmulOtherlibsOneDNNBench_post-targeted-fixes-20260904.json
post-targeted-fixes-20260904,local-x86,Native,Intel(R) Xeon(R) w9-3495X,gcc,OpenBLAS,e0166008be8e466242aa76b2ff75ce3f0fbf574a,AVX-512+AMX-BF16,unspecified,A02_gsa_proj_r512,af3,gsa_projection,128x65536x128,1,512,128,gemm,bf16xbf16_acc_fp32,NA,raw_e2e,native,row_contiguous,default,auto,auto,auto,0.0,1.0,0.0,20.0,,,,,4369.259594568575,4348.999481044303,4372.038831570534,0.0024510399927532055,491.49829656940875,4369.259594568575,1.0,1.0,TokenDynamic,4318.600156693719,3158.2743633242158,1.0117305228631401,1.3834325621950547,ok,,/home/renyz/project/vecops-neo/benchmarks/ops/matmul-otherlibs/results/raw/cycles/post-targeted-fixes-20260904/x86/local-x86_MatmulOtherlibsOpenBLASBench_post-targeted-fixes-20260904.json
final-stage3-20260904,local-x86,Native,Intel(R) Xeon(R) w9-3495X,gcc-13.3,vecops,0b7a801a0b816f70245d24001a70ce0561c23389+dirty,AMX-BF16,,A02_gsa_proj_r512,af3,gsa_projection,128x65536x128,1,512,128,gemm,bf16xbf16_acc_fp32,AllConst,raw_e2e,native,row_contiguous,default,auto,auto,auto,0.0,1.0,0.0,20.0,,,,,3249.883116358285,3104.5953905599754,3256.040176533726,0.022506131859442436,660.7879640934292,,,,TokenDynamic,3229.0649535351026,3249.883116358285,1.006447118011792,1.0,ok,,/home/renyz/project/vecops-neo-validate-stage3/benchmarks/results/final-x86-stage3/local-x86-stage3_MatmulOtherlibsVecopsAF3ProjectionBench_final-stage3-20260904.json
final-stage3-20260904,local-x86,Native,Intel(R) Xeon(R) w9-3495X,gcc-13.3,vecops,0b7a801a0b816f70245d24001a70ce0561c23389+dirty,AMX-BF16,,A02_gsa_proj_r512,af3,gsa_projection,128x65536x128,1,512,128,gemm,bf16xbf16_acc_fp32,TokenDynamic,raw_e2e,native,row_contiguous,default,auto,auto,auto,0.0,1.0,0.0,20.0,,,,,3229.0649535351026,3174.170055616171,3237.492846308796,0.009057692487029997,665.0481420787112,,,,TokenDynamic,3229.0649535351026,3249.883116358285,1.0,0.9935941810588836,ok,,/home/renyz/project/vecops-neo-validate-stage3/benchmarks/results/final-x86-stage3/local-x86-stage3_MatmulOtherlibsVecopsAF3ProjectionBench_final-stage3-20260904.json
post-targeted-fixes-20260904,local-x86,Native,Intel(R) Xeon(R) w9-3495X,gcc,LIBXSMM,3668d249637792dcc988414eb3d2a374033743df,AVX-512+AMX-BF16,,A02_gsa_proj_r512,af3,gsa_projection,128x65536x128,1,512,128,gemm_add,bf16xbf16_acc_fp32,NA,prepared_execute,native,row_contiguous,default,auto,auto,auto,0.0,0.0,1.0,20.0,,,1.0,0.0,4741.112200038819,3854.0843934363998,4747.040340056023,0.09676109423953727,452.9493412922008,3375.3326832793837,,0.7119284549418062,TokenDynamic,5174.126518088289,4334.904281677154,0.9163116099817639,1.0937063178254318,ok,,/home/renyz/project/vecops-neo/benchmarks/ops/matmul-otherlibs/results/raw/cycles/post-targeted-fixes-20260904/x86/local-x86_MatmulOtherlibsLIBXSMMBench_post-targeted-fixes-20260904.json
post-targeted-fixes-20260904,local-x86,Native,Intel(R) Xeon(R) w9-3495X,gcc,oneDNN,0e2a5bfeef1bfbffc3137464606540233086ce9b,AVX-512+AMX-BF16,brg_matmul:avx10_1_512_amx,A02_gsa_proj_r512,af3,gsa_projection,128x65536x128,1,512,128,gemm_add,bf16xbf16_acc_fp32,NA,prepared_execute,native,row_contiguous,default,auto,auto,auto,0.0,0.0,1.0,20.0,,,,,2222.561984256442,2215.8659588072505,2226.8181110525297,0.0021877934041170605,966.2199134205206,3375.3326832793837,,1.5186675139719898,TokenDynamic,5174.126518088289,4334.904281677154,0.42955308040624085,0.5127130473562713,ok,,/home/renyz/project/vecops-neo/benchmarks/ops/matmul-otherlibs/results/raw/cycles/post-targeted-fixes-20260904/x86/local-x86_MatmulOtherlibsOneDNNBench_post-targeted-fixes-20260904.json
post-targeted-fixes-20260904,local-x86,Native,Intel(R) Xeon(R) w9-3495X,gcc,OpenBLAS,e0166008be8e466242aa76b2ff75ce3f0fbf574a,AVX-512+AMX-BF16,unspecified,A02_gsa_proj_r512,af3,gsa_projection,128x65536x128,1,512,128,gemm_add,bf16xbf16_acc_fp32,NA,raw_e2e,native,row_contiguous,default,auto,auto,auto,0.0,1.0,0.0,20.0,,,,,3375.3326832793837,3363.2260972986046,3383.222731716204,0.0026413496155915247,636.2287363963075,3375.3326832793837,1.0,1.0,TokenDynamic,5174.126518088289,4334.904281677154,0.6523483087395561,0.7786406490095517,ok,,/home/renyz/project/vecops-neo/benchmarks/ops/matmul-otherlibs/results/raw/cycles/post-targeted-fixes-20260904/x86/local-x86_MatmulOtherlibsOpenBLASBench_post-targeted-fixes-20260904.json
final-stage3-20260904,local-x86,Native,Intel(R) Xeon(R) w9-3495X,gcc-13.3,vecops,0b7a801a0b816f70245d24001a70ce0561c23389+dirty,AMX-BF16,,A02_gsa_proj_r512,af3,gsa_projection,128x65536x128,1,512,128,gemm_add,bf16xbf16_acc_fp32,AllConst,raw_e2e,native,row_contiguous,default,auto,auto,auto,0.0,1.0,0.0,20.0,,,,,4342.487718531629,4324.800118411076,4371.787856325681,0.0046677784471195905,494.5284332838945,,,,TokenDynamic,4554.441000612813,4342.487718531629,0.9534622839438112,1.0,ok,,/home/renyz/project/vecops-neo-validate-stage3/benchmarks/results/final-x86-stage3/local-x86-stage3_MatmulOtherlibsVecopsAF3ProjectionBench_final-stage3-20260904.json
final-stage3-20260904,local-x86,Native,Intel(R) Xeon(R) w9-3495X,gcc-13.3,vecops,0b7a801a0b816f70245d24001a70ce0561c23389+dirty,AMX-BF16,,A02_gsa_proj_r512,af3,gsa_projection,128x65536x128,1,512,128,gemm_add,bf16xbf16_acc_fp32,TokenDynamic,raw_e2e,native,row_contiguous,default,auto,auto,auto,0.0,1.0,0.0,20.0,,,,,4554.441000612813,4528.997180750593,4567.0991483700245,0.004899431463266772,471.51420947401664,,,,TokenDynamic,4554.441000612813,4342.487718531629,1.0,1.0488091840022185,ok,,/home/renyz/project/vecops-neo-validate-stage3/benchmarks/results/final-x86-stage3/local-x86-stage3_MatmulOtherlibsVecopsAF3ProjectionBench_final-stage3-20260904.json
post-targeted-fixes-20260904,local-x86,Native,Intel(R) Xeon(R) w9-3495X,gcc,LIBXSMM,3668d249637792dcc988414eb3d2a374033743df,AVX-512+AMX-BF16,,A03_gsa_proj_r1536,af3,gsa_projection,128x196608x128,1,1536,128,bias,bf16xbf16_acc_fp32,NA,prepared_execute,separate,row_contiguous,default,auto,auto,auto,0.0,0.0,1.0,60.0,,,1.0,0.0,27371.16579664871,27236.79056158289,27810.933440923687,0.012222881968002738,235.37364070874924,22771.133667750597,,0.8319387576300701,TokenDynamic,12203.533908839085,11694.565637629818,2.2428884945223637,2.3405029861541853,ok,,/home/renyz/project/vecops-neo/benchmarks/ops/matmul-otherlibs/results/raw/cycles/post-targeted-fixes-20260904/x86/local-x86_MatmulOtherlibsLIBXSMMBench_post-targeted-fixes-20260904.json
post-targeted-fixes-20260904,local-x86,Native,Intel(R) Xeon(R) w9-3495X,gcc,oneDNN,0e2a5bfeef1bfbffc3137464606540233086ce9b,AVX-512+AMX-BF16,brg_matmul:avx10_1_512_amx,A03_gsa_proj_r1536,af3,gsa_projection,128x196608x128,1,1536,128,bias,bf16xbf16_acc_fp32,NA,prepared_execute,separate,row_contiguous,default,auto,auto,auto,0.0,0.0,1.0,60.0,,,,,9013.255499667139,8951.773474836953,9057.534688326994,0.005051790667017278,714.7751380439533,22771.133667750597,,2.526404989694516,TokenDynamic,12203.533908839085,11694.565637629818,0.7385774946008705,0.7707216992023219,ok,,/home/renyz/project/vecops-neo/benchmarks/ops/matmul-otherlibs/results/raw/cycles/post-targeted-fixes-20260904/x86/local-x86_MatmulOtherlibsOneDNNBench_post-targeted-fixes-20260904.json
post-targeted-fixes-20260904,local-x86,Native,Intel(R) Xeon(R) w9-3495X,gcc,OpenBLAS,e0166008be8e466242aa76b2ff75ce3f0fbf574a,AVX-512+AMX-BF16,unspecified,A03_gsa_proj_r1536,af3,gsa_projection,128x196608x128,1,1536,128,bias,bf16xbf16_acc_fp32,NA,raw_e2e,separate,row_contiguous,default,auto,auto,auto,0.0,1.0,0.0,60.0,,,,,22771.133667750597,22633.005435151666,22905.413565846782,0.005836364086058357,282.92183595250947,22771.133667750597,1.0,1.0,TokenDynamic,12203.533908839085,11694.565637629818,1.8659458676357135,1.947155146530582,ok,,/home/renyz/project/vecops-neo/benchmarks/ops/matmul-otherlibs/results/raw/cycles/post-targeted-fixes-20260904/x86/local-x86_MatmulOtherlibsOpenBLASBench_post-targeted-fixes-20260904.json
final-stage3-20260904,local-x86,Native,Intel(R) Xeon(R) w9-3495X,gcc-13.3,vecops,0b7a801a0b816f70245d24001a70ce0561c23389+dirty,AMX-BF16,,A03_gsa_proj_r1536,af3,gsa_projection,128x196608x128,1,1536,128,bias,bf16xbf16_acc_fp32,AllConst,raw_e2e,native_fused,row_contiguous,default,auto,auto,auto,0.0,1.0,0.0,60.0,,,,,12016.687454888597,11956.914617489514,12291.640544902873,0.0175714788277832,536.1253646801889,,,,TokenDynamic,11765.789362305604,12016.687454888597,1.0213243739843587,1.0,ok,,/home/renyz/project/vecops-neo-validate-stage3/benchmarks/results/final-x86-stage3/local-x86-stage3_MatmulOtherlibsVecopsBiasBench_final-stage3-20260904.json
final-stage3-20260904,local-x86,Native,Intel(R) Xeon(R) w9-3495X,gcc-13.3,vecops,0b7a801a0b816f70245d24001a70ce0561c23389+dirty,AMX-BF16,,A03_gsa_proj_r1536,af3,gsa_projection,128x196608x128,1,1536,128,bias,bf16xbf16_acc_fp32,TokenDynamic,raw_e2e,native_fused,row_contiguous,default,auto,auto,auto,0.0,1.0,0.0,60.0,,,,,11765.789362305604,11677.456890571524,11803.457836239513,0.004926707908971654,547.5579024591299,,,,TokenDynamic,11765.789362305604,12016.687454888597,1.0,0.9791208605928314,ok,,/home/renyz/project/vecops-neo-validate-stage3/benchmarks/results/final-x86-stage3/local-x86-stage3_MatmulOtherlibsVecopsBiasBench_final-stage3-20260904.json
post-targeted-fixes-20260904,local-x86,Native,Intel(R) Xeon(R) w9-3495X,gcc,LIBXSMM,3668d249637792dcc988414eb3d2a374033743df,AVX-512+AMX-BF16,,A03_gsa_proj_r1536,af3,gsa_projection,128x196608x128,1,1536,128,bias_relu,bf16xbf16_acc_fp32,NA,prepared_execute,separate,row_contiguous,default,auto,auto,auto,0.0,0.0,1.0,60.0,,,1.0,0.0,27856.172004248947,27705.882558366284,28214.783997973424,0.00966263967363087,231.2755299980673,23344.577833389245,,0.8380396929566797,TokenDynamic,14862.280445716653,13714.793199324049,1.8742865272924631,2.0311040494304993,ok,,/home/renyz/project/vecops-neo/benchmarks/ops/matmul-otherlibs/results/raw/cycles/post-targeted-fixes-20260904/x86/local-x86_MatmulOtherlibsLIBXSMMBench_post-targeted-fixes-20260904.json
post-targeted-fixes-20260904,local-x86,Native,Intel(R) Xeon(R) w9-3495X,gcc,oneDNN,0e2a5bfeef1bfbffc3137464606540233086ce9b,AVX-512+AMX-BF16,brg_matmul:avx10_1_512_amx,A03_gsa_proj_r1536,af3,gsa_projection,128x196608x128,1,1536,128,bias_relu,bf16xbf16_acc_fp32,NA,prepared_execute,separate,row_contiguous,default,auto,auto,auto,0.0,0.0,1.0,60.0,,,,,13441.596998018213,12954.022480407728,13499.443639302626,0.01881503127378145,479.2920770463402,23344.577833389245,,1.736741388454891,TokenDynamic,14862.280445716653,13714.793199324049,0.9044101305390261,0.9800801807701117,ok,,/home/renyz/project/vecops-neo/benchmarks/ops/matmul-otherlibs/results/raw/cycles/post-targeted-fixes-20260904/x86/local-x86_MatmulOtherlibsOneDNNBench_post-targeted-fixes-20260904.json
post-targeted-fixes-20260904,local-x86,Native,Intel(R) Xeon(R) w9-3495X,gcc,OpenBLAS,e0166008be8e466242aa76b2ff75ce3f0fbf574a,AVX-512+AMX-BF16,unspecified,A03_gsa_proj_r1536,af3,gsa_projection,128x196608x128,1,1536,128,bias_relu,bf16xbf16_acc_fp32,NA,raw_e2e,separate,row_contiguous,default,auto,auto,auto,0.0,1.0,0.0,60.0,,,,,23344.577833389245,23033.977666636933,24459.825734569076,0.03268779271213442,275.97204755553565,23344.577833389245,1.0,1.0,TokenDynamic,14862.280445716653,13714.793199324049,1.5707265058450173,1.7021458139478043,ok,,/home/renyz/project/vecops-neo/benchmarks/ops/matmul-otherlibs/results/raw/cycles/post-targeted-fixes-20260904/x86/local-x86_MatmulOtherlibsOpenBLASBench_post-targeted-fixes-20260904.json
final-stage3-20260904,local-x86,Native,Intel(R) Xeon(R) w9-3495X,gcc-13.3,vecops,0b7a801a0b816f70245d24001a70ce0561c23389+dirty,AMX-BF16,,A03_gsa_proj_r1536,af3,gsa_projection,128x196608x128,1,1536,128,bias_relu,bf16xbf16_acc_fp32,AllConst,raw_e2e,native_fused,row_contiguous,default,auto,auto,auto,0.0,1.0,0.0,60.0,,,,,14105.824500438757,13604.815600556321,14130.547999520786,0.018618893493787172,456.7227490884783,,,,TokenDynamic,14209.917332563136,14105.824500438757,0.9926746349265634,1.0,ok,,/home/renyz/project/vecops-neo-validate-stage3/benchmarks/results/final-x86-stage3/local-x86-stage3_MatmulOtherlibsVecopsBiasReluBench_final-stage3-20260904.json
final-stage3-20260904,local-x86,Native,Intel(R) Xeon(R) w9-3495X,gcc-13.3,vecops,0b7a801a0b816f70245d24001a70ce0561c23389+dirty,AMX-BF16,,A03_gsa_proj_r1536,af3,gsa_projection,128x196608x128,1,1536,128,bias_relu,bf16xbf16_acc_fp32,TokenDynamic,raw_e2e,native_fused,row_contiguous,default,auto,auto,auto,0.0,1.0,0.0,60.0,,,,,14209.917332563136,13854.97873222145,14341.268288747717,0.016092654924158435,453.37708821406164,,,,TokenDynamic,14209.917332563136,14105.824500438757,1.0,1.0073794220338657,ok,,/home/renyz/project/vecops-neo-validate-stage3/benchmarks/results/final-x86-stage3/local-x86-stage3_MatmulOtherlibsVecopsBiasReluBench_final-stage3-20260904.json
post-targeted-fixes-20260904,local-x86,Native,Intel(R) Xeon(R) w9-3495X,gcc,LIBXSMM,3668d249637792dcc988414eb3d2a374033743df,AVX-512+AMX-BF16,,A03_gsa_proj_r1536,af3,gsa_projection,128x196608x128,1,1536,128,gemm,bf16xbf16_acc_fp32,NA,prepared_execute,native,row_contiguous,default,auto,auto,auto,0.0,0.0,1.0,60.0,,,1.0,0.0,22400.10700188577,22348.0768656979,22476.553232991137,0.0025944315494522076,287.60804327665204,18234.784286635528,,0.8140489813330096,TokenDynamic,13088.339901878497,11281.00627366538,1.7114551707715666,1.9856479518300647,ok,,/home/renyz/project/vecops-neo/benchmarks/ops/matmul-otherlibs/results/raw/cycles/post-targeted-fixes-20260904/x86/local-x86_MatmulOtherlibsLIBXSMMBench_post-targeted-fixes-20260904.json
post-targeted-fixes-20260904,local-x86,Native,Intel(R) Xeon(R) w9-3495X,gcc,oneDNN,0e2a5bfeef1bfbffc3137464606540233086ce9b,AVX-512+AMX-BF16,brg_matmul:avx10_1_512_amx,A03_gsa_proj_r1536,af3,gsa_projection,128x196608x128,1,1536,128,gemm,bf16xbf16_acc_fp32,NA,prepared_execute,native,row_contiguous,default,auto,auto,auto,0.0,0.0,1.0,60.0,,,,,7721.507389861573,7698.381410834068,7799.416200012071,0.007110941697489135,834.351457392764,18234.784286635528,,2.361557577549949,TokenDynamic,13088.339901878497,11281.00627366538,0.5899531527870351,0.684469736346732,ok,,/home/renyz/project/vecops-neo/benchmarks/ops/matmul-otherlibs/results/raw/cycles/post-targeted-fixes-20260904/x86/local-x86_MatmulOtherlibsOneDNNBench_post-targeted-fixes-20260904.json
post-targeted-fixes-20260904,local-x86,Native,Intel(R) Xeon(R) w9-3495X,gcc,OpenBLAS,e0166008be8e466242aa76b2ff75ce3f0fbf574a,AVX-512+AMX-BF16,unspecified,A03_gsa_proj_r1536,af3,gsa_projection,128x196608x128,1,1536,128,gemm,bf16xbf16_acc_fp32,NA,raw_e2e,native,row_contiguous,default,auto,auto,auto,0.0,1.0,0.0,60.0,,,,,18234.784286635528,18181.304941286468,18606.833140698396,0.011430490209052464,353.3055748140515,18234.784286635528,1.0,1.0,TokenDynamic,13088.339901878497,11281.00627366538,1.3932083383637057,1.616414692473241,ok,,/home/renyz/project/vecops-neo/benchmarks/ops/matmul-otherlibs/results/raw/cycles/post-targeted-fixes-20260904/x86/local-x86_MatmulOtherlibsOpenBLASBench_post-targeted-fixes-20260904.json
final-stage3-20260904,local-x86,Native,Intel(R) Xeon(R) w9-3495X,gcc-13.3,vecops,0b7a801a0b816f70245d24001a70ce0561c23389+dirty,AMX-BF16,,A03_gsa_proj_r1536,af3,gsa_projection,128x196608x128,1,1536,128,gemm,bf16xbf16_acc_fp32,AllConst,raw_e2e,native,row_contiguous,default,auto,auto,auto,0.0,1.0,0.0,60.0,,,,,11308.437546672807,11268.482581627639,11372.11952750063,0.0047727284212168795,569.7030131183342,,,,TokenDynamic,11815.943726105615,11308.437546672807,0.9570490355068679,1.0,ok,,/home/renyz/project/vecops-neo-validate-stage3/benchmarks/results/final-x86-stage3/local-x86-stage3_MatmulOtherlibsVecopsAF3ProjectionBench_final-stage3-20260904.json
final-stage3-20260904,local-x86,Native,Intel(R) Xeon(R) w9-3495X,gcc-13.3,vecops,0b7a801a0b816f70245d24001a70ce0561c23389+dirty,AMX-BF16,,A03_gsa_proj_r1536,af3,gsa_projection,128x196608x128,1,1536,128,gemm,bf16xbf16_acc_fp32,TokenDynamic,raw_e2e,native,row_contiguous,default,auto,auto,auto,0.0,1.0,0.0,60.0,,,,,11815.943726105615,11766.704129033978,11852.610854707149,0.003986433135066506,545.2337192302582,,,,TokenDynamic,11815.943726105615,11308.437546672807,1.0,1.0448785411192485,ok,,/home/renyz/project/vecops-neo-validate-stage3/benchmarks/results/final-x86-stage3/local-x86-stage3_MatmulOtherlibsVecopsAF3ProjectionBench_final-stage3-20260904.json
post-targeted-fixes-20260904,local-x86,Native,Intel(R) Xeon(R) w9-3495X,gcc,LIBXSMM,3668d249637792dcc988414eb3d2a374033743df,AVX-512+AMX-BF16,,A03_gsa_proj_r1536,af3,gsa_projection,128x196608x128,1,1536,128,gemm_add,bf16xbf16_acc_fp32,NA,prepared_execute,native,row_contiguous,default,auto,auto,auto,0.0,0.0,1.0,60.0,,,1.0,0.0,22231.658333718467,21905.803465051576,22498.10563516803,0.012955587725643284,289.7872415675271,16440.8308586904,,0.7395233685178944,TokenDynamic,20944.314002658106,17836.65687617031,1.0614650988758563,1.246402758547195,ok,,/home/renyz/project/vecops-neo/benchmarks/ops/matmul-otherlibs/results/raw/cycles/post-targeted-fixes-20260904/x86/local-x86_MatmulOtherlibsLIBXSMMBench_post-targeted-fixes-20260904.json
post-targeted-fixes-20260904,local-x86,Native,Intel(R) Xeon(R) w9-3495X,gcc,oneDNN,0e2a5bfeef1bfbffc3137464606540233086ce9b,AVX-512+AMX-BF16,brg_matmul:avx10_1_512_amx,A03_gsa_proj_r1536,af3,gsa_projection,128x196608x128,1,1536,128,gemm_add,bf16xbf16_acc_fp32,NA,prepared_execute,native,row_contiguous,default,auto,auto,auto,0.0,0.0,1.0,60.0,,,,,12140.02890046686,11717.186958994716,12280.971541185861,0.021282011196400972,530.6783860911771,16440.8308586904,,1.3542662042639904,TokenDynamic,20944.314002658106,17836.65687617031,0.5796336370303716,0.6806224386524967,ok,,/home/renyz/project/vecops-neo/benchmarks/ops/matmul-otherlibs/results/raw/cycles/post-targeted-fixes-20260904/x86/local-x86_MatmulOtherlibsOneDNNBench_post-targeted-fixes-20260904.json
post-targeted-fixes-20260904,local-x86,Native,Intel(R) Xeon(R) w9-3495X,gcc,OpenBLAS,e0166008be8e466242aa76b2ff75ce3f0fbf574a,AVX-512+AMX-BF16,unspecified,A03_gsa_proj_r1536,af3,gsa_projection,128x196608x128,1,1536,128,gemm_add,bf16xbf16_acc_fp32,NA,raw_e2e,native,row_contiguous,default,auto,auto,auto,0.0,1.0,0.0,60.0,,,,,16440.8308586904,16338.672883076859,16895.768801415605,0.018778200402125834,391.85677411154734,16440.8308586904,1.0,1.0,TokenDynamic,20944.314002658106,17836.65687617031,0.784978245484853,0.9217439665308174,ok,,/home/renyz/project/vecops-neo/benchmarks/ops/matmul-otherlibs/results/raw/cycles/post-targeted-fixes-20260904/x86/local-x86_MatmulOtherlibsOpenBLASBench_post-targeted-fixes-20260904.json
final-stage3-20260904,local-x86,Native,Intel(R) Xeon(R) w9-3495X,gcc-13.3,vecops,0b7a801a0b816f70245d24001a70ce0561c23389+dirty,AMX-BF16,,A03_gsa_proj_r1536,af3,gsa_projection,128x196608x128,1,1536,128,gemm_add,bf16xbf16_acc_fp32,AllConst,raw_e2e,native,row_contiguous,default,auto,auto,auto,0.0,1.0,0.0,60.0,,,,,18261.31462439662,18048.23382626637,19139.871723746186,0.035494406716981355,352.7922866732202,,,,TokenDynamic,19548.92700138901,18261.31462439662,0.9341338592700815,1.0,ok,,/home/renyz/project/vecops-neo-validate-stage3/benchmarks/results/final-x86-stage3/local-x86-stage3_MatmulOtherlibsVecopsAF3ProjectionBench_final-stage3-20260904.json
final-stage3-20260904,local-x86,Native,Intel(R) Xeon(R) w9-3495X,gcc-13.3,vecops,0b7a801a0b816f70245d24001a70ce0561c23389+dirty,AMX-BF16,,A03_gsa_proj_r1536,af3,gsa_projection,128x196608x128,1,1536,128,gemm_add,bf16xbf16_acc_fp32,TokenDynamic,raw_e2e,native,row_contiguous,default,auto,auto,auto,0.0,1.0,0.0,60.0,,,,,19548.92700138901,19348.72017258645,19854.939200117118,0.012710666089669326,329.55522027077217,,,,TokenDynamic,19548.92700138901,18261.31462439662,1.0,1.0705103878596,ok,,/home/renyz/project/vecops-neo-validate-stage3/benchmarks/results/final-x86-stage3/local-x86-stage3_MatmulOtherlibsVecopsAF3ProjectionBench_final-stage3-20260904.json
post-targeted-fixes-20260904,local-x86,Native,Intel(R) Xeon(R) w9-3495X,gcc,LIBXSMM,3668d249637792dcc988414eb3d2a374033743df,AVX-512+AMX-BF16,,A04_gsa_proj_r2048,af3,gsa_projection,128x65536x128,1,2048,32,bias,bf16xbf16_acc_fp32,NA,prepared_execute,separate,row_contiguous,default,auto,auto,auto,0.0,0.0,1.0,320.0,,,1.0,0.0,8198.363412007251,7929.55703492386,8210.432129528594,0.01653331255172865,261.9405288688245,5380.4750384118115,,0.6562864767048037,TokenDynamic,3605.9709225530523,3504.8098245169963,2.273552279840003,2.33917496882647,ok,,/home/renyz/project/vecops-neo/benchmarks/ops/matmul-otherlibs/results/raw/cycles/post-targeted-fixes-20260904/x86/local-x86_MatmulOtherlibsLIBXSMMBench_post-targeted-fixes-20260904.json
post-targeted-fixes-20260904,local-x86,Native,Intel(R) Xeon(R) w9-3495X,gcc,oneDNN,0e2a5bfeef1bfbffc3137464606540233086ce9b,AVX-512+AMX-BF16,brg_matmul:avx10_1_512_amx,A04_gsa_proj_r2048,af3,gsa_projection,128x65536x128,1,2048,32,bias,bf16xbf16_acc_fp32,NA,prepared_execute,separate,row_contiguous,default,auto,auto,auto,0.0,0.0,1.0,320.0,,,,,2317.0779648098046,2311.2057542771495,2429.3690663558154,0.02603656144653848,926.8068147099549,5380.4750384118115,,2.3220949489515617,TokenDynamic,3605.9709225530523,3504.8098245169963,0.6425670130388343,0.6611137496252383,ok,,/home/renyz/project/vecops-neo/benchmarks/ops/matmul-otherlibs/results/raw/cycles/post-targeted-fixes-20260904/x86/local-x86_MatmulOtherlibsOneDNNBench_post-targeted-fixes-20260904.json
post-targeted-fixes-20260904,local-x86,Native,Intel(R) Xeon(R) w9-3495X,gcc,OpenBLAS,e0166008be8e466242aa76b2ff75ce3f0fbf574a,AVX-512+AMX-BF16,unspecified,A04_gsa_proj_r2048,af3,gsa_projection,128x65536x128,1,2048,32,bias,bf16xbf16_acc_fp32,NA,raw_e2e,separate,row_contiguous,default,auto,auto,auto,0.0,1.0,0.0,320.0,,,,,5380.4750384118115,5360.898561775684,5382.322145473713,0.0021945046271179013,399.1252877615591,5380.4750384118115,1.0,1.0,TokenDynamic,3605.9709225530523,3504.8098245169963,1.4921016153403694,1.535168898687193,ok,,/home/renyz/project/vecops-neo/benchmarks/ops/matmul-otherlibs/results/raw/cycles/post-targeted-fixes-20260904/x86/local-x86_MatmulOtherlibsOpenBLASBench_post-targeted-fixes-20260904.json
final-stage3-20260904,local-x86,Native,Intel(R) Xeon(R) w9-3495X,gcc-13.3,vecops,0b7a801a0b816f70245d24001a70ce0561c23389+dirty,AMX-BF16,,A04_gsa_proj_r2048,af3,gsa_projection,128x65536x128,1,2048,32,bias,bf16xbf16_acc_fp32,AllConst,raw_e2e,native_fused,row_contiguous,default,auto,auto,auto,0.0,1.0,0.0,320.0,,,,,3487.9552506026807,3484.058715112041,3495.964274916332,0.0015390179233281509,615.6855503317992,,,,TokenDynamic,3377.1116903240213,3487.9552506026807,1.03282200011218,1.0,ok,,/home/renyz/project/vecops-neo-validate-stage3/benchmarks/results/final-x86-stage3/local-x86-stage3_MatmulOtherlibsVecopsBiasBench_final-stage3-20260904.json
final-stage3-20260904,local-x86,Native,Intel(R) Xeon(R) w9-3495X,gcc-13.3,vecops,0b7a801a0b816f70245d24001a70ce0561c23389+dirty,AMX-BF16,,A04_gsa_proj_r2048,af3,gsa_projection,128x65536x128,1,2048,32,bias,bf16xbf16_acc_fp32,TokenDynamic,raw_e2e,native_fused,row_contiguous,default,auto,auto,auto,0.0,1.0,0.0,320.0,,,,,3377.1116903240213,3371.1666428384233,3386.1843329976264,0.0022551369870539573,635.8935815338571,,,,TokenDynamic,3377.1116903240213,3487.9552506026807,1.0,0.9682210486331477,ok,,/home/renyz/project/vecops-neo-validate-stage3/benchmarks/results/final-x86-stage3/local-x86-stage3_MatmulOtherlibsVecopsBiasBench_final-stage3-20260904.json
post-targeted-fixes-20260904,local-x86,Native,Intel(R) Xeon(R) w9-3495X,gcc,LIBXSMM,3668d249637792dcc988414eb3d2a374033743df,AVX-512+AMX-BF16,,A04_gsa_proj_r2048,af3,gsa_projection,128x65536x128,1,2048,32,bias_relu,bf16xbf16_acc_fp32,NA,prepared_execute,separate,row_contiguous,default,auto,auto,auto,0.0,0.0,1.0,320.0,,,1.0,0.0,8183.566059040672,7895.61505901956,8200.455836349112,0.017784659463162038,262.41416425393174,5363.566115892564,,0.6554069555004379,TokenDynamic,4447.14096750343,3965.3501431790314,1.8401858899550074,2.0637688384511454,ok,,/home/renyz/project/vecops-neo/benchmarks/ops/matmul-otherlibs/results/raw/cycles/post-targeted-fixes-20260904/x86/local-x86_MatmulOtherlibsLIBXSMMBench_post-targeted-fixes-20260904.json
post-targeted-fixes-20260904,local-x86,Native,Intel(R) Xeon(R) w9-3495X,gcc,oneDNN,0e2a5bfeef1bfbffc3137464606540233086ce9b,AVX-512+AMX-BF16,brg_matmul:avx10_1_512_amx,A04_gsa_proj_r2048,af3,gsa_projection,128x65536x128,1,2048,32,bias_relu,bf16xbf16_acc_fp32,NA,prepared_execute,separate,row_contiguous,default,auto,auto,auto,0.0,0.0,1.0,320.0,,,,,3325.6625957576375,3320.6180623632717,3351.840552447053,0.005514649853630155,645.7310644619888,5363.566115892564,,1.6127812011761404,TokenDynamic,4447.14096750343,3965.3501431790314,0.7478203682004313,0.8386806903996239,ok,,/home/renyz/project/vecops-neo/benchmarks/ops/matmul-otherlibs/results/raw/cycles/post-targeted-fixes-20260904/x86/local-x86_MatmulOtherlibsOneDNNBench_post-targeted-fixes-20260904.json
post-targeted-fixes-20260904,local-x86,Native,Intel(R) Xeon(R) w9-3495X,gcc,OpenBLAS,e0166008be8e466242aa76b2ff75ce3f0fbf574a,AVX-512+AMX-BF16,unspecified,A04_gsa_proj_r2048,af3,gsa_projection,128x65536x128,1,2048,32,bias_relu,bf16xbf16_acc_fp32,NA,raw_e2e,separate,row_contiguous,default,auto,auto,auto,0.0,1.0,0.0,320.0,,,,,5363.566115892564,5331.929030496843,5370.176392562616,0.0035609026979285864,400.38355109241195,5363.566115892564,1.0,1.0,TokenDynamic,4447.14096750343,3965.3501431790314,1.2060706316902754,1.3526084512659402,ok,,/home/renyz/project/vecops-neo/benchmarks/ops/matmul-otherlibs/results/raw/cycles/post-targeted-fixes-20260904/x86/local-x86_MatmulOtherlibsOpenBLASBench_post-targeted-fixes-20260904.json
final-stage3-20260904,local-x86,Native,Intel(R) Xeon(R) w9-3495X,gcc-13.3,vecops,0b7a801a0b816f70245d24001a70ce0561c23389+dirty,AMX-BF16,,A04_gsa_proj_r2048,af3,gsa_projection,128x65536x128,1,2048,32,bias_relu,bf16xbf16_acc_fp32,AllConst,raw_e2e,native_fused,row_contiguous,default,auto,auto,auto,0.0,1.0,0.0,320.0,,,,,3862.851139274426,3860.3208554882763,3868.1189497260166,0.0009528601614209407,555.9322817713784,,,,TokenDynamic,4093.0194706614943,3862.851139274426,0.9437656397588869,1.0,ok,,/home/renyz/project/vecops-neo-validate-stage3/benchmarks/results/final-x86-stage3/local-x86-stage3_MatmulOtherlibsVecopsBiasReluBench_final-stage3-20260904.json
final-stage3-20260904,local-x86,Native,Intel(R) Xeon(R) w9-3495X,gcc-13.3,vecops,0b7a801a0b816f70245d24001a70ce0561c23389+dirty,AMX-BF16,,A04_gsa_proj_r2048,af3,gsa_projection,128x65536x128,1,2048,32,bias_relu,bf16xbf16_acc_fp32,TokenDynamic,raw_e2e,native_fused,row_contiguous,default,auto,auto,auto,0.0,1.0,0.0,320.0,,,,,4093.0194706614943,4081.470241105896,4310.455288299742,0.026580694911261547,524.6697855685827,,,,TokenDynamic,4093.0194706614943,3862.851139274426,1.0,1.059585089636745,ok,,/home/renyz/project/vecops-neo-validate-stage3/benchmarks/results/final-x86-stage3/local-x86-stage3_MatmulOtherlibsVecopsBiasReluBench_final-stage3-20260904.json
post-targeted-fixes-20260904,local-x86,Native,Intel(R) Xeon(R) w9-3495X,gcc,LIBXSMM,3668d249637792dcc988414eb3d2a374033743df,AVX-512+AMX-BF16,,A04_gsa_proj_r2048,af3,gsa_projection,128x65536x128,1,2048,32,gemm,bf16xbf16_acc_fp32,NA,prepared_execute,native,row_contiguous,default,auto,auto,auto,0.0,0.0,1.0,320.0,,,1.0,0.0,7190.879945961856,7176.966968262078,7194.506179382043,0.001129614205569222,298.6398972223074,4376.503749881522,,0.6086186645821019,TokenDynamic,3812.0116215715234,3243.8392091683263,1.8863740879670705,2.2167806362404425,ok,,/home/renyz/project/vecops-neo/benchmarks/ops/matmul-otherlibs/results/raw/cycles/post-targeted-fixes-20260904/x86/local-x86_MatmulOtherlibsLIBXSMMBench_post-targeted-fixes-20260904.json
post-targeted-fixes-20260904,local-x86,Native,Intel(R) Xeon(R) w9-3495X,gcc,oneDNN,0e2a5bfeef1bfbffc3137464606540233086ce9b,AVX-512+AMX-BF16,brg_matmul:avx10_1_512_amx,A04_gsa_proj_r2048,af3,gsa_projection,128x65536x128,1,2048,32,gemm,bf16xbf16_acc_fp32,NA,prepared_execute,native,row_contiguous,default,auto,auto,auto,0.0,0.0,1.0,320.0,,,,,1885.9150272013774,1881.6165001496572,1889.605756701172,0.0019136261544265662,1138.6958675369272,4376.503749881522,,2.3206261611776213,TokenDynamic,3812.0116215715234,3243.8392091683263,0.4947296111400359,0.581383633896237,ok,,/home/renyz/project/vecops-neo/benchmarks/ops/matmul-otherlibs/results/raw/cycles/post-targeted-fixes-20260904/x86/local-x86_MatmulOtherlibsOneDNNBench_post-targeted-fixes-20260904.json
post-targeted-fixes-20260904,local-x86,Native,Intel(R) Xeon(R) w9-3495X,gcc,OpenBLAS,e0166008be8e466242aa76b2ff75ce3f0fbf574a,AVX-512+AMX-BF16,unspecified,A04_gsa_proj_r2048,af3,gsa_projection,128x65536x128,1,2048,32,gemm,bf16xbf16_acc_fp32,NA,raw_e2e,native,row_contiguous,default,auto,auto,auto,0.0,1.0,0.0,320.0,,,,,4376.503749881522,4349.522743359558,4383.273400162579,0.0036367793760512966,490.68474991210405,4376.503749881522,1.0,1.0,TokenDynamic,3812.0116215715234,3243.8392091683263,1.1480824783207988,1.3491740705001203,ok,,/home/renyz/project/vecops-neo/benchmarks/ops/matmul-otherlibs/results/raw/cycles/post-targeted-fixes-20260904/x86/local-x86_MatmulOtherlibsOpenBLASBench_post-targeted-fixes-20260904.json
final-stage3-20260904,local-x86,Native,Intel(R) Xeon(R) w9-3495X,gcc-13.3,vecops,0b7a801a0b816f70245d24001a70ce0561c23389+dirty,AMX-BF16,,A04_gsa_proj_r2048,af3,gsa_projection,128x65536x128,1,2048,32,gemm,bf16xbf16_acc_fp32,AllConst,raw_e2e,native,row_contiguous,default,auto,auto,auto,0.0,1.0,0.0,320.0,,,,,3252.1125584364286,3099.9797117506523,3254.0374976951025,0.023140011506882514,660.3349697811447,,,,TokenDynamic,3242.7060461148276,3252.1125584364286,1.002900821779042,1.0,ok,,/home/renyz/project/vecops-neo-validate-stage3/benchmarks/results/final-x86-stage3/local-x86-stage3_MatmulOtherlibsVecopsAF3ProjectionBench_final-stage3-20260904.json
final-stage3-20260904,local-x86,Native,Intel(R) Xeon(R) w9-3495X,gcc-13.3,vecops,0b7a801a0b816f70245d24001a70ce0561c23389+dirty,AMX-BF16,,A04_gsa_proj_r2048,af3,gsa_projection,128x65536x128,1,2048,32,gemm,bf16xbf16_acc_fp32,TokenDynamic,raw_e2e,native,row_contiguous,default,auto,auto,auto,0.0,1.0,0.0,320.0,,,,,3242.7060461148276,3187.819516697769,3248.8684697878048,0.008876458307189215,662.2504838429488,,,,TokenDynamic,3242.7060461148276,3252.1125584364286,1.0,0.9971075686488159,ok,,/home/renyz/project/vecops-neo-validate-stage3/benchmarks/results/final-x86-stage3/local-x86-stage3_MatmulOtherlibsVecopsAF3ProjectionBench_final-stage3-20260904.json
post-targeted-fixes-20260904,local-x86,Native,Intel(R) Xeon(R) w9-3495X,gcc,LIBXSMM,3668d249637792dcc988414eb3d2a374033743df,AVX-512+AMX-BF16,,A04_gsa_proj_r2048,af3,gsa_projection,128x65536x128,1,2048,32,gemm_add,bf16xbf16_acc_fp32,NA,prepared_execute,native,row_contiguous,default,auto,auto,auto,0.0,0.0,1.0,320.0,,,1.0,0.0,4723.056599808237,3849.64041353669,4737.350499490277,0.09593463765694411,454.6809047529075,3381.409732022936,,0.7159367372731097,TokenDynamic,5152.862184870712,4338.382219430059,0.9165889616989128,1.0886677016735313,ok,,/home/renyz/project/vecops-neo/benchmarks/ops/matmul-otherlibs/results/raw/cycles/post-targeted-fixes-20260904/x86/local-x86_MatmulOtherlibsLIBXSMMBench_post-targeted-fixes-20260904.json
post-targeted-fixes-20260904,local-x86,Native,Intel(R) Xeon(R) w9-3495X,gcc,oneDNN,0e2a5bfeef1bfbffc3137464606540233086ce9b,AVX-512+AMX-BF16,brg_matmul:avx10_1_512_amx,A04_gsa_proj_r2048,af3,gsa_projection,128x65536x128,1,2048,32,gemm_add,bf16xbf16_acc_fp32,NA,prepared_execute,native,row_contiguous,default,auto,auto,auto,0.0,0.0,1.0,320.0,,,,,2215.2007297827076,2211.2526254551044,2220.5198253874505,0.002062764023344295,969.4307243256686,3381.409732022936,,1.526457483767001,TokenDynamic,5152.862184870712,4338.382219430059,0.42989714265728773,0.5106052481640777,ok,,/home/renyz/project/vecops-neo/benchmarks/ops/matmul-otherlibs/results/raw/cycles/post-targeted-fixes-20260904/x86/local-x86_MatmulOtherlibsOneDNNBench_post-targeted-fixes-20260904.json
post-targeted-fixes-20260904,local-x86,Native,Intel(R) Xeon(R) w9-3495X,gcc,OpenBLAS,e0166008be8e466242aa76b2ff75ce3f0fbf574a,AVX-512+AMX-BF16,unspecified,A04_gsa_proj_r2048,af3,gsa_projection,128x65536x128,1,2048,32,gemm_add,bf16xbf16_acc_fp32,NA,raw_e2e,native,row_contiguous,default,auto,auto,auto,0.0,1.0,0.0,320.0,,,,,3381.409732022936,3358.9878731418585,3383.1699901805596,0.003425940047702151,635.0853100299274,3381.409732022936,1.0,1.0,TokenDynamic,5152.862184870712,4338.382219430059,0.6562197106592669,0.7794172023107632,ok,,/home/renyz/project/vecops-neo/benchmarks/ops/matmul-otherlibs/results/raw/cycles/post-targeted-fixes-20260904/x86/local-x86_MatmulOtherlibsOpenBLASBench_post-targeted-fixes-20260904.json
final-stage3-20260904,local-x86,Native,Intel(R) Xeon(R) w9-3495X,gcc-13.3,vecops,0b7a801a0b816f70245d24001a70ce0561c23389+dirty,AMX-BF16,,A04_gsa_proj_r2048,af3,gsa_projection,128x65536x128,1,2048,32,gemm_add,bf16xbf16_acc_fp32,AllConst,raw_e2e,native,row_contiguous,default,auto,auto,auto,0.0,1.0,0.0,320.0,,,,,4339.54415620974,4333.561606654256,4360.540093693998,0.0028022150966812826,494.86387756350484,,,,TokenDynamic,4583.0130327357765,4339.54415620974,0.9468758053300362,1.0,ok,,/home/renyz/project/vecops-neo-validate-stage3/benchmarks/results/final-x86-stage3/local-x86-stage3_MatmulOtherlibsVecopsAF3ProjectionBench_final-stage3-20260904.json
final-stage3-20260904,local-x86,Native,Intel(R) Xeon(R) w9-3495X,gcc-13.3,vecops,0b7a801a0b816f70245d24001a70ce0561c23389+dirty,AMX-BF16,,A04_gsa_proj_r2048,af3,gsa_projection,128x65536x128,1,2048,32,gemm_add,bf16xbf16_acc_fp32,TokenDynamic,raw_e2e,native,row_contiguous,default,auto,auto,auto,0.0,1.0,0.0,320.0,,,,,4583.0130327357765,4540.937612651877,4593.519180742723,0.006000007167611718,468.57463259668816,,,,TokenDynamic,4583.0130327357765,4339.54415620974,1.0,1.0561047123296672,ok,,/home/renyz/project/vecops-neo-validate-stage3/benchmarks/results/final-x86-stage3/local-x86-stage3_MatmulOtherlibsVecopsAF3ProjectionBench_final-stage3-20260904.json
post-targeted-fixes-20260904,local-x86,Native,Intel(R) Xeon(R) w9-3495X,gcc,LIBXSMM,3668d249637792dcc988414eb3d2a374033743df,AVX-512+AMX-BF16,,A05_pair_bias_r128,af3,pair_bias_projection,4x16384x128,1,128,0,gemm,bf16xbf16_acc_fp32,NA,prepared_execute,native,row_contiguous,default,auto,auto,auto,0.0,0.0,1.0,1.0,,,1.0,0.0,158.18265463282304,158.1258031644209,159.4215891645637,0.0038515271520028075,106.06229892236688,304.7723478116298,,1.9267115507643608,TokenDynamic,161.48236416673254,160.56422196255113,0.9795661306363925,0.9851675092955419,ok,,/home/renyz/project/vecops-neo/benchmarks/ops/matmul-otherlibs/results/raw/cycles/post-targeted-fixes-20260904/x86/local-x86_MatmulOtherlibsLIBXSMMBench_post-targeted-fixes-20260904.json
post-targeted-fixes-20260904,local-x86,Native,Intel(R) Xeon(R) w9-3495X,gcc,oneDNN,0e2a5bfeef1bfbffc3137464606540233086ce9b,AVX-512+AMX-BF16,brg_matmul:avx10_1_512_amx,A05_pair_bias_r128,af3,pair_bias_projection,4x16384x128,1,128,0,gemm,bf16xbf16_acc_fp32,NA,prepared_execute,native,row_contiguous,default,auto,auto,auto,0.0,0.0,1.0,1.0,,,,,233.39424335669418,233.25457398702082,233.83526497248872,0.001513024142897165,71.88358958091156,304.7723478116298,,1.3058263281406182,TokenDynamic,161.48236416673254,160.56422196255113,1.4453234231554335,1.4535881063910328,ok,,/home/renyz/project/vecops-neo/benchmarks/ops/matmul-otherlibs/results/raw/cycles/post-targeted-fixes-20260904/x86/local-x86_MatmulOtherlibsOneDNNBench_post-targeted-fixes-20260904.json
post-targeted-fixes-20260904,local-x86,Native,Intel(R) Xeon(R) w9-3495X,gcc,OpenBLAS,e0166008be8e466242aa76b2ff75ce3f0fbf574a,AVX-512+AMX-BF16,unspecified,A05_pair_bias_r128,af3,pair_bias_projection,4x16384x128,1,128,0,gemm,bf16xbf16_acc_fp32,NA,raw_e2e,native,row_contiguous,default,auto,auto,auto,0.0,1.0,0.0,1.0,,,,,304.7723478116298,289.956051337472,305.2968817444154,0.024519704074292787,55.048353698969656,304.7723478116298,1.0,1.0,TokenDynamic,161.48236416673254,160.56422196255113,1.8873413786346884,1.8981336195974765,ok,,/home/renyz/project/vecops-neo/benchmarks/ops/matmul-otherlibs/results/raw/cycles/post-targeted-fixes-20260904/x86/local-x86_MatmulOtherlibsOpenBLASBench_post-targeted-fixes-20260904.json
final-stage3-20260904,local-x86,Native,Intel(R) Xeon(R) w9-3495X,gcc-13.3,vecops,0b7a801a0b816f70245d24001a70ce0561c23389+dirty,AMX-BF16,,A05_pair_bias_r128,af3,pair_bias_projection,4x16384x128,1,128,0,gemm,bf16xbf16_acc_fp32,AllConst,raw_e2e,native,row_contiguous,default,auto,auto,auto,0.0,1.0,0.0,1.0,,,,,185.47809680779304,185.26630264438876,186.68604296890263,0.003759169105301534,90.45389341786199,,,,TokenDynamic,186.91859731916338,185.47809680779304,0.9922934339759104,1.0,ok,,/home/renyz/project/vecops-neo-validate-stage3/benchmarks/results/final-x86-stage3/local-x86-stage3_MatmulOtherlibsVecopsAF3ProjectionBench_final-stage3-20260904.json
final-stage3-20260904,local-x86,Native,Intel(R) Xeon(R) w9-3495X,gcc-13.3,vecops,0b7a801a0b816f70245d24001a70ce0561c23389+dirty,AMX-BF16,,A05_pair_bias_r128,af3,pair_bias_projection,4x16384x128,1,128,0,gemm,bf16xbf16_acc_fp32,TokenDynamic,raw_e2e,native,row_contiguous,default,auto,auto,auto,0.0,1.0,0.0,1.0,,,,,186.91859731916338,186.7463578780492,187.75508852365118,0.002517039205345512,89.75680451610128,,,,TokenDynamic,186.91859731916338,185.47809680779304,1.0,1.0077664184405726,ok,,/home/renyz/project/vecops-neo-validate-stage3/benchmarks/results/final-x86-stage3/local-x86-stage3_MatmulOtherlibsVecopsAF3ProjectionBench_final-stage3-20260904.json
post-targeted-fixes-20260904,local-x86,Native,Intel(R) Xeon(R) w9-3495X,gcc,LIBXSMM,3668d249637792dcc988414eb3d2a374033743df,AVX-512+AMX-BF16,,A05_pair_bias_r128,af3,pair_bias_projection,4x16384x128,1,128,0,gemm_add,bf16xbf16_acc_fp32,NA,prepared_execute,native,row_contiguous,default,auto,auto,auto,0.0,0.0,1.0,1.0,,,1.0,0.0,171.8340280891643,171.54940633701395,172.31638337626504,0.002068012801085026,97.6361677984662,299.5331820157383,,1.7431540501414027,TokenDynamic,177.7507718791182,176.98614537396836,0.9667132596533664,0.970889714141648,ok,,/home/renyz/project/vecops-neo/benchmarks/ops/matmul-otherlibs/results/raw/cycles/post-targeted-fixes-20260904/x86/local-x86_MatmulOtherlibsLIBXSMMBench_post-targeted-fixes-20260904.json
post-targeted-fixes-20260904,local-x86,Native,Intel(R) Xeon(R) w9-3495X,gcc,oneDNN,0e2a5bfeef1bfbffc3137464606540233086ce9b,AVX-512+AMX-BF16,brg_matmul:avx10_1_512_amx,A05_pair_bias_r128,af3,pair_bias_projection,4x16384x128,1,128,0,gemm_add,bf16xbf16_acc_fp32,NA,prepared_execute,native,row_contiguous,default,auto,auto,auto,0.0,0.0,1.0,1.0,,,,,284.3002424065153,283.67595394547885,285.05047943059907,0.002148620072841562,59.01231690126592,299.5331820157383,,1.0535804664824793,TokenDynamic,177.7507718791182,176.98614537396836,1.599431830314962,1.6063417947534497,ok,,/home/renyz/project/vecops-neo/benchmarks/ops/matmul-otherlibs/results/raw/cycles/post-targeted-fixes-20260904/x86/local-x86_MatmulOtherlibsOneDNNBench_post-targeted-fixes-20260904.json
post-targeted-fixes-20260904,local-x86,Native,Intel(R) Xeon(R) w9-3495X,gcc,OpenBLAS,e0166008be8e466242aa76b2ff75ce3f0fbf574a,AVX-512+AMX-BF16,unspecified,A05_pair_bias_r128,af3,pair_bias_projection,4x16384x128,1,128,0,gemm_add,bf16xbf16_acc_fp32,NA,raw_e2e,native,row_contiguous,default,auto,auto,auto,0.0,1.0,0.0,1.0,,,,,299.5331820157383,283.94763556117596,299.6676715392005,0.026035667743582926,56.01121013403609,299.5331820157383,1.0,1.0,TokenDynamic,177.7507718791182,176.98614537396836,1.6851301338901632,1.6924103374466424,ok,,/home/renyz/project/vecops-neo/benchmarks/ops/matmul-otherlibs/results/raw/cycles/post-targeted-fixes-20260904/x86/local-x86_MatmulOtherlibsOpenBLASBench_post-targeted-fixes-20260904.json
final-stage3-20260904,local-x86,Native,Intel(R) Xeon(R) w9-3495X,gcc-13.3,vecops,0b7a801a0b816f70245d24001a70ce0561c23389+dirty,AMX-BF16,,A05_pair_bias_r128,af3,pair_bias_projection,4x16384x128,1,128,0,gemm_add,bf16xbf16_acc_fp32,AllConst,raw_e2e,native,row_contiguous,default,auto,auto,auto,0.0,1.0,0.0,1.0,,,,,205.00626062188914,204.7070696739286,206.11524303398733,0.0032474868394212985,81.83757876030761,,,,TokenDynamic,207.70847415131968,205.00626062188914,0.9869903549170462,1.0,ok,,/home/renyz/project/vecops-neo-validate-stage3/benchmarks/results/final-x86-stage3/local-x86-stage3_MatmulOtherlibsVecopsAF3ProjectionBench_final-stage3-20260904.json
final-stage3-20260904,local-x86,Native,Intel(R) Xeon(R) w9-3495X,gcc-13.3,vecops,0b7a801a0b816f70245d24001a70ce0561c23389+dirty,AMX-BF16,,A05_pair_bias_r128,af3,pair_bias_projection,4x16384x128,1,128,0,gemm_add,bf16xbf16_acc_fp32,TokenDynamic,raw_e2e,native,row_contiguous,default,auto,auto,auto,0.0,1.0,0.0,1.0,,,,,207.70847415131968,207.0295249567294,208.32098197491845,0.003263173045729848,80.77290090618773,,,,TokenDynamic,207.70847415131968,205.00626062188914,1.0,1.0131811268652642,ok,,/home/renyz/project/vecops-neo-validate-stage3/benchmarks/results/final-x86-stage3/local-x86-stage3_MatmulOtherlibsVecopsAF3ProjectionBench_final-stage3-20260904.json
post-targeted-fixes-20260904,local-x86,Native,Intel(R) Xeon(R) w9-3495X,gcc,LIBXSMM,3668d249637792dcc988414eb3d2a374033743df,AVX-512+AMX-BF16,,A06_pair_bias_r512,af3,pair_bias_projection,4x262144x128,1,512,0,gemm,bf16xbf16_acc_fp32,NA,prepared_execute,native,row_contiguous,default,auto,auto,auto,0.0,0.0,1.0,1.0,,,1.0,0.0,2662.3843077686615,2656.7962233317444,2677.008426913884,0.004722665553708745,100.82520965013317,5069.0931072624935,,1.9039674672327411,TokenDynamic,3201.4368842410054,3170.431181470948,0.8316216761524123,0.8397546438883515,ok,,/home/renyz/project/vecops-neo/benchmarks/ops/matmul-otherlibs/results/raw/cycles/post-targeted-fixes-20260904/x86/local-x86_MatmulOtherlibsLIBXSMMBench_post-targeted-fixes-20260904.json
post-targeted-fixes-20260904,local-x86,Native,Intel(R) Xeon(R) w9-3495X,gcc,oneDNN,0e2a5bfeef1bfbffc3137464606540233086ce9b,AVX-512+AMX-BF16,brg_matmul:avx10_1_512_amx,A06_pair_bias_r512,af3,pair_bias_projection,4x262144x128,1,512,0,gemm,bf16xbf16_acc_fp32,NA,prepared_execute,native,row_contiguous,default,auto,auto,auto,0.0,0.0,1.0,1.0,,,,,4114.402352784322,4109.456699499038,4121.513400048784,0.0016950153729444887,65.24287927706993,5069.0931072624935,,1.2320363135686299,TokenDynamic,3201.4368842410054,3170.431181470948,1.2851736584398608,1.2977422051707839,ok,,/home/renyz/project/vecops-neo/benchmarks/ops/matmul-otherlibs/results/raw/cycles/post-targeted-fixes-20260904/x86/local-x86_MatmulOtherlibsOneDNNBench_post-targeted-fixes-20260904.json
post-targeted-fixes-20260904,local-x86,Native,Intel(R) Xeon(R) w9-3495X,gcc,OpenBLAS,e0166008be8e466242aa76b2ff75ce3f0fbf574a,AVX-512+AMX-BF16,unspecified,A06_pair_bias_r512,af3,pair_bias_projection,4x262144x128,1,512,0,gemm,bf16xbf16_acc_fp32,NA,raw_e2e,native,row_contiguous,default,auto,auto,auto,0.0,1.0,0.0,1.0,,,,,5069.0931072624935,5052.037250009432,5078.418936006658,0.0025284135145560247,52.95532165613852,5069.0931072624935,1.0,1.0,TokenDynamic,3201.4368842410054,3170.431181470948,1.5833806164397555,1.598865522421037,ok,,/home/renyz/project/vecops-neo/benchmarks/ops/matmul-otherlibs/results/raw/cycles/post-targeted-fixes-20260904/x86/local-x86_MatmulOtherlibsOpenBLASBench_post-targeted-fixes-20260904.json
final-stage3-20260904,local-x86,Native,Intel(R) Xeon(R) w9-3495X,gcc-13.3,vecops,0b7a801a0b816f70245d24001a70ce0561c23389+dirty,AMX-BF16,,A06_pair_bias_r512,af3,pair_bias_projection,4x262144x128,1,512,0,gemm,bf16xbf16_acc_fp32,AllConst,raw_e2e,native,row_contiguous,default,auto,auto,auto,0.0,1.0,0.0,1.0,,,,,3168.8469548085277,3161.4641091437084,3184.9746593665755,0.0037931543487562986,84.71076698502777,,,,TokenDynamic,3199.5186588822185,3168.8469548085277,0.9904136505069152,1.0,ok,,/home/renyz/project/vecops-neo-validate-stage3/benchmarks/results/final-x86-stage3/local-x86-stage3_MatmulOtherlibsVecopsAF3ProjectionBench_final-stage3-20260904.json
final-stage3-20260904,local-x86,Native,Intel(R) Xeon(R) w9-3495X,gcc-13.3,vecops,0b7a801a0b816f70245d24001a70ce0561c23389+dirty,AMX-BF16,,A06_pair_bias_r512,af3,pair_bias_projection,4x262144x128,1,512,0,gemm,bf16xbf16_acc_fp32,TokenDynamic,raw_e2e,native,row_contiguous,default,auto,auto,auto,0.0,1.0,0.0,1.0,,,,,3199.5186588822185,3184.9417136982083,3203.2720818692314,0.003101837043826886,83.89869996688202,,,,TokenDynamic,3199.5186588822185,3168.8469548085277,1.0,1.009679137083963,ok,,/home/renyz/project/vecops-neo-validate-stage3/benchmarks/results/final-x86-stage3/local-x86-stage3_MatmulOtherlibsVecopsAF3ProjectionBench_final-stage3-20260904.json
post-targeted-fixes-20260904,local-x86,Native,Intel(R) Xeon(R) w9-3495X,gcc,LIBXSMM,3668d249637792dcc988414eb3d2a374033743df,AVX-512+AMX-BF16,,A06_pair_bias_r512,af3,pair_bias_projection,4x262144x128,1,512,0,gemm_add,bf16xbf16_acc_fp32,NA,prepared_execute,native,row_contiguous,default,auto,auto,auto,0.0,0.0,1.0,1.0,,,1.0,0.0,2946.9419168890454,2935.8926790640303,3037.7350211589755,0.021270888119530363,91.08949669539984,4928.9201436165185,,1.6725542215028653,TokenDynamic,3584.737717830695,3561.165210588737,0.8220802047052937,0.8275218201409568,ok,,/home/renyz/project/vecops-neo/benchmarks/ops/matmul-otherlibs/results/raw/cycles/post-targeted-fixes-20260904/x86/local-x86_MatmulOtherlibsLIBXSMMBench_post-targeted-fixes-20260904.json
post-targeted-fixes-20260904,local-x86,Native,Intel(R) Xeon(R) w9-3495X,gcc,oneDNN,0e2a5bfeef1bfbffc3137464606540233086ce9b,AVX-512+AMX-BF16,brg_matmul:avx10_1_512_amx,A06_pair_bias_r512,af3,pair_bias_projection,4x262144x128,1,512,0,gemm_add,bf16xbf16_acc_fp32,NA,prepared_execute,native,row_contiguous,default,auto,auto,auto,0.0,0.0,1.0,1.0,,,,,4881.8334832723285,4878.204862249951,4895.077227285647,0.0017952242246540605,54.98660634775804,4928.9201436165185,,1.0096452819428465,TokenDynamic,3584.737717830695,3561.165210588737,1.3618384014511866,1.3708528514085019,ok,,/home/renyz/project/vecops-neo/benchmarks/ops/matmul-otherlibs/results/raw/cycles/post-targeted-fixes-20260904/x86/local-x86_MatmulOtherlibsOneDNNBench_post-targeted-fixes-20260904.json
post-targeted-fixes-20260904,local-x86,Native,Intel(R) Xeon(R) w9-3495X,gcc,OpenBLAS,e0166008be8e466242aa76b2ff75ce3f0fbf574a,AVX-512+AMX-BF16,unspecified,A06_pair_bias_r512,af3,pair_bias_projection,4x262144x128,1,512,0,gemm_add,bf16xbf16_acc_fp32,NA,raw_e2e,native,row_contiguous,default,auto,auto,auto,0.0,1.0,0.0,1.0,,,,,4928.9201436165185,4908.696099924522,4946.096042944451,0.0033840774480370242,54.46131164199379,4928.9201436165185,1.0,1.0,TokenDynamic,3584.737717830695,3561.165210588737,1.3749737167937786,1.384075113662492,ok,,/home/renyz/project/vecops-neo/benchmarks/ops/matmul-otherlibs/results/raw/cycles/post-targeted-fixes-20260904/x86/local-x86_MatmulOtherlibsOpenBLASBench_post-targeted-fixes-20260904.json
final-stage3-20260904,local-x86,Native,Intel(R) Xeon(R) w9-3495X,gcc-13.3,vecops,0b7a801a0b816f70245d24001a70ce0561c23389+dirty,AMX-BF16,,A06_pair_bias_r512,af3,pair_bias_projection,4x262144x128,1,512,0,gemm_add,bf16xbf16_acc_fp32,AllConst,raw_e2e,native,row_contiguous,default,auto,auto,auto,0.0,1.0,0.0,1.0,,,,,3530.7369491933155,3509.72003578089,3565.3852921827006,0.00820545471665505,76.02816631845958,,,,TokenDynamic,3552.4082822331156,3530.7369491933155,0.9938995376324883,1.0,ok,,/home/renyz/project/vecops-neo-validate-stage3/benchmarks/results/final-x86-stage3/local-x86-stage3_MatmulOtherlibsVecopsAF3ProjectionBench_final-stage3-20260904.json
final-stage3-20260904,local-x86,Native,Intel(R) Xeon(R) w9-3495X,gcc-13.3,vecops,0b7a801a0b816f70245d24001a70ce0561c23389+dirty,AMX-BF16,,A06_pair_bias_r512,af3,pair_bias_projection,4x262144x128,1,512,0,gemm_add,bf16xbf16_acc_fp32,TokenDynamic,raw_e2e,native,row_contiguous,default,auto,auto,auto,0.0,1.0,0.0,1.0,,,,,3552.4082822331156,3542.5194715245225,3566.021476991666,0.0031591468934412848,75.5643593509629,,,,TokenDynamic,3552.4082822331156,3530.7369491933155,1.0,1.0061379064347322,ok,,/home/renyz/project/vecops-neo-validate-stage3/benchmarks/results/final-x86-stage3/local-x86-stage3_MatmulOtherlibsVecopsAF3ProjectionBench_final-stage3-20260904.json
post-targeted-fixes-20260904,local-x86,Native,Intel(R) Xeon(R) w9-3495X,gcc,LIBXSMM,3668d249637792dcc988414eb3d2a374033743df,AVX-512+AMX-BF16,,A07_pair_bias_r1536,af3,pair_bias_projection,4x2359296x128,1,1536,0,gemm,bf16xbf16_acc_fp32,NA,prepared_execute,native,row_contiguous,default,auto,auto,auto,0.0,0.0,1.0,1.0,,,1.0,0.0,54531.93433155927,54325.72846766561,54685.216267049946,0.0034978485990014747,44.302831608924514,77580.14700084459,,1.4226553294286248,TokenDynamic,61856.43699427601,61475.0480017392,0.8815886750251308,0.8870580195401637,ok,,/home/renyz/project/vecops-neo/benchmarks/ops/matmul-otherlibs/results/raw/cycles/post-targeted-fixes-20260904/x86/local-x86_MatmulOtherlibsLIBXSMMBench_post-targeted-fixes-20260904.json
post-targeted-fixes-20260904,local-x86,Native,Intel(R) Xeon(R) w9-3495X,gcc,oneDNN,0e2a5bfeef1bfbffc3137464606540233086ce9b,AVX-512+AMX-BF16,brg_matmul:avx10_1_512_amx,A07_pair_bias_r1536,af3,pair_bias_projection,4x2359296x128,1,1536,0,gemm,bf16xbf16_acc_fp32,NA,prepared_execute,native,row_contiguous,default,auto,auto,auto,0.0,0.0,1.0,1.0,,,,,68606.86300205998,68444.68180497643,69227.93359844944,0.005404000881419545,35.21395671344804,77580.14700084459,,1.1307928041909623,TokenDynamic,61856.43699427601,61475.0480017392,1.1091305341173892,1.1160115401637265,ok,,/home/renyz/project/vecops-neo/benchmarks/ops/matmul-otherlibs/results/raw/cycles/post-targeted-fixes-20260904/x86/local-x86_MatmulOtherlibsOneDNNBench_post-targeted-fixes-20260904.json
post-targeted-fixes-20260904,local-x86,Native,Intel(R) Xeon(R) w9-3495X,gcc,OpenBLAS,e0166008be8e466242aa76b2ff75ce3f0fbf574a,AVX-512+AMX-BF16,unspecified,A07_pair_bias_r1536,af3,pair_bias_projection,4x2359296x128,1,1536,0,gemm,bf16xbf16_acc_fp32,NA,raw_e2e,native,row_contiguous,default,auto,auto,auto,0.0,1.0,0.0,1.0,,,,,77580.14700084459,77257.40019814113,78258.51129600777,0.00757551108292844,31.140945169563786,77580.14700084459,1.0,1.0,TokenDynamic,61856.43699427601,61475.0480017392,1.2541968268884223,1.2619778190112152,ok,,/home/renyz/project/vecops-neo/benchmarks/ops/matmul-otherlibs/results/raw/cycles/post-targeted-fixes-20260904/x86/local-x86_MatmulOtherlibsOpenBLASBench_post-targeted-fixes-20260904.json
final-stage3-20260904,local-x86,Native,Intel(R) Xeon(R) w9-3495X,gcc-13.3,vecops,0b7a801a0b816f70245d24001a70ce0561c23389+dirty,AMX-BF16,,A07_pair_bias_r1536,af3,pair_bias_projection,4x2359296x128,1,1536,0,gemm,bf16xbf16_acc_fp32,AllConst,raw_e2e,native,row_contiguous,default,auto,auto,auto,0.0,1.0,0.0,1.0,,,,,61359.51199394185,61218.053902848624,62030.25240101852,0.006292147975215152,39.37317989488783,,,,TokenDynamic,62129.27649903577,61359.51199394185,0.9876102773367099,1.0,ok,,/home/renyz/project/vecops-neo-validate-stage3/benchmarks/results/final-x86-stage3/local-x86-stage3_MatmulOtherlibsVecopsAF3ProjectionBench_final-stage3-20260904.json
final-stage3-20260904,local-x86,Native,Intel(R) Xeon(R) w9-3495X,gcc-13.3,vecops,0b7a801a0b816f70245d24001a70ce0561c23389+dirty,AMX-BF16,,A07_pair_bias_r1536,af3,pair_bias_projection,4x2359296x128,1,1536,0,gemm,bf16xbf16_acc_fp32,TokenDynamic,raw_e2e,native,row_contiguous,default,auto,auto,auto,0.0,1.0,0.0,1.0,,,,,62129.27649903577,61957.87670149002,62412.4462105101,0.003794893293651819,38.88535711561834,,,,TokenDynamic,62129.27649903577,61359.51199394185,1.0,1.0125451536376286,ok,,/home/renyz/project/vecops-neo-validate-stage3/benchmarks/results/final-x86-stage3/local-x86-stage3_MatmulOtherlibsVecopsAF3ProjectionBench_final-stage3-20260904.json
post-targeted-fixes-20260904,local-x86,Native,Intel(R) Xeon(R) w9-3495X,gcc,LIBXSMM,3668d249637792dcc988414eb3d2a374033743df,AVX-512+AMX-BF16,,A07_pair_bias_r1536,af3,pair_bias_projection,4x2359296x128,1,1536,0,gemm_add,bf16xbf16_acc_fp32,NA,prepared_execute,native,row_contiguous,default,auto,auto,auto,0.0,0.0,1.0,1.0,,,1.0,0.0,59967.6435085712,59654.68829963357,60342.99590101,0.004928623851257343,40.28704419000042,76320.99650800228,,1.272702945165649,TokenDynamic,66267.82500825357,65773.1739920564,0.9049285003861575,0.9117340682968051,ok,,/home/renyz/project/vecops-neo/benchmarks/ops/matmul-otherlibs/results/raw/cycles/post-targeted-fixes-20260904/x86/local-x86_MatmulOtherlibsLIBXSMMBench_post-targeted-fixes-20260904.json
post-targeted-fixes-20260904,local-x86,Native,Intel(R) Xeon(R) w9-3495X,gcc,oneDNN,0e2a5bfeef1bfbffc3137464606540233086ce9b,AVX-512+AMX-BF16,brg_matmul:avx10_1_512_amx,A07_pair_bias_r1536,af3,pair_bias_projection,4x2359296x128,1,1536,0,gemm_add,bf16xbf16_acc_fp32,NA,prepared_execute,native,row_contiguous,default,auto,auto,auto,0.0,0.0,1.0,1.0,,,,,77025.83300124388,76462.22039766144,77099.74320605399,0.0039108786650319995,31.36505000810553,76320.99650800228,,0.9908493492925909,TokenDynamic,66267.82500825357,65773.1739920564,1.1623413472775124,1.1710828036145329,ok,,/home/renyz/project/vecops-neo/benchmarks/ops/matmul-otherlibs/results/raw/cycles/post-targeted-fixes-20260904/x86/local-x86_MatmulOtherlibsOneDNNBench_post-targeted-fixes-20260904.json
post-targeted-fixes-20260904,local-x86,Native,Intel(R) Xeon(R) w9-3495X,gcc,OpenBLAS,e0166008be8e466242aa76b2ff75ce3f0fbf574a,AVX-512+AMX-BF16,unspecified,A07_pair_bias_r1536,af3,pair_bias_projection,4x2359296x128,1,1536,0,gemm_add,bf16xbf16_acc_fp32,NA,raw_e2e,native,row_contiguous,default,auto,auto,auto,0.0,1.0,0.0,1.0,,,,,76320.99650800228,75931.35240022093,76491.62099405656,0.004382436790009688,31.654711213665692,76320.99650800228,1.0,1.0,TokenDynamic,66267.82500825357,65773.1739920564,1.1517051676057968,1.160366633929203,ok,,/home/renyz/project/vecops-neo/benchmarks/ops/matmul-otherlibs/results/raw/cycles/post-targeted-fixes-20260904/x86/local-x86_MatmulOtherlibsOpenBLASBench_post-targeted-fixes-20260904.json
final-stage3-20260904,local-x86,Native,Intel(R) Xeon(R) w9-3495X,gcc-13.3,vecops,0b7a801a0b816f70245d24001a70ce0561c23389+dirty,AMX-BF16,,A07_pair_bias_r1536,af3,pair_bias_projection,4x2359296x128,1,1536,0,gemm_add,bf16xbf16_acc_fp32,AllConst,raw_e2e,native,row_contiguous,default,auto,auto,auto,0.0,1.0,0.0,1.0,,,,,65763.16799328197,65620.13019283766,66133.09020176531,0.0047475080108240805,36.73665940556267,,,,TokenDynamic,66526.27651055809,65763.16799328197,0.9885292164644895,1.0,ok,,/home/renyz/project/vecops-neo-validate-stage3/benchmarks/results/final-x86-stage3/local-x86-stage3_MatmulOtherlibsVecopsAF3ProjectionBench_final-stage3-20260904.json
final-stage3-20260904,local-x86,Native,Intel(R) Xeon(R) w9-3495X,gcc-13.3,vecops,0b7a801a0b816f70245d24001a70ce0561c23389+dirty,AMX-BF16,,A07_pair_bias_r1536,af3,pair_bias_projection,4x2359296x128,1,1536,0,gemm_add,bf16xbf16_acc_fp32,TokenDynamic,raw_e2e,native,row_contiguous,default,auto,auto,auto,0.0,1.0,0.0,1.0,,,,,66526.27651055809,66281.62799752316,66887.29379675351,0.004413975032492259,36.315261137703686,,,,TokenDynamic,66526.27651055809,65763.16799328197,1.0,1.0116038892371195,ok,,/home/renyz/project/vecops-neo-validate-stage3/benchmarks/results/final-x86-stage3/local-x86-stage3_MatmulOtherlibsVecopsAF3ProjectionBench_final-stage3-20260904.json
post-targeted-fixes-20260904,local-x86,Native,Intel(R) Xeon(R) w9-3495X,gcc,LIBXSMM,3668d249637792dcc988414eb3d2a374033743df,AVX-512+AMX-BF16,,A08_gsa_qk_r128,af3,gsa_qk,128x128x32,4,128,128,gemm,bf16xbf16_acc_fp32,NA,prepared_execute,native,row_contiguous,default,auto,auto,auto,0.0,0.0,1.0,128.0,,,1.0,0.0,7.354192564026616,7.348289035744337,10.01270494877102,0.15995811657672365,570.3282805670112,16.281234453670983,,2.213871109836234,TokenDynamic,6.486195557019955,8.531444774980736,1.1338222073904687,0.862010217260443,ok,,/home/renyz/project/vecops-neo/benchmarks/ops/matmul-otherlibs/results/raw/cycles/post-targeted-fixes-20260904/x86/local-x86_MatmulOtherlibsLIBXSMMBench_post-targeted-fixes-20260904.json
post-targeted-fixes-20260904,local-x86,Native,Intel(R) Xeon(R) w9-3495X,gcc,oneDNN,0e2a5bfeef1bfbffc3137464606540233086ce9b,AVX-512+AMX-BF16,brg_matmul:avx10_1_512_amx,A08_gsa_qk_r128,af3,gsa_qk,128x128x32,4,128,128,gemm,bf16xbf16_acc_fp32,NA,prepared_execute,native,row_contiguous,default,auto,auto,auto,1.0,0.0,1.0,128.0,,,,,5.776199941990842,5.772036206848157,5.777170315749212,0.00039678054252354427,726.1355289156385,16.281234453670983,,2.8186757067241417,TokenDynamic,6.486195557019955,8.531444774980736,0.8905374331088907,0.6770482719328021,ok,,/home/renyz/project/vecops-neo/benchmarks/ops/matmul-otherlibs/results/raw/cycles/post-targeted-fixes-20260904/x86/local-x86_MatmulOtherlibsOneDNNBench_post-targeted-fixes-20260904.json
post-targeted-fixes-20260904,local-x86,Native,Intel(R) Xeon(R) w9-3495X,gcc,OpenBLAS,e0166008be8e466242aa76b2ff75ce3f0fbf574a,AVX-512+AMX-BF16,unspecified,A08_gsa_qk_r128,af3,gsa_qk,128x128x32,4,128,128,gemm,bf16xbf16_acc_fp32,NA,raw_e2e,native,row_contiguous,default,auto,auto,auto,0.0,1.0,0.0,128.0,,,,,16.281234453670983,15.99692875217359,16.511610307251527,0.014040224051739826,257.61584675505344,16.281234453670983,1.0,1.0,TokenDynamic,6.486195557019955,8.531444774980736,2.5101362286325055,1.9083795163765502,ok,,/home/renyz/project/vecops-neo/benchmarks/ops/matmul-otherlibs/results/raw/cycles/post-targeted-fixes-20260904/x86/local-x86_MatmulOtherlibsOpenBLASBench_post-targeted-fixes-20260904.json
final-stage3-20260904,local-x86,Native,Intel(R) Xeon(R) w9-3495X,gcc-13.3,vecops,0b7a801a0b816f70245d24001a70ce0561c23389+dirty,AMX-BF16,,A08_gsa_qk_r128,af3,gsa_qk,128x128x32,4,128,128,gemm,bf16xbf16_acc_fp32,AllConst,raw_e2e,native,row_contiguous,default,auto,auto,auto,1.0,1.0,0.0,128.0,,,,,7.5607010058682675,7.514214559614513,7.693522495970211,0.013746422453060266,554.7506767883791,,,,TokenDynamic,8.650990108492392,7.5607010058682675,0.8739694429249406,1.0,ok,,/home/renyz/project/vecops-neo-validate-stage3/benchmarks/results/final-x86-stage3/local-x86-stage3_MatmulOtherlibsVecopsAF3AttentionShallowBench_final-stage3-20260904.json
final-stage3-20260904,local-x86,Native,Intel(R) Xeon(R) w9-3495X,gcc-13.3,vecops,0b7a801a0b816f70245d24001a70ce0561c23389+dirty,AMX-BF16,,A08_gsa_qk_r128,af3,gsa_qk,128x128x32,4,128,128,gemm,bf16xbf16_acc_fp32,TokenDynamic,raw_e2e,native,row_contiguous,default,auto,auto,auto,1.0,1.0,0.0,128.0,,,,,8.650990108492392,8.234978820335957,9.561324010011704,0.06679932368621698,484.8351399549735,,,,TokenDynamic,8.650990108492392,7.5607010058682675,1.0,1.1442047637881583,ok,,/home/renyz/project/vecops-neo-validate-stage3/benchmarks/results/final-x86-stage3/local-x86-stage3_MatmulOtherlibsVecopsAF3AttentionShallowBench_final-stage3-20260904.json
post-targeted-fixes-20260904,local-x86,Native,Intel(R) Xeon(R) w9-3495X,gcc,LIBXSMM,3668d249637792dcc988414eb3d2a374033743df,AVX-512+AMX-BF16,,A08_gsa_qk_r128,af3,gsa_qk,128x128x32,4,128,128,gemm_add,bf16xbf16_acc_fp32,NA,prepared_execute,native,row_contiguous,default,auto,auto,auto,0.0,0.0,1.0,128.0,,,1.0,0.0,6.797678293014228,6.76291246439601,9.512403904870157,0.17640840648520908,617.0200793865696,11.788389713356016,,1.7341788188874125,TokenDynamic,12.860533408620043,13.345651739238162,0.5285689230011208,0.5093552885864736,ok,,/home/renyz/project/vecops-neo/benchmarks/ops/matmul-otherlibs/results/raw/cycles/post-targeted-fixes-20260904/x86/local-x86_MatmulOtherlibsLIBXSMMBench_post-targeted-fixes-20260904.json
post-targeted-fixes-20260904,local-x86,Native,Intel(R) Xeon(R) w9-3495X,gcc,oneDNN,0e2a5bfeef1bfbffc3137464606540233086ce9b,AVX-512+AMX-BF16,brg_matmul:avx10_1_512_amx,A08_gsa_qk_r128,af3,gsa_qk,128x128x32,4,128,128,gemm_add,bf16xbf16_acc_fp32,NA,prepared_execute,native,row_contiguous,default,auto,auto,auto,1.0,0.0,1.0,128.0,,,,,6.794384784012914,6.770175568104043,6.799376762150046,0.0020899538137282175,617.3191736018741,11.788389713356016,,1.7350194444527076,TokenDynamic,12.860533408620043,13.345651739238162,0.5283128287244163,0.5091085034113719,ok,,/home/renyz/project/vecops-neo/benchmarks/ops/matmul-otherlibs/results/raw/cycles/post-targeted-fixes-20260904/x86/local-x86_MatmulOtherlibsOneDNNBench_post-targeted-fixes-20260904.json
post-targeted-fixes-20260904,local-x86,Native,Intel(R) Xeon(R) w9-3495X,gcc,OpenBLAS,e0166008be8e466242aa76b2ff75ce3f0fbf574a,AVX-512+AMX-BF16,unspecified,A08_gsa_qk_r128,af3,gsa_qk,128x128x32,4,128,128,gemm_add,bf16xbf16_acc_fp32,NA,raw_e2e,native,row_contiguous,default,auto,auto,auto,0.0,1.0,0.0,128.0,,,,,11.788389713356016,10.18354269087971,12.084729698144917,0.08462261765077941,355.7995707630818,11.788389713356016,1.0,1.0,TokenDynamic,12.860533408620043,13.345651739238162,0.9166330305906752,0.883313152754948,ok,,/home/renyz/project/vecops-neo/benchmarks/ops/matmul-otherlibs/results/raw/cycles/post-targeted-fixes-20260904/x86/local-x86_MatmulOtherlibsOpenBLASBench_post-targeted-fixes-20260904.json
final-stage3-20260904,local-x86,Native,Intel(R) Xeon(R) w9-3495X,gcc-13.3,vecops,0b7a801a0b816f70245d24001a70ce0561c23389+dirty,AMX-BF16,,A08_gsa_qk_r128,af3,gsa_qk,128x128x32,4,128,128,gemm_add,bf16xbf16_acc_fp32,AllConst,raw_e2e,native,row_contiguous,default,auto,auto,auto,1.0,1.0,0.0,128.0,,,,,12.520205545341613,12.16593001832126,12.626978658282988,0.01777066424103773,335.00280684773367,,,,TokenDynamic,12.707837157867264,12.520205545341613,0.9852349687681125,1.0,ok,,/home/renyz/project/vecops-neo-validate-stage3/benchmarks/results/final-x86-stage3/local-x86-stage3_MatmulOtherlibsVecopsAF3AttentionShallowBench_final-stage3-20260904.json
final-stage3-20260904,local-x86,Native,Intel(R) Xeon(R) w9-3495X,gcc-13.3,vecops,0b7a801a0b816f70245d24001a70ce0561c23389+dirty,AMX-BF16,,A08_gsa_qk_r128,af3,gsa_qk,128x128x32,4,128,128,gemm_add,bf16xbf16_acc_fp32,TokenDynamic,raw_e2e,native,row_contiguous,default,auto,auto,auto,1.0,1.0,0.0,128.0,,,,,12.707837157867264,12.645691053315018,12.772384872846876,0.00470779444606391,330.0564799418569,,,,TokenDynamic,12.707837157867264,12.520205545341613,1.0,1.014986304485669,ok,,/home/renyz/project/vecops-neo-validate-stage3/benchmarks/results/final-x86-stage3/local-x86-stage3_MatmulOtherlibsVecopsAF3AttentionShallowBench_final-stage3-20260904.json
post-targeted-fixes-20260904,local-x86,Native,Intel(R) Xeon(R) w9-3495X,gcc,LIBXSMM,3668d249637792dcc988414eb3d2a374033743df,AVX-512+AMX-BF16,,A09_gsa_qk_r512,af3,gsa_qk,512x512x32,4,512,128,gemm,bf16xbf16_acc_fp32,NA,prepared_execute,native,row_contiguous,default,auto,auto,auto,0.0,0.0,1.0,512.0,,,1.0,0.0,275.9427406499437,275.37568881037356,311.3879406850324,0.06097012171276752,243.19851227807138,311.7724539295427,,1.129844739510839,TokenDynamic,322.02272285281424,304.06923359920836,0.8569045631480727,0.9074997078252974,ok,,/home/renyz/project/vecops-neo/benchmarks/ops/matmul-otherlibs/results/raw/cycles/post-targeted-fixes-20260904/x86/local-x86_MatmulOtherlibsLIBXSMMBench_post-targeted-fixes-20260904.json
post-targeted-fixes-20260904,local-x86,Native,Intel(R) Xeon(R) w9-3495X,gcc,oneDNN,0e2a5bfeef1bfbffc3137464606540233086ce9b,AVX-512+AMX-BF16,brg_matmul:avx10_1_512_amx,A09_gsa_qk_r512,af3,gsa_qk,512x512x32,4,512,128,gemm,bf16xbf16_acc_fp32,NA,prepared_execute,native,row_contiguous,default,auto,auto,auto,1.0,0.0,1.0,512.0,,,,,323.08454733926965,322.52213857448544,323.71093670129954,0.001763390184584108,207.71301058087832,311.7724539295427,,0.9649872038050518,TokenDynamic,322.02272285281424,304.06923359920836,1.0032973588852634,1.0625361320347366,ok,,/home/renyz/project/vecops-neo/benchmarks/ops/matmul-otherlibs/results/raw/cycles/post-targeted-fixes-20260904/x86/local-x86_MatmulOtherlibsOneDNNBench_post-targeted-fixes-20260904.json
post-targeted-fixes-20260904,local-x86,Native,Intel(R) Xeon(R) w9-3495X,gcc,OpenBLAS,e0166008be8e466242aa76b2ff75ce3f0fbf574a,AVX-512+AMX-BF16,unspecified,A09_gsa_qk_r512,af3,gsa_qk,512x512x32,4,512,128,gemm,bf16xbf16_acc_fp32,NA,raw_e2e,native,row_contiguous,default,auto,auto,auto,0.0,1.0,0.0,512.0,,,,,311.7724539295427,307.25882323550695,437.7900074662951,0.18860750330726395,215.24949736311825,311.7724539295427,1.0,1.0,TokenDynamic,322.02272285281424,304.06923359920836,0.9681691129356836,1.0253337709940358,ok,,/home/renyz/project/vecops-neo/benchmarks/ops/matmul-otherlibs/results/raw/cycles/post-targeted-fixes-20260904/x86/local-x86_MatmulOtherlibsOpenBLASBench_post-targeted-fixes-20260904.json
final-stage3-20260904,local-x86,Native,Intel(R) Xeon(R) w9-3495X,gcc-13.3,vecops,0b7a801a0b816f70245d24001a70ce0561c23389+dirty,AMX-BF16,,A09_gsa_qk_r512,af3,gsa_qk,512x512x32,4,512,128,gemm,bf16xbf16_acc_fp32,AllConst,raw_e2e,native,row_contiguous,default,auto,auto,auto,1.0,1.0,0.0,512.0,,,,,213.5608335939158,213.0422201487484,214.65417829463044,0.0034928283605815927,314.23769457468484,,,,TokenDynamic,318.4664954886528,213.5608335939158,0.6705912132647722,1.0,ok,,/home/renyz/project/vecops-neo-validate-stage3/benchmarks/results/final-x86-stage3/local-x86-stage3_MatmulOtherlibsVecopsAF3AttentionQKLargeBench_final-stage3-20260904.json
final-stage3-20260904,local-x86,Native,Intel(R) Xeon(R) w9-3495X,gcc-13.3,vecops,0b7a801a0b816f70245d24001a70ce0561c23389+dirty,AMX-BF16,,A09_gsa_qk_r512,af3,gsa_qk,512x512x32,4,512,128,gemm,bf16xbf16_acc_fp32,TokenDynamic,raw_e2e,native,row_contiguous,default,auto,auto,auto,1.0,1.0,0.0,512.0,,,,,318.4664954886528,289.6429932579767,323.5927653165433,0.08436609358751623,210.72503685836284,,,,TokenDynamic,318.4664954886528,213.5608335939158,1.0,1.491221447909378,ok,,/home/renyz/project/vecops-neo-validate-stage3/benchmarks/results/final-x86-stage3/local-x86-stage3_MatmulOtherlibsVecopsAF3AttentionQKLargeBench_final-stage3-20260904.json
post-targeted-fixes-20260904,local-x86,Native,Intel(R) Xeon(R) w9-3495X,gcc,LIBXSMM,3668d249637792dcc988414eb3d2a374033743df,AVX-512+AMX-BF16,,A09_gsa_qk_r512,af3,gsa_qk,512x512x32,4,512,128,gemm_add,bf16xbf16_acc_fp32,NA,prepared_execute,native,row_contiguous,default,auto,auto,auto,0.0,0.0,1.0,512.0,,,1.0,0.0,211.08534883819797,210.34635580670005,301.8828141555554,0.18778331700423143,317.92288934008667,227.7007552096995,,1.0787141621289769,TokenDynamic,483.42767595072627,469.1723652689403,0.43664307887021553,0.44991002127160457,ok,,/home/renyz/project/vecops-neo/benchmarks/ops/matmul-otherlibs/results/raw/cycles/post-targeted-fixes-20260904/x86/local-x86_MatmulOtherlibsLIBXSMMBench_post-targeted-fixes-20260904.json
post-targeted-fixes-20260904,local-x86,Native,Intel(R) Xeon(R) w9-3495X,gcc,oneDNN,0e2a5bfeef1bfbffc3137464606540233086ce9b,AVX-512+AMX-BF16,brg_matmul:avx10_1_512_amx,A09_gsa_qk_r512,af3,gsa_qk,512x512x32,4,512,128,gemm_add,bf16xbf16_acc_fp32,NA,prepared_execute,native,row_contiguous,default,auto,auto,auto,1.0,0.0,1.0,512.0,,,,,294.9239621183982,294.14913515364253,296.49554904991464,0.0036303609064832834,227.54632590029738,227.7007552096995,,0.7720659710867721,TokenDynamic,483.42767595072627,469.1723652689403,0.61006842758514,0.628604717478066,ok,,/home/renyz/project/vecops-neo/benchmarks/ops/matmul-otherlibs/results/raw/cycles/post-targeted-fixes-20260904/x86/local-x86_MatmulOtherlibsOneDNNBench_post-targeted-fixes-20260904.json
post-targeted-fixes-20260904,local-x86,Native,Intel(R) Xeon(R) w9-3495X,gcc,OpenBLAS,e0166008be8e466242aa76b2ff75ce3f0fbf574a,AVX-512+AMX-BF16,unspecified,A09_gsa_qk_r512,af3,gsa_qk,512x512x32,4,512,128,gemm_add,bf16xbf16_acc_fp32,NA,raw_e2e,native,row_contiguous,default,auto,auto,auto,0.0,1.0,0.0,512.0,,,,,227.7007552096995,224.56707859722275,331.5875642661503,0.20826737199834292,294.72394124559025,227.7007552096995,1.0,1.0,TokenDynamic,483.42767595072627,469.1723652689403,0.4710130729729013,0.4853243116294291,ok,,/home/renyz/project/vecops-neo/benchmarks/ops/matmul-otherlibs/results/raw/cycles/post-targeted-fixes-20260904/x86/local-x86_MatmulOtherlibsOpenBLASBench_post-targeted-fixes-20260904.json
final-stage3-20260904,local-x86,Native,Intel(R) Xeon(R) w9-3495X,gcc-13.3,vecops,0b7a801a0b816f70245d24001a70ce0561c23389+dirty,AMX-BF16,,A09_gsa_qk_r512,af3,gsa_qk,512x512x32,4,512,128,gemm_add,bf16xbf16_acc_fp32,AllConst,raw_e2e,native,row_contiguous,default,auto,auto,auto,1.0,1.0,0.0,512.0,,,,,322.9387228320166,322.53851359935936,323.97301661390514,0.002466139220276471,207.80680437294012,,,,TokenDynamic,390.61478609154517,322.9387228320166,0.8267447478455977,1.0,ok,,/home/renyz/project/vecops-neo-validate-stage3/benchmarks/results/final-x86-stage3/local-x86-stage3_MatmulOtherlibsVecopsAF3AttentionQKLargeBench_final-stage3-20260904.json
final-stage3-20260904,local-x86,Native,Intel(R) Xeon(R) w9-3495X,gcc-13.3,vecops,0b7a801a0b816f70245d24001a70ce0561c23389+dirty,AMX-BF16,,A09_gsa_qk_r512,af3,gsa_qk,512x512x32,4,512,128,gemm_add,bf16xbf16_acc_fp32,TokenDynamic,raw_e2e,native,row_contiguous,default,auto,auto,auto,1.0,1.0,0.0,512.0,,,,,390.61478609154517,389.08975444630613,391.4452505220349,0.002821335356809123,171.8031840819058,,,,TokenDynamic,390.61478609154517,322.9387228320166,1.0,1.209563172437304,ok,,/home/renyz/project/vecops-neo-validate-stage3/benchmarks/results/final-x86-stage3/local-x86-stage3_MatmulOtherlibsVecopsAF3AttentionQKLargeBench_final-stage3-20260904.json
post-targeted-fixes-20260904,local-x86,Native,Intel(R) Xeon(R) w9-3495X,gcc,LIBXSMM,3668d249637792dcc988414eb3d2a374033743df,AVX-512+AMX-BF16,,A10_gsa_qk_r1536,af3,gsa_qk,1536x1536x32,4,1536,128,gemm,bf16xbf16_acc_fp32,NA,prepared_execute,native,row_contiguous,default,auto,auto,auto,0.0,0.0,1.0,1536.0,,,1.0,0.0,2435.546947928178,2426.473696511399,2443.5544551093258,0.0031783806291220827,247.98527349833327,4443.62303260864,,1.8244867077551725,TokenDynamic,2333.168849872891,2424.410086201408,1.0438794209261213,1.0045936377637412,ok,,/home/renyz/project/vecops-neo/benchmarks/ops/matmul-otherlibs/results/raw/cycles/post-targeted-fixes-20260904/x86/local-x86_MatmulOtherlibsLIBXSMMBench_post-targeted-fixes-20260904.json
post-targeted-fixes-20260904,local-x86,Native,Intel(R) Xeon(R) w9-3495X,gcc,oneDNN,0e2a5bfeef1bfbffc3137464606540233086ce9b,AVX-512+AMX-BF16,brg_matmul:avx10_1_512_amx,A10_gsa_qk_r1536,af3,gsa_qk,1536x1536x32,4,1536,128,gemm,bf16xbf16_acc_fp32,NA,prepared_execute,native,row_contiguous,default,auto,auto,auto,1.0,0.0,1.0,1536.0,,,,,2769.274078423669,2766.448313909053,2769.7944546839703,0.0005751439092030063,218.1003970339398,4443.62303260864,,1.6046165553747018,TokenDynamic,2333.168849872891,2424.410086201408,1.1869154170194482,1.1422465589402813,ok,,/home/renyz/project/vecops-neo/benchmarks/ops/matmul-otherlibs/results/raw/cycles/post-targeted-fixes-20260904/x86/local-x86_MatmulOtherlibsOneDNNBench_post-targeted-fixes-20260904.json
post-targeted-fixes-20260904,local-x86,Native,Intel(R) Xeon(R) w9-3495X,gcc,OpenBLAS,e0166008be8e466242aa76b2ff75ce3f0fbf574a,AVX-512+AMX-BF16,unspecified,A10_gsa_qk_r1536,af3,gsa_qk,1536x1536x32,4,1536,128,gemm,bf16xbf16_acc_fp32,NA,raw_e2e,native,row_contiguous,default,auto,auto,auto,0.0,1.0,0.0,1536.0,,,,,4443.62303260864,4435.1393871399905,4447.470064417669,0.0014197914680785665,135.92057012213124,4443.62303260864,1.0,1.0,TokenDynamic,2333.168849872891,2424.410086201408,1.904544127978875,1.8328677387953605,ok,,/home/renyz/project/vecops-neo/benchmarks/ops/matmul-otherlibs/results/raw/cycles/post-targeted-fixes-20260904/x86/local-x86_MatmulOtherlibsOpenBLASBench_post-targeted-fixes-20260904.json
final-stage3-20260904,local-x86,Native,Intel(R) Xeon(R) w9-3495X,gcc-13.3,vecops,0b7a801a0b816f70245d24001a70ce0561c23389+dirty,AMX-BF16,,A10_gsa_qk_r1536,af3,gsa_qk,1536x1536x32,4,1536,128,gemm,bf16xbf16_acc_fp32,AllConst,raw_e2e,native,row_contiguous,default,auto,auto,auto,1.0,1.0,0.0,1536.0,,,,,2431.5652242813517,2427.779996651225,2434.2242827044865,0.0011973306714535372,248.39135301357425,,,,TokenDynamic,2348.6582334347377,2431.5652242813517,1.03529972546298,1.0,ok,,/home/renyz/project/vecops-neo-validate-stage3/benchmarks/results/final-x86-stage3/local-x86-stage3_MatmulOtherlibsVecopsAF3AttentionQKLargeBench_final-stage3-20260904.json
final-stage3-20260904,local-x86,Native,Intel(R) Xeon(R) w9-3495X,gcc-13.3,vecops,0b7a801a0b816f70245d24001a70ce0561c23389+dirty,AMX-BF16,,A10_gsa_qk_r1536,af3,gsa_qk,1536x1536x32,4,1536,128,gemm,bf16xbf16_acc_fp32,TokenDynamic,raw_e2e,native,row_contiguous,default,auto,auto,auto,1.0,1.0,0.0,1536.0,,,,,2348.6582334347377,2344.5152398198843,2350.5882264968627,0.001137574024650855,257.15949958233153,,,,TokenDynamic,2348.6582334347377,2431.5652242813517,1.0,0.9659038589552468,ok,,/home/renyz/project/vecops-neo-validate-stage3/benchmarks/results/final-x86-stage3/local-x86-stage3_MatmulOtherlibsVecopsAF3AttentionQKLargeBench_final-stage3-20260904.json
post-targeted-fixes-20260904,local-x86,Native,Intel(R) Xeon(R) w9-3495X,gcc,LIBXSMM,3668d249637792dcc988414eb3d2a374033743df,AVX-512+AMX-BF16,,A10_gsa_qk_r1536,af3,gsa_qk,1536x1536x32,4,1536,128,gemm_add,bf16xbf16_acc_fp32,NA,prepared_execute,native,row_contiguous,default,auto,auto,auto,0.0,0.0,1.0,1536.0,,,1.0,0.0,2640.603320510566,2637.685449323881,2691.75449799184,0.009670807792337643,228.72794687057325,3330.368881246873,,1.2612151379870793,TokenDynamic,3412.5998783743057,3131.2433336602735,0.7737805235369394,0.8433082450426576,ok,,/home/renyz/project/vecops-neo/benchmarks/ops/matmul-otherlibs/results/raw/cycles/post-targeted-fixes-20260904/x86/local-x86_MatmulOtherlibsLIBXSMMBench_post-targeted-fixes-20260904.json
post-targeted-fixes-20260904,local-x86,Native,Intel(R) Xeon(R) w9-3495X,gcc,oneDNN,0e2a5bfeef1bfbffc3137464606540233086ce9b,AVX-512+AMX-BF16,brg_matmul:avx10_1_512_amx,A10_gsa_qk_r1536,af3,gsa_qk,1536x1536x32,4,1536,128,gemm_add,bf16xbf16_acc_fp32,NA,prepared_execute,native,row_contiguous,default,auto,auto,auto,1.0,0.0,1.0,1536.0,,,,,2460.772929847927,2444.4639439727257,2462.657782343101,0.003901423128732925,245.44311613397227,3330.368881246873,,1.3533832564765276,TokenDynamic,3412.5998783743057,3131.2433336602735,0.721084515486823,0.7858772594882946,ok,,/home/renyz/project/vecops-neo/benchmarks/ops/matmul-otherlibs/results/raw/cycles/post-targeted-fixes-20260904/x86/local-x86_MatmulOtherlibsOneDNNBench_post-targeted-fixes-20260904.json
post-targeted-fixes-20260904,local-x86,Native,Intel(R) Xeon(R) w9-3495X,gcc,OpenBLAS,e0166008be8e466242aa76b2ff75ce3f0fbf574a,AVX-512+AMX-BF16,unspecified,A10_gsa_qk_r1536,af3,gsa_qk,1536x1536x32,4,1536,128,gemm_add,bf16xbf16_acc_fp32,NA,raw_e2e,native,row_contiguous,default,auto,auto,auto,0.0,1.0,0.0,1536.0,,,,,3330.368881246873,3321.2505188116447,3335.3506906201974,0.0019563623532053336,181.35521845672335,3330.368881246873,1.0,1.0,TokenDynamic,3412.5998783743057,3131.2433336602735,0.9759037097643555,1.063593124637117,ok,,/home/renyz/project/vecops-neo/benchmarks/ops/matmul-otherlibs/results/raw/cycles/post-targeted-fixes-20260904/x86/local-x86_MatmulOtherlibsOpenBLASBench_post-targeted-fixes-20260904.json
final-stage3-20260904,local-x86,Native,Intel(R) Xeon(R) w9-3495X,gcc-13.3,vecops,0b7a801a0b816f70245d24001a70ce0561c23389+dirty,AMX-BF16,,A10_gsa_qk_r1536,af3,gsa_qk,1536x1536x32,4,1536,128,gemm_add,bf16xbf16_acc_fp32,AllConst,raw_e2e,native,row_contiguous,default,auto,auto,auto,1.0,1.0,0.0,1536.0,,,,,3133.8807777501643,3125.032098032534,3135.312355459772,0.001514506662028851,192.7258306340554,,,,TokenDynamic,3445.826316814552,3133.8807777501643,0.9094714851000496,1.0,ok,,/home/renyz/project/vecops-neo-validate-stage3/benchmarks/results/final-x86-stage3/local-x86-stage3_MatmulOtherlibsVecopsAF3AttentionQKLargeBench_final-stage3-20260904.json
final-stage3-20260904,local-x86,Native,Intel(R) Xeon(R) w9-3495X,gcc-13.3,vecops,0b7a801a0b816f70245d24001a70ce0561c23389+dirty,AMX-BF16,,A10_gsa_qk_r1536,af3,gsa_qk,1536x1536x32,4,1536,128,gemm_add,bf16xbf16_acc_fp32,TokenDynamic,raw_e2e,native,row_contiguous,default,auto,auto,auto,1.0,1.0,0.0,1536.0,,,,,3445.826316814552,3439.8495655495494,3453.510760886186,0.0018706323850363486,175.278647403895,,,,TokenDynamic,3445.826316814552,3133.8807777501643,1.0,1.0995396957277792,ok,,/home/renyz/project/vecops-neo-validate-stage3/benchmarks/results/final-x86-stage3/local-x86-stage3_MatmulOtherlibsVecopsAF3AttentionQKLargeBench_final-stage3-20260904.json
post-targeted-fixes-20260904,local-x86,Native,Intel(R) Xeon(R) w9-3495X,gcc,LIBXSMM,3668d249637792dcc988414eb3d2a374033743df,AVX-512+AMX-BF16,,A11_gsa_qk_r2048,af3,gsa_qk,2048x2048x32,4,2048,32,gemm,bf16xbf16_acc_fp32,NA,prepared_execute,native,row_contiguous,default,auto,auto,auto,0.0,0.0,1.0,2048.0,,,1.0,0.0,5315.117346561657,5311.748269237935,5370.745161557212,0.00527459366471873,202.01657912493738,8333.659528836826,,1.567916376150728,TokenDynamic,4664.000033517368,4699.498966025809,1.1396049117420881,1.130996598783477,ok,,/home/renyz/project/vecops-neo/benchmarks/ops/matmul-otherlibs/results/raw/cycles/post-targeted-fixes-20260904/x86/local-x86_MatmulOtherlibsLIBXSMMBench_post-targeted-fixes-20260904.json
post-targeted-fixes-20260904,local-x86,Native,Intel(R) Xeon(R) w9-3495X,gcc,oneDNN,0e2a5bfeef1bfbffc3137464606540233086ce9b,AVX-512+AMX-BF16,brg_matmul:avx10_1_512_amx,A11_gsa_qk_r2048,af3,gsa_qk,2048x2048x32,4,2048,32,gemm,bf16xbf16_acc_fp32,NA,prepared_execute,native,row_contiguous,default,auto,auto,auto,1.0,0.0,1.0,2048.0,,,,,4044.817175942145,4040.261664297706,4048.8703232874873,0.0010076859890715405,265.4611512199923,8333.659528836826,,2.0603303354238,TokenDynamic,4664.000033517368,4699.498966025809,0.8672420983864648,0.8606911513723975,ok,,/home/renyz/project/vecops-neo/benchmarks/ops/matmul-otherlibs/results/raw/cycles/post-targeted-fixes-20260904/x86/local-x86_MatmulOtherlibsOneDNNBench_post-targeted-fixes-20260904.json
post-targeted-fixes-20260904,local-x86,Native,Intel(R) Xeon(R) w9-3495X,gcc,OpenBLAS,e0166008be8e466242aa76b2ff75ce3f0fbf574a,AVX-512+AMX-BF16,unspecified,A11_gsa_qk_r2048,af3,gsa_qk,2048x2048x32,4,2048,32,gemm,bf16xbf16_acc_fp32,NA,raw_e2e,native,row_contiguous,default,auto,auto,auto,0.0,1.0,0.0,2048.0,,,,,8333.659528836826,8305.55845887455,8340.137083466876,0.0024009441031270407,128.84397548094552,8333.659528836826,1.0,1.0,TokenDynamic,4664.000033517368,4699.498966025809,1.7868052034622253,1.7733080886033883,ok,,/home/renyz/project/vecops-neo/benchmarks/ops/matmul-otherlibs/results/raw/cycles/post-targeted-fixes-20260904/x86/local-x86_MatmulOtherlibsOpenBLASBench_post-targeted-fixes-20260904.json
final-stage3-20260904,local-x86,Native,Intel(R) Xeon(R) w9-3495X,gcc-13.3,vecops,0b7a801a0b816f70245d24001a70ce0561c23389+dirty,AMX-BF16,,A11_gsa_qk_r2048,af3,gsa_qk,2048x2048x32,4,2048,32,gemm,bf16xbf16_acc_fp32,AllConst,raw_e2e,native,row_contiguous,default,auto,auto,auto,1.0,1.0,0.0,2048.0,,,,,4703.222967024582,4697.516679492159,4719.392559879148,0.002290008959137878,228.29915390536658,,,,TokenDynamic,4603.91403369916,4703.222967024582,1.0215705446710153,1.0,ok,,/home/renyz/project/vecops-neo-validate-stage3/benchmarks/results/final-x86-stage3/local-x86-stage3_MatmulOtherlibsVecopsAF3AttentionQKLargeBench_final-stage3-20260904.json
final-stage3-20260904,local-x86,Native,Intel(R) Xeon(R) w9-3495X,gcc-13.3,vecops,0b7a801a0b816f70245d24001a70ce0561c23389+dirty,AMX-BF16,,A11_gsa_qk_r2048,af3,gsa_qk,2048x2048x32,4,2048,32,gemm,bf16xbf16_acc_fp32,TokenDynamic,raw_e2e,native,row_contiguous,default,auto,auto,auto,1.0,1.0,0.0,2048.0,,,,,4603.91403369916,4599.736933208382,4611.724653514103,0.001247607839103536,233.2236910030373,,,,TokenDynamic,4603.91403369916,4703.222967024582,1.0,0.9788849191242472,ok,,/home/renyz/project/vecops-neo-validate-stage3/benchmarks/results/final-x86-stage3/local-x86-stage3_MatmulOtherlibsVecopsAF3AttentionQKLargeBench_final-stage3-20260904.json
post-targeted-fixes-20260904,local-x86,Native,Intel(R) Xeon(R) w9-3495X,gcc,LIBXSMM,3668d249637792dcc988414eb3d2a374033743df,AVX-512+AMX-BF16,,A11_gsa_qk_r2048,af3,gsa_qk,2048x2048x32,4,2048,32,gemm_add,bf16xbf16_acc_fp32,NA,prepared_execute,native,row_contiguous,default,auto,auto,auto,0.0,0.0,1.0,2048.0,,,1.0,0.0,5408.566239057109,5397.0865602605045,5441.476671490819,0.0038774992936660983,198.526148435817,6317.431636323983,,1.168041835321096,TokenDynamic,6852.174550294876,6138.656260546945,0.7893211416840449,0.8810668018370544,ok,,/home/renyz/project/vecops-neo/benchmarks/ops/matmul-otherlibs/results/raw/cycles/post-targeted-fixes-20260904/x86/local-x86_MatmulOtherlibsLIBXSMMBench_post-targeted-fixes-20260904.json
post-targeted-fixes-20260904,local-x86,Native,Intel(R) Xeon(R) w9-3495X,gcc,oneDNN,0e2a5bfeef1bfbffc3137464606540233086ce9b,AVX-512+AMX-BF16,brg_matmul:avx10_1_512_amx,A11_gsa_qk_r2048,af3,gsa_qk,2048x2048x32,4,2048,32,gemm_add,bf16xbf16_acc_fp32,NA,prepared_execute,native,row_contiguous,default,auto,auto,auto,1.0,0.0,1.0,2048.0,,,,,5430.204807243382,5424.522169498511,5443.061068609285,0.0016470633682726566,197.73505090779074,6317.431636323983,,1.1633873602515183,TokenDynamic,6852.174550294876,6138.656260546945,0.7924790542601835,0.8845917700496164,ok,,/home/renyz/project/vecops-neo/benchmarks/ops/matmul-otherlibs/results/raw/cycles/post-targeted-fixes-20260904/x86/local-x86_MatmulOtherlibsOneDNNBench_post-targeted-fixes-20260904.json
post-targeted-fixes-20260904,local-x86,Native,Intel(R) Xeon(R) w9-3495X,gcc,OpenBLAS,e0166008be8e466242aa76b2ff75ce3f0fbf574a,AVX-512+AMX-BF16,unspecified,A11_gsa_qk_r2048,af3,gsa_qk,2048x2048x32,4,2048,32,gemm_add,bf16xbf16_acc_fp32,NA,raw_e2e,native,row_contiguous,default,auto,auto,auto,0.0,1.0,0.0,2048.0,,,,,6317.431636323983,6303.808572225867,6323.05426380216,0.0015830783733813026,169.96492970754076,6317.431636323983,1.0,1.0,TokenDynamic,6852.174550294876,6138.656260546945,0.9219601149903748,1.0291228842582414,ok,,/home/renyz/project/vecops-neo/benchmarks/ops/matmul-otherlibs/results/raw/cycles/post-targeted-fixes-20260904/x86/local-x86_MatmulOtherlibsOpenBLASBench_post-targeted-fixes-20260904.json
final-stage3-20260904,local-x86,Native,Intel(R) Xeon(R) w9-3495X,gcc-13.3,vecops,0b7a801a0b816f70245d24001a70ce0561c23389+dirty,AMX-BF16,,A11_gsa_qk_r2048,af3,gsa_qk,2048x2048x32,4,2048,32,gemm_add,bf16xbf16_acc_fp32,AllConst,raw_e2e,native,row_contiguous,default,auto,auto,auto,1.0,1.0,0.0,2048.0,,,,,6159.194738796467,6140.37057435464,6167.612539391723,0.002083313417501109,174.331527015464,,,,TokenDynamic,6537.035190766411,6159.194738796467,0.9422000278499886,1.0,ok,,/home/renyz/project/vecops-neo-validate-stage3/benchmarks/results/final-x86-stage3/local-x86-stage3_MatmulOtherlibsVecopsAF3AttentionQKLargeBench_final-stage3-20260904.json
final-stage3-20260904,local-x86,Native,Intel(R) Xeon(R) w9-3495X,gcc-13.3,vecops,0b7a801a0b816f70245d24001a70ce0561c23389+dirty,AMX-BF16,,A11_gsa_qk_r2048,af3,gsa_qk,2048x2048x32,4,2048,32,gemm_add,bf16xbf16_acc_fp32,TokenDynamic,raw_e2e,native,row_contiguous,default,auto,auto,auto,1.0,1.0,0.0,2048.0,,,,,6537.035190766411,6502.407238197824,6689.661647292917,0.013454819401814052,164.2551696091012,,,,TokenDynamic,6537.035190766411,6159.194738796467,1.0,1.0613457550854732,ok,,/home/renyz/project/vecops-neo-validate-stage3/benchmarks/results/final-x86-stage3/local-x86-stage3_MatmulOtherlibsVecopsAF3AttentionQKLargeBench_final-stage3-20260904.json
post-targeted-fixes-20260904,local-x86,Native,Intel(R) Xeon(R) w9-3495X,gcc,LIBXSMM,3668d249637792dcc988414eb3d2a374033743df,AVX-512+AMX-BF16,,A12_gsa_pv_r128,af3,gsa_pv,32x128x128,4,128,128,gemm,bf16xbf16_acc_fp32,NA,prepared_execute,native,row_contiguous,default,auto,auto,auto,0.0,0.0,1.0,128.0,,,1.0,0.0,3.8678972751745593,3.8607017531783976,4.410686232369685,0.06637597933489923,1084.3886746735564,10.82991157596457,,2.799948086903578,TokenDynamic,3.4710618267274813,3.5030133989526435,1.1143268164777158,1.104162854852628,ok,,/home/renyz/project/vecops-neo/benchmarks/ops/matmul-otherlibs/results/raw/cycles/post-targeted-fixes-20260904/x86/local-x86_MatmulOtherlibsLIBXSMMBench_post-targeted-fixes-20260904.json
post-targeted-fixes-20260904,local-x86,Native,Intel(R) Xeon(R) w9-3495X,gcc,oneDNN,0e2a5bfeef1bfbffc3137464606540233086ce9b,AVX-512+AMX-BF16,brg_matmul:avx10_1_512_amx,A12_gsa_pv_r128,af3,gsa_pv,32x128x128,4,128,128,gemm,bf16xbf16_acc_fp32,NA,prepared_execute,native,row_contiguous,default,auto,auto,auto,1.0,0.0,1.0,128.0,,,,,4.897014598434921,4.886987060313347,4.9042490622032755,0.0016901875033339018,856.5022455396587,10.82991157596457,,2.21153344722023,TokenDynamic,3.4710618267274813,3.5030133989526435,1.4108116890132805,1.397943439182695,ok,,/home/renyz/project/vecops-neo/benchmarks/ops/matmul-otherlibs/results/raw/cycles/post-targeted-fixes-20260904/x86/local-x86_MatmulOtherlibsOneDNNBench_post-targeted-fixes-20260904.json
post-targeted-fixes-20260904,local-x86,Native,Intel(R) Xeon(R) w9-3495X,gcc,OpenBLAS,e0166008be8e466242aa76b2ff75ce3f0fbf574a,AVX-512+AMX-BF16,unspecified,A12_gsa_pv_r128,af3,gsa_pv,32x128x128,4,128,128,gemm,bf16xbf16_acc_fp32,NA,raw_e2e,native,row_contiguous,default,auto,auto,auto,0.0,1.0,0.0,128.0,,,,,10.82991157596457,10.646319991410307,11.279708948433678,0.026586547207995696,387.2888500132036,10.82991157596457,1.0,1.0,TokenDynamic,3.4710618267274813,3.5030133989526435,3.120057237982135,3.0915986730746092,ok,,/home/renyz/project/vecops-neo/benchmarks/ops/matmul-otherlibs/results/raw/cycles/post-targeted-fixes-20260904/x86/local-x86_MatmulOtherlibsOpenBLASBench_post-targeted-fixes-20260904.json
final-stage3-20260904,local-x86,Native,Intel(R) Xeon(R) w9-3495X,gcc-13.3,vecops,0b7a801a0b816f70245d24001a70ce0561c23389+dirty,AMX-BF16,,A12_gsa_pv_r128,af3,gsa_pv,32x128x128,4,128,128,gemm,bf16xbf16_acc_fp32,AllConst,raw_e2e,native,row_contiguous,default,auto,auto,auto,1.0,1.0,0.0,128.0,,,,,3.4949401129887225,3.4388042379487627,3.506101471755734,0.013322757718809827,1200.1075453087553,,,,TokenDynamic,3.583242563660128,3.4949401129887225,0.9753568313887161,1.0,ok,,/home/renyz/project/vecops-neo-validate-stage3/benchmarks/results/final-x86-stage3/local-x86-stage3_MatmulOtherlibsVecopsAF3AttentionPVBench_final-stage3-20260904.json
final-stage3-20260904,local-x86,Native,Intel(R) Xeon(R) w9-3495X,gcc-13.3,vecops,0b7a801a0b816f70245d24001a70ce0561c23389+dirty,AMX-BF16,,A12_gsa_pv_r128,af3,gsa_pv,32x128x128,4,128,128,gemm,bf16xbf16_acc_fp32,TokenDynamic,raw_e2e,native,row_contiguous,default,auto,auto,auto,1.0,1.0,0.0,128.0,,,,,3.583242563660128,3.4733293239221075,3.945070455046863,0.05726282043318449,1170.5330927180378,,,,TokenDynamic,3.583242563660128,3.4949401129887225,1.0,1.0252657979297657,ok,,/home/renyz/project/vecops-neo-validate-stage3/benchmarks/results/final-x86-stage3/local-x86-stage3_MatmulOtherlibsVecopsAF3AttentionPVBench_final-stage3-20260904.json
post-targeted-fixes-20260904,local-x86,Native,Intel(R) Xeon(R) w9-3495X,gcc,LIBXSMM,3668d249637792dcc988414eb3d2a374033743df,AVX-512+AMX-BF16,,A12_gsa_pv_r128,af3,gsa_pv,32x128x128,4,128,128,gemm_add,bf16xbf16_acc_fp32,NA,prepared_execute,native,row_contiguous,default,auto,auto,auto,0.0,0.0,1.0,128.0,,,1.0,0.0,4.1720176271425595,4.159944205346998,4.834221528386091,0.07459588722708245,1005.341869294235,9.138033877525018,,2.190315260912192,TokenDynamic,4.595281719186504,4.6148006522917155,0.9078915901332651,0.9040515379728766,ok,,/home/renyz/project/vecops-neo/benchmarks/ops/matmul-otherlibs/results/raw/cycles/post-targeted-fixes-20260904/x86/local-x86_MatmulOtherlibsLIBXSMMBench_post-targeted-fixes-20260904.json
post-targeted-fixes-20260904,local-x86,Native,Intel(R) Xeon(R) w9-3495X,gcc,oneDNN,0e2a5bfeef1bfbffc3137464606540233086ce9b,AVX-512+AMX-BF16,brg_matmul:avx10_1_512_amx,A12_gsa_pv_r128,af3,gsa_pv,32x128x128,4,128,128,gemm_add,bf16xbf16_acc_fp32,NA,prepared_execute,native,row_contiguous,default,auto,auto,auto,1.0,0.0,1.0,128.0,,,,,5.520599528742868,5.514399154587637,5.588475826416601,0.006276321513602793,759.7551639387095,9.138033877525018,,1.6552611414662604,TokenDynamic,4.595281719186504,4.6148006522917155,1.2013625858220878,1.1962812577833306,ok,,/home/renyz/project/vecops-neo/benchmarks/ops/matmul-otherlibs/results/raw/cycles/post-targeted-fixes-20260904/x86/local-x86_MatmulOtherlibsOneDNNBench_post-targeted-fixes-20260904.json
post-targeted-fixes-20260904,local-x86,Native,Intel(R) Xeon(R) w9-3495X,gcc,OpenBLAS,e0166008be8e466242aa76b2ff75ce3f0fbf574a,AVX-512+AMX-BF16,unspecified,A12_gsa_pv_r128,af3,gsa_pv,32x128x128,4,128,128,gemm_add,bf16xbf16_acc_fp32,NA,raw_e2e,native,row_contiguous,default,auto,auto,auto,0.0,1.0,0.0,128.0,,,,,9.138033877525018,8.867115016738591,9.920874201022079,0.051891083910220785,458.9941399009129,9.138033877525018,1.0,1.0,TokenDynamic,4.595281719186504,4.6148006522917155,1.9885688051227273,1.9801578802731294,ok,,/home/renyz/project/vecops-neo/benchmarks/ops/matmul-otherlibs/results/raw/cycles/post-targeted-fixes-20260904/x86/local-x86_MatmulOtherlibsOpenBLASBench_post-targeted-fixes-20260904.json
final-stage3-20260904,local-x86,Native,Intel(R) Xeon(R) w9-3495X,gcc-13.3,vecops,0b7a801a0b816f70245d24001a70ce0561c23389+dirty,AMX-BF16,,A12_gsa_pv_r128,af3,gsa_pv,32x128x128,4,128,128,gemm_add,bf16xbf16_acc_fp32,AllConst,raw_e2e,native,row_contiguous,default,auto,auto,auto,1.0,1.0,0.0,128.0,,,,,4.65045299686562,4.63799688485427,4.653876945050131,0.0018168943275211867,901.9129970407051,,,,TokenDynamic,4.502712597998487,4.65045299686562,1.0328114210382437,1.0,ok,,/home/renyz/project/vecops-neo-validate-stage3/benchmarks/results/final-x86-stage3/local-x86-stage3_MatmulOtherlibsVecopsAF3AttentionPVBench_final-stage3-20260904.json
final-stage3-20260904,local-x86,Native,Intel(R) Xeon(R) w9-3495X,gcc-13.3,vecops,0b7a801a0b816f70245d24001a70ce0561c23389+dirty,AMX-BF16,,A12_gsa_pv_r128,af3,gsa_pv,32x128x128,4,128,128,gemm_add,bf16xbf16_acc_fp32,TokenDynamic,raw_e2e,native,row_contiguous,default,auto,auto,auto,1.0,1.0,0.0,128.0,,,,,4.502712597998487,4.496053350747944,4.515061263447911,0.0018483136162136225,931.506044126472,,,,TokenDynamic,4.502712597998487,4.65045299686562,1.0,0.9682309661087406,ok,,/home/renyz/project/vecops-neo-validate-stage3/benchmarks/results/final-x86-stage3/local-x86-stage3_MatmulOtherlibsVecopsAF3AttentionPVBench_final-stage3-20260904.json
post-targeted-fixes-20260904,local-x86,Native,Intel(R) Xeon(R) w9-3495X,gcc,LIBXSMM,3668d249637792dcc988414eb3d2a374033743df,AVX-512+AMX-BF16,,A13_gsa_pv_r512,af3,gsa_pv,32x512x512,4,512,128,gemm,bf16xbf16_acc_fp32,NA,prepared_execute,native,row_contiguous,default,auto,auto,auto,0.0,0.0,1.0,512.0,,,1.0,0.0,119.93474806355664,119.73250746102916,121.9610488347489,0.00857520819506443,559.5447948449203,120.68987427473994,,1.006296142055371,TokenDynamic,73.08322118170634,82.64001617010028,1.641070906896176,1.4512914399325814,ok,,/home/renyz/project/vecops-neo/benchmarks/ops/matmul-otherlibs/results/raw/cycles/post-targeted-fixes-20260904/x86/local-x86_MatmulOtherlibsLIBXSMMBench_post-targeted-fixes-20260904.json
post-targeted-fixes-20260904,local-x86,Native,Intel(R) Xeon(R) w9-3495X,gcc,oneDNN,0e2a5bfeef1bfbffc3137464606540233086ce9b,AVX-512+AMX-BF16,brg_matmul:avx10_1_512_amx,A13_gsa_pv_r512,af3,gsa_pv,32x512x512,4,512,128,gemm,bf16xbf16_acc_fp32,NA,prepared_execute,native,row_contiguous,default,auto,auto,auto,1.0,0.0,1.0,512.0,,,,,94.08371245899309,93.94000202059895,94.36209750775662,0.002289953476584176,713.2888599527763,120.68987427473994,,1.282792431552308,TokenDynamic,73.08322118170634,82.64001617010028,1.2873503786193738,1.1384764526828979,ok,,/home/renyz/project/vecops-neo/benchmarks/ops/matmul-otherlibs/results/raw/cycles/post-targeted-fixes-20260904/x86/local-x86_MatmulOtherlibsOneDNNBench_post-targeted-fixes-20260904.json
post-targeted-fixes-20260904,local-x86,Native,Intel(R) Xeon(R) w9-3495X,gcc,OpenBLAS,e0166008be8e466242aa76b2ff75ce3f0fbf574a,AVX-512+AMX-BF16,unspecified,A13_gsa_pv_r512,af3,gsa_pv,32x512x512,4,512,128,gemm,bf16xbf16_acc_fp32,NA,raw_e2e,native,row_contiguous,default,auto,auto,auto,0.0,1.0,0.0,512.0,,,,,120.68987427473994,115.96407343983978,120.81130692246002,0.021477798862199332,556.0438636901099,120.68987427473994,1.0,1.0,TokenDynamic,73.08322118170634,82.64001617010028,1.651403322448931,1.4604289770021408,ok,,/home/renyz/project/vecops-neo/benchmarks/ops/matmul-otherlibs/results/raw/cycles/post-targeted-fixes-20260904/x86/local-x86_MatmulOtherlibsOpenBLASBench_post-targeted-fixes-20260904.json
final-stage3-20260904,local-x86,Native,Intel(R) Xeon(R) w9-3495X,gcc-13.3,vecops,0b7a801a0b816f70245d24001a70ce0561c23389+dirty,AMX-BF16,,A13_gsa_pv_r512,af3,gsa_pv,32x512x512,4,512,128,gemm,bf16xbf16_acc_fp32,AllConst,raw_e2e,native,row_contiguous,default,auto,auto,auto,1.0,1.0,0.0,512.0,,,,,81.41573232939619,81.06617195823641,81.73683128235506,0.003522055067242774,824.2739097216163,,,,TokenDynamic,71.72823183432969,81.41573232939619,1.1350584037459848,1.0,ok,,/home/renyz/project/vecops-neo-validate-stage3/benchmarks/results/final-x86-stage3/local-x86-stage3_MatmulOtherlibsVecopsAF3AttentionPVBench_final-stage3-20260904.json
final-stage3-20260904,local-x86,Native,Intel(R) Xeon(R) w9-3495X,gcc-13.3,vecops,0b7a801a0b816f70245d24001a70ce0561c23389+dirty,AMX-BF16,,A13_gsa_pv_r512,af3,gsa_pv,32x512x512,4,512,128,gemm,bf16xbf16_acc_fp32,TokenDynamic,raw_e2e,native,row_contiguous,default,auto,auto,auto,1.0,1.0,0.0,512.0,,,,,71.72823183432969,71.67845577949575,71.87572783972124,0.0012498765997127927,935.5990282180799,,,,TokenDynamic,71.72823183432969,81.41573232939619,1.0,0.8810119344517803,ok,,/home/renyz/project/vecops-neo-validate-stage3/benchmarks/results/final-x86-stage3/local-x86-stage3_MatmulOtherlibsVecopsAF3AttentionPVBench_final-stage3-20260904.json
post-targeted-fixes-20260904,local-x86,Native,Intel(R) Xeon(R) w9-3495X,gcc,LIBXSMM,3668d249637792dcc988414eb3d2a374033743df,AVX-512+AMX-BF16,,A13_gsa_pv_r512,af3,gsa_pv,32x512x512,4,512,128,gemm_add,bf16xbf16_acc_fp32,NA,prepared_execute,native,row_contiguous,default,auto,auto,auto,0.0,0.0,1.0,512.0,,,1.0,0.0,120.18792070287824,120.11874378819404,122.89865413110638,0.01102907418391054,558.3661287052525,117.8088593717439,,0.9802054872301542,TokenDynamic,86.4343905064779,98.04897618264002,1.3905104206626027,1.225794754643833,ok,,/home/renyz/project/vecops-neo/benchmarks/ops/matmul-otherlibs/results/raw/cycles/post-targeted-fixes-20260904/x86/local-x86_MatmulOtherlibsLIBXSMMBench_post-targeted-fixes-20260904.json
post-targeted-fixes-20260904,local-x86,Native,Intel(R) Xeon(R) w9-3495X,gcc,oneDNN,0e2a5bfeef1bfbffc3137464606540233086ce9b,AVX-512+AMX-BF16,brg_matmul:avx10_1_512_amx,A13_gsa_pv_r512,af3,gsa_pv,32x512x512,4,512,128,gemm_add,bf16xbf16_acc_fp32,NA,prepared_execute,native,row_contiguous,default,auto,auto,auto,1.0,0.0,1.0,512.0,,,,,98.35800910903355,97.28794733955229,98.51794621740214,0.009903442191409945,682.2918093594931,117.8088593717439,,1.1977556320924345,TokenDynamic,86.4343905064779,98.04897618264002,1.1379499355833604,1.0031518220630664,ok,,/home/renyz/project/vecops-neo/benchmarks/ops/matmul-otherlibs/results/raw/cycles/post-targeted-fixes-20260904/x86/local-x86_MatmulOtherlibsOneDNNBench_post-targeted-fixes-20260904.json
post-targeted-fixes-20260904,local-x86,Native,Intel(R) Xeon(R) w9-3495X,gcc,OpenBLAS,e0166008be8e466242aa76b2ff75ce3f0fbf574a,AVX-512+AMX-BF16,unspecified,A13_gsa_pv_r512,af3,gsa_pv,32x512x512,4,512,128,gemm_add,bf16xbf16_acc_fp32,NA,raw_e2e,native,row_contiguous,default,auto,auto,auto,0.0,1.0,0.0,512.0,,,,,117.8088593717439,113.9438390893251,118.22911333395525,0.01898653508545792,569.6419128228641,117.8088593717439,1.0,1.0,TokenDynamic,86.4343905064779,98.04897618264002,1.362985944384193,1.2015307447198256,ok,,/home/renyz/project/vecops-neo/benchmarks/ops/matmul-otherlibs/results/raw/cycles/post-targeted-fixes-20260904/x86/local-x86_MatmulOtherlibsOpenBLASBench_post-targeted-fixes-20260904.json
final-stage3-20260904,local-x86,Native,Intel(R) Xeon(R) w9-3495X,gcc-13.3,vecops,0b7a801a0b816f70245d24001a70ce0561c23389+dirty,AMX-BF16,,A13_gsa_pv_r512,af3,gsa_pv,32x512x512,4,512,128,gemm_add,bf16xbf16_acc_fp32,AllConst,raw_e2e,native,row_contiguous,default,auto,auto,auto,1.0,1.0,0.0,512.0,,,,,96.52247658264298,96.47679765973005,96.5837520759196,0.0004728111129148959,695.2667023886513,,,,TokenDynamic,85.29419951263243,96.52247658264298,1.1316417427464993,1.0,ok,,/home/renyz/project/vecops-neo-validate-stage3/benchmarks/results/final-x86-stage3/local-x86-stage3_MatmulOtherlibsVecopsAF3AttentionPVBench_final-stage3-20260904.json
final-stage3-20260904,local-x86,Native,Intel(R) Xeon(R) w9-3495X,gcc-13.3,vecops,0b7a801a0b816f70245d24001a70ce0561c23389+dirty,AMX-BF16,,A13_gsa_pv_r512,af3,gsa_pv,32x512x512,4,512,128,gemm_add,bf16xbf16_acc_fp32,TokenDynamic,raw_e2e,native,row_contiguous,default,auto,auto,auto,1.0,1.0,0.0,512.0,,,,,85.29419951263243,85.20050328171081,85.36347943197238,0.0011542703583705273,786.7928227647051,,,,TokenDynamic,85.29419951263243,96.52247658264298,1.0,0.8836718921069452,ok,,/home/renyz/project/vecops-neo-validate-stage3/benchmarks/results/final-x86-stage3/local-x86-stage3_MatmulOtherlibsVecopsAF3AttentionPVBench_final-stage3-20260904.json
post-targeted-fixes-20260904,local-x86,Native,Intel(R) Xeon(R) w9-3495X,gcc,LIBXSMM,3668d249637792dcc988414eb3d2a374033743df,AVX-512+AMX-BF16,,A14_gsa_pv_r1536,af3,gsa_pv,32x1536x1536,4,1536,128,gemm,bf16xbf16_acc_fp32,NA,prepared_execute,native,row_contiguous,default,auto,auto,auto,0.0,0.0,1.0,1536.0,,,1.0,0.0,1068.6761831583894,1065.2927420091396,1075.012276334802,0.004523359811885769,565.1663109165441,1162.4660667924522,,1.0877626778926373,TokenDynamic,675.5292753054612,702.3769099032506,1.5819835234752113,1.5215138312357035,ok,,/home/renyz/project/vecops-neo/benchmarks/ops/matmul-otherlibs/results/raw/cycles/post-targeted-fixes-20260904/x86/local-x86_MatmulOtherlibsLIBXSMMBench_post-targeted-fixes-20260904.json
post-targeted-fixes-20260904,local-x86,Native,Intel(R) Xeon(R) w9-3495X,gcc,oneDNN,0e2a5bfeef1bfbffc3137464606540233086ce9b,AVX-512+AMX-BF16,brg_matmul:avx10_1_512_amx,A14_gsa_pv_r1536,af3,gsa_pv,32x1536x1536,4,1536,128,gemm,bf16xbf16_acc_fp32,NA,prepared_execute,native,row_contiguous,default,auto,auto,auto,1.0,0.0,1.0,1536.0,,,,,830.2211006152714,828.7250106677567,831.8762083471748,0.0018934957285376033,727.4926830363556,1162.4660667924522,,1.4001885352359225,TokenDynamic,675.5292753054612,702.3769099032506,1.2289935180675355,1.1820165055392138,ok,,/home/renyz/project/vecops-neo/benchmarks/ops/matmul-otherlibs/results/raw/cycles/post-targeted-fixes-20260904/x86/local-x86_MatmulOtherlibsOneDNNBench_post-targeted-fixes-20260904.json
post-targeted-fixes-20260904,local-x86,Native,Intel(R) Xeon(R) w9-3495X,gcc,OpenBLAS,e0166008be8e466242aa76b2ff75ce3f0fbf574a,AVX-512+AMX-BF16,unspecified,A14_gsa_pv_r1536,af3,gsa_pv,32x1536x1536,4,1536,128,gemm,bf16xbf16_acc_fp32,NA,raw_e2e,native,row_contiguous,default,auto,auto,auto,0.0,1.0,0.0,1536.0,,,,,1162.4660667924522,1150.640906659343,1186.0619183183492,0.01399600674256634,519.5676615890717,1162.4660667924522,1.0,1.0,TokenDynamic,675.5292753054612,702.3769099032506,1.7208226338774255,1.655045959515635,ok,,/home/renyz/project/vecops-neo/benchmarks/ops/matmul-otherlibs/results/raw/cycles/post-targeted-fixes-20260904/x86/local-x86_MatmulOtherlibsOpenBLASBench_post-targeted-fixes-20260904.json
final-stage3-20260904,local-x86,Native,Intel(R) Xeon(R) w9-3495X,gcc-13.3,vecops,0b7a801a0b816f70245d24001a70ce0561c23389+dirty,AMX-BF16,,A14_gsa_pv_r1536,af3,gsa_pv,32x1536x1536,4,1536,128,gemm,bf16xbf16_acc_fp32,AllConst,raw_e2e,native,row_contiguous,default,auto,auto,auto,1.0,1.0,0.0,1536.0,,,,,700.4930199764203,697.1884529921227,700.9350439475385,0.00252014454791554,862.220976906138,,,,TokenDynamic,675.7979613058449,700.4930199764203,1.0365420733481605,1.0,ok,,/home/renyz/project/vecops-neo-validate-stage3/benchmarks/results/final-x86-stage3/local-x86-stage3_MatmulOtherlibsVecopsAF3AttentionPVBench_final-stage3-20260904.json
final-stage3-20260904,local-x86,Native,Intel(R) Xeon(R) w9-3495X,gcc-13.3,vecops,0b7a801a0b816f70245d24001a70ce0561c23389+dirty,AMX-BF16,,A14_gsa_pv_r1536,af3,gsa_pv,32x1536x1536,4,1536,128,gemm,bf16xbf16_acc_fp32,TokenDynamic,raw_e2e,native,row_contiguous,default,auto,auto,auto,1.0,1.0,0.0,1536.0,,,,,675.7979613058449,675.5834474039358,675.9269923086455,0.0002424289877081621,893.7283190865647,,,,TokenDynamic,675.7979613058449,700.4930199764203,1.0,0.9647461745280392,ok,,/home/renyz/project/vecops-neo-validate-stage3/benchmarks/results/final-x86-stage3/local-x86-stage3_MatmulOtherlibsVecopsAF3AttentionPVBench_final-stage3-20260904.json
post-targeted-fixes-20260904,local-x86,Native,Intel(R) Xeon(R) w9-3495X,gcc,LIBXSMM,3668d249637792dcc988414eb3d2a374033743df,AVX-512+AMX-BF16,,A14_gsa_pv_r1536,af3,gsa_pv,32x1536x1536,4,1536,128,gemm_add,bf16xbf16_acc_fp32,NA,prepared_execute,native,row_contiguous,default,auto,auto,auto,0.0,0.0,1.0,1536.0,,,1.0,0.0,1069.614015215695,1067.6954350370258,1072.9057129600462,0.0022586618491631455,564.670776007178,1166.490573850155,,1.090571512018683,TokenDynamic,699.4038650009315,727.0405750897824,1.5293224254834084,1.4711888880254147,ok,,/home/renyz/project/vecops-neo/benchmarks/ops/matmul-otherlibs/results/raw/cycles/post-targeted-fixes-20260904/x86/local-x86_MatmulOtherlibsLIBXSMMBench_post-targeted-fixes-20260904.json
post-targeted-fixes-20260904,local-x86,Native,Intel(R) Xeon(R) w9-3495X,gcc,oneDNN,0e2a5bfeef1bfbffc3137464606540233086ce9b,AVX-512+AMX-BF16,brg_matmul:avx10_1_512_amx,A14_gsa_pv_r1536,af3,gsa_pv,32x1536x1536,4,1536,128,gemm_add,bf16xbf16_acc_fp32,NA,prepared_execute,native,row_contiguous,default,auto,auto,auto,1.0,0.0,1.0,1536.0,,,,,846.2866242608113,845.3413332939488,847.7748181162909,0.0014998237519690072,713.682290001388,1166.490573850155,,1.3783634768764372,TokenDynamic,699.4038650009315,727.0405750897824,1.2100113634054397,1.1640156729303632,ok,,/home/renyz/project/vecops-neo/benchmarks/ops/matmul-otherlibs/results/raw/cycles/post-targeted-fixes-20260904/x86/local-x86_MatmulOtherlibsOneDNNBench_post-targeted-fixes-20260904.json
post-targeted-fixes-20260904,local-x86,Native,Intel(R) Xeon(R) w9-3495X,gcc,OpenBLAS,e0166008be8e466242aa76b2ff75ce3f0fbf574a,AVX-512+AMX-BF16,unspecified,A14_gsa_pv_r1536,af3,gsa_pv,32x1536x1536,4,1536,128,gemm_add,bf16xbf16_acc_fp32,NA,raw_e2e,native,row_contiguous,default,auto,auto,auto,0.0,1.0,0.0,1536.0,,,,,1166.490573850155,1147.4298870526866,1170.662001536808,0.009731707728146336,517.7751021223306,1166.490573850155,1.0,1.0,TokenDynamic,699.4038650009315,727.0405750897824,1.6678354699235203,1.6044366900789615,ok,,/home/renyz/project/vecops-neo/benchmarks/ops/matmul-otherlibs/results/raw/cycles/post-targeted-fixes-20260904/x86/local-x86_MatmulOtherlibsOpenBLASBench_post-targeted-fixes-20260904.json
final-stage3-20260904,local-x86,Native,Intel(R) Xeon(R) w9-3495X,gcc-13.3,vecops,0b7a801a0b816f70245d24001a70ce0561c23389+dirty,AMX-BF16,,A14_gsa_pv_r1536,af3,gsa_pv,32x1536x1536,4,1536,128,gemm_add,bf16xbf16_acc_fp32,AllConst,raw_e2e,native,row_contiguous,default,auto,auto,auto,1.0,1.0,0.0,1536.0,,,,,724.7214040892692,720.0097305388938,724.9032890959763,0.0032487547555857697,833.3958022931573,,,,TokenDynamic,696.9888450112194,724.7214040892692,1.0397891003228372,1.0,ok,,/home/renyz/project/vecops-neo-validate-stage3/benchmarks/results/final-x86-stage3/local-x86-stage3_MatmulOtherlibsVecopsAF3AttentionPVBench_final-stage3-20260904.json
final-stage3-20260904,local-x86,Native,Intel(R) Xeon(R) w9-3495X,gcc-13.3,vecops,0b7a801a0b816f70245d24001a70ce0561c23389+dirty,AMX-BF16,,A14_gsa_pv_r1536,af3,gsa_pv,32x1536x1536,4,1536,128,gemm_add,bf16xbf16_acc_fp32,TokenDynamic,raw_e2e,native,row_contiguous,default,auto,auto,auto,1.0,1.0,0.0,1536.0,,,,,696.9888450112194,696.7000210133848,697.9179010377266,0.000936108214428352,866.5558714792312,,,,TokenDynamic,696.9888450112194,724.7214040892692,1.0,0.9617334896947051,ok,,/home/renyz/project/vecops-neo-validate-stage3/benchmarks/results/final-x86-stage3/local-x86-stage3_MatmulOtherlibsVecopsAF3AttentionPVBench_final-stage3-20260904.json
post-targeted-fixes-20260904,local-x86,Native,Intel(R) Xeon(R) w9-3495X,gcc,LIBXSMM,3668d249637792dcc988414eb3d2a374033743df,AVX-512+AMX-BF16,,A15_gsa_pv_r2048,af3,gsa_pv,32x2048x2048,4,2048,32,gemm,bf16xbf16_acc_fp32,NA,prepared_execute,native,row_contiguous,default,auto,auto,auto,0.0,0.0,1.0,2048.0,,,1.0,0.0,1784.800481098362,1775.4771264824028,1791.4849519876973,0.004157696763081004,601.6032802384846,2004.3024927397948,,1.1229840612247883,TokenDynamic,1210.573965338348,1158.9842314989698,1.474342363375972,1.5399695980246375,ok,,/home/renyz/project/vecops-neo/benchmarks/ops/matmul-otherlibs/results/raw/cycles/post-targeted-fixes-20260904/x86/local-x86_MatmulOtherlibsLIBXSMMBench_post-targeted-fixes-20260904.json
post-targeted-fixes-20260904,local-x86,Native,Intel(R) Xeon(R) w9-3495X,gcc,oneDNN,0e2a5bfeef1bfbffc3137464606540233086ce9b,AVX-512+AMX-BF16,brg_matmul:avx10_1_512_amx,A15_gsa_pv_r2048,af3,gsa_pv,32x2048x2048,4,2048,32,gemm,bf16xbf16_acc_fp32,NA,prepared_execute,native,row_contiguous,default,auto,auto,auto,1.0,0.0,1.0,2048.0,,,,,1529.460065206007,1528.7034369185162,1532.1040782272696,0.0012562480339462776,702.0397906599641,2004.3024927397948,,1.3104640901296303,TokenDynamic,1210.573965338348,1158.9842314989698,1.2634172789091265,1.3196556291606167,ok,,/home/renyz/project/vecops-neo/benchmarks/ops/matmul-otherlibs/results/raw/cycles/post-targeted-fixes-20260904/x86/local-x86_MatmulOtherlibsOneDNNBench_post-targeted-fixes-20260904.json
post-targeted-fixes-20260904,local-x86,Native,Intel(R) Xeon(R) w9-3495X,gcc,OpenBLAS,e0166008be8e466242aa76b2ff75ce3f0fbf574a,AVX-512+AMX-BF16,unspecified,A15_gsa_pv_r2048,af3,gsa_pv,32x2048x2048,4,2048,32,gemm,bf16xbf16_acc_fp32,NA,raw_e2e,native,row_contiguous,default,auto,auto,auto,0.0,1.0,0.0,2048.0,,,,,2004.3024927397948,1969.6706115517875,2014.4432985588262,0.009788779786688753,535.7184496299466,2004.3024927397948,1.0,1.0,TokenDynamic,1210.573965338348,1158.9842314989698,1.6556629748597018,1.7293613133524124,ok,,/home/renyz/project/vecops-neo/benchmarks/ops/matmul-otherlibs/results/raw/cycles/post-targeted-fixes-20260904/x86/local-x86_MatmulOtherlibsOpenBLASBench_post-targeted-fixes-20260904.json
final-stage3-20260904,local-x86,Native,Intel(R) Xeon(R) w9-3495X,gcc-13.3,vecops,0b7a801a0b816f70245d24001a70ce0561c23389+dirty,AMX-BF16,,A15_gsa_pv_r2048,af3,gsa_pv,32x2048x2048,4,2048,32,gemm,bf16xbf16_acc_fp32,AllConst,raw_e2e,native,row_contiguous,default,auto,auto,auto,1.0,1.0,0.0,2048.0,,,,,1157.395611661448,1154.2113554617777,1159.8831091233922,0.0024821645916474557,927.7223908414838,,,,TokenDynamic,1211.9237069092724,1157.395611661448,0.9550069901785438,1.0,ok,,/home/renyz/project/vecops-neo-validate-stage3/benchmarks/results/final-x86-stage3/local-x86-stage3_MatmulOtherlibsVecopsAF3AttentionPVBench_final-stage3-20260904.json
final-stage3-20260904,local-x86,Native,Intel(R) Xeon(R) w9-3495X,gcc-13.3,vecops,0b7a801a0b816f70245d24001a70ce0561c23389+dirty,AMX-BF16,,A15_gsa_pv_r2048,af3,gsa_pv,32x2048x2048,4,2048,32,gemm,bf16xbf16_acc_fp32,TokenDynamic,raw_e2e,native,row_contiguous,default,auto,auto,auto,1.0,1.0,0.0,2048.0,,,,,1211.9237069092724,1210.4660775392026,1212.67658612161,0.0008142051489793402,885.9813681987681,,,,TokenDynamic,1211.9237069092724,1157.395611661448,1.0,1.047112754444912,ok,,/home/renyz/project/vecops-neo-validate-stage3/benchmarks/results/final-x86-stage3/local-x86-stage3_MatmulOtherlibsVecopsAF3AttentionPVBench_final-stage3-20260904.json
post-targeted-fixes-20260904,local-x86,Native,Intel(R) Xeon(R) w9-3495X,gcc,LIBXSMM,3668d249637792dcc988414eb3d2a374033743df,AVX-512+AMX-BF16,,A15_gsa_pv_r2048,af3,gsa_pv,32x2048x2048,4,2048,32,gemm_add,bf16xbf16_acc_fp32,NA,prepared_execute,native,row_contiguous,default,auto,auto,auto,0.0,0.0,1.0,2048.0,,,1.0,0.0,1773.7637847202204,1764.5195824288635,1781.9628885746756,0.004600841093713738,605.3465705239684,1979.5064714604193,,1.115992156629047,TokenDynamic,1242.1929555640152,1189.0153474592746,1.427929354111372,1.4917921694706924,ok,,/home/renyz/project/vecops-neo/benchmarks/ops/matmul-otherlibs/results/raw/cycles/post-targeted-fixes-20260904/x86/local-x86_MatmulOtherlibsLIBXSMMBench_post-targeted-fixes-20260904.json
post-targeted-fixes-20260904,local-x86,Native,Intel(R) Xeon(R) w9-3495X,gcc,oneDNN,0e2a5bfeef1bfbffc3137464606540233086ce9b,AVX-512+AMX-BF16,brg_matmul:avx10_1_512_amx,A15_gsa_pv_r2048,af3,gsa_pv,32x2048x2048,4,2048,32,gemm_add,bf16xbf16_acc_fp32,NA,prepared_execute,native,row_contiguous,default,auto,auto,auto,1.0,0.0,1.0,2048.0,,,,,1545.2229123623981,1544.164997847894,1546.4959362301731,0.000707761543814105,694.8782699309195,1979.5064714604193,,1.2810491325384705,TokenDynamic,1242.1929555640152,1189.0153474592746,1.2439475730731324,1.2995819739957764,ok,,/home/renyz/project/vecops-neo/benchmarks/ops/matmul-otherlibs/results/raw/cycles/post-targeted-fixes-20260904/x86/local-x86_MatmulOtherlibsOneDNNBench_post-targeted-fixes-20260904.json
post-targeted-fixes-20260904,local-x86,Native,Intel(R) Xeon(R) w9-3495X,gcc,OpenBLAS,e0166008be8e466242aa76b2ff75ce3f0fbf574a,AVX-512+AMX-BF16,unspecified,A15_gsa_pv_r2048,af3,gsa_pv,32x2048x2048,4,2048,32,gemm_add,bf16xbf16_acc_fp32,NA,raw_e2e,native,row_contiguous,default,auto,auto,auto,0.0,1.0,0.0,2048.0,,,,,1979.5064714604193,1937.972928613557,2004.9969544301607,0.014858637087808343,542.4290546561468,1979.5064714604193,1.0,1.0,TokenDynamic,1242.1929555640152,1189.0153474592746,1.5935579594086722,1.6648283604499228,ok,,/home/renyz/project/vecops-neo/benchmarks/ops/matmul-otherlibs/results/raw/cycles/post-targeted-fixes-20260904/x86/local-x86_MatmulOtherlibsOpenBLASBench_post-targeted-fixes-20260904.json
final-stage3-20260904,local-x86,Native,Intel(R) Xeon(R) w9-3495X,gcc-13.3,vecops,0b7a801a0b816f70245d24001a70ce0561c23389+dirty,AMX-BF16,,A15_gsa_pv_r2048,af3,gsa_pv,32x2048x2048,4,2048,32,gemm_add,bf16xbf16_acc_fp32,AllConst,raw_e2e,native,row_contiguous,default,auto,auto,auto,1.0,1.0,0.0,2048.0,,,,,1188.619050958936,1188.1096696015447,1189.611811867631,0.0006507583665430759,903.3523593061568,,,,TokenDynamic,1243.3016607766538,1188.619050958936,0.9560182282845507,1.0,ok,,/home/renyz/project/vecops-neo-validate-stage3/benchmarks/results/final-x86-stage3/local-x86-stage3_MatmulOtherlibsVecopsAF3AttentionPVBench_final-stage3-20260904.json
final-stage3-20260904,local-x86,Native,Intel(R) Xeon(R) w9-3495X,gcc-13.3,vecops,0b7a801a0b816f70245d24001a70ce0561c23389+dirty,AMX-BF16,,A15_gsa_pv_r2048,af3,gsa_pv,32x2048x2048,4,2048,32,gemm_add,bf16xbf16_acc_fp32,TokenDynamic,raw_e2e,native,row_contiguous,default,auto,auto,auto,1.0,1.0,0.0,2048.0,,,,,1243.3016607766538,1241.0142108689927,1243.8620981161616,0.0011220514983111432,863.6213220605409,,,,TokenDynamic,1243.3016607766538,1188.619050958936,1.0,1.0460051601676768,ok,,/home/renyz/project/vecops-neo-validate-stage3/benchmarks/results/final-x86-stage3/local-x86-stage3_MatmulOtherlibsVecopsAF3AttentionPVBench_final-stage3-20260904.json
post-targeted-fixes-20260904,local-x86,Native,Intel(R) Xeon(R) w9-3495X,gcc,LIBXSMM,3668d249637792dcc988414eb3d2a374033743df,AVX-512+AMX-BF16,,A16_tri_mul_r128,af3,triangle_multiplication,128x128x128,128,128,0,gemm,bf16xbf16_acc_fp32,NA,prepared_execute,native,row_contiguous,default,auto,auto,auto,0.0,0.0,1.0,2.0,,,1.0,0.0,1497.7952579952657,1496.6486150809433,1920.5460259791023,0.12772834051189624,358.44078764048066,1033.1828432129835,,0.6898024531042074,TokenDynamic,1015.4679275465375,798.3147828573627,1.4749803685223961,1.8761963202463723,ok,,/home/renyz/project/vecops-neo/benchmarks/ops/matmul-otherlibs/results/raw/cycles/post-targeted-fixes-20260904/x86/local-x86_MatmulOtherlibsLIBXSMMBench_post-targeted-fixes-20260904.json
post-targeted-fixes-20260904,local-x86,Native,Intel(R) Xeon(R) w9-3495X,gcc,oneDNN,0e2a5bfeef1bfbffc3137464606540233086ce9b,AVX-512+AMX-BF16,brg_matmul:avx10_1_512_amx,A16_tri_mul_r128,af3,triangle_multiplication,128x128x128,128,128,0,gemm,bf16xbf16_acc_fp32,NA,prepared_execute,native,row_contiguous,default,auto,auto,auto,1.0,0.0,1.0,2.0,,,,,556.068515819904,555.4822087380296,556.6087095685939,0.0012119560076976866,965.4761899410944,1033.1828432129835,,1.8580135609540684,TokenDynamic,1015.4679275465375,798.3147828573627,0.5475983049148739,0.6965529484868106,ok,,/home/renyz/project/vecops-neo/benchmarks/ops/matmul-otherlibs/results/raw/cycles/post-targeted-fixes-20260904/x86/local-x86_MatmulOtherlibsOneDNNBench_post-targeted-fixes-20260904.json
post-targeted-fixes-20260904,local-x86,Native,Intel(R) Xeon(R) w9-3495X,gcc,OpenBLAS,e0166008be8e466242aa76b2ff75ce3f0fbf574a,AVX-512+AMX-BF16,unspecified,A16_tri_mul_r128,af3,triangle_multiplication,128x128x128,128,128,0,gemm,bf16xbf16_acc_fp32,NA,raw_e2e,native,row_contiguous,default,auto,auto,auto,0.0,1.0,0.0,2.0,,,,,1033.1828432129835,984.0273686229432,1046.7970194712059,0.02748444873462666,519.6281718446304,1033.1828432129835,1.0,1.0,TokenDynamic,1015.4679275465375,798.3147828573627,1.0174450764872967,1.2942048242110347,ok,,/home/renyz/project/vecops-neo/benchmarks/ops/matmul-otherlibs/results/raw/cycles/post-targeted-fixes-20260904/x86/local-x86_MatmulOtherlibsOpenBLASBench_post-targeted-fixes-20260904.json
final-stage3-20260904,local-x86,Native,Intel(R) Xeon(R) w9-3495X,gcc-13.3,vecops,0b7a801a0b816f70245d24001a70ce0561c23389+dirty,AMX-BF16,,A16_tri_mul_r128,af3,triangle_multiplication,128x128x128,128,128,0,gemm,bf16xbf16_acc_fp32,AllConst,raw_e2e,native,row_contiguous,default,auto,auto,auto,1.0,1.0,0.0,2.0,,,,,967.4338274635375,964.8444330528506,969.1528786487622,0.0020215195129589295,554.9432909614013,,,,TokenDynamic,991.9834604215466,967.4338274635375,0.9752519735081301,1.0,ok,,/home/renyz/project/vecops-neo-validate-stage3/benchmarks/results/final-x86-stage3/local-x86-stage3_MatmulOtherlibsVecopsAF3TriangleBench_final-stage3-20260904.json
final-stage3-20260904,local-x86,Native,Intel(R) Xeon(R) w9-3495X,gcc-13.3,vecops,0b7a801a0b816f70245d24001a70ce0561c23389+dirty,AMX-BF16,,A16_tri_mul_r128,af3,triangle_multiplication,128x128x128,128,128,0,gemm,bf16xbf16_acc_fp32,TokenDynamic,raw_e2e,native,row_contiguous,default,auto,auto,auto,1.0,1.0,0.0,2.0,,,,,991.9834604215466,799.830130966407,1028.0143021079946,0.12781383925580042,541.2095396952031,,,,TokenDynamic,991.9834604215466,967.4338274635375,1.0,1.0253760332346187,ok,,/home/renyz/project/vecops-neo-validate-stage3/benchmarks/results/final-x86-stage3/local-x86-stage3_MatmulOtherlibsVecopsAF3TriangleBench_final-stage3-20260904.json
post-targeted-fixes-20260904,local-x86,Native,Intel(R) Xeon(R) w9-3495X,gcc,LIBXSMM,3668d249637792dcc988414eb3d2a374033743df,AVX-512+AMX-BF16,,A16_tri_mul_r128,af3,triangle_multiplication,128x128x128,128,128,0,gemm_add,bf16xbf16_acc_fp32,NA,prepared_execute,native,row_contiguous,default,auto,auto,auto,0.0,0.0,1.0,2.0,,,1.0,0.0,1075.6443308379787,1073.7430815173027,1310.6040708058013,0.10080257661600465,499.11564316222604,1002.3074524976774,,0.9318205133074348,TokenDynamic,1141.640138093049,1111.5668016755658,0.9421921102342222,0.9676830301305888,ok,,/home/renyz/project/vecops-neo/benchmarks/ops/matmul-otherlibs/results/raw/cycles/post-targeted-fixes-20260904/x86/local-x86_MatmulOtherlibsLIBXSMMBench_post-targeted-fixes-20260904.json
post-targeted-fixes-20260904,local-x86,Native,Intel(R) Xeon(R) w9-3495X,gcc,oneDNN,0e2a5bfeef1bfbffc3137464606540233086ce9b,AVX-512+AMX-BF16,brg_matmul:avx10_1_512_amx,A16_tri_mul_r128,af3,triangle_multiplication,128x128x128,128,128,0,gemm_add,bf16xbf16_acc_fp32,NA,prepared_execute,native,row_contiguous,default,auto,auto,auto,1.0,0.0,1.0,2.0,,,,,605.3455386979201,604.667574902876,606.2327940087237,0.0012812694155812446,886.883404071653,1002.3074524976774,,1.655760864536328,TokenDynamic,1141.640138093049,1111.5668016755658,0.5302419900101495,0.5445876377249012,ok,,/home/renyz/project/vecops-neo/benchmarks/ops/matmul-otherlibs/results/raw/cycles/post-targeted-fixes-20260904/x86/local-x86_MatmulOtherlibsOneDNNBench_post-targeted-fixes-20260904.json
post-targeted-fixes-20260904,local-x86,Native,Intel(R) Xeon(R) w9-3495X,gcc,OpenBLAS,e0166008be8e466242aa76b2ff75ce3f0fbf574a,AVX-512+AMX-BF16,unspecified,A16_tri_mul_r128,af3,triangle_multiplication,128x128x128,128,128,0,gemm_add,bf16xbf16_acc_fp32,NA,raw_e2e,native,row_contiguous,default,auto,auto,auto,0.0,1.0,0.0,2.0,,,,,1002.3074524976774,907.6194161290888,1026.4064964114343,0.0550185135315398,535.6349597742256,1002.3074524976774,1.0,1.0,TokenDynamic,1141.640138093049,1111.5668016755658,0.877953935792668,0.901706897855179,ok,,/home/renyz/project/vecops-neo/benchmarks/ops/matmul-otherlibs/results/raw/cycles/post-targeted-fixes-20260904/x86/local-x86_MatmulOtherlibsOpenBLASBench_post-targeted-fixes-20260904.json
final-stage3-20260904,local-x86,Native,Intel(R) Xeon(R) w9-3495X,gcc-13.3,vecops,0b7a801a0b816f70245d24001a70ce0561c23389+dirty,AMX-BF16,,A16_tri_mul_r128,af3,triangle_multiplication,128x128x128,128,128,0,gemm_add,bf16xbf16_acc_fp32,AllConst,raw_e2e,native,row_contiguous,default,auto,auto,auto,1.0,1.0,0.0,2.0,,,,,1251.658108001491,1210.7977063630008,1256.299372877808,0.017083753990834463,428.9277627556106,,,,TokenDynamic,1304.6331399568644,1251.658108001491,0.9593946908652612,1.0,ok,,/home/renyz/project/vecops-neo-validate-stage3/benchmarks/results/final-x86-stage3/local-x86-stage3_MatmulOtherlibsVecopsAF3TriangleBench_final-stage3-20260904.json
final-stage3-20260904,local-x86,Native,Intel(R) Xeon(R) w9-3495X,gcc-13.3,vecops,0b7a801a0b816f70245d24001a70ce0561c23389+dirty,AMX-BF16,,A16_tri_mul_r128,af3,triangle_multiplication,128x128x128,128,128,0,gemm_add,bf16xbf16_acc_fp32,TokenDynamic,raw_e2e,native,row_contiguous,default,auto,auto,auto,1.0,1.0,0.0,2.0,,,,,1304.6331399568644,1302.4032859579947,1305.0275046931074,0.00138726445165482,411.5110183524472,,,,TokenDynamic,1304.6331399568644,1251.658108001491,1.0,1.0423238835083792,ok,,/home/renyz/project/vecops-neo-validate-stage3/benchmarks/results/final-x86-stage3/local-x86-stage3_MatmulOtherlibsVecopsAF3TriangleBench_final-stage3-20260904.json
post-targeted-fixes-20260904,local-x86,Native,Intel(R) Xeon(R) w9-3495X,gcc,LIBXSMM,3668d249637792dcc988414eb3d2a374033743df,AVX-512+AMX-BF16,,A17_tri_mul_r512,af3,triangle_multiplication,512x512x512,128,512,0,gemm,bf16xbf16_acc_fp32,NA,prepared_execute,native,row_contiguous,default,auto,auto,auto,0.0,0.0,1.0,2.0,,,1.0,0.0,74645.21100337151,74131.00189587567,74802.19670396764,0.004421136570315905,460.30733795431394,40489.83366616692,,0.5424304268406195,TokenDynamic,27441.735001048073,28124.553995439783,2.720134532328973,2.6540940352502926,ok,,/home/renyz/project/vecops-neo/benchmarks/ops/matmul-otherlibs/results/raw/cycles/post-targeted-fixes-20260904/x86/local-x86_MatmulOtherlibsLIBXSMMBench_post-targeted-fixes-20260904.json
post-targeted-fixes-20260904,local-x86,Native,Intel(R) Xeon(R) w9-3495X,gcc,oneDNN,0e2a5bfeef1bfbffc3137464606540233086ce9b,AVX-512+AMX-BF16,brg_matmul:avx10_1_512_amx,A17_tri_mul_r512,af3,triangle_multiplication,512x512x512,128,512,0,gemm,bf16xbf16_acc_fp32,NA,prepared_execute,native,row_contiguous,default,auto,auto,auto,1.0,0.0,1.0,2.0,,,,,40320.80099568702,40136.97026530281,40390.37339971401,0.0030023418740660825,852.1591218308223,40489.83366616692,,1.0041921952517256,TokenDynamic,27441.735001048073,28124.553995439783,1.4693240421623146,1.4336512146014755,ok,,/home/renyz/project/vecops-neo/benchmarks/ops/matmul-otherlibs/results/raw/cycles/post-targeted-fixes-20260904/x86/local-x86_MatmulOtherlibsOneDNNBench_post-targeted-fixes-20260904.json
post-targeted-fixes-20260904,local-x86,Native,Intel(R) Xeon(R) w9-3495X,gcc,OpenBLAS,e0166008be8e466242aa76b2ff75ce3f0fbf574a,AVX-512+AMX-BF16,unspecified,A17_tri_mul_r512,af3,triangle_multiplication,512x512x512,128,512,0,gemm,bf16xbf16_acc_fp32,NA,raw_e2e,native,row_contiguous,default,auto,auto,auto,0.0,1.0,0.0,2.0,,,,,40489.83366616692,40412.991133052856,40930.784664427236,0.006269255926320884,848.6016181565797,40489.83366616692,1.0,1.0,TokenDynamic,27441.735001048073,28124.553995439783,1.4754837354351138,1.4396613604159585,ok,,/home/renyz/project/vecops-neo/benchmarks/ops/matmul-otherlibs/results/raw/cycles/post-targeted-fixes-20260904/x86/local-x86_MatmulOtherlibsOpenBLASBench_post-targeted-fixes-20260904.json
final-stage3-20260904,local-x86,Native,Intel(R) Xeon(R) w9-3495X,gcc-13.3,vecops,0b7a801a0b816f70245d24001a70ce0561c23389+dirty,AMX-BF16,,A17_tri_mul_r512,af3,triangle_multiplication,512x512x512,128,512,0,gemm,bf16xbf16_acc_fp32,AllConst,raw_e2e,native,row_contiguous,default,auto,auto,auto,1.0,1.0,0.0,2.0,,,,,28186.494798865166,27979.532321915027,28554.307279409837,0.00953937995787868,1219.0142340573466,,,,TokenDynamic,27152.633003424853,28186.494798865166,1.038075931542621,1.0,ok,,/home/renyz/project/vecops-neo-validate-stage3/benchmarks/results/final-x86-stage3/local-x86-stage3_MatmulOtherlibsVecopsAF3TriangleBench_final-stage3-20260904.json
final-stage3-20260904,local-x86,Native,Intel(R) Xeon(R) w9-3495X,gcc-13.3,vecops,0b7a801a0b816f70245d24001a70ce0561c23389+dirty,AMX-BF16,,A17_tri_mul_r512,af3,triangle_multiplication,512x512x512,128,512,0,gemm,bf16xbf16_acc_fp32,TokenDynamic,raw_e2e,native,row_contiguous,default,auto,auto,auto,1.0,1.0,0.0,2.0,,,,,27152.633003424853,27019.480797462165,27345.003561349586,0.0057471819727881535,1265.4293365827943,,,,TokenDynamic,27152.633003424853,28186.494798865166,1.0,0.9633206681846109,ok,,/home/renyz/project/vecops-neo-validate-stage3/benchmarks/results/final-x86-stage3/local-x86-stage3_MatmulOtherlibsVecopsAF3TriangleBench_final-stage3-20260904.json
post-targeted-fixes-20260904,local-x86,Native,Intel(R) Xeon(R) w9-3495X,gcc,LIBXSMM,3668d249637792dcc988414eb3d2a374033743df,AVX-512+AMX-BF16,,A17_tri_mul_r512,af3,triangle_multiplication,512x512x512,128,512,0,gemm_add,bf16xbf16_acc_fp32,NA,prepared_execute,native,row_contiguous,default,auto,auto,auto,0.0,0.0,1.0,2.0,,,1.0,0.0,77787.69999276847,76990.54850381799,78559.6293018898,0.010452313519113974,441.71171497800105,37081.866001244634,,0.47670603456191596,TokenDynamic,41967.738002616294,38490.599748911336,1.85351185684392,2.0209531807819805,ok,,/home/renyz/project/vecops-neo/benchmarks/ops/matmul-otherlibs/results/raw/cycles/post-targeted-fixes-20260904/x86/local-x86_MatmulOtherlibsLIBXSMMBench_post-targeted-fixes-20260904.json
post-targeted-fixes-20260904,local-x86,Native,Intel(R) Xeon(R) w9-3495X,gcc,oneDNN,0e2a5bfeef1bfbffc3137464606540233086ce9b,AVX-512+AMX-BF16,brg_matmul:avx10_1_512_amx,A17_tri_mul_r512,af3,triangle_multiplication,512x512x512,128,512,0,gemm_add,bf16xbf16_acc_fp32,NA,prepared_execute,native,row_contiguous,default,auto,auto,auto,1.0,0.0,1.0,2.0,,,,,47663.58433213706,47520.12493554503,47818.61859955826,0.0033829217310767136,720.8802873189087,37081.866001244634,,0.7779915531078151,TokenDynamic,41967.738002616294,38490.599748911336,1.1357196408623615,1.238317527995525,ok,,/home/renyz/project/vecops-neo/benchmarks/ops/matmul-otherlibs/results/raw/cycles/post-targeted-fixes-20260904/x86/local-x86_MatmulOtherlibsOneDNNBench_post-targeted-fixes-20260904.json
post-targeted-fixes-20260904,local-x86,Native,Intel(R) Xeon(R) w9-3495X,gcc,OpenBLAS,e0166008be8e466242aa76b2ff75ce3f0fbf574a,AVX-512+AMX-BF16,unspecified,A17_tri_mul_r512,af3,triangle_multiplication,512x512x512,128,512,0,gemm_add,bf16xbf16_acc_fp32,NA,raw_e2e,native,row_contiguous,default,auto,auto,auto,0.0,1.0,0.0,2.0,,,,,37081.866001244634,36946.42684713471,37325.349550519604,0.004628041981274301,926.5914063452668,37081.866001244634,1.0,1.0,TokenDynamic,41967.738002616294,38490.599748911336,0.8835802872895587,0.9634005768458688,ok,,/home/renyz/project/vecops-neo/benchmarks/ops/matmul-otherlibs/results/raw/cycles/post-targeted-fixes-20260904/x86/local-x86_MatmulOtherlibsOpenBLASBench_post-targeted-fixes-20260904.json
final-stage3-20260904,local-x86,Native,Intel(R) Xeon(R) w9-3495X,gcc-13.3,vecops,0b7a801a0b816f70245d24001a70ce0561c23389+dirty,AMX-BF16,,A17_tri_mul_r512,af3,triangle_multiplication,512x512x512,128,512,0,gemm_add,bf16xbf16_acc_fp32,AllConst,raw_e2e,native,row_contiguous,default,auto,auto,auto,1.0,1.0,0.0,2.0,,,,,38409.78775406256,38255.23824780249,38800.50110310549,0.006132493283702838,894.5568402513708,,,,TokenDynamic,42220.30732974721,38409.78775406256,0.9097467589251805,1.0,ok,,/home/renyz/project/vecops-neo-validate-stage3/benchmarks/results/final-x86-stage3/local-x86-stage3_MatmulOtherlibsVecopsAF3TriangleBench_final-stage3-20260904.json
final-stage3-20260904,local-x86,Native,Intel(R) Xeon(R) w9-3495X,gcc-13.3,vecops,0b7a801a0b816f70245d24001a70ce0561c23389+dirty,AMX-BF16,,A17_tri_mul_r512,af3,triangle_multiplication,512x512x512,128,512,0,gemm_add,bf16xbf16_acc_fp32,TokenDynamic,raw_e2e,native,row_contiguous,default,auto,auto,auto,1.0,1.0,0.0,2.0,,,,,42220.30732974721,42003.81200256137,43409.431201871485,0.017184498796884943,813.820186093035,,,,TokenDynamic,42220.30732974721,38409.78775406256,1.0,1.0992069938028128,ok,,/home/renyz/project/vecops-neo-validate-stage3/benchmarks/results/final-x86-stage3/local-x86-stage3_MatmulOtherlibsVecopsAF3TriangleBench_final-stage3-20260904.json
post-targeted-fixes-20260904,local-x86,Native,Intel(R) Xeon(R) w9-3495X,gcc,LIBXSMM,3668d249637792dcc988414eb3d2a374033743df,AVX-512+AMX-BF16,,A18_tri_mul_r1536_ch1,af3,triangle_multiplication,1536x1536x1536,1,1536,0,gemm,bf16xbf16_acc_fp32,NA,prepared_execute,native,row_contiguous,default,auto,auto,auto,0.0,0.0,1.0,256.0,,,1.0,0.0,24712.46816761171,24643.599199286353,25391.728167111676,0.013966543222022345,293.2834253075113,4802.192276311588,,0.19432264894549733,TokenDynamic,7296.754842268695,7816.073722400082,3.386775176336903,3.1617496258752342,ok,,/home/renyz/project/vecops-neo/benchmarks/ops/matmul-otherlibs/results/raw/cycles/post-targeted-fixes-20260904/x86/local-x86_MatmulOtherlibsLIBXSMMBench_post-targeted-fixes-20260904.json
post-targeted-fixes-20260904,local-x86,Native,Intel(R) Xeon(R) w9-3495X,gcc,oneDNN,0e2a5bfeef1bfbffc3137464606540233086ce9b,AVX-512+AMX-BF16,brg_matmul:avx10_1_512_amx,A18_tri_mul_r1536_ch1,af3,triangle_multiplication,1536x1536x1536,1,1536,0,gemm,bf16xbf16_acc_fp32,NA,prepared_execute,native,row_contiguous,default,auto,auto,auto,0.0,0.0,1.0,256.0,,,,,7405.551369485788,7396.1105795062485,7424.763895228113,0.0018995316732050222,978.6924633139444,4802.192276311588,,0.6484584383681121,TokenDynamic,7296.754842268695,7816.073722400082,1.0149102621054027,0.9474771646872038,ok,,/home/renyz/project/vecops-neo/benchmarks/ops/matmul-otherlibs/results/raw/cycles/post-targeted-fixes-20260904/x86/local-x86_MatmulOtherlibsOneDNNBench_post-targeted-fixes-20260904.json
post-targeted-fixes-20260904,local-x86,Native,Intel(R) Xeon(R) w9-3495X,gcc,OpenBLAS,e0166008be8e466242aa76b2ff75ce3f0fbf574a,AVX-512+AMX-BF16,unspecified,A18_tri_mul_r1536_ch1,af3,triangle_multiplication,1536x1536x1536,1,1536,0,gemm,bf16xbf16_acc_fp32,NA,raw_e2e,native,row_contiguous,default,auto,auto,auto,0.0,1.0,0.0,256.0,,,,,4802.192276311588,4578.822854994635,4849.688806530923,0.02560315370225478,1509.2601243294598,4802.192276311588,1.0,1.0,TokenDynamic,7296.754842268695,7816.073722400082,0.6581271236486408,0.6143995626025107,ok,,/home/renyz/project/vecops-neo/benchmarks/ops/matmul-otherlibs/results/raw/cycles/post-targeted-fixes-20260904/x86/local-x86_MatmulOtherlibsOpenBLASBench_post-targeted-fixes-20260904.json
final-stage3-20260904,local-x86,Native,Intel(R) Xeon(R) w9-3495X,gcc-13.3,vecops,0b7a801a0b816f70245d24001a70ce0561c23389+dirty,AMX-BF16,,A18_tri_mul_r1536_ch1,af3,triangle_multiplication,1536x1536x1536,1,1536,0,gemm,bf16xbf16_acc_fp32,AllConst,raw_e2e,native,row_contiguous,default,auto,auto,auto,0.0,1.0,0.0,256.0,,,,,7804.105499720512,7799.632732834047,7856.152200515174,0.003532493077147347,928.7108320434114,,,,TokenDynamic,7457.763736295563,7804.105499720512,1.046440431162946,1.0,ok,,/home/renyz/project/vecops-neo-validate-stage3/benchmarks/results/final-x86-stage3/local-x86-stage3_MatmulOtherlibsVecopsAF3TriangleBench_final-stage3-20260904.json
final-stage3-20260904,local-x86,Native,Intel(R) Xeon(R) w9-3495X,gcc-13.3,vecops,0b7a801a0b816f70245d24001a70ce0561c23389+dirty,AMX-BF16,,A18_tri_mul_r1536_ch1,af3,triangle_multiplication,1536x1536x1536,1,1536,0,gemm,bf16xbf16_acc_fp32,TokenDynamic,raw_e2e,native,row_contiguous,default,auto,auto,auto,0.0,1.0,0.0,256.0,,,,,7457.763736295563,7448.991452417287,7462.369367835651,0.0008212132502376932,971.8405635092058,,,,TokenDynamic,7457.763736295563,7804.105499720512,1.0,0.9556205687586677,ok,,/home/renyz/project/vecops-neo-validate-stage3/benchmarks/results/final-x86-stage3/local-x86-stage3_MatmulOtherlibsVecopsAF3TriangleBench_final-stage3-20260904.json
post-targeted-fixes-20260904,local-x86,Native,Intel(R) Xeon(R) w9-3495X,gcc,LIBXSMM,3668d249637792dcc988414eb3d2a374033743df,AVX-512+AMX-BF16,,A18_tri_mul_r1536_ch1,af3,triangle_multiplication,1536x1536x1536,1,1536,0,gemm_add,bf16xbf16_acc_fp32,NA,prepared_execute,native,row_contiguous,default,auto,auto,auto,0.0,0.0,1.0,256.0,,,1.0,0.0,24720.674332153674,24638.250767020512,24964.044532195352,0.006393379169399763,293.1860682527171,4522.247064385503,,0.1829338068866313,TokenDynamic,7909.801111155603,8102.259177522843,3.1253218614168214,3.0510841224054364,ok,,/home/renyz/project/vecops-neo/benchmarks/ops/matmul-otherlibs/results/raw/cycles/post-targeted-fixes-20260904/x86/local-x86_MatmulOtherlibsLIBXSMMBench_post-targeted-fixes-20260904.json
post-targeted-fixes-20260904,local-x86,Native,Intel(R) Xeon(R) w9-3495X,gcc,oneDNN,0e2a5bfeef1bfbffc3137464606540233086ce9b,AVX-512+AMX-BF16,brg_matmul:avx10_1_512_amx,A18_tri_mul_r1536_ch1,af3,triangle_multiplication,1536x1536x1536,1,1536,0,gemm_add,bf16xbf16_acc_fp32,NA,prepared_execute,native,row_contiguous,default,auto,auto,auto,0.0,0.0,1.0,256.0,,,,,7533.9934218821945,7522.536326187516,7563.802810373569,0.0027584426639139722,962.0073852134204,4522.247064385503,,0.6002456879310261,TokenDynamic,7909.801111155603,8102.259177522843,0.9524883516042663,0.9298632957561859,ok,,/home/renyz/project/vecops-neo/benchmarks/ops/matmul-otherlibs/results/raw/cycles/post-targeted-fixes-20260904/x86/local-x86_MatmulOtherlibsOneDNNBench_post-targeted-fixes-20260904.json
post-targeted-fixes-20260904,local-x86,Native,Intel(R) Xeon(R) w9-3495X,gcc,OpenBLAS,e0166008be8e466242aa76b2ff75ce3f0fbf574a,AVX-512+AMX-BF16,unspecified,A18_tri_mul_r1536_ch1,af3,triangle_multiplication,1536x1536x1536,1,1536,0,gemm_add,bf16xbf16_acc_fp32,NA,raw_e2e,native,row_contiguous,default,auto,auto,auto,0.0,1.0,0.0,256.0,,,,,4522.247064385503,4381.303109731825,4546.05469018251,0.02643054976895922,1602.6893729621663,4522.247064385503,1.0,1.0,TokenDynamic,7909.801111155603,8102.259177522843,0.5717270258549919,0.558146433642983,ok,,/home/renyz/project/vecops-neo/benchmarks/ops/matmul-otherlibs/results/raw/cycles/post-targeted-fixes-20260904/x86/local-x86_MatmulOtherlibsOpenBLASBench_post-targeted-fixes-20260904.json
final-stage3-20260904,local-x86,Native,Intel(R) Xeon(R) w9-3495X,gcc-13.3,vecops,0b7a801a0b816f70245d24001a70ce0561c23389+dirty,AMX-BF16,,A18_tri_mul_r1536_ch1,af3,triangle_multiplication,1536x1536x1536,1,1536,0,gemm_add,bf16xbf16_acc_fp32,AllConst,raw_e2e,native,row_contiguous,default,auto,auto,auto,0.0,1.0,0.0,256.0,,,,,8441.877470913289,8410.93977659886,8459.210458814221,0.002693942438374169,858.5480347200416,,,,TokenDynamic,8101.818470202167,8441.877470913289,1.0419731695991252,1.0,ok,,/home/renyz/project/vecops-neo-validate-stage3/benchmarks/results/final-x86-stage3/local-x86-stage3_MatmulOtherlibsVecopsAF3TriangleBench_final-stage3-20260904.json
final-stage3-20260904,local-x86,Native,Intel(R) Xeon(R) w9-3495X,gcc-13.3,vecops,0b7a801a0b816f70245d24001a70ce0561c23389+dirty,AMX-BF16,,A18_tri_mul_r1536_ch1,af3,triangle_multiplication,1536x1536x1536,1,1536,0,gemm_add,bf16xbf16_acc_fp32,TokenDynamic,raw_e2e,native,row_contiguous,default,auto,auto,auto,0.0,1.0,0.0,256.0,,,,,8101.818470202167,8067.163942135213,8228.887459057767,0.009069840324600746,894.5840169903418,,,,TokenDynamic,8101.818470202167,8441.877470913289,1.0,0.959717609988678,ok,,/home/renyz/project/vecops-neo-validate-stage3/benchmarks/results/final-x86-stage3/local-x86-stage3_MatmulOtherlibsVecopsAF3TriangleBench_final-stage3-20260904.json
post-targeted-fixes-20260904,local-x86,Native,Intel(R) Xeon(R) w9-3495X,gcc,LIBXSMM,3668d249637792dcc988414eb3d2a374033743df,AVX-512+AMX-BF16,,G01_square,general,square,256x256x256,1,0,0,gemm,bf16xbf16_acc_fp32,NA,prepared_execute,native,row_contiguous,default,auto,auto,auto,0.0,0.0,1.0,1.0,,,1.0,0.0,50.62515272681712,50.59329244024024,57.9684390854987,0.06804464864347942,662.8015955046309,27.763459781996804,,0.5484123659204284,AllDynamic,19.170542870578284,17.20716724995028,2.6407782538340814,2.9420968594911168,ok,,/home/renyz/project/vecops-neo/benchmarks/ops/matmul-otherlibs/results/raw/cycles/post-targeted-fixes-20260904/x86/local-x86_MatmulOtherlibsLIBXSMMBench_post-targeted-fixes-20260904.json
post-targeted-fixes-20260904,local-x86,Native,Intel(R) Xeon(R) w9-3495X,gcc,oneDNN,0e2a5bfeef1bfbffc3137464606540233086ce9b,AVX-512+AMX-BF16,brg_matmul:avx10_1_512_amx,G01_square,general,square,256x256x256,1,0,0,gemm,bf16xbf16_acc_fp32,NA,prepared_execute,native,row_contiguous,default,auto,auto,auto,0.0,0.0,1.0,1.0,,,,,13.541404934181047,13.511685343855758,16.739836213478423,0.1075081376230987,2477.9136406520356,27.763459781996804,,2.0502643497438453,AllDynamic,19.170542870578284,17.20716724995028,0.7063652305310313,0.7869630565844692,ok,,/home/renyz/project/vecops-neo/benchmarks/ops/matmul-otherlibs/results/raw/cycles/post-targeted-fixes-20260904/x86/local-x86_MatmulOtherlibsOneDNNBench_post-targeted-fixes-20260904.json
post-targeted-fixes-20260904,local-x86,Native,Intel(R) Xeon(R) w9-3495X,gcc,OpenBLAS,e0166008be8e466242aa76b2ff75ce3f0fbf574a,AVX-512+AMX-BF16,unspecified,G01_square,general,square,256x256x256,1,0,0,gemm,bf16xbf16_acc_fp32,NA,raw_e2e,native,row_contiguous,default,auto,auto,auto,0.0,1.0,0.0,1.0,,,,,27.763459781996804,27.695010408579694,27.92420738784535,0.004873977160674306,1208.5825132557272,27.763459781996804,1.0,1.0,AllDynamic,19.170542870578284,17.20716724995028,1.4482354500563661,1.6134822994805855,ok,,/home/renyz/project/vecops-neo/benchmarks/ops/matmul-otherlibs/results/raw/cycles/post-targeted-fixes-20260904/x86/local-x86_MatmulOtherlibsOpenBLASBench_post-targeted-fixes-20260904.json
final-stage3-20260904,local-x86,Native,Intel(R) Xeon(R) w9-3495X,gcc-13.3,vecops,0b7a801a0b816f70245d24001a70ce0561c23389+dirty,AMX-BF16,,G01_square,general,square,256x256x256,1,0,0,gemm,bf16xbf16_acc_fp32,AllConst,raw_e2e,native,row_contiguous,default,auto,auto,auto,0.0,1.0,0.0,1.0,,,,,20.07138546879741,19.608038561290204,20.297199317557236,0.01655810702619385,1671.7546505278908,,,,AllDynamic,20.183143381728232,20.07138546879741,0.9944628093445544,1.0,ok,,/home/renyz/project/vecops-neo-validate-stage3/benchmarks/results/final-x86-stage3/local-x86-stage3_MatmulOtherlibsVecopsGeneralBench_final-stage3-20260904.json
final-stage3-20260904,local-x86,Native,Intel(R) Xeon(R) w9-3495X,gcc-13.3,vecops,0b7a801a0b816f70245d24001a70ce0561c23389+dirty,AMX-BF16,,G01_square,general,square,256x256x256,1,0,0,gemm,bf16xbf16_acc_fp32,AllDynamic,raw_e2e,native,row_contiguous,default,auto,auto,auto,0.0,1.0,0.0,1.0,,,,,20.183143381728232,20.057003271426485,20.912231214925068,0.02608098238155725,1662.49782629879,,,,AllDynamic,20.183143381728232,20.07138546879741,1.0,1.005568021854025,ok,,/home/renyz/project/vecops-neo-validate-stage3/benchmarks/results/final-x86-stage3/local-x86-stage3_MatmulOtherlibsVecopsGeneralBench_final-stage3-20260904.json
post-targeted-fixes-20260904,local-x86,Native,Intel(R) Xeon(R) w9-3495X,gcc,LIBXSMM,3668d249637792dcc988414eb3d2a374033743df,AVX-512+AMX-BF16,,G01_square,general,square,256x256x256,1,0,0,gemm_add,bf16xbf16_acc_fp32,NA,prepared_execute,native,row_contiguous,default,auto,auto,auto,0.0,0.0,1.0,1.0,,,1.0,0.0,49.03737026273938,48.933106524867185,49.161674049232275,0.002298103474612523,684.2624679956797,23.814800506034288,,0.4856459548796351,AllDynamic,23.856638688669896,20.442725931531687,2.055502072302769,2.3987686586896007,ok,,/home/renyz/project/vecops-neo/benchmarks/ops/matmul-otherlibs/results/raw/cycles/post-targeted-fixes-20260904/x86/local-x86_MatmulOtherlibsLIBXSMMBench_post-targeted-fixes-20260904.json
post-targeted-fixes-20260904,local-x86,Native,Intel(R) Xeon(R) w9-3495X,gcc,oneDNN,0e2a5bfeef1bfbffc3137464606540233086ce9b,AVX-512+AMX-BF16,brg_matmul:avx10_1_512_amx,G01_square,general,square,256x256x256,1,0,0,gemm_add,bf16xbf16_acc_fp32,NA,prepared_execute,native,row_contiguous,default,auto,auto,auto,0.0,0.0,1.0,1.0,,,,,16.578173081401914,14.276040306818226,16.68991462932354,0.08101361140473598,2024.0126481513673,23.814800506034288,,1.4365153741066152,AllDynamic,23.856638688669896,20.442725931531687,0.6949081678164198,0.8109570679040935,ok,,/home/renyz/project/vecops-neo/benchmarks/ops/matmul-otherlibs/results/raw/cycles/post-targeted-fixes-20260904/x86/local-x86_MatmulOtherlibsOneDNNBench_post-targeted-fixes-20260904.json
post-targeted-fixes-20260904,local-x86,Native,Intel(R) Xeon(R) w9-3495X,gcc,OpenBLAS,e0166008be8e466242aa76b2ff75ce3f0fbf574a,AVX-512+AMX-BF16,unspecified,G01_square,general,square,256x256x256,1,0,0,gemm_add,bf16xbf16_acc_fp32,NA,raw_e2e,native,row_contiguous,default,auto,auto,auto,0.0,1.0,0.0,1.0,,,,,23.814800506034288,23.71387674289173,23.940413400563987,0.0046488124054668385,1408.973885441444,23.814800506034288,1.0,1.0,AllDynamic,23.856638688669896,20.442725931531687,0.9982462666605468,1.1649522957846525,ok,,/home/renyz/project/vecops-neo/benchmarks/ops/matmul-otherlibs/results/raw/cycles/post-targeted-fixes-20260904/x86/local-x86_MatmulOtherlibsOpenBLASBench_post-targeted-fixes-20260904.json
final-stage3-20260904,local-x86,Native,Intel(R) Xeon(R) w9-3495X,gcc-13.3,vecops,0b7a801a0b816f70245d24001a70ce0561c23389+dirty,AMX-BF16,,G01_square,general,square,256x256x256,1,0,0,gemm_add,bf16xbf16_acc_fp32,AllConst,raw_e2e,native,row_contiguous,default,auto,auto,auto,0.0,1.0,0.0,1.0,,,,,23.47025775406431,22.914439370924576,24.104121995487283,0.02374260310108832,1429.6575841477254,,,,AllDynamic,22.498959436441066,23.47025775406431,1.043170810648694,1.0,ok,,/home/renyz/project/vecops-neo-validate-stage3/benchmarks/results/final-x86-stage3/local-x86-stage3_MatmulOtherlibsVecopsGeneralBench_final-stage3-20260904.json
final-stage3-20260904,local-x86,Native,Intel(R) Xeon(R) w9-3495X,gcc-13.3,vecops,0b7a801a0b816f70245d24001a70ce0561c23389+dirty,AMX-BF16,,G01_square,general,square,256x256x256,1,0,0,gemm_add,bf16xbf16_acc_fp32,AllDynamic,raw_e2e,native,row_contiguous,default,auto,auto,auto,0.0,1.0,0.0,1.0,,,,,22.498959436441066,22.32878547418204,22.75616414846483,0.008442148453640117,1491.3770610054362,,,,AllDynamic,22.498959436441066,23.47025775406431,1.0,0.9586157796901466,ok,,/home/renyz/project/vecops-neo-validate-stage3/benchmarks/results/final-x86-stage3/local-x86-stage3_MatmulOtherlibsVecopsGeneralBench_final-stage3-20260904.json
post-targeted-fixes-20260904,local-x86,Native,Intel(R) Xeon(R) w9-3495X,gcc,LIBXSMM,3668d249637792dcc988414eb3d2a374033743df,AVX-512+AMX-BF16,CPX odd-K fallback (SPR generator SIGFPE),G02_ragged,general,ragged,1025x127x769,1,0,0,gemm,bf16xbf16_acc_fp32,NA,prepared_execute,native,row_contiguous,default,auto,auto,auto,0.0,0.0,1.0,1.0,,,1.0013003901170352,1.0,1852.3589028013196,1816.6809249831,1942.9288417288462,0.03324752556063286,108.08334696760116,278.69561678514316,,0.1504544375086665,AllDynamic,281.62353415412446,268.2502130685542,6.577429362801679,6.905339912359843,ok,,/home/renyz/project/vecops-neo/benchmarks/ops/matmul-otherlibs/results/raw/cycles/post-targeted-fixes-20260904/x86/local-x86_MatmulOtherlibsLIBXSMMBench_post-targeted-fixes-20260904.json
post-targeted-fixes-20260904,local-x86,Native,Intel(R) Xeon(R) w9-3495X,gcc,oneDNN,0e2a5bfeef1bfbffc3137464606540233086ce9b,AVX-512+AMX-BF16,brg_matmul:avx10_1_512_amx,G02_ragged,general,ragged,1025x127x769,1,0,0,gemm,bf16xbf16_acc_fp32,NA,prepared_execute,native,row_contiguous,default,auto,auto,auto,0.0,0.0,1.0,1.0,,,,,233.82894397150153,231.13982506476873,234.56500426795535,0.007384610955552168,856.2205627734477,278.69561678514316,,1.1918781826218652,AllDynamic,281.62353415412446,268.2502130685542,0.8302890760668236,0.8716822301712172,ok,,/home/renyz/project/vecops-neo/benchmarks/ops/matmul-otherlibs/results/raw/cycles/post-targeted-fixes-20260904/x86/local-x86_MatmulOtherlibsOneDNNBench_post-targeted-fixes-20260904.json
post-targeted-fixes-20260904,local-x86,Native,Intel(R) Xeon(R) w9-3495X,gcc,OpenBLAS,e0166008be8e466242aa76b2ff75ce3f0fbf574a,AVX-512+AMX-BF16,unspecified,G02_ragged,general,ragged,1025x127x769,1,0,0,gemm,bf16xbf16_acc_fp32,NA,raw_e2e,native,row_contiguous,default,auto,auto,auto,0.0,1.0,0.0,1.0,,,,,278.69561678514316,277.6633804369376,279.2658882067834,0.002691081478188967,718.3792565864023,278.69561678514316,1.0,1.0,AllDynamic,281.62353415412446,268.2502130685542,0.9896034350333132,1.0389390323202445,ok,,/home/renyz/project/vecops-neo/benchmarks/ops/matmul-otherlibs/results/raw/cycles/post-targeted-fixes-20260904/x86/local-x86_MatmulOtherlibsOpenBLASBench_post-targeted-fixes-20260904.json
final-stage3-20260904,local-x86,Native,Intel(R) Xeon(R) w9-3495X,gcc-13.3,vecops,0b7a801a0b816f70245d24001a70ce0561c23389+dirty,AMX-BF16,,G02_ragged,general,ragged,1025x127x769,1,0,0,gemm,bf16xbf16_acc_fp32,AllConst,raw_e2e,native,row_contiguous,default,auto,auto,auto,0.0,1.0,0.0,1.0,,,,,269.4220828549193,269.26399116190817,269.54061156345136,0.0005126160508351693,743.1059394927562,,,,AllDynamic,281.7392550164789,269.4220828549193,0.9562816613508857,1.0,ok,,/home/renyz/project/vecops-neo-validate-stage3/benchmarks/results/final-x86-stage3/local-x86-stage3_MatmulOtherlibsVecopsGeneralBench_final-stage3-20260904.json
final-stage3-20260904,local-x86,Native,Intel(R) Xeon(R) w9-3495X,gcc-13.3,vecops,0b7a801a0b816f70245d24001a70ce0561c23389+dirty,AMX-BF16,,G02_ragged,general,ragged,1025x127x769,1,0,0,gemm,bf16xbf16_acc_fp32,AllDynamic,raw_e2e,native,row_contiguous,default,auto,auto,auto,0.0,1.0,0.0,1.0,,,,,281.7392550164789,281.1821775457609,282.6055172638197,0.002297918723623596,710.6185823778435,,,,AllDynamic,281.7392550164789,269.4220828549193,1.0,1.045717010391432,ok,,/home/renyz/project/vecops-neo-validate-stage3/benchmarks/results/final-x86-stage3/local-x86-stage3_MatmulOtherlibsVecopsGeneralBench_final-stage3-20260904.json
post-targeted-fixes-20260904,local-x86,Native,Intel(R) Xeon(R) w9-3495X,gcc,LIBXSMM,3668d249637792dcc988414eb3d2a374033743df,AVX-512+AMX-BF16,CPX odd-K fallback (SPR generator SIGFPE),G02_ragged,general,ragged,1025x127x769,1,0,0,gemm_add,bf16xbf16_acc_fp32,NA,prepared_execute,native,row_contiguous,default,auto,auto,auto,0.0,0.0,1.0,1.0,,,1.0013003901170352,1.0,1936.6337731480598,1860.8536718723676,1959.580610661457,0.02513749641688853,103.37997445668505,270.44227994703346,,0.13964554563531179,AllDynamic,313.51894865240735,304.748554557448,6.177086844263343,6.354857944971765,ok,,/home/renyz/project/vecops-neo/benchmarks/ops/matmul-otherlibs/results/raw/cycles/post-targeted-fixes-20260904/x86/local-x86_MatmulOtherlibsLIBXSMMBench_post-targeted-fixes-20260904.json
post-targeted-fixes-20260904,local-x86,Native,Intel(R) Xeon(R) w9-3495X,gcc,oneDNN,0e2a5bfeef1bfbffc3137464606540233086ce9b,AVX-512+AMX-BF16,brg_matmul:avx10_1_512_amx,G02_ragged,general,ragged,1025x127x769,1,0,0,gemm_add,bf16xbf16_acc_fp32,NA,prepared_execute,native,row_contiguous,default,auto,auto,auto,0.0,0.0,1.0,1.0,,,,,223.0387323764332,222.70820224478553,223.6753147605132,0.002047597136262021,897.6429693031854,270.44227994703346,,1.212535047458013,AllDynamic,313.51894865240735,304.748554557448,0.7114043133122142,0.731877900783901,ok,,/home/renyz/project/vecops-neo/benchmarks/ops/matmul-otherlibs/results/raw/cycles/post-targeted-fixes-20260904/x86/local-x86_MatmulOtherlibsOneDNNBench_post-targeted-fixes-20260904.json
post-targeted-fixes-20260904,local-x86,Native,Intel(R) Xeon(R) w9-3495X,gcc,OpenBLAS,e0166008be8e466242aa76b2ff75ce3f0fbf574a,AVX-512+AMX-BF16,unspecified,G02_ragged,general,ragged,1025x127x769,1,0,0,gemm_add,bf16xbf16_acc_fp32,NA,raw_e2e,native,row_contiguous,default,auto,auto,auto,0.0,1.0,0.0,1.0,,,,,270.44227994703346,269.84318687884377,271.37621237112495,0.0030293512105552143,740.3026998559963,270.44227994703346,1.0,1.0,AllDynamic,313.51894865240735,304.748554557448,0.8626026628038607,0.8874276051604783,ok,,/home/renyz/project/vecops-neo/benchmarks/ops/matmul-otherlibs/results/raw/cycles/post-targeted-fixes-20260904/x86/local-x86_MatmulOtherlibsOpenBLASBench_post-targeted-fixes-20260904.json
final-stage3-20260904,local-x86,Native,Intel(R) Xeon(R) w9-3495X,gcc-13.3,vecops,0b7a801a0b816f70245d24001a70ce0561c23389+dirty,AMX-BF16,,G02_ragged,general,ragged,1025x127x769,1,0,0,gemm_add,bf16xbf16_acc_fp32,AllConst,raw_e2e,native,row_contiguous,default,auto,auto,auto,0.0,1.0,0.0,1.0,,,,,302.51541339995913,302.4593917894867,302.75215412433624,0.0004996953021744081,661.8147080502677,,,,AllDynamic,309.50390442740166,302.51541339995913,0.9774203461491977,1.0,ok,,/home/renyz/project/vecops-neo-validate-stage3/benchmarks/results/final-x86-stage3/local-x86-stage3_MatmulOtherlibsVecopsGeneralBench_final-stage3-20260904.json
final-stage3-20260904,local-x86,Native,Intel(R) Xeon(R) w9-3495X,gcc-13.3,vecops,0b7a801a0b816f70245d24001a70ce0561c23389+dirty,AMX-BF16,,G02_ragged,general,ragged,1025x127x769,1,0,0,gemm_add,bf16xbf16_acc_fp32,AllDynamic,raw_e2e,native,row_contiguous,default,auto,auto,auto,0.0,1.0,0.0,1.0,,,,,309.50390442740166,309.24680399604966,311.8561484540502,0.004101049318553548,646.8711610291228,,,,AllDynamic,309.50390442740166,302.51541339995913,1.0,1.0231012725893835,ok,,/home/renyz/project/vecops-neo-validate-stage3/benchmarks/results/final-x86-stage3/local-x86-stage3_MatmulOtherlibsVecopsGeneralBench_final-stage3-20260904.json
post-targeted-fixes-20260904,local-x86,Native,Intel(R) Xeon(R) w9-3495X,gcc,LIBXSMM,3668d249637792dcc988414eb3d2a374033743df,AVX-512+AMX-BF16,,G03_conv1x1,general,conv1x1,64x3136x576,1,0,0,gemm,bf16xbf16_acc_fp32,NA,prepared_execute,native,row_contiguous,default,auto,auto,auto,0.0,0.0,1.0,1.0,,,1.0,0.0,383.04450405021646,382.3937934485252,452.68005921109904,0.08484541850049568,603.6139549196838,307.5684505197537,,0.8029574821400701,AllDynamic,258.3631420550126,246.93464020364038,1.4825818458604123,1.5511979353497343,ok,,/home/renyz/project/vecops-neo/benchmarks/ops/matmul-otherlibs/results/raw/cycles/post-targeted-fixes-20260904/x86/local-x86_MatmulOtherlibsLIBXSMMBench_post-targeted-fixes-20260904.json
post-targeted-fixes-20260904,local-x86,Native,Intel(R) Xeon(R) w9-3495X,gcc,oneDNN,0e2a5bfeef1bfbffc3137464606540233086ce9b,AVX-512+AMX-BF16,brg_matmul:avx10_1_512_amx,G03_conv1x1,general,conv1x1,64x3136x576,1,0,0,gemm,bf16xbf16_acc_fp32,NA,prepared_execute,native,row_contiguous,default,auto,auto,auto,0.0,0.0,1.0,1.0,,,,,269.2955259977515,268.8285768631422,269.64873254033586,0.0014800129793085984,858.5772345951656,307.5684505197537,,1.1421223927883666,AllDynamic,258.3631420550126,246.93464020364038,1.042314023028916,1.090553863871309,ok,,/home/renyz/project/vecops-neo/benchmarks/ops/matmul-otherlibs/results/raw/cycles/post-targeted-fixes-20260904/x86/local-x86_MatmulOtherlibsOneDNNBench_post-targeted-fixes-20260904.json
post-targeted-fixes-20260904,local-x86,Native,Intel(R) Xeon(R) w9-3495X,gcc,OpenBLAS,e0166008be8e466242aa76b2ff75ce3f0fbf574a,AVX-512+AMX-BF16,unspecified,G03_conv1x1,general,conv1x1,64x3136x576,1,0,0,gemm,bf16xbf16_acc_fp32,NA,raw_e2e,native,row_contiguous,default,auto,auto,auto,0.0,1.0,0.0,1.0,,,,,307.5684505197537,307.15882682221036,307.8379050910391,0.0010053265157757307,751.7383776173441,307.5684505197537,1.0,1.0,AllDynamic,258.3631420550126,246.93464020364038,1.190450186018654,1.2455459884692979,ok,,/home/renyz/project/vecops-neo/benchmarks/ops/matmul-otherlibs/results/raw/cycles/post-targeted-fixes-20260904/x86/local-x86_MatmulOtherlibsOpenBLASBench_post-targeted-fixes-20260904.json
final-stage3-20260904,local-x86,Native,Intel(R) Xeon(R) w9-3495X,gcc-13.3,vecops,0b7a801a0b816f70245d24001a70ce0561c23389+dirty,AMX-BF16,,G03_conv1x1,general,conv1x1,64x3136x576,1,0,0,gemm,bf16xbf16_acc_fp32,AllConst,raw_e2e,native,row_contiguous,default,auto,auto,auto,0.0,1.0,0.0,1.0,,,,,189.05712670186023,188.8898653942554,189.45251145350622,0.0014391066564998405,1222.9690148873135,,,,AllDynamic,198.987318195908,189.05712670186023,0.9500963599887745,1.0,ok,,/home/renyz/project/vecops-neo-validate-stage3/benchmarks/results/final-x86-stage3/local-x86-stage3_MatmulOtherlibsVecopsGeneralBench_final-stage3-20260904.json
final-stage3-20260904,local-x86,Native,Intel(R) Xeon(R) w9-3495X,gcc-13.3,vecops,0b7a801a0b816f70245d24001a70ce0561c23389+dirty,AMX-BF16,,G03_conv1x1,general,conv1x1,64x3136x576,1,0,0,gemm,bf16xbf16_acc_fp32,AllDynamic,raw_e2e,native,row_contiguous,default,auto,auto,auto,0.0,1.0,0.0,1.0,,,,,198.987318195908,198.84048863538985,199.33271078943193,0.0012732967257862516,1161.938409423494,,,,AllDynamic,198.987318195908,189.05712670186023,1.0,1.0525248197054613,ok,,/home/renyz/project/vecops-neo-validate-stage3/benchmarks/results/final-x86-stage3/local-x86-stage3_MatmulOtherlibsVecopsGeneralBench_final-stage3-20260904.json
post-targeted-fixes-20260904,local-x86,Native,Intel(R) Xeon(R) w9-3495X,gcc,LIBXSMM,3668d249637792dcc988414eb3d2a374033743df,AVX-512+AMX-BF16,,G03_conv1x1,general,conv1x1,64x3136x576,1,0,0,gemm_add,bf16xbf16_acc_fp32,NA,prepared_execute,native,row_contiguous,default,auto,auto,auto,0.0,0.0,1.0,1.0,,,1.0,0.0,350.31098996114457,350.0813645223389,350.90660500281956,0.0014435960036352435,660.0164271912943,288.92681613556795,,0.8247723434757637,AllDynamic,283.5017233561473,287.19150410682636,1.2356573562026236,1.2197818701170202,ok,,/home/renyz/project/vecops-neo/benchmarks/ops/matmul-otherlibs/results/raw/cycles/post-targeted-fixes-20260904/x86/local-x86_MatmulOtherlibsLIBXSMMBench_post-targeted-fixes-20260904.json
post-targeted-fixes-20260904,local-x86,Native,Intel(R) Xeon(R) w9-3495X,gcc,oneDNN,0e2a5bfeef1bfbffc3137464606540233086ce9b,AVX-512+AMX-BF16,brg_matmul:avx10_1_512_amx,G03_conv1x1,general,conv1x1,64x3136x576,1,0,0,gemm_add,bf16xbf16_acc_fp32,NA,prepared_execute,native,row_contiguous,default,auto,auto,auto,0.0,0.0,1.0,1.0,,,,,269.44252215541167,269.34916070107954,270.4866755366153,0.002005160485785857,858.1088320819676,288.92681613556795,,1.072313359540622,AllDynamic,283.5017233561473,287.19150410682636,0.9504087628311386,0.9381980953558688,ok,,/home/renyz/project/vecops-neo/benchmarks/ops/matmul-otherlibs/results/raw/cycles/post-targeted-fixes-20260904/x86/local-x86_MatmulOtherlibsOneDNNBench_post-targeted-fixes-20260904.json
post-targeted-fixes-20260904,local-x86,Native,Intel(R) Xeon(R) w9-3495X,gcc,OpenBLAS,e0166008be8e466242aa76b2ff75ce3f0fbf574a,AVX-512+AMX-BF16,unspecified,G03_conv1x1,general,conv1x1,64x3136x576,1,0,0,gemm_add,bf16xbf16_acc_fp32,NA,raw_e2e,native,row_contiguous,default,auto,auto,auto,0.0,1.0,0.0,1.0,,,,,288.92681613556795,288.4129859282912,289.8027628038679,0.0021606811181818448,800.240736019162,288.92681613556795,1.0,1.0,AllDynamic,283.5017233561473,287.19150410682636,1.0191360134083045,1.0060423515456645,ok,,/home/renyz/project/vecops-neo/benchmarks/ops/matmul-otherlibs/results/raw/cycles/post-targeted-fixes-20260904/x86/local-x86_MatmulOtherlibsOpenBLASBench_post-targeted-fixes-20260904.json
final-stage3-20260904,local-x86,Native,Intel(R) Xeon(R) w9-3495X,gcc-13.3,vecops,0b7a801a0b816f70245d24001a70ce0561c23389+dirty,AMX-BF16,,G03_conv1x1,general,conv1x1,64x3136x576,1,0,0,gemm_add,bf16xbf16_acc_fp32,AllConst,raw_e2e,native,row_contiguous,default,auto,auto,auto,0.0,1.0,0.0,1.0,,,,,217.89053343287142,217.64107897999358,218.2541247352257,0.0013198511397989373,1061.133792080198,,,,AllDynamic,228.62064982051518,217.89053343287142,0.9530658477435536,1.0,ok,,/home/renyz/project/vecops-neo-validate-stage3/benchmarks/results/final-x86-stage3/local-x86-stage3_MatmulOtherlibsVecopsGeneralBench_final-stage3-20260904.json
final-stage3-20260904,local-x86,Native,Intel(R) Xeon(R) w9-3495X,gcc-13.3,vecops,0b7a801a0b816f70245d24001a70ce0561c23389+dirty,AMX-BF16,,G03_conv1x1,general,conv1x1,64x3136x576,1,0,0,gemm_add,bf16xbf16_acc_fp32,AllDynamic,raw_e2e,native,row_contiguous,default,auto,auto,auto,0.0,1.0,0.0,1.0,,,,,228.62064982051518,228.43550161287155,228.9665456127879,0.0010477554341497086,1011.3303771182457,,,,AllDynamic,228.62064982051518,217.89053343287142,1.0,1.0492454454931588,ok,,/home/renyz/project/vecops-neo-validate-stage3/benchmarks/results/final-x86-stage3/local-x86-stage3_MatmulOtherlibsVecopsGeneralBench_final-stage3-20260904.json
post-targeted-fixes-20260904,local-x86,Native,Intel(R) Xeon(R) w9-3495X,gcc,LIBXSMM,3668d249637792dcc988414eb3d2a374033743df,AVX-512+AMX-BF16,,G04_rank_reduce,general,rank_reduce,64x1024x4096,1,0,0,gemm,bf16xbf16_acc_fp32,NA,prepared_execute,native,row_contiguous,default,auto,auto,auto,0.0,0.0,1.0,1.0,,,1.0,0.0,716.2820102352345,714.7310958873501,892.7473479439979,0.11434614559715951,749.5244950011883,618.3880220509918,,0.8633303827467436,AllDynamic,556.4106587183825,516.9863629379068,1.287326184378089,1.385494979335198,ok,,/home/renyz/project/vecops-neo/benchmarks/ops/matmul-otherlibs/results/raw/cycles/post-targeted-fixes-20260904/x86/local-x86_MatmulOtherlibsLIBXSMMBench_post-targeted-fixes-20260904.json
post-targeted-fixes-20260904,local-x86,Native,Intel(R) Xeon(R) w9-3495X,gcc,oneDNN,0e2a5bfeef1bfbffc3137464606540233086ce9b,AVX-512+AMX-BF16,brg_matmul:avx10_1_512_amx,G04_rank_reduce,general,rank_reduce,64x1024x4096,1,0,0,gemm,bf16xbf16_acc_fp32,NA,prepared_execute,native,row_contiguous,default,auto,auto,auto,0.0,0.0,1.0,1.0,,,,,603.9154655370331,603.1404638006592,605.3222181498282,0.0020648330716333085,888.9835459381494,618.3880220509918,,1.0239645403038138,AllDynamic,556.4106587183825,516.9863629379068,1.0853772408459457,1.1681458329096526,ok,,/home/renyz/project/vecops-neo/benchmarks/ops/matmul-otherlibs/results/raw/cycles/post-targeted-fixes-20260904/x86/local-x86_MatmulOtherlibsOneDNNBench_post-targeted-fixes-20260904.json
post-targeted-fixes-20260904,local-x86,Native,Intel(R) Xeon(R) w9-3495X,gcc,OpenBLAS,e0166008be8e466242aa76b2ff75ce3f0fbf574a,AVX-512+AMX-BF16,unspecified,G04_rank_reduce,general,rank_reduce,64x1024x4096,1,0,0,gemm,bf16xbf16_acc_fp32,NA,raw_e2e,native,row_contiguous,default,auto,auto,auto,0.0,1.0,0.0,1.0,,,,,618.3880220509918,617.0100608372871,619.4079717896092,0.0019372792754722586,868.1780578792162,618.3880220509918,1.0,1.0,AllDynamic,556.4106587183825,516.9863629379068,1.1113878074790406,1.196139910803148,ok,,/home/renyz/project/vecops-neo/benchmarks/ops/matmul-otherlibs/results/raw/cycles/post-targeted-fixes-20260904/x86/local-x86_MatmulOtherlibsOpenBLASBench_post-targeted-fixes-20260904.json
final-stage3-20260904,local-x86,Native,Intel(R) Xeon(R) w9-3495X,gcc-13.3,vecops,0b7a801a0b816f70245d24001a70ce0561c23389+dirty,AMX-BF16,,G04_rank_reduce,general,rank_reduce,64x1024x4096,1,0,0,gemm,bf16xbf16_acc_fp32,AllConst,raw_e2e,native,row_contiguous,default,auto,auto,auto,0.0,1.0,0.0,1.0,,,,,385.90890608498955,385.78817014677645,386.93761933808474,0.0014679946689910369,1391.1855972605197,,,,AllDynamic,396.62216429231904,385.90890608498955,0.9729887556172137,1.0,ok,,/home/renyz/project/vecops-neo-validate-stage3/benchmarks/results/final-x86-stage3/local-x86-stage3_MatmulOtherlibsVecopsGeneralBench_final-stage3-20260904.json
final-stage3-20260904,local-x86,Native,Intel(R) Xeon(R) w9-3495X,gcc-13.3,vecops,0b7a801a0b816f70245d24001a70ce0561c23389+dirty,AMX-BF16,,G04_rank_reduce,general,rank_reduce,64x1024x4096,1,0,0,gemm,bf16xbf16_acc_fp32,AllDynamic,raw_e2e,native,row_contiguous,default,auto,auto,auto,0.0,1.0,0.0,1.0,,,,,396.62216429231904,396.45234673948846,396.79741642896937,0.0004451184670875991,1353.6079431111032,,,,AllDynamic,396.62216429231904,385.90890608498955,1.0,1.027761106412429,ok,,/home/renyz/project/vecops-neo-validate-stage3/benchmarks/results/final-x86-stage3/local-x86-stage3_MatmulOtherlibsVecopsGeneralBench_final-stage3-20260904.json
post-targeted-fixes-20260904,local-x86,Native,Intel(R) Xeon(R) w9-3495X,gcc,LIBXSMM,3668d249637792dcc988414eb3d2a374033743df,AVX-512+AMX-BF16,,G04_rank_reduce,general,rank_reduce,64x1024x4096,1,0,0,gemm_add,bf16xbf16_acc_fp32,NA,prepared_execute,native,row_contiguous,default,auto,auto,auto,0.0,0.0,1.0,1.0,,,1.0,0.0,709.3320455169305,708.4307434258399,712.9588858471392,0.0030215350214562865,756.8682613355663,616.6688239126003,,0.8693655218455536,AllDynamic,543.3028836846496,529.0790678458816,1.3055922705697427,1.3406919468671095,ok,,/home/renyz/project/vecops-neo/benchmarks/ops/matmul-otherlibs/results/raw/cycles/post-targeted-fixes-20260904/x86/local-x86_MatmulOtherlibsLIBXSMMBench_post-targeted-fixes-20260904.json
post-targeted-fixes-20260904,local-x86,Native,Intel(R) Xeon(R) w9-3495X,gcc,oneDNN,0e2a5bfeef1bfbffc3137464606540233086ce9b,AVX-512+AMX-BF16,brg_matmul:avx10_1_512_amx,G04_rank_reduce,general,rank_reduce,64x1024x4096,1,0,0,gemm_add,bf16xbf16_acc_fp32,NA,prepared_execute,native,row_contiguous,default,auto,auto,auto,0.0,0.0,1.0,1.0,,,,,604.509668031322,604.0989784353236,605.9618715190827,0.0019937496844614298,888.1097199791727,616.6688239126003,,1.0201140800954869,AllDynamic,543.3028836846496,529.0790678458816,1.11265683688548,1.1425696172266884,ok,,/home/renyz/project/vecops-neo/benchmarks/ops/matmul-otherlibs/results/raw/cycles/post-targeted-fixes-20260904/x86/local-x86_MatmulOtherlibsOneDNNBench_post-targeted-fixes-20260904.json
post-targeted-fixes-20260904,local-x86,Native,Intel(R) Xeon(R) w9-3495X,gcc,OpenBLAS,e0166008be8e466242aa76b2ff75ce3f0fbf574a,AVX-512+AMX-BF16,unspecified,G04_rank_reduce,general,rank_reduce,64x1024x4096,1,0,0,gemm_add,bf16xbf16_acc_fp32,NA,raw_e2e,native,row_contiguous,default,auto,auto,auto,0.0,1.0,0.0,1.0,,,,,616.6688239126003,614.2176378729635,617.3113022011906,0.002452699640708282,870.5984333595727,616.6688239126003,1.0,1.0,AllDynamic,543.3028836846496,529.0790678458816,1.1350369056213856,1.165551354022256,ok,,/home/renyz/project/vecops-neo/benchmarks/ops/matmul-otherlibs/results/raw/cycles/post-targeted-fixes-20260904/x86/local-x86_MatmulOtherlibsOpenBLASBench_post-targeted-fixes-20260904.json
final-stage3-20260904,local-x86,Native,Intel(R) Xeon(R) w9-3495X,gcc-13.3,vecops,0b7a801a0b816f70245d24001a70ce0561c23389+dirty,AMX-BF16,,G04_rank_reduce,general,rank_reduce,64x1024x4096,1,0,0,gemm_add,bf16xbf16_acc_fp32,AllConst,raw_e2e,native,row_contiguous,default,auto,auto,auto,0.0,1.0,0.0,1.0,,,,,396.3294745676777,395.892767267207,396.9387423594372,0.0015313566100981747,1354.6075839694413,,,,AllDynamic,401.3742751042949,396.3294745676777,0.987431181195391,1.0,ok,,/home/renyz/project/vecops-neo-validate-stage3/benchmarks/results/final-x86-stage3/local-x86-stage3_MatmulOtherlibsVecopsGeneralBench_final-stage3-20260904.json
final-stage3-20260904,local-x86,Native,Intel(R) Xeon(R) w9-3495X,gcc-13.3,vecops,0b7a801a0b816f70245d24001a70ce0561c23389+dirty,AMX-BF16,,G04_rank_reduce,general,rank_reduce,64x1024x4096,1,0,0,gemm_add,bf16xbf16_acc_fp32,AllDynamic,raw_e2e,native,row_contiguous,default,auto,auto,auto,0.0,1.0,0.0,1.0,,,,,401.3742751042949,401.0572492806801,401.97916906647237,0.0014523824354461337,1337.58176669518,,,,AllDynamic,401.3742751042949,396.3294745676777,1.0,1.0127288048463217,ok,,/home/renyz/project/vecops-neo-validate-stage3/benchmarks/results/final-x86-stage3/local-x86-stage3_MatmulOtherlibsVecopsGeneralBench_final-stage3-20260904.json
post-targeted-fixes-20260904,local-x86,Native,Intel(R) Xeon(R) w9-3495X,gcc,LIBXSMM,3668d249637792dcc988414eb3d2a374033743df,AVX-512+AMX-BF16,,G05_rank_expand,general,rank_expand,1024x64x4096,1,0,0,gemm,bf16xbf16_acc_fp32,NA,prepared_execute,native,row_contiguous,default,auto,auto,auto,0.0,0.0,1.0,1.0,,,1.0,0.0,1953.2995943007047,1945.9835535414734,1999.6443450403656,0.01236582906122575,274.8533371769852,621.8898311878245,,0.3183791329309447,AllDynamic,970.3980690542737,919.2463748101881,2.012884873322494,2.124892355114302,ok,,/home/renyz/project/vecops-neo/benchmarks/ops/matmul-otherlibs/results/raw/cycles/post-targeted-fixes-20260904/x86/local-x86_MatmulOtherlibsLIBXSMMBench_post-targeted-fixes-20260904.json
post-targeted-fixes-20260904,local-x86,Native,Intel(R) Xeon(R) w9-3495X,gcc,oneDNN,0e2a5bfeef1bfbffc3137464606540233086ce9b,AVX-512+AMX-BF16,brg_matmul:avx10_1_512_amx,G05_rank_expand,general,rank_expand,1024x64x4096,1,0,0,gemm,bf16xbf16_acc_fp32,NA,prepared_execute,native,row_contiguous,default,auto,auto,auto,0.0,0.0,1.0,1.0,,,,,686.2886862911503,685.5209205669406,687.1442304234771,0.0011087986164845746,782.2814549098345,621.8898311878245,,0.9061636066720685,AllDynamic,970.3980690542737,919.2463748101881,0.7072238787119501,0.7465775281766649,ok,,/home/renyz/project/vecops-neo/benchmarks/ops/matmul-otherlibs/results/raw/cycles/post-targeted-fixes-20260904/x86/local-x86_MatmulOtherlibsOneDNNBench_post-targeted-fixes-20260904.json
post-targeted-fixes-20260904,local-x86,Native,Intel(R) Xeon(R) w9-3495X,gcc,OpenBLAS,e0166008be8e466242aa76b2ff75ce3f0fbf574a,AVX-512+AMX-BF16,unspecified,G05_rank_expand,general,rank_expand,1024x64x4096,1,0,0,gemm,bf16xbf16_acc_fp32,NA,raw_e2e,native,row_contiguous,default,auto,auto,auto,0.0,1.0,0.0,1.0,,,,,621.8898311878245,621.7450586975448,623.3130790965839,0.0012681008396385589,863.2894205305845,621.8898311878245,1.0,1.0,AllDynamic,970.3980690542737,919.2463748101881,0.6408605406582302,0.6765213855928845,ok,,/home/renyz/project/vecops-neo/benchmarks/ops/matmul-otherlibs/results/raw/cycles/post-targeted-fixes-20260904/x86/local-x86_MatmulOtherlibsOpenBLASBench_post-targeted-fixes-20260904.json
final-stage3-20260904,local-x86,Native,Intel(R) Xeon(R) w9-3495X,gcc-13.3,vecops,0b7a801a0b816f70245d24001a70ce0561c23389+dirty,AMX-BF16,,G05_rank_expand,general,rank_expand,1024x64x4096,1,0,0,gemm,bf16xbf16_acc_fp32,AllConst,raw_e2e,native,row_contiguous,default,auto,auto,auto,0.0,1.0,0.0,1.0,,,,,714.5751076631057,714.0818327808609,715.3540277161085,0.001042377087488059,751.3148810287325,,,,AllDynamic,737.9218631142161,714.5751076631057,0.9683614802350736,1.0,ok,,/home/renyz/project/vecops-neo-validate-stage3/benchmarks/results/final-x86-stage3/local-x86-stage3_MatmulOtherlibsVecopsGeneralBench_final-stage3-20260904.json
final-stage3-20260904,local-x86,Native,Intel(R) Xeon(R) w9-3495X,gcc-13.3,vecops,0b7a801a0b816f70245d24001a70ce0561c23389+dirty,AMX-BF16,,G05_rank_expand,general,rank_expand,1024x64x4096,1,0,0,gemm,bf16xbf16_acc_fp32,AllDynamic,raw_e2e,native,row_contiguous,default,auto,auto,auto,0.0,1.0,0.0,1.0,,,,,737.9218631142161,736.9672588844734,738.9005042281686,0.0012099057123077486,727.5443903156216,,,,AllDynamic,737.9218631142161,714.5751076631057,1.0,1.0326722204576395,ok,,/home/renyz/project/vecops-neo-validate-stage3/benchmarks/results/final-x86-stage3/local-x86-stage3_MatmulOtherlibsVecopsGeneralBench_final-stage3-20260904.json
post-targeted-fixes-20260904,local-x86,Native,Intel(R) Xeon(R) w9-3495X,gcc,LIBXSMM,3668d249637792dcc988414eb3d2a374033743df,AVX-512+AMX-BF16,,G05_rank_expand,general,rank_expand,1024x64x4096,1,0,0,gemm_add,bf16xbf16_acc_fp32,NA,prepared_execute,native,row_contiguous,default,auto,auto,auto,0.0,0.0,1.0,1.0,,,1.0,0.0,2002.5478333991487,1948.9165860351127,2032.1147140445341,0.017494123301819795,268.09392666976095,617.5727212072178,,0.30839349298285795,AllDynamic,978.1275106548377,909.5165910661923,2.0473279931146005,2.2017716367896454,ok,,/home/renyz/project/vecops-neo/benchmarks/ops/matmul-otherlibs/results/raw/cycles/post-targeted-fixes-20260904/x86/local-x86_MatmulOtherlibsLIBXSMMBench_post-targeted-fixes-20260904.json
post-targeted-fixes-20260904,local-x86,Native,Intel(R) Xeon(R) w9-3495X,gcc,oneDNN,0e2a5bfeef1bfbffc3137464606540233086ce9b,AVX-512+AMX-BF16,brg_matmul:avx10_1_512_amx,G05_rank_expand,general,rank_expand,1024x64x4096,1,0,0,gemm_add,bf16xbf16_acc_fp32,NA,prepared_execute,native,row_contiguous,default,auto,auto,auto,0.0,0.0,1.0,1.0,,,,,643.5177247029295,642.8960513979316,645.2128201949521,0.0016290822939477106,834.2752520885708,617.5727212072178,,0.9596825347620551,AllDynamic,978.1275106548377,909.5165910661923,0.6579078061837834,0.7075381922924108,ok,,/home/renyz/project/vecops-neo/benchmarks/ops/matmul-otherlibs/results/raw/cycles/post-targeted-fixes-20260904/x86/local-x86_MatmulOtherlibsOneDNNBench_post-targeted-fixes-20260904.json
post-targeted-fixes-20260904,local-x86,Native,Intel(R) Xeon(R) w9-3495X,gcc,OpenBLAS,e0166008be8e466242aa76b2ff75ce3f0fbf574a,AVX-512+AMX-BF16,unspecified,G05_rank_expand,general,rank_expand,1024x64x4096,1,0,0,gemm_add,bf16xbf16_acc_fp32,NA,raw_e2e,native,row_contiguous,default,auto,auto,auto,0.0,1.0,0.0,1.0,,,,,617.5727212072178,616.8108876481389,618.4251203492234,0.0012984691148076604,869.3242003152866,617.5727212072178,1.0,1.0,AllDynamic,978.1275106548377,909.5165910661923,0.6313826310781961,0.6790120458201432,ok,,/home/renyz/project/vecops-neo/benchmarks/ops/matmul-otherlibs/results/raw/cycles/post-targeted-fixes-20260904/x86/local-x86_MatmulOtherlibsOpenBLASBench_post-targeted-fixes-20260904.json
final-stage3-20260904,local-x86,Native,Intel(R) Xeon(R) w9-3495X,gcc-13.3,vecops,0b7a801a0b816f70245d24001a70ce0561c23389+dirty,AMX-BF16,,G05_rank_expand,general,rank_expand,1024x64x4096,1,0,0,gemm_add,bf16xbf16_acc_fp32,AllConst,raw_e2e,native,row_contiguous,default,auto,auto,auto,0.0,1.0,0.0,1.0,,,,,715.3772499545345,714.9043745107056,716.6171907649223,0.0012226240315354594,750.4724423849383,,,,AllDynamic,765.8800324173393,715.3772499545345,0.9340591472225703,1.0,ok,,/home/renyz/project/vecops-neo-validate-stage3/benchmarks/results/final-x86-stage3/local-x86-stage3_MatmulOtherlibsVecopsGeneralBench_final-stage3-20260904.json
final-stage3-20260904,local-x86,Native,Intel(R) Xeon(R) w9-3495X,gcc-13.3,vecops,0b7a801a0b816f70245d24001a70ce0561c23389+dirty,AMX-BF16,,G05_rank_expand,general,rank_expand,1024x64x4096,1,0,0,gemm_add,bf16xbf16_acc_fp32,AllDynamic,raw_e2e,native,row_contiguous,default,auto,auto,auto,0.0,1.0,0.0,1.0,,,,,765.8800324173393,759.5757481239334,767.0516507209253,0.004728646706992902,700.985649548115,,,,AllDynamic,765.8800324173393,715.3772499545345,1.0,1.070596014153392,ok,,/home/renyz/project/vecops-neo-validate-stage3/benchmarks/results/final-x86-stage3/local-x86-stage3_MatmulOtherlibsVecopsGeneralBench_final-stage3-20260904.json
post-targeted-fixes-20260904,local-x86,Native,Intel(R) Xeon(R) w9-3495X,gcc,LIBXSMM,3668d249637792dcc988414eb3d2a374033743df,AVX-512+AMX-BF16,,L01_qkv_decode,llm,qkv,4096x1x4096,1,1,0,bias,bf16xbf16_acc_fp32,NA,prepared_execute,separate,row_contiguous,default,auto,auto,auto,0.0,0.0,1.0,1.0,,,1.0,0.0,3163.5755453449246,3159.190395143179,3167.774745353116,0.0013693999250891328,10.60648987800339,1661.193119140253,,0.5250998736491792,TokenDynamic,941.3706175842317,940.8887853102145,3.3606057871907766,3.3623267645834276,ok,,/home/renyz/project/vecops-neo/benchmarks/ops/matmul-otherlibs/results/raw/cycles/post-targeted-fixes-20260904/x86/local-x86_MatmulOtherlibsLIBXSMMBench_post-targeted-fixes-20260904.json
post-targeted-fixes-20260904,local-x86,Native,Intel(R) Xeon(R) w9-3495X,gcc,oneDNN,0e2a5bfeef1bfbffc3137464606540233086ce9b,AVX-512+AMX-BF16,brg_matmul:avx512_core_bf16,L01_qkv_decode,llm,qkv,4096x1x4096,1,1,0,bias,bf16xbf16_acc_fp32,NA,prepared_execute,separate,row_contiguous,default,auto,auto,auto,0.0,0.0,1.0,1.0,,,,,936.472246539779,936.0510879584277,937.0270493673162,0.0005006373096364173,35.830674239393694,1661.193119140253,,1.773883983511827,TokenDynamic,941.3706175842317,940.8887853102145,0.9947965541382383,0.9953059927598357,ok,,/home/renyz/project/vecops-neo/benchmarks/ops/matmul-otherlibs/results/raw/cycles/post-targeted-fixes-20260904/x86/local-x86_MatmulOtherlibsOneDNNBench_post-targeted-fixes-20260904.json
post-targeted-fixes-20260904,local-x86,Native,Intel(R) Xeon(R) w9-3495X,gcc,OpenBLAS,e0166008be8e466242aa76b2ff75ce3f0fbf574a,AVX-512+AMX-BF16,unspecified,L01_qkv_decode,llm,qkv,4096x1x4096,1,1,0,bias,bf16xbf16_acc_fp32,NA,raw_e2e,separate,row_contiguous,default,auto,auto,auto,0.0,1.0,0.0,1.0,,,,,1661.193119140253,1657.7863501013435,1668.0483499796885,0.0028231835551958163,20.198995296444537,1661.193119140253,1.0,1.0,TokenDynamic,941.3706175842317,940.8887853102145,1.7646536742385772,1.7655573592500111,ok,,/home/renyz/project/vecops-neo/benchmarks/ops/matmul-otherlibs/results/raw/cycles/post-targeted-fixes-20260904/x86/local-x86_MatmulOtherlibsOpenBLASBench_post-targeted-fixes-20260904.json
final-stage3-20260904,local-x86,Native,Intel(R) Xeon(R) w9-3495X,gcc-13.3,vecops,0b7a801a0b816f70245d24001a70ce0561c23389+dirty,AMX-BF16,,L01_qkv_decode,llm,qkv,4096x1x4096,1,1,0,bias,bf16xbf16_acc_fp32,AllConst,raw_e2e,native_fused,row_contiguous,default,auto,auto,auto,0.0,1.0,0.0,1.0,,,,,942.2815235287901,940.4633973175097,942.9602174716532,0.0012058978910731229,35.609773896808015,,,,TokenDynamic,942.6029999474777,942.2815235287901,0.9996589482330255,1.0,ok,,/home/renyz/project/vecops-neo-validate-stage3/benchmarks/results/final-x86-stage3/local-x86-stage3_MatmulOtherlibsVecopsBiasBench_final-stage3-20260904.json
final-stage3-20260904,local-x86,Native,Intel(R) Xeon(R) w9-3495X,gcc-13.3,vecops,0b7a801a0b816f70245d24001a70ce0561c23389+dirty,AMX-BF16,,L01_qkv_decode,llm,qkv,4096x1x4096,1,1,0,bias,bf16xbf16_acc_fp32,TokenDynamic,raw_e2e,native_fused,row_contiguous,default,auto,auto,auto,0.0,1.0,0.0,1.0,,,,,942.6029999474777,942.1187785810373,943.6007824276368,0.0009820166165157324,35.59762912049895,,,,TokenDynamic,942.6029999474777,942.2815235287901,1.0,1.0003411681229657,ok,,/home/renyz/project/vecops-neo-validate-stage3/benchmarks/results/final-x86-stage3/local-x86-stage3_MatmulOtherlibsVecopsBiasBench_final-stage3-20260904.json
post-targeted-fixes-20260904,local-x86,Native,Intel(R) Xeon(R) w9-3495X,gcc,LIBXSMM,3668d249637792dcc988414eb3d2a374033743df,AVX-512+AMX-BF16,,L01_qkv_decode,llm,qkv,4096x1x4096,1,1,0,bias_relu,bf16xbf16_acc_fp32,NA,prepared_execute,separate,row_contiguous,default,auto,auto,auto,0.0,0.0,1.0,1.0,,,1.0,0.0,3165.981885765425,3160.8332906299356,3168.381227376151,0.0010674678356547022,10.598428295140955,1663.4293691216346,,0.5254071024855137,TokenDynamic,1178.01512705983,1194.1985209558566,2.6875562232102204,2.651135326504441,ok,,/home/renyz/project/vecops-neo/benchmarks/ops/matmul-otherlibs/results/raw/cycles/post-targeted-fixes-20260904/x86/local-x86_MatmulOtherlibsLIBXSMMBench_post-targeted-fixes-20260904.json
post-targeted-fixes-20260904,local-x86,Native,Intel(R) Xeon(R) w9-3495X,gcc,oneDNN,0e2a5bfeef1bfbffc3137464606540233086ce9b,AVX-512+AMX-BF16,brg_matmul:avx512_core_bf16,L01_qkv_decode,llm,qkv,4096x1x4096,1,1,0,bias_relu,bf16xbf16_acc_fp32,NA,prepared_execute,separate,row_contiguous,default,auto,auto,auto,0.0,0.0,1.0,1.0,,,,,936.7526799906045,936.2678506101172,937.6070707415541,0.0007346753414062863,35.819947694557484,1663.4293691216346,,1.7757401763060006,TokenDynamic,1178.01512705983,1194.1985209558566,0.7951957988252794,0.7844195613647318,ok,,/home/renyz/project/vecops-neo/benchmarks/ops/matmul-otherlibs/results/raw/cycles/post-targeted-fixes-20260904/x86/local-x86_MatmulOtherlibsOneDNNBench_post-targeted-fixes-20260904.json
post-targeted-fixes-20260904,local-x86,Native,Intel(R) Xeon(R) w9-3495X,gcc,OpenBLAS,e0166008be8e466242aa76b2ff75ce3f0fbf574a,AVX-512+AMX-BF16,unspecified,L01_qkv_decode,llm,qkv,4096x1x4096,1,1,0,bias_relu,bf16xbf16_acc_fp32,NA,raw_e2e,separate,row_contiguous,default,auto,auto,auto,0.0,1.0,0.0,1.0,,,,,1663.4293691216346,1659.887700017342,1664.8657572832667,0.001412679535271283,20.17184054993465,1663.4293691216346,1.0,1.0,TokenDynamic,1178.01512705983,1194.1985209558566,1.4120611280037925,1.3929253301956845,ok,,/home/renyz/project/vecops-neo/benchmarks/ops/matmul-otherlibs/results/raw/cycles/post-targeted-fixes-20260904/x86/local-x86_MatmulOtherlibsOpenBLASBench_post-targeted-fixes-20260904.json
final-stage3-20260904,local-x86,Native,Intel(R) Xeon(R) w9-3495X,gcc-13.3,vecops,0b7a801a0b816f70245d24001a70ce0561c23389+dirty,AMX-BF16,,L01_qkv_decode,llm,qkv,4096x1x4096,1,1,0,bias_relu,bf16xbf16_acc_fp32,AllConst,raw_e2e,native_fused,row_contiguous,default,auto,auto,auto,0.0,1.0,0.0,1.0,,,,,1189.6105762867066,1188.9042557213234,1192.2046813474558,0.0012548601402409569,28.206232080365336,,,,TokenDynamic,1186.5063390390694,1189.6105762867066,1.0026162837445531,1.0,ok,,/home/renyz/project/vecops-neo-validate-stage3/benchmarks/results/final-x86-stage3/local-x86-stage3_MatmulOtherlibsVecopsBiasReluBench_final-stage3-20260904.json
final-stage3-20260904,local-x86,Native,Intel(R) Xeon(R) w9-3495X,gcc-13.3,vecops,0b7a801a0b816f70245d24001a70ce0561c23389+dirty,AMX-BF16,,L01_qkv_decode,llm,qkv,4096x1x4096,1,1,0,bias_relu,bf16xbf16_acc_fp32,TokenDynamic,raw_e2e,native_fused,row_contiguous,default,auto,auto,auto,0.0,1.0,0.0,1.0,,,,,1186.5063390390694,1182.7192457700623,1187.7192863089554,0.0020021361912568,28.28002758685229,,,,TokenDynamic,1186.5063390390694,1189.6105762867066,1.0,0.9973905433345028,ok,,/home/renyz/project/vecops-neo-validate-stage3/benchmarks/results/final-x86-stage3/local-x86-stage3_MatmulOtherlibsVecopsBiasReluBench_final-stage3-20260904.json
post-targeted-fixes-20260904,local-x86,Native,Intel(R) Xeon(R) w9-3495X,gcc,LIBXSMM,3668d249637792dcc988414eb3d2a374033743df,AVX-512+AMX-BF16,,L01_qkv_decode,llm,qkv,4096x1x4096,1,1,0,gemm,bf16xbf16_acc_fp32,NA,prepared_execute,native,row_contiguous,default,auto,auto,auto,0.0,0.0,1.0,1.0,,,1.0,0.0,3165.4038413597104,3161.5994271388363,3168.170458891175,0.0009785692552945853,10.600363707648302,1660.6904641126416,,0.5246377863114257,TokenDynamic,940.907516848021,939.7675100426446,3.364202947345566,3.36828397186882,ok,,/home/renyz/project/vecops-neo/benchmarks/ops/matmul-otherlibs/results/raw/cycles/post-targeted-fixes-20260904/x86/local-x86_MatmulOtherlibsLIBXSMMBench_post-targeted-fixes-20260904.json
post-targeted-fixes-20260904,local-x86,Native,Intel(R) Xeon(R) w9-3495X,gcc,oneDNN,0e2a5bfeef1bfbffc3137464606540233086ce9b,AVX-512+AMX-BF16,brg_matmul:avx512_core_bf16,L01_qkv_decode,llm,qkv,4096x1x4096,1,1,0,gemm,bf16xbf16_acc_fp32,NA,prepared_execute,native,row_contiguous,default,auto,auto,auto,0.0,0.0,1.0,1.0,,,,,933.7575599784032,933.2634973494959,934.2381346893187,0.0004925208238836163,35.934843730503324,1660.6904641126416,,1.7785028312392477,TokenDynamic,940.907516848021,939.7675100426446,0.992400999310145,0.9936048543921584,ok,,/home/renyz/project/vecops-neo/benchmarks/ops/matmul-otherlibs/results/raw/cycles/post-targeted-fixes-20260904/x86/local-x86_MatmulOtherlibsOneDNNBench_post-targeted-fixes-20260904.json
post-targeted-fixes-20260904,local-x86,Native,Intel(R) Xeon(R) w9-3495X,gcc,OpenBLAS,e0166008be8e466242aa76b2ff75ce3f0fbf574a,AVX-512+AMX-BF16,unspecified,L01_qkv_decode,llm,qkv,4096x1x4096,1,1,0,gemm,bf16xbf16_acc_fp32,NA,raw_e2e,native,row_contiguous,default,auto,auto,auto,0.0,1.0,0.0,1.0,,,,,1660.6904641126416,1655.771588169349,1662.5148571273753,0.0024822533719852874,20.205109094745826,1660.6904641126416,1.0,1.0,TokenDynamic,940.907516848021,939.7675100426446,1.7649879869977516,1.7671290466695142,ok,,/home/renyz/project/vecops-neo/benchmarks/ops/matmul-otherlibs/results/raw/cycles/post-targeted-fixes-20260904/x86/local-x86_MatmulOtherlibsOpenBLASBench_post-targeted-fixes-20260904.json
final-stage3-20260904,local-x86,Native,Intel(R) Xeon(R) w9-3495X,gcc-13.3,vecops,0b7a801a0b816f70245d24001a70ce0561c23389+dirty,AMX-BF16,,L01_qkv_decode,llm,qkv,4096x1x4096,1,1,0,gemm,bf16xbf16_acc_fp32,AllConst,raw_e2e,native,row_contiguous,default,auto,auto,auto,0.0,1.0,0.0,1.0,,,,,941.250322272551,940.0074537015278,942.2292242970494,0.0010607763004179668,35.64878673187204,,,,TokenDynamic,941.8930602494328,941.250322272551,0.9993176104549368,1.0,ok,,/home/renyz/project/vecops-neo-validate-stage3/benchmarks/results/final-x86-stage3/local-x86-stage3_MatmulOtherlibsVecopsLLMBench_final-stage3-20260904.json
final-stage3-20260904,local-x86,Native,Intel(R) Xeon(R) w9-3495X,gcc-13.3,vecops,0b7a801a0b816f70245d24001a70ce0561c23389+dirty,AMX-BF16,,L01_qkv_decode,llm,qkv,4096x1x4096,1,1,0,gemm,bf16xbf16_acc_fp32,TokenDynamic,raw_e2e,native,row_contiguous,default,auto,auto,auto,0.0,1.0,0.0,1.0,,,,,941.8930602494328,941.4787905840767,942.4353516098087,0.0004523396352660456,35.624460372512026,,,,TokenDynamic,941.8930602494328,941.250322272551,1.0,1.0006828555185299,ok,,/home/renyz/project/vecops-neo-validate-stage3/benchmarks/results/final-x86-stage3/local-x86-stage3_MatmulOtherlibsVecopsLLMBench_final-stage3-20260904.json
post-targeted-fixes-20260904,local-x86,Native,Intel(R) Xeon(R) w9-3495X,gcc,LIBXSMM,3668d249637792dcc988414eb3d2a374033743df,AVX-512+AMX-BF16,,L01_qkv_decode,llm,qkv,4096x1x4096,1,1,0,gemm_add,bf16xbf16_acc_fp32,NA,prepared_execute,native,row_contiguous,default,auto,auto,auto,0.0,0.0,1.0,1.0,,,1.0,0.0,3162.8763178807935,3161.029445684769,3171.0416136775166,0.0015490639851465148,10.6088346895848,1660.7517498501,,0.5250764123975753,TokenDynamic,941.6754362595286,940.6840201348516,3.358775429509128,3.362315347322877,ok,,/home/renyz/project/vecops-neo/benchmarks/ops/matmul-otherlibs/results/raw/cycles/post-targeted-fixes-20260904/x86/local-x86_MatmulOtherlibsLIBXSMMBench_post-targeted-fixes-20260904.json
post-targeted-fixes-20260904,local-x86,Native,Intel(R) Xeon(R) w9-3495X,gcc,oneDNN,0e2a5bfeef1bfbffc3137464606540233086ce9b,AVX-512+AMX-BF16,brg_matmul:avx512_core_bf16,L01_qkv_decode,llm,qkv,4096x1x4096,1,1,0,gemm_add,bf16xbf16_acc_fp32,NA,prepared_execute,native,row_contiguous,default,auto,auto,auto,0.0,0.0,1.0,1.0,,,,,935.8452200346317,934.7127187453832,936.3762720410402,0.0008327748192261281,35.85468118195688,1660.7517498501,,1.7746008787528376,TokenDynamic,941.6754362595286,940.6840201348516,0.9938086775969697,0.9948560834492264,ok,,/home/renyz/project/vecops-neo/benchmarks/ops/matmul-otherlibs/results/raw/cycles/post-targeted-fixes-20260904/x86/local-x86_MatmulOtherlibsOneDNNBench_post-targeted-fixes-20260904.json
post-targeted-fixes-20260904,local-x86,Native,Intel(R) Xeon(R) w9-3495X,gcc,OpenBLAS,e0166008be8e466242aa76b2ff75ce3f0fbf574a,AVX-512+AMX-BF16,unspecified,L01_qkv_decode,llm,qkv,4096x1x4096,1,1,0,gemm_add,bf16xbf16_acc_fp32,NA,raw_e2e,native,row_contiguous,default,auto,auto,auto,0.0,1.0,0.0,1.0,,,,,1660.7517498501,1656.030009533944,1665.1183548327976,0.0032826229755514307,20.20436347758094,1660.7517498501,1.0,1.0,TokenDynamic,941.6754362595286,940.6840201348516,1.7636137525757778,1.7654724799216033,ok,,/home/renyz/project/vecops-neo/benchmarks/ops/matmul-otherlibs/results/raw/cycles/post-targeted-fixes-20260904/x86/local-x86_MatmulOtherlibsOpenBLASBench_post-targeted-fixes-20260904.json
final-stage3-20260904,local-x86,Native,Intel(R) Xeon(R) w9-3495X,gcc-13.3,vecops,0b7a801a0b816f70245d24001a70ce0561c23389+dirty,AMX-BF16,,L01_qkv_decode,llm,qkv,4096x1x4096,1,1,0,gemm_add,bf16xbf16_acc_fp32,AllConst,raw_e2e,native,row_contiguous,default,auto,auto,auto,0.0,1.0,0.0,1.0,,,,,941.5285638767926,940.8258938858747,942.1158040914335,0.0006143584523038536,35.63825176141007,,,,TokenDynamic,943.0357702611317,941.5285638767926,0.9984017505678267,1.0,ok,,/home/renyz/project/vecops-neo-validate-stage3/benchmarks/results/final-x86-stage3/local-x86-stage3_MatmulOtherlibsVecopsLLMBench_final-stage3-20260904.json
final-stage3-20260904,local-x86,Native,Intel(R) Xeon(R) w9-3495X,gcc-13.3,vecops,0b7a801a0b816f70245d24001a70ce0561c23389+dirty,AMX-BF16,,L01_qkv_decode,llm,qkv,4096x1x4096,1,1,0,gemm_add,bf16xbf16_acc_fp32,TokenDynamic,raw_e2e,native,row_contiguous,default,auto,auto,auto,0.0,1.0,0.0,1.0,,,,,943.0357702611317,942.2322432746532,946.1439607548529,0.0030448331594027664,35.581292945768745,,,,TokenDynamic,943.0357702611317,941.5285638767926,1.0,1.0016008079225265,ok,,/home/renyz/project/vecops-neo-validate-stage3/benchmarks/results/final-x86-stage3/local-x86-stage3_MatmulOtherlibsVecopsLLMBench_final-stage3-20260904.json
post-targeted-fixes-20260904,local-x86,Native,Intel(R) Xeon(R) w9-3495X,gcc,LIBXSMM,3668d249637792dcc988414eb3d2a374033743df,AVX-512+AMX-BF16,,L02_qkv_batch4,llm,qkv,4096x4x4096,1,4,0,bias,bf16xbf16_acc_fp32,NA,prepared_execute,separate,row_contiguous,default,auto,auto,auto,0.0,0.0,1.0,1.0,,,1.0,0.0,3172.118863651783,3167.230822675099,3176.3431909811593,0.0014580973344900342,42.311695673814334,1682.3688915408923,,0.5303612392393544,TokenDynamic,1220.4905389808118,1207.878474188278,2.5990523992924244,2.626190408586857,ok,,/home/renyz/project/vecops-neo/benchmarks/ops/matmul-otherlibs/results/raw/cycles/post-targeted-fixes-20260904/x86/local-x86_MatmulOtherlibsLIBXSMMBench_post-targeted-fixes-20260904.json
post-targeted-fixes-20260904,local-x86,Native,Intel(R) Xeon(R) w9-3495X,gcc,oneDNN,0e2a5bfeef1bfbffc3137464606540233086ce9b,AVX-512+AMX-BF16,brg_matmul:avx10_1_512_amx,L02_qkv_batch4,llm,qkv,4096x4x4096,1,4,0,bias,bf16xbf16_acc_fp32,NA,prepared_execute,separate,row_contiguous,default,auto,auto,auto,0.0,0.0,1.0,1.0,,,,,992.1887375130352,991.639097886662,993.4537873540655,0.0008410795763764659,135.27439178197352,1682.3688915408923,,1.6956137758203385,TokenDynamic,1220.4905389808118,1207.878474188278,0.8129425881019747,0.8214309292826902,ok,,/home/renyz/project/vecops-neo/benchmarks/ops/matmul-otherlibs/results/raw/cycles/post-targeted-fixes-20260904/x86/local-x86_MatmulOtherlibsOneDNNBench_post-targeted-fixes-20260904.json
post-targeted-fixes-20260904,local-x86,Native,Intel(R) Xeon(R) w9-3495X,gcc,OpenBLAS,e0166008be8e466242aa76b2ff75ce3f0fbf574a,AVX-512+AMX-BF16,unspecified,L02_qkv_batch4,llm,qkv,4096x4x4096,1,4,0,bias,bf16xbf16_acc_fp32,NA,raw_e2e,separate,row_contiguous,default,auto,auto,auto,0.0,1.0,0.0,1.0,,,,,1682.3688915408923,1676.9416484398296,1686.7407878120264,0.0038452946830352156,79.77901200792482,1682.3688915408923,1.0,1.0,TokenDynamic,1220.4905389808118,1207.878474188278,1.3784366513367474,1.3928295995766318,ok,,/home/renyz/project/vecops-neo/benchmarks/ops/matmul-otherlibs/results/raw/cycles/post-targeted-fixes-20260904/x86/local-x86_MatmulOtherlibsOpenBLASBench_post-targeted-fixes-20260904.json
final-stage3-20260904,local-x86,Native,Intel(R) Xeon(R) w9-3495X,gcc-13.3,vecops,0b7a801a0b816f70245d24001a70ce0561c23389+dirty,AMX-BF16,,L02_qkv_batch4,llm,qkv,4096x4x4096,1,4,0,bias,bf16xbf16_acc_fp32,AllConst,raw_e2e,native_fused,row_contiguous,default,auto,auto,auto,0.0,1.0,0.0,1.0,,,,,1211.0452757795051,1208.0186069240503,1213.6507879717853,0.0021606322811142556,110.82800179671979,,,,TokenDynamic,1219.9138771138041,1211.0452757795051,0.9927301414463116,1.0,ok,,/home/renyz/project/vecops-neo-validate-stage3/benchmarks/results/final-x86-stage3/local-x86-stage3_MatmulOtherlibsVecopsBiasBench_final-stage3-20260904.json
final-stage3-20260904,local-x86,Native,Intel(R) Xeon(R) w9-3495X,gcc-13.3,vecops,0b7a801a0b816f70245d24001a70ce0561c23389+dirty,AMX-BF16,,L02_qkv_batch4,llm,qkv,4096x4x4096,1,4,0,bias,bf16xbf16_acc_fp32,TokenDynamic,raw_e2e,native_fused,row_contiguous,default,auto,auto,auto,0.0,1.0,0.0,1.0,,,,,1219.9138771138041,1217.7972507503764,1221.6621684114725,0.0013970692866872507,110.0222978998697,,,,TokenDynamic,1219.9138771138041,1211.0452757795051,1.0,1.0073230964289015,ok,,/home/renyz/project/vecops-neo-validate-stage3/benchmarks/results/final-x86-stage3/local-x86-stage3_MatmulOtherlibsVecopsBiasBench_final-stage3-20260904.json
post-targeted-fixes-20260904,local-x86,Native,Intel(R) Xeon(R) w9-3495X,gcc,LIBXSMM,3668d249637792dcc988414eb3d2a374033743df,AVX-512+AMX-BF16,,L02_qkv_batch4,llm,qkv,4096x4x4096,1,4,0,bias_relu,bf16xbf16_acc_fp32,NA,prepared_execute,separate,row_contiguous,default,auto,auto,auto,0.0,0.0,1.0,1.0,,,1.0,0.0,3172.546636381991,3165.2474638328636,3175.8286454450254,0.0016380277362609752,42.30599054425988,1686.2641464174928,,0.5315175282468119,TokenDynamic,1206.541077659369,1222.1511304074818,2.6294559672486058,2.5958709667307844,ok,,/home/renyz/project/vecops-neo/benchmarks/ops/matmul-otherlibs/results/raw/cycles/post-targeted-fixes-20260904/x86/local-x86_MatmulOtherlibsLIBXSMMBench_post-targeted-fixes-20260904.json
post-targeted-fixes-20260904,local-x86,Native,Intel(R) Xeon(R) w9-3495X,gcc,oneDNN,0e2a5bfeef1bfbffc3137464606540233086ce9b,AVX-512+AMX-BF16,brg_matmul:avx10_1_512_amx,L02_qkv_batch4,llm,qkv,4096x4x4096,1,4,0,bias_relu,bf16xbf16_acc_fp32,NA,prepared_execute,separate,row_contiguous,default,auto,auto,auto,0.0,0.0,1.0,1.0,,,,,993.683163063429,993.2700396806057,994.4085673683369,0.0005468298063768453,135.0709491607161,1686.2641464174928,,1.6969837158344354,TokenDynamic,1206.541077659369,1222.1511304074818,0.8235800516557016,0.8130607895703713,ok,,/home/renyz/project/vecops-neo/benchmarks/ops/matmul-otherlibs/results/raw/cycles/post-targeted-fixes-20260904/x86/local-x86_MatmulOtherlibsOneDNNBench_post-targeted-fixes-20260904.json
post-targeted-fixes-20260904,local-x86,Native,Intel(R) Xeon(R) w9-3495X,gcc,OpenBLAS,e0166008be8e466242aa76b2ff75ce3f0fbf574a,AVX-512+AMX-BF16,unspecified,L02_qkv_batch4,llm,qkv,4096x4x4096,1,4,0,bias_relu,bf16xbf16_acc_fp32,NA,raw_e2e,separate,row_contiguous,default,auto,auto,auto,0.0,1.0,0.0,1.0,,,,,1686.2641464174928,1684.0929342944905,1688.2623292409203,0.001140967939173428,79.59472321412316,1686.2641464174928,1.0,1.0,TokenDynamic,1206.541077659369,1222.1511304074818,1.3976019363458088,1.3797509198844087,ok,,/home/renyz/project/vecops-neo/benchmarks/ops/matmul-otherlibs/results/raw/cycles/post-targeted-fixes-20260904/x86/local-x86_MatmulOtherlibsOpenBLASBench_post-targeted-fixes-20260904.json
final-stage3-20260904,local-x86,Native,Intel(R) Xeon(R) w9-3495X,gcc-13.3,vecops,0b7a801a0b816f70245d24001a70ce0561c23389+dirty,AMX-BF16,,L02_qkv_batch4,llm,qkv,4096x4x4096,1,4,0,bias_relu,bf16xbf16_acc_fp32,AllConst,raw_e2e,native_fused,row_contiguous,default,auto,auto,auto,0.0,1.0,0.0,1.0,,,,,1234.710150330319,1232.6289697723314,1236.5236035156665,0.001956575956859704,108.70383463203332,,,,TokenDynamic,1242.9497875396853,1234.710150330319,0.9933709009873392,1.0,ok,,/home/renyz/project/vecops-neo-validate-stage3/benchmarks/results/final-x86-stage3/local-x86-stage3_MatmulOtherlibsVecopsBiasReluBench_final-stage3-20260904.json
final-stage3-20260904,local-x86,Native,Intel(R) Xeon(R) w9-3495X,gcc-13.3,vecops,0b7a801a0b816f70245d24001a70ce0561c23389+dirty,AMX-BF16,,L02_qkv_batch4,llm,qkv,4096x4x4096,1,4,0,bias_relu,bf16xbf16_acc_fp32,TokenDynamic,raw_e2e,native_fused,row_contiguous,default,auto,auto,auto,0.0,1.0,0.0,1.0,,,,,1242.9497875396853,1240.7472034693753,1244.662757612666,0.0015786406708533905,107.98322614920166,,,,TokenDynamic,1242.9497875396853,1234.710150330319,1.0,1.006673337225876,ok,,/home/renyz/project/vecops-neo-validate-stage3/benchmarks/results/final-x86-stage3/local-x86-stage3_MatmulOtherlibsVecopsBiasReluBench_final-stage3-20260904.json
post-targeted-fixes-20260904,local-x86,Native,Intel(R) Xeon(R) w9-3495X,gcc,LIBXSMM,3668d249637792dcc988414eb3d2a374033743df,AVX-512+AMX-BF16,,L02_qkv_batch4,llm,qkv,4096x4x4096,1,4,0,gemm,bf16xbf16_acc_fp32,NA,prepared_execute,native,row_contiguous,default,auto,auto,auto,0.0,0.0,1.0,1.0,,,1.0,0.0,3171.751227372707,3167.0825045280667,3174.528409197758,0.0010224260999659792,42.31660000370777,1681.6945059971142,,0.5302100907170237,TokenDynamic,1206.6910258626792,1198.4215724445148,2.628470055211673,2.6466072543262356,ok,,/home/renyz/project/vecops-neo/benchmarks/ops/matmul-otherlibs/results/raw/cycles/post-targeted-fixes-20260904/x86/local-x86_MatmulOtherlibsLIBXSMMBench_post-targeted-fixes-20260904.json
post-targeted-fixes-20260904,local-x86,Native,Intel(R) Xeon(R) w9-3495X,gcc,oneDNN,0e2a5bfeef1bfbffc3137464606540233086ce9b,AVX-512+AMX-BF16,brg_matmul:avx10_1_512_amx,L02_qkv_batch4,llm,qkv,4096x4x4096,1,4,0,gemm,bf16xbf16_acc_fp32,NA,prepared_execute,native,row_contiguous,default,auto,auto,auto,0.0,0.0,1.0,1.0,,,,,991.9917376064662,991.0115078818184,992.564273814849,0.0007758622139215442,135.30125595990157,1681.6945059971142,,1.6952706784179492,TokenDynamic,1206.6910258626792,1198.4215724445148,0.8220760048308791,0.82774856562622,ok,,/home/renyz/project/vecops-neo/benchmarks/ops/matmul-otherlibs/results/raw/cycles/post-targeted-fixes-20260904/x86/local-x86_MatmulOtherlibsOneDNNBench_post-targeted-fixes-20260904.json
post-targeted-fixes-20260904,local-x86,Native,Intel(R) Xeon(R) w9-3495X,gcc,OpenBLAS,e0166008be8e466242aa76b2ff75ce3f0fbf574a,AVX-512+AMX-BF16,unspecified,L02_qkv_batch4,llm,qkv,4096x4x4096,1,4,0,gemm,bf16xbf16_acc_fp32,NA,raw_e2e,native,row_contiguous,default,auto,auto,auto,0.0,1.0,0.0,1.0,,,,,1681.6945059971142,1671.8680676527274,1687.147371128695,0.004046924072013681,79.81100462739475,1681.6945059971142,1.0,1.0,TokenDynamic,1206.6910258626792,1198.4215724445148,1.3936413464207615,1.4032578724086462,ok,,/home/renyz/project/vecops-neo/benchmarks/ops/matmul-otherlibs/results/raw/cycles/post-targeted-fixes-20260904/x86/local-x86_MatmulOtherlibsOpenBLASBench_post-targeted-fixes-20260904.json
final-stage3-20260904,local-x86,Native,Intel(R) Xeon(R) w9-3495X,gcc-13.3,vecops,0b7a801a0b816f70245d24001a70ce0561c23389+dirty,AMX-BF16,,L02_qkv_batch4,llm,qkv,4096x4x4096,1,4,0,gemm,bf16xbf16_acc_fp32,AllConst,raw_e2e,native,row_contiguous,default,auto,auto,auto,0.0,1.0,0.0,1.0,,,,,1199.1557006477417,1198.0169059700759,1200.4313793463205,0.0012649637581354774,111.92685647701987,,,,TokenDynamic,1207.3460085706884,1199.1557006477417,0.9932162711726337,1.0,ok,,/home/renyz/project/vecops-neo-validate-stage3/benchmarks/results/final-x86-stage3/local-x86-stage3_MatmulOtherlibsVecopsLLMBench_final-stage3-20260904.json
final-stage3-20260904,local-x86,Native,Intel(R) Xeon(R) w9-3495X,gcc-13.3,vecops,0b7a801a0b816f70245d24001a70ce0561c23389+dirty,AMX-BF16,,L02_qkv_batch4,llm,qkv,4096x4x4096,1,4,0,gemm,bf16xbf16_acc_fp32,TokenDynamic,raw_e2e,native,row_contiguous,default,auto,auto,auto,0.0,1.0,0.0,1.0,,,,,1207.3460085706884,1199.254682809436,1209.7899170777089,0.0038888193694008076,111.16757503418023,,,,TokenDynamic,1207.3460085706884,1199.1557006477417,1.0,1.0068300621166397,ok,,/home/renyz/project/vecops-neo-validate-stage3/benchmarks/results/final-x86-stage3/local-x86-stage3_MatmulOtherlibsVecopsLLMBench_final-stage3-20260904.json
post-targeted-fixes-20260904,local-x86,Native,Intel(R) Xeon(R) w9-3495X,gcc,LIBXSMM,3668d249637792dcc988414eb3d2a374033743df,AVX-512+AMX-BF16,,L02_qkv_batch4,llm,qkv,4096x4x4096,1,4,0,gemm_add,bf16xbf16_acc_fp32,NA,prepared_execute,native,row_contiguous,default,auto,auto,auto,0.0,0.0,1.0,1.0,,,1.0,0.0,3172.9381133283655,3169.41057720793,3177.5089406768197,0.0012339153531607434,42.30077083325384,1680.3047230540135,,0.529573746174141,TokenDynamic,1227.9004649986234,1216.194921669186,2.5840352730316156,2.6089059054560235,ok,,/home/renyz/project/vecops-neo/benchmarks/ops/matmul-otherlibs/results/raw/cycles/post-targeted-fixes-20260904/x86/local-x86_MatmulOtherlibsLIBXSMMBench_post-targeted-fixes-20260904.json
post-targeted-fixes-20260904,local-x86,Native,Intel(R) Xeon(R) w9-3495X,gcc,oneDNN,0e2a5bfeef1bfbffc3137464606540233086ce9b,AVX-512+AMX-BF16,brg_matmul:avx10_1_512_amx,L02_qkv_batch4,llm,qkv,4096x4x4096,1,4,0,gemm_add,bf16xbf16_acc_fp32,NA,prepared_execute,native,row_contiguous,default,auto,auto,auto,0.0,0.0,1.0,1.0,,,,,993.6563049753507,992.5012013970724,995.7170595682444,0.0014360908418967592,135.07460006841046,1680.3047230540135,,1.6910321150688983,TokenDynamic,1227.9004649986234,1216.194921669186,0.8092319640716682,0.8170206002929131,ok,,/home/renyz/project/vecops-neo/benchmarks/ops/matmul-otherlibs/results/raw/cycles/post-targeted-fixes-20260904/x86/local-x86_MatmulOtherlibsOneDNNBench_post-targeted-fixes-20260904.json
post-targeted-fixes-20260904,local-x86,Native,Intel(R) Xeon(R) w9-3495X,gcc,OpenBLAS,e0166008be8e466242aa76b2ff75ce3f0fbf574a,AVX-512+AMX-BF16,unspecified,L02_qkv_batch4,llm,qkv,4096x4x4096,1,4,0,gemm_add,bf16xbf16_acc_fp32,NA,raw_e2e,native,row_contiguous,default,auto,auto,auto,0.0,1.0,0.0,1.0,,,,,1680.3047230540135,1676.3869687039628,1688.4333591526708,0.003339379297529745,79.87701644738254,1680.3047230540135,1.0,1.0,TokenDynamic,1227.9004649986234,1216.194921669186,1.3684372397854718,1.3816080737681857,ok,,/home/renyz/project/vecops-neo/benchmarks/ops/matmul-otherlibs/results/raw/cycles/post-targeted-fixes-20260904/x86/local-x86_MatmulOtherlibsOpenBLASBench_post-targeted-fixes-20260904.json
final-stage3-20260904,local-x86,Native,Intel(R) Xeon(R) w9-3495X,gcc-13.3,vecops,0b7a801a0b816f70245d24001a70ce0561c23389+dirty,AMX-BF16,,L02_qkv_batch4,llm,qkv,4096x4x4096,1,4,0,gemm_add,bf16xbf16_acc_fp32,AllConst,raw_e2e,native,row_contiguous,default,auto,auto,auto,0.0,1.0,0.0,1.0,,,,,1208.7832069012402,1206.8261965458958,1212.8811880568812,0.002850872361142921,111.03540091698663,,,,TokenDynamic,1226.479078851346,1208.7832069012402,0.9855718110033489,1.0,ok,,/home/renyz/project/vecops-neo-validate-stage3/benchmarks/results/final-x86-stage3/local-x86-stage3_MatmulOtherlibsVecopsLLMBench_final-stage3-20260904.json
final-stage3-20260904,local-x86,Native,Intel(R) Xeon(R) w9-3495X,gcc-13.3,vecops,0b7a801a0b816f70245d24001a70ce0561c23389+dirty,AMX-BF16,,L02_qkv_batch4,llm,qkv,4096x4x4096,1,4,0,gemm_add,bf16xbf16_acc_fp32,TokenDynamic,raw_e2e,native,row_contiguous,default,auto,auto,auto,0.0,1.0,0.0,1.0,,,,,1226.479078851346,1213.2069194003154,1228.6393983359037,0.005651813479551084,109.43336116723742,,,,TokenDynamic,1226.479078851346,1208.7832069012402,1.0,1.0146394091587936,ok,,/home/renyz/project/vecops-neo-validate-stage3/benchmarks/results/final-x86-stage3/local-x86-stage3_MatmulOtherlibsVecopsLLMBench_final-stage3-20260904.json
post-targeted-fixes-20260904,local-x86,Native,Intel(R) Xeon(R) w9-3495X,gcc,LIBXSMM,3668d249637792dcc988414eb3d2a374033743df,AVX-512+AMX-BF16,,L03_qkv_prefill,llm,qkv,4096x128x4096,1,128,0,bias,bf16xbf16_acc_fp32,NA,prepared_execute,separate,row_contiguous,default,auto,auto,auto,0.0,0.0,1.0,1.0,,,1.0,0.0,15803.589666676193,15752.780711692238,15838.549088867792,0.002587966422907159,271.7716282558554,3634.857605088894,,0.2300020237018326,TokenDynamic,6510.742863280359,6314.216545433737,2.427309755359275,2.5028583598554124,ok,,/home/renyz/project/vecops-neo/benchmarks/ops/matmul-otherlibs/results/raw/cycles/post-targeted-fixes-20260904/x86/local-x86_MatmulOtherlibsLIBXSMMBench_post-targeted-fixes-20260904.json
post-targeted-fixes-20260904,local-x86,Native,Intel(R) Xeon(R) w9-3495X,gcc,oneDNN,0e2a5bfeef1bfbffc3137464606540233086ce9b,AVX-512+AMX-BF16,brg_matmul:avx10_1_512_amx,L03_qkv_prefill,llm,qkv,4096x128x4096,1,128,0,bias,bf16xbf16_acc_fp32,NA,prepared_execute,separate,row_contiguous,default,auto,auto,auto,0.0,0.0,1.0,1.0,,,,,4736.466400208883,4731.607273764288,4833.121100479426,0.018170106681370354,906.7872403381955,3634.857605088894,,0.7674196960266821,TokenDynamic,6510.742863280359,6314.216545433737,0.7274847893197969,0.7501273303073778,ok,,/home/renyz/project/vecops-neo/benchmarks/ops/matmul-otherlibs/results/raw/cycles/post-targeted-fixes-20260904/x86/local-x86_MatmulOtherlibsOneDNNBench_post-targeted-fixes-20260904.json
post-targeted-fixes-20260904,local-x86,Native,Intel(R) Xeon(R) w9-3495X,gcc,OpenBLAS,e0166008be8e466242aa76b2ff75ce3f0fbf574a,AVX-512+AMX-BF16,unspecified,L03_qkv_prefill,llm,qkv,4096x128x4096,1,128,0,bias,bf16xbf16_acc_fp32,NA,raw_e2e,separate,row_contiguous,default,auto,auto,auto,0.0,1.0,0.0,1.0,,,,,3634.857605088894,3625.5272736429774,3643.504452683326,0.00232192831192549,1181.6053784299377,3634.857605088894,1.0,1.0,TokenDynamic,6510.742863280359,6314.216545433737,0.5582861558838333,0.5756624878057944,ok,,/home/renyz/project/vecops-neo/benchmarks/ops/matmul-otherlibs/results/raw/cycles/post-targeted-fixes-20260904/x86/local-x86_MatmulOtherlibsOpenBLASBench_post-targeted-fixes-20260904.json
final-stage3-20260904,local-x86,Native,Intel(R) Xeon(R) w9-3495X,gcc-13.3,vecops,0b7a801a0b816f70245d24001a70ce0561c23389+dirty,AMX-BF16,,L03_qkv_prefill,llm,qkv,4096x128x4096,1,128,0,bias,bf16xbf16_acc_fp32,AllConst,raw_e2e,native_fused,row_contiguous,default,auto,auto,auto,0.0,1.0,0.0,1.0,,,,,6311.708227837119,6308.481891491365,6323.454728011381,0.0011861223571969955,680.4762103953891,,,,TokenDynamic,6499.975454062223,6311.708227837119,0.9710357019721597,1.0,ok,,/home/renyz/project/vecops-neo-validate-stage3/benchmarks/results/final-x86-stage3/local-x86-stage3_MatmulOtherlibsVecopsBiasBench_final-stage3-20260904.json
final-stage3-20260904,local-x86,Native,Intel(R) Xeon(R) w9-3495X,gcc-13.3,vecops,0b7a801a0b816f70245d24001a70ce0561c23389+dirty,AMX-BF16,,L03_qkv_prefill,llm,qkv,4096x128x4096,1,128,0,bias,bf16xbf16_acc_fp32,TokenDynamic,raw_e2e,native_fused,row_contiguous,default,auto,auto,auto,0.0,1.0,0.0,1.0,,,,,6499.975454062223,6487.182453962635,6509.304690619254,0.001578110973582742,660.7666946366418,,,,TokenDynamic,6499.975454062223,6311.708227837119,1.0,1.0298282524206002,ok,,/home/renyz/project/vecops-neo-validate-stage3/benchmarks/results/final-x86-stage3/local-x86-stage3_MatmulOtherlibsVecopsBiasBench_final-stage3-20260904.json
post-targeted-fixes-20260904,local-x86,Native,Intel(R) Xeon(R) w9-3495X,gcc,LIBXSMM,3668d249637792dcc988414eb3d2a374033743df,AVX-512+AMX-BF16,,L03_qkv_prefill,llm,qkv,4096x128x4096,1,128,0,bias_relu,bf16xbf16_acc_fp32,NA,prepared_execute,separate,row_contiguous,default,auto,auto,auto,0.0,0.0,1.0,1.0,,,1.0,0.0,15836.638666870489,15776.35395482907,15945.478933604641,0.005446455997511332,271.20447629994055,3640.0020264983664,,0.22984688247721918,TokenDynamic,6319.966363000937,6355.853318713013,2.5058105941169453,2.491662074743604,ok,,/home/renyz/project/vecops-neo/benchmarks/ops/matmul-otherlibs/results/raw/cycles/post-targeted-fixes-20260904/x86/local-x86_MatmulOtherlibsLIBXSMMBench_post-targeted-fixes-20260904.json
post-targeted-fixes-20260904,local-x86,Native,Intel(R) Xeon(R) w9-3495X,gcc,oneDNN,0e2a5bfeef1bfbffc3137464606540233086ce9b,AVX-512+AMX-BF16,brg_matmul:avx10_1_512_amx,L03_qkv_prefill,llm,qkv,4096x128x4096,1,128,0,bias_relu,bf16xbf16_acc_fp32,NA,prepared_execute,separate,row_contiguous,default,auto,auto,auto,0.0,0.0,1.0,1.0,,,,,4792.913414160561,4790.868206905072,4796.282964927176,0.0005428728552167227,896.1078419048027,3640.0020264983664,,0.7594549936462565,TokenDynamic,6319.966363000937,6355.853318713013,0.7583764119726614,0.7540944030362032,ok,,/home/renyz/project/vecops-neo/benchmarks/ops/matmul-otherlibs/results/raw/cycles/post-targeted-fixes-20260904/x86/local-x86_MatmulOtherlibsOneDNNBench_post-targeted-fixes-20260904.json
post-targeted-fixes-20260904,local-x86,Native,Intel(R) Xeon(R) w9-3495X,gcc,OpenBLAS,e0166008be8e466242aa76b2ff75ce3f0fbf574a,AVX-512+AMX-BF16,unspecified,L03_qkv_prefill,llm,qkv,4096x128x4096,1,128,0,bias_relu,bf16xbf16_acc_fp32,NA,raw_e2e,separate,row_contiguous,default,auto,auto,auto,0.0,1.0,0.0,1.0,,,,,3640.0020264983664,3629.2497949417384,3646.287689518526,0.0021231800076434125,1179.9354134238497,3640.0020264983664,1.0,1.0,TokenDynamic,6319.966363000937,6355.853318713013,0.5759527531361683,0.5727007600665374,ok,,/home/renyz/project/vecops-neo/benchmarks/ops/matmul-otherlibs/results/raw/cycles/post-targeted-fixes-20260904/x86/local-x86_MatmulOtherlibsOpenBLASBench_post-targeted-fixes-20260904.json
final-stage3-20260904,local-x86,Native,Intel(R) Xeon(R) w9-3495X,gcc-13.3,vecops,0b7a801a0b816f70245d24001a70ce0561c23389+dirty,AMX-BF16,,L03_qkv_prefill,llm,qkv,4096x128x4096,1,128,0,bias_relu,bf16xbf16_acc_fp32,AllConst,raw_e2e,native_fused,row_contiguous,default,auto,auto,auto,0.0,1.0,0.0,1.0,,,,,6330.228273079477,6318.830973098309,6343.117544946092,0.001782258914930062,678.4853737842569,,,,TokenDynamic,6528.462333205555,6330.228273079477,0.9696354133625302,1.0,ok,,/home/renyz/project/vecops-neo-validate-stage3/benchmarks/results/final-x86-stage3/local-x86-stage3_MatmulOtherlibsVecopsBiasReluBench_final-stage3-20260904.json
final-stage3-20260904,local-x86,Native,Intel(R) Xeon(R) w9-3495X,gcc-13.3,vecops,0b7a801a0b816f70245d24001a70ce0561c23389+dirty,AMX-BF16,,L03_qkv_prefill,llm,qkv,4096x128x4096,1,128,0,bias_relu,bf16xbf16_acc_fp32,TokenDynamic,raw_e2e,native_fused,row_contiguous,default,auto,auto,auto,0.0,1.0,0.0,1.0,,,,,6528.462333205555,6523.02710472473,6547.094381225871,0.001668168053257139,657.8834458697287,,,,TokenDynamic,6528.462333205555,6330.228273079477,1.0,1.0313154678748486,ok,,/home/renyz/project/vecops-neo-validate-stage3/benchmarks/results/final-x86-stage3/local-x86-stage3_MatmulOtherlibsVecopsBiasReluBench_final-stage3-20260904.json
post-targeted-fixes-20260904,local-x86,Native,Intel(R) Xeon(R) w9-3495X,gcc,LIBXSMM,3668d249637792dcc988414eb3d2a374033743df,AVX-512+AMX-BF16,,L03_qkv_prefill,llm,qkv,4096x128x4096,1,128,0,gemm,bf16xbf16_acc_fp32,NA,prepared_execute,native,row_contiguous,default,auto,auto,auto,0.0,0.0,1.0,1.0,,,1.0,0.0,15649.054668352213,15616.075067858521,15804.85375598073,0.007219833590953119,274.4553832178697,3576.0269227186936,,0.22851392614473087,TokenDynamic,6476.588863403197,6329.657273123633,2.416249510105423,2.4723383894416666,ok,,/home/renyz/project/vecops-neo/benchmarks/ops/matmul-otherlibs/results/raw/cycles/post-targeted-fixes-20260904/x86/local-x86_MatmulOtherlibsLIBXSMMBench_post-targeted-fixes-20260904.json
post-targeted-fixes-20260904,local-x86,Native,Intel(R) Xeon(R) w9-3495X,gcc,oneDNN,0e2a5bfeef1bfbffc3137464606540233086ce9b,AVX-512+AMX-BF16,brg_matmul:avx10_1_512_amx,L03_qkv_prefill,llm,qkv,4096x128x4096,1,128,0,gemm,bf16xbf16_acc_fp32,NA,prepared_execute,native,row_contiguous,default,auto,auto,auto,0.0,0.0,1.0,1.0,,,,,4257.013605886393,4251.259830110057,4263.165830387593,0.001233284688330881,1008.9155670212393,3576.0269227186936,,0.8400318283629482,TokenDynamic,6476.588863403197,6329.657273123633,0.6572925494686251,0.6725504118464841,ok,,/home/renyz/project/vecops-neo/benchmarks/ops/matmul-otherlibs/results/raw/cycles/post-targeted-fixes-20260904/x86/local-x86_MatmulOtherlibsOneDNNBench_post-targeted-fixes-20260904.json
post-targeted-fixes-20260904,local-x86,Native,Intel(R) Xeon(R) w9-3495X,gcc,OpenBLAS,e0166008be8e466242aa76b2ff75ce3f0fbf574a,AVX-512+AMX-BF16,unspecified,L03_qkv_prefill,llm,qkv,4096x128x4096,1,128,0,gemm,bf16xbf16_acc_fp32,NA,raw_e2e,native,row_contiguous,default,auto,auto,auto,0.0,1.0,0.0,1.0,,,,,3576.0269227186936,3565.791158680207,3583.6952308622685,0.0022543207036582378,1201.0444520744068,3576.0269227186936,1.0,1.0,TokenDynamic,6476.588863403197,6329.657273123633,0.5521466620994728,0.5649637521296559,ok,,/home/renyz/project/vecops-neo/benchmarks/ops/matmul-otherlibs/results/raw/cycles/post-targeted-fixes-20260904/x86/local-x86_MatmulOtherlibsOpenBLASBench_post-targeted-fixes-20260904.json
final-stage3-20260904,local-x86,Native,Intel(R) Xeon(R) w9-3495X,gcc-13.3,vecops,0b7a801a0b816f70245d24001a70ce0561c23389+dirty,AMX-BF16,,L03_qkv_prefill,llm,qkv,4096x128x4096,1,128,0,gemm,bf16xbf16_acc_fp32,AllConst,raw_e2e,native,row_contiguous,default,auto,auto,auto,0.0,1.0,0.0,1.0,,,,,6315.793318208307,6306.596873169341,6350.202954755247,0.003324051408982468,680.0360745842797,,,,TokenDynamic,6473.644136514684,6315.793318208307,0.975616389319886,1.0,ok,,/home/renyz/project/vecops-neo-validate-stage3/benchmarks/results/final-x86-stage3/local-x86-stage3_MatmulOtherlibsVecopsLLMBench_final-stage3-20260904.json
final-stage3-20260904,local-x86,Native,Intel(R) Xeon(R) w9-3495X,gcc-13.3,vecops,0b7a801a0b816f70245d24001a70ce0561c23389+dirty,AMX-BF16,,L03_qkv_prefill,llm,qkv,4096x128x4096,1,128,0,gemm,bf16xbf16_acc_fp32,TokenDynamic,raw_e2e,native,row_contiguous,default,auto,auto,auto,0.0,1.0,0.0,1.0,,,,,6473.644136514684,6249.104372479699,6485.44881815641,0.017572985984184032,663.4543396931837,,,,TokenDynamic,6473.644136514684,6315.793318208307,1.0,1.0249930310181772,ok,,/home/renyz/project/vecops-neo-validate-stage3/benchmarks/results/final-x86-stage3/local-x86-stage3_MatmulOtherlibsVecopsLLMBench_final-stage3-20260904.json
post-targeted-fixes-20260904,local-x86,Native,Intel(R) Xeon(R) w9-3495X,gcc,LIBXSMM,3668d249637792dcc988414eb3d2a374033743df,AVX-512+AMX-BF16,,L03_qkv_prefill,llm,qkv,4096x128x4096,1,128,0,gemm_add,bf16xbf16_acc_fp32,NA,prepared_execute,native,row_contiguous,default,auto,auto,auto,0.0,0.0,1.0,1.0,,,1.0,0.0,15810.813887381099,15668.659489084452,15950.19959883454,0.008402396921661042,271.64745133252706,3474.198878038584,,0.21973561277648118,TokenDynamic,6511.229905299842,6550.233619886318,2.4282376935441676,2.413778623006656,ok,,/home/renyz/project/vecops-neo/benchmarks/ops/matmul-otherlibs/results/raw/cycles/post-targeted-fixes-20260904/x86/local-x86_MatmulOtherlibsLIBXSMMBench_post-targeted-fixes-20260904.json
post-targeted-fixes-20260904,local-x86,Native,Intel(R) Xeon(R) w9-3495X,gcc,oneDNN,0e2a5bfeef1bfbffc3137464606540233086ce9b,AVX-512+AMX-BF16,brg_matmul:avx10_1_512_amx,L03_qkv_prefill,llm,qkv,4096x128x4096,1,128,0,gemm_add,bf16xbf16_acc_fp32,NA,prepared_execute,native,row_contiguous,default,auto,auto,auto,0.0,0.0,1.0,1.0,,,,,4231.680667020775,4229.120224552004,4237.879981872428,0.0009540996140159296,1014.9554359033855,3474.198878038584,,0.8209974124735929,TokenDynamic,6511.229905299842,6550.233619886318,0.6499049685799577,0.6460350748671798,ok,,/home/renyz/project/vecops-neo/benchmarks/ops/matmul-otherlibs/results/raw/cycles/post-targeted-fixes-20260904/x86/local-x86_MatmulOtherlibsOneDNNBench_post-targeted-fixes-20260904.json
post-targeted-fixes-20260904,local-x86,Native,Intel(R) Xeon(R) w9-3495X,gcc,OpenBLAS,e0166008be8e466242aa76b2ff75ce3f0fbf574a,AVX-512+AMX-BF16,unspecified,L03_qkv_prefill,llm,qkv,4096x128x4096,1,128,0,gemm_add,bf16xbf16_acc_fp32,NA,raw_e2e,native,row_contiguous,default,auto,auto,auto,0.0,1.0,0.0,1.0,,,,,3474.198878038584,3466.839331809841,3643.596941809647,0.04164726749008068,1236.24681452456,3474.198878038584,1.0,1.0,TokenDynamic,6511.229905299842,6550.233619886318,0.533570297557877,0.5303931248331385,ok,,/home/renyz/project/vecops-neo/benchmarks/ops/matmul-otherlibs/results/raw/cycles/post-targeted-fixes-20260904/x86/local-x86_MatmulOtherlibsOpenBLASBench_post-targeted-fixes-20260904.json
final-stage3-20260904,local-x86,Native,Intel(R) Xeon(R) w9-3495X,gcc-13.3,vecops,0b7a801a0b816f70245d24001a70ce0561c23389+dirty,AMX-BF16,,L03_qkv_prefill,llm,qkv,4096x128x4096,1,128,0,gemm_add,bf16xbf16_acc_fp32,AllConst,raw_e2e,native,row_contiguous,default,auto,auto,auto,0.0,1.0,0.0,1.0,,,,,6556.555095206325,6550.194904307968,6571.4394379895,0.0014869466496394506,655.0646236680245,,,,TokenDynamic,6739.658094288426,6556.555095206325,0.9728320047515062,1.0,ok,,/home/renyz/project/vecops-neo-validate-stage3/benchmarks/results/final-x86-stage3/local-x86-stage3_MatmulOtherlibsVecopsLLMBench_final-stage3-20260904.json
final-stage3-20260904,local-x86,Native,Intel(R) Xeon(R) w9-3495X,gcc-13.3,vecops,0b7a801a0b816f70245d24001a70ce0561c23389+dirty,AMX-BF16,,L03_qkv_prefill,llm,qkv,4096x128x4096,1,128,0,gemm_add,bf16xbf16_acc_fp32,TokenDynamic,raw_e2e,native,row_contiguous,default,auto,auto,auto,0.0,1.0,0.0,1.0,,,,,6739.658094288426,6510.550932892198,6754.7382761923855,0.017387654344217962,637.2678310847552,,,,TokenDynamic,6739.658094288426,6556.555095206325,1.0,1.0279267079164747,ok,,/home/renyz/project/vecops-neo-validate-stage3/benchmarks/results/final-x86-stage3/local-x86-stage3_MatmulOtherlibsVecopsLLMBench_final-stage3-20260904.json
post-targeted-fixes-20260904,local-x86,Native,Intel(R) Xeon(R) w9-3495X,gcc,LIBXSMM,3668d249637792dcc988414eb3d2a374033743df,AVX-512+AMX-BF16,,L04_mlp_up_decode,llm,mlp_up,11008x1x4096,1,1,0,bias,bf16xbf16_acc_fp32,NA,prepared_execute,separate,row_contiguous,default,auto,auto,auto,0.0,0.0,1.0,1.0,,,1.0,0.0,10074.99638497113,9982.565906830132,10606.3247532942,0.04842699503695458,8.950627132186154,4832.557758822202,,0.47965851045176827,TokenDynamic,3397.199875325896,3361.538666511132,2.9656766615784207,2.9971383299385783,ok,,/home/renyz/project/vecops-neo/benchmarks/ops/matmul-otherlibs/results/raw/cycles/post-targeted-fixes-20260904/x86/local-x86_MatmulOtherlibsLIBXSMMBench_post-targeted-fixes-20260904.json
post-targeted-fixes-20260904,local-x86,Native,Intel(R) Xeon(R) w9-3495X,gcc,oneDNN,0e2a5bfeef1bfbffc3137464606540233086ce9b,AVX-512+AMX-BF16,brg_matmul:avx512_core_bf16,L04_mlp_up_decode,llm,mlp_up,11008x1x4096,1,1,0,bias,bf16xbf16_acc_fp32,NA,prepared_execute,separate,row_contiguous,default,auto,auto,auto,0.0,0.0,1.0,1.0,,,,,2856.9808257642485,2841.199869694917,2871.9969518968596,0.00555140938289842,31.563927621347375,4832.557758822202,,1.6914911417123293,TokenDynamic,3397.199875325896,3361.538666511132,0.8409810816592521,0.8499027109896216,ok,,/home/renyz/project/vecops-neo/benchmarks/ops/matmul-otherlibs/results/raw/cycles/post-targeted-fixes-20260904/x86/local-x86_MatmulOtherlibsOneDNNBench_post-targeted-fixes-20260904.json
post-targeted-fixes-20260904,local-x86,Native,Intel(R) Xeon(R) w9-3495X,gcc,OpenBLAS,e0166008be8e466242aa76b2ff75ce3f0fbf574a,AVX-512+AMX-BF16,unspecified,L04_mlp_up_decode,llm,mlp_up,11008x1x4096,1,1,0,bias,bf16xbf16_acc_fp32,NA,raw_e2e,separate,row_contiguous,default,auto,auto,auto,0.0,1.0,0.0,1.0,,,,,4832.557758822202,4818.049338164514,4845.8087860189125,0.0026070802690714946,18.660415560553627,4832.557758822202,1.0,1.0,TokenDynamic,3397.199875325896,3361.538666511132,1.422512049974278,1.437602906956239,ok,,/home/renyz/project/vecops-neo/benchmarks/ops/matmul-otherlibs/results/raw/cycles/post-targeted-fixes-20260904/x86/local-x86_MatmulOtherlibsOpenBLASBench_post-targeted-fixes-20260904.json
final-stage3-20260904,local-x86,Native,Intel(R) Xeon(R) w9-3495X,gcc-13.3,vecops,0b7a801a0b816f70245d24001a70ce0561c23389+dirty,AMX-BF16,,L04_mlp_up_decode,llm,mlp_up,11008x1x4096,1,1,0,bias,bf16xbf16_acc_fp32,AllConst,raw_e2e,native_fused,row_contiguous,default,auto,auto,auto,0.0,1.0,0.0,1.0,,,,,3370.9078050422963,3357.478087660061,3379.628385513703,0.0030224421253609766,26.75170642908417,,,,TokenDynamic,3411.5046000806615,3370.9078050422963,0.9881000321566603,1.0,ok,,/home/renyz/project/vecops-neo-validate-stage3/benchmarks/results/final-x86-stage3/local-x86-stage3_MatmulOtherlibsVecopsBiasBench_final-stage3-20260904.json
final-stage3-20260904,local-x86,Native,Intel(R) Xeon(R) w9-3495X,gcc-13.3,vecops,0b7a801a0b816f70245d24001a70ce0561c23389+dirty,AMX-BF16,,L04_mlp_up_decode,llm,mlp_up,11008x1x4096,1,1,0,bias,bf16xbf16_acc_fp32,TokenDynamic,raw_e2e,native_fused,row_contiguous,default,auto,auto,auto,0.0,1.0,0.0,1.0,,,,,3411.5046000806615,3397.635795117822,3419.53906478011,0.0030815772517443474,26.433361982823605,,,,TokenDynamic,3411.5046000806615,3370.9078050422963,1.0,1.0120432825180325,ok,,/home/renyz/project/vecops-neo-validate-stage3/benchmarks/results/final-x86-stage3/local-x86-stage3_MatmulOtherlibsVecopsBiasBench_final-stage3-20260904.json
post-targeted-fixes-20260904,local-x86,Native,Intel(R) Xeon(R) w9-3495X,gcc,LIBXSMM,3668d249637792dcc988414eb3d2a374033743df,AVX-512+AMX-BF16,,L04_mlp_up_decode,llm,mlp_up,11008x1x4096,1,1,0,bias_relu,bf16xbf16_acc_fp32,NA,prepared_execute,separate,row_contiguous,default,auto,auto,auto,0.0,0.0,1.0,1.0,,,1.0,0.0,10061.485144043607,9956.673585942814,10147.429914130564,0.008625366402309742,8.962646638044786,4825.5023450173185,,0.47960139839534655,TokenDynamic,3392.859780877011,3386.2942193702957,2.965488052513282,2.971237728396385,ok,,/home/renyz/project/vecops-neo/benchmarks/ops/matmul-otherlibs/results/raw/cycles/post-targeted-fixes-20260904/x86/local-x86_MatmulOtherlibsLIBXSMMBench_post-targeted-fixes-20260904.json
post-targeted-fixes-20260904,local-x86,Native,Intel(R) Xeon(R) w9-3495X,gcc,oneDNN,0e2a5bfeef1bfbffc3137464606540233086ce9b,AVX-512+AMX-BF16,brg_matmul:avx512_core_bf16,L04_mlp_up_decode,llm,mlp_up,11008x1x4096,1,1,0,bias_relu,bf16xbf16_acc_fp32,NA,prepared_execute,separate,row_contiguous,default,auto,auto,auto,0.0,0.0,1.0,1.0,,,,,2857.99937749592,2834.0773425427165,2888.8611331219886,0.008370950111157037,31.552678670983628,4825.5023450173185,,1.6884196627240895,TokenDynamic,3392.859780877011,3386.2942193702957,0.8423570563111109,0.84399027147363,ok,,/home/renyz/project/vecops-neo/benchmarks/ops/matmul-otherlibs/results/raw/cycles/post-targeted-fixes-20260904/x86/local-x86_MatmulOtherlibsOneDNNBench_post-targeted-fixes-20260904.json
post-targeted-fixes-20260904,local-x86,Native,Intel(R) Xeon(R) w9-3495X,gcc,OpenBLAS,e0166008be8e466242aa76b2ff75ce3f0fbf574a,AVX-512+AMX-BF16,unspecified,L04_mlp_up_decode,llm,mlp_up,11008x1x4096,1,1,0,bias_relu,bf16xbf16_acc_fp32,NA,raw_e2e,separate,row_contiguous,default,auto,auto,auto,0.0,1.0,0.0,1.0,,,,,4825.5023450173185,4811.337420813225,4861.410468784642,0.004814318157672257,18.68769913522368,4825.5023450173185,1.0,1.0,TokenDynamic,3392.859780877011,3386.2942193702957,1.4222522169100626,1.425009769503919,ok,,/home/renyz/project/vecops-neo/benchmarks/ops/matmul-otherlibs/results/raw/cycles/post-targeted-fixes-20260904/x86/local-x86_MatmulOtherlibsOpenBLASBench_post-targeted-fixes-20260904.json
final-stage3-20260904,local-x86,Native,Intel(R) Xeon(R) w9-3495X,gcc-13.3,vecops,0b7a801a0b816f70245d24001a70ce0561c23389+dirty,AMX-BF16,,L04_mlp_up_decode,llm,mlp_up,11008x1x4096,1,1,0,bias_relu,bf16xbf16_acc_fp32,AllConst,raw_e2e,native_fused,row_contiguous,default,auto,auto,auto,0.0,1.0,0.0,1.0,,,,,3371.9275606705282,3356.621990536862,3406.8119216698974,0.007958345701853612,26.743616040810693,,,,TokenDynamic,3447.55535852761,3371.9275606705282,0.9780633550466377,1.0,ok,,/home/renyz/project/vecops-neo-validate-stage3/benchmarks/results/final-x86-stage3/local-x86-stage3_MatmulOtherlibsVecopsBiasReluBench_final-stage3-20260904.json
final-stage3-20260904,local-x86,Native,Intel(R) Xeon(R) w9-3495X,gcc-13.3,vecops,0b7a801a0b816f70245d24001a70ce0561c23389+dirty,AMX-BF16,,L04_mlp_up_decode,llm,mlp_up,11008x1x4096,1,1,0,bias_relu,bf16xbf16_acc_fp32,TokenDynamic,raw_e2e,native_fused,row_contiguous,default,auto,auto,auto,0.0,1.0,0.0,1.0,,,,,3447.55535852761,3419.103066717537,3556.809133181396,0.025421118246358225,26.156950830954383,,,,TokenDynamic,3447.55535852761,3371.9275606705282,1.0,1.0224286543813068,ok,,/home/renyz/project/vecops-neo-validate-stage3/benchmarks/results/final-x86-stage3/local-x86-stage3_MatmulOtherlibsVecopsBiasReluBench_final-stage3-20260904.json
post-targeted-fixes-20260904,local-x86,Native,Intel(R) Xeon(R) w9-3495X,gcc,LIBXSMM,3668d249637792dcc988414eb3d2a374033743df,AVX-512+AMX-BF16,,L04_mlp_up_decode,llm,mlp_up,11008x1x4096,1,1,0,bias_silu,bf16xbf16_acc_fp32,NA,prepared_execute,separate,row_contiguous,default,auto,auto,auto,0.0,0.0,1.0,1.0,,,1.0,0.0,10057.952615450351,9984.804923162581,10085.427692124189,0.0043891798139475665,8.965794476052247,4911.682378813816,,0.48833819034589804,TokenDynamic,3419.11137511488,3333.679570849719,2.94168616110448,3.0170723975390015,ok,,/home/renyz/project/vecops-neo/benchmarks/ops/matmul-otherlibs/results/raw/cycles/post-targeted-fixes-20260904/x86/local-x86_MatmulOtherlibsLIBXSMMBench_post-targeted-fixes-20260904.json
post-targeted-fixes-20260904,local-x86,Native,Intel(R) Xeon(R) w9-3495X,gcc,oneDNN,0e2a5bfeef1bfbffc3137464606540233086ce9b,AVX-512+AMX-BF16,brg_matmul:avx512_core_bf16,L04_mlp_up_decode,llm,mlp_up,11008x1x4096,1,1,0,bias_silu,bf16xbf16_acc_fp32,NA,prepared_execute,separate,row_contiguous,default,auto,auto,auto,0.0,0.0,1.0,1.0,,,,,2862.9765001824126,2853.5777566266124,2881.1131698919626,0.004565102878418021,31.497826124054598,4911.682378813816,,1.7155859918867207,TokenDynamic,3419.11137511488,3333.679570849719,0.8373452005745845,0.8588037450320011,ok,,/home/renyz/project/vecops-neo/benchmarks/ops/matmul-otherlibs/results/raw/cycles/post-targeted-fixes-20260904/x86/local-x86_MatmulOtherlibsOneDNNBench_post-targeted-fixes-20260904.json
post-targeted-fixes-20260904,local-x86,Native,Intel(R) Xeon(R) w9-3495X,gcc,OpenBLAS,e0166008be8e466242aa76b2ff75ce3f0fbf574a,AVX-512+AMX-BF16,unspecified,L04_mlp_up_decode,llm,mlp_up,11008x1x4096,1,1,0,bias_silu,bf16xbf16_acc_fp32,NA,raw_e2e,separate,row_contiguous,default,auto,auto,auto,0.0,1.0,0.0,1.0,,,,,4911.682378813816,4873.531813942025,4953.920689676407,0.008811134042592917,18.359806079679384,4911.682378813816,1.0,1.0,TokenDynamic,3419.11137511488,3333.679570849719,1.4365376964793335,1.4733516747567559,ok,,/home/renyz/project/vecops-neo/benchmarks/ops/matmul-otherlibs/results/raw/cycles/post-targeted-fixes-20260904/x86/local-x86_MatmulOtherlibsOpenBLASBench_post-targeted-fixes-20260904.json
final-stage3-20260904,local-x86,Native,Intel(R) Xeon(R) w9-3495X,gcc-13.3,vecops,0b7a801a0b816f70245d24001a70ce0561c23389+dirty,AMX-BF16,,L04_mlp_up_decode,llm,mlp_up,11008x1x4096,1,1,0,bias_silu,bf16xbf16_acc_fp32,AllConst,raw_e2e,native_fused,row_contiguous,default,auto,auto,auto,0.0,1.0,0.0,1.0,,,,,3375.206633879826,3353.961985757029,3455.8643170961795,0.0173811472589267,26.717634142695502,,,,TokenDynamic,3399.244512476754,3375.206633879826,0.9929284643959273,1.0,ok,,/home/renyz/project/vecops-neo-validate-stage3/benchmarks/results/final-x86-stage3/local-x86-stage3_MatmulOtherlibsVecopsBiasSiluBench_final-stage3-20260904.json
final-stage3-20260904,local-x86,Native,Intel(R) Xeon(R) w9-3495X,gcc-13.3,vecops,0b7a801a0b816f70245d24001a70ce0561c23389+dirty,AMX-BF16,,L04_mlp_up_decode,llm,mlp_up,11008x1x4096,1,1,0,bias_silu,bf16xbf16_acc_fp32,TokenDynamic,raw_e2e,native_fused,row_contiguous,default,auto,auto,auto,0.0,1.0,0.0,1.0,,,,,3399.244512476754,3374.527634274805,3444.114751210891,0.011106528514024301,26.528699441598842,,,,TokenDynamic,3399.244512476754,3375.206633879826,1.0,1.0071218983619075,ok,,/home/renyz/project/vecops-neo-validate-stage3/benchmarks/results/final-x86-stage3/local-x86-stage3_MatmulOtherlibsVecopsBiasSiluBench_final-stage3-20260904.json
post-targeted-fixes-20260904,local-x86,Native,Intel(R) Xeon(R) w9-3495X,gcc,LIBXSMM,3668d249637792dcc988414eb3d2a374033743df,AVX-512+AMX-BF16,,L04_mlp_up_decode,llm,mlp_up,11008x1x4096,1,1,0,gemm,bf16xbf16_acc_fp32,NA,prepared_execute,native,row_contiguous,default,auto,auto,auto,0.0,0.0,1.0,1.0,,,1.0,0.0,10020.715155405924,9973.176876351665,10072.097568235431,0.00439041093742409,8.999111800054658,4824.712447990695,,0.4814738642069757,TokenDynamic,3419.416102144915,3358.2511951397287,2.930534002316997,2.983908758793425,ok,,/home/renyz/project/vecops-neo/benchmarks/ops/matmul-otherlibs/results/raw/cycles/post-targeted-fixes-20260904/x86/local-x86_MatmulOtherlibsLIBXSMMBench_post-targeted-fixes-20260904.json
post-targeted-fixes-20260904,local-x86,Native,Intel(R) Xeon(R) w9-3495X,gcc,oneDNN,0e2a5bfeef1bfbffc3137464606540233086ce9b,AVX-512+AMX-BF16,brg_matmul:avx512_core_bf16,L04_mlp_up_decode,llm,mlp_up,11008x1x4096,1,1,0,gemm,bf16xbf16_acc_fp32,NA,prepared_execute,native,row_contiguous,default,auto,auto,auto,0.0,0.0,1.0,1.0,,,,,2843.2198912765753,2832.4246129436096,2871.5439478654175,0.006118163430571939,31.7166942580411,4824.712447990695,,1.696918505245984,TokenDynamic,3419.416102144915,3358.2511951397287,0.8314928064745013,0.8466370518654057,ok,,/home/renyz/project/vecops-neo/benchmarks/ops/matmul-otherlibs/results/raw/cycles/post-targeted-fixes-20260904/x86/local-x86_MatmulOtherlibsOneDNNBench_post-targeted-fixes-20260904.json
post-targeted-fixes-20260904,local-x86,Native,Intel(R) Xeon(R) w9-3495X,gcc,OpenBLAS,e0166008be8e466242aa76b2ff75ce3f0fbf574a,AVX-512+AMX-BF16,unspecified,L04_mlp_up_decode,llm,mlp_up,11008x1x4096,1,1,0,gemm,bf16xbf16_acc_fp32,NA,raw_e2e,native,row_contiguous,default,auto,auto,auto,0.0,1.0,0.0,1.0,,,,,4824.712447990695,4822.170089504778,4862.453496878453,0.004019824302292978,18.690758666364754,4824.712447990695,1.0,1.0,TokenDynamic,3419.416102144915,3358.2511951397287,1.410975530285499,1.4366740805373108,ok,,/home/renyz/project/vecops-neo/benchmarks/ops/matmul-otherlibs/results/raw/cycles/post-targeted-fixes-20260904/x86/local-x86_MatmulOtherlibsOpenBLASBench_post-targeted-fixes-20260904.json
final-stage3-20260904,local-x86,Native,Intel(R) Xeon(R) w9-3495X,gcc-13.3,vecops,0b7a801a0b816f70245d24001a70ce0561c23389+dirty,AMX-BF16,,L04_mlp_up_decode,llm,mlp_up,11008x1x4096,1,1,0,gemm,bf16xbf16_acc_fp32,AllConst,raw_e2e,native,row_contiguous,default,auto,auto,auto,0.0,1.0,0.0,1.0,,,,,3404.4236093816326,3375.9340685054026,3487.902887807251,0.015175887357675982,26.48834174204882,,,,TokenDynamic,3429.850193949986,3404.4236093816326,0.9925866778049944,1.0,ok,,/home/renyz/project/vecops-neo-validate-stage3/benchmarks/results/final-x86-stage3/local-x86-stage3_MatmulOtherlibsVecopsLLMBench_final-stage3-20260904.json
final-stage3-20260904,local-x86,Native,Intel(R) Xeon(R) w9-3495X,gcc-13.3,vecops,0b7a801a0b816f70245d24001a70ce0561c23389+dirty,AMX-BF16,,L04_mlp_up_decode,llm,mlp_up,11008x1x4096,1,1,0,gemm,bf16xbf16_acc_fp32,TokenDynamic,raw_e2e,native,row_contiguous,default,auto,auto,auto,0.0,1.0,0.0,1.0,,,,,3429.850193949986,3413.173977848298,3537.148038837283,0.020568001259779287,26.291975130303594,,,,TokenDynamic,3429.850193949986,3404.4236093816326,1.0,1.0074686900003529,ok,,/home/renyz/project/vecops-neo-validate-stage3/benchmarks/results/final-x86-stage3/local-x86-stage3_MatmulOtherlibsVecopsLLMBench_final-stage3-20260904.json
post-targeted-fixes-20260904,local-x86,Native,Intel(R) Xeon(R) w9-3495X,gcc,LIBXSMM,3668d249637792dcc988414eb3d2a374033743df,AVX-512+AMX-BF16,,L04_mlp_up_decode,llm,mlp_up,11008x1x4096,1,1,0,gemm_add,bf16xbf16_acc_fp32,NA,prepared_execute,native,row_contiguous,default,auto,auto,auto,0.0,0.0,1.0,1.0,,,1.0,0.0,10035.750142248746,9960.459900321439,10116.79834212243,0.007388017288556384,8.98562984548294,4823.265792922407,,0.48060839743481704,TokenDynamic,3412.447256358483,3377.765950905841,2.940924617530403,2.971120642493712,ok,,/home/renyz/project/vecops-neo/benchmarks/ops/matmul-otherlibs/results/raw/cycles/post-targeted-fixes-20260904/x86/local-x86_MatmulOtherlibsLIBXSMMBench_post-targeted-fixes-20260904.json
post-targeted-fixes-20260904,local-x86,Native,Intel(R) Xeon(R) w9-3495X,gcc,oneDNN,0e2a5bfeef1bfbffc3137464606540233086ce9b,AVX-512+AMX-BF16,brg_matmul:avx512_core_bf16,L04_mlp_up_decode,llm,mlp_up,11008x1x4096,1,1,0,gemm_add,bf16xbf16_acc_fp32,NA,prepared_execute,native,row_contiguous,default,auto,auto,auto,0.0,0.0,1.0,1.0,,,,,2866.7528044341298,2837.5646913090072,2945.403961095271,0.020318004579413917,31.456334798214385,4823.265792922407,,1.6824840235481953,TokenDynamic,3412.447256358483,3377.765950905841,0.8400870662813763,0.848712683501748,ok,,/home/renyz/project/vecops-neo/benchmarks/ops/matmul-otherlibs/results/raw/cycles/post-targeted-fixes-20260904/x86/local-x86_MatmulOtherlibsOneDNNBench_post-targeted-fixes-20260904.json
post-targeted-fixes-20260904,local-x86,Native,Intel(R) Xeon(R) w9-3495X,gcc,OpenBLAS,e0166008be8e466242aa76b2ff75ce3f0fbf574a,AVX-512+AMX-BF16,unspecified,L04_mlp_up_decode,llm,mlp_up,11008x1x4096,1,1,0,gemm_add,bf16xbf16_acc_fp32,NA,raw_e2e,native,row_contiguous,default,auto,auto,auto,0.0,1.0,0.0,1.0,,,,,4823.265792922407,4811.811386527302,4849.386082737353,0.004231811086682246,18.69636463582937,4823.265792922407,1.0,1.0,TokenDynamic,3412.447256358483,3377.765950905841,1.4134330674078894,1.4279455305744069,ok,,/home/renyz/project/vecops-neo/benchmarks/ops/matmul-otherlibs/results/raw/cycles/post-targeted-fixes-20260904/x86/local-x86_MatmulOtherlibsOpenBLASBench_post-targeted-fixes-20260904.json
final-stage3-20260904,local-x86,Native,Intel(R) Xeon(R) w9-3495X,gcc-13.3,vecops,0b7a801a0b816f70245d24001a70ce0561c23389+dirty,AMX-BF16,,L04_mlp_up_decode,llm,mlp_up,11008x1x4096,1,1,0,gemm_add,bf16xbf16_acc_fp32,AllConst,raw_e2e,native,row_contiguous,default,auto,auto,auto,0.0,1.0,0.0,1.0,,,,,3390.4876341339113,3385.664472958391,3399.9517073048414,0.001881341249415337,26.59721719440382,,,,TokenDynamic,3440.4609483690597,3390.4876341339113,0.9854748200938488,1.0,ok,,/home/renyz/project/vecops-neo-validate-stage3/benchmarks/results/final-x86-stage3/local-x86-stage3_MatmulOtherlibsVecopsLLMBench_final-stage3-20260904.json
final-stage3-20260904,local-x86,Native,Intel(R) Xeon(R) w9-3495X,gcc-13.3,vecops,0b7a801a0b816f70245d24001a70ce0561c23389+dirty,AMX-BF16,,L04_mlp_up_decode,llm,mlp_up,11008x1x4096,1,1,0,gemm_add,bf16xbf16_acc_fp32,TokenDynamic,raw_e2e,native,row_contiguous,default,auto,auto,auto,0.0,1.0,0.0,1.0,,,,,3440.4609483690597,3429.578364235707,3450.009241425552,0.0029114146770082487,26.210887829652126,,,,TokenDynamic,3440.4609483690597,3390.4876341339113,1.0,1.0147392704612868,ok,,/home/renyz/project/vecops-neo-validate-stage3/benchmarks/results/final-x86-stage3/local-x86-stage3_MatmulOtherlibsVecopsLLMBench_final-stage3-20260904.json
post-targeted-fixes-20260904,local-x86,Native,Intel(R) Xeon(R) w9-3495X,gcc,LIBXSMM,3668d249637792dcc988414eb3d2a374033743df,AVX-512+AMX-BF16,,L05_mlp_up_prefill,llm,mlp_up,11008x128x4096,1,128,0,bias,bf16xbf16_acc_fp32,NA,prepared_execute,separate,row_contiguous,default,auto,auto,auto,0.0,0.0,1.0,1.0,,,1.0,0.0,57786.417004535906,56815.08239649702,60404.53550522216,0.03192399974335094,199.74805856355417,9719.902533106506,,0.1682039315976893,TokenDynamic,19121.259999727565,14780.493223548141,3.022102989309242,3.9096406412521563,ok,,/home/renyz/project/vecops-neo/benchmarks/ops/matmul-otherlibs/results/raw/cycles/post-targeted-fixes-20260904/x86/local-x86_MatmulOtherlibsLIBXSMMBench_post-targeted-fixes-20260904.json
post-targeted-fixes-20260904,local-x86,Native,Intel(R) Xeon(R) w9-3495X,gcc,oneDNN,0e2a5bfeef1bfbffc3137464606540233086ce9b,AVX-512+AMX-BF16,brg_matmul:avx10_1_512_amx,L05_mlp_up_prefill,llm,mlp_up,11008x128x4096,1,128,0,bias,bf16xbf16_acc_fp32,NA,prepared_execute,separate,row_contiguous,default,auto,auto,auto,0.0,0.0,1.0,1.0,,,,,13401.149775341359,13322.236555136948,13490.515844508385,0.006798505479207308,861.3234536964184,9719.902533106506,,0.7253036266329557,TokenDynamic,19121.259999727565,14780.493223548141,0.7008507690148189,0.9066781177498715,ok,,/home/renyz/project/vecops-neo/benchmarks/ops/matmul-otherlibs/results/raw/cycles/post-targeted-fixes-20260904/x86/local-x86_MatmulOtherlibsOneDNNBench_post-targeted-fixes-20260904.json
post-targeted-fixes-20260904,local-x86,Native,Intel(R) Xeon(R) w9-3495X,gcc,OpenBLAS,e0166008be8e466242aa76b2ff75ce3f0fbf574a,AVX-512+AMX-BF16,unspecified,L05_mlp_up_prefill,llm,mlp_up,11008x128x4096,1,128,0,bias,bf16xbf16_acc_fp32,NA,raw_e2e,separate,row_contiguous,default,auto,auto,auto,0.0,1.0,0.0,1.0,,,,,9719.902533106506,9635.620346137634,10049.415346778307,0.01932032237809786,1187.535015776636,9719.902533106506,1.0,1.0,TokenDynamic,19121.259999727565,14780.493223548141,0.508329604494944,0.6576169269927238,ok,,/home/renyz/project/vecops-neo/benchmarks/ops/matmul-otherlibs/results/raw/cycles/post-targeted-fixes-20260904/x86/local-x86_MatmulOtherlibsOpenBLASBench_post-targeted-fixes-20260904.json
final-stage3-20260904,local-x86,Native,Intel(R) Xeon(R) w9-3495X,gcc-13.3,vecops,0b7a801a0b816f70245d24001a70ce0561c23389+dirty,AMX-BF16,,L05_mlp_up_prefill,llm,mlp_up,11008x128x4096,1,128,0,bias,bf16xbf16_acc_fp32,AllConst,raw_e2e,native_fused,row_contiguous,default,auto,auto,auto,0.0,1.0,0.0,1.0,,,,,18275.117752637016,18216.859950916838,18389.4335241348,0.004253156346042517,631.6087679563344,,,,TokenDynamic,18647.41085695901,18275.117752637016,0.9800351315698577,1.0,ok,,/home/renyz/project/vecops-neo-validate-stage3/benchmarks/results/final-x86-stage3/local-x86-stage3_MatmulOtherlibsVecopsBiasBench_final-stage3-20260904.json
final-stage3-20260904,local-x86,Native,Intel(R) Xeon(R) w9-3495X,gcc-13.3,vecops,0b7a801a0b816f70245d24001a70ce0561c23389+dirty,AMX-BF16,,L05_mlp_up_prefill,llm,mlp_up,11008x128x4096,1,128,0,bias,bf16xbf16_acc_fp32,TokenDynamic,raw_e2e,native_fused,row_contiguous,default,auto,auto,auto,0.0,1.0,0.0,1.0,,,,,18647.41085695901,18630.424655774343,18783.111516053654,0.006472402148712389,618.9987820047618,,,,TokenDynamic,18647.41085695901,18275.117752637016,1.0,1.0203715844330619,ok,,/home/renyz/project/vecops-neo-validate-stage3/benchmarks/results/final-x86-stage3/local-x86-stage3_MatmulOtherlibsVecopsBiasBench_final-stage3-20260904.json
post-targeted-fixes-20260904,local-x86,Native,Intel(R) Xeon(R) w9-3495X,gcc,LIBXSMM,3668d249637792dcc988414eb3d2a374033743df,AVX-512+AMX-BF16,,L05_mlp_up_prefill,llm,mlp_up,11008x128x4096,1,128,0,bias_relu,bf16xbf16_acc_fp32,NA,prepared_execute,separate,row_contiguous,default,auto,auto,auto,0.0,0.0,1.0,1.0,,,1.0,0.0,57755.01650350634,56136.65379642043,58947.02429650352,0.021668895057104252,199.85665846531677,9689.533933609102,,0.16776956393079456,TokenDynamic,15919.765444575913,18158.06074955617,3.627881120772686,3.180681973702397,ok,,/home/renyz/project/vecops-neo/benchmarks/ops/matmul-otherlibs/results/raw/cycles/post-targeted-fixes-20260904/x86/local-x86_MatmulOtherlibsLIBXSMMBench_post-targeted-fixes-20260904.json
post-targeted-fixes-20260904,local-x86,Native,Intel(R) Xeon(R) w9-3495X,gcc,oneDNN,0e2a5bfeef1bfbffc3137464606540233086ce9b,AVX-512+AMX-BF16,brg_matmul:avx10_1_512_amx,L05_mlp_up_prefill,llm,mlp_up,11008x128x4096,1,128,0,bias_relu,bf16xbf16_acc_fp32,NA,prepared_execute,separate,row_contiguous,default,auto,auto,auto,0.0,0.0,1.0,1.0,,,,,13651.524220929585,13512.28837738745,13775.995199102908,0.00900521315700948,845.5264350850641,9689.533933609102,,0.7097767089446152,TokenDynamic,15919.765444575913,18158.06074955617,0.8575204369974465,0.7518161993847974,ok,,/home/renyz/project/vecops-neo/benchmarks/ops/matmul-otherlibs/results/raw/cycles/post-targeted-fixes-20260904/x86/local-x86_MatmulOtherlibsOneDNNBench_post-targeted-fixes-20260904.json
post-targeted-fixes-20260904,local-x86,Native,Intel(R) Xeon(R) w9-3495X,gcc,OpenBLAS,e0166008be8e466242aa76b2ff75ce3f0fbf574a,AVX-512+AMX-BF16,unspecified,L05_mlp_up_prefill,llm,mlp_up,11008x128x4096,1,128,0,bias_relu,bf16xbf16_acc_fp32,NA,raw_e2e,separate,row_contiguous,default,auto,auto,auto,0.0,1.0,0.0,1.0,,,,,9689.533933609102,9667.590719958145,9997.691560614234,0.015651766817964718,1191.256946628044,9689.533933609102,1.0,1.0,TokenDynamic,15919.765444575913,18158.06074955617,0.6086480336247958,0.5336216277305901,ok,,/home/renyz/project/vecops-neo/benchmarks/ops/matmul-otherlibs/results/raw/cycles/post-targeted-fixes-20260904/x86/local-x86_MatmulOtherlibsOpenBLASBench_post-targeted-fixes-20260904.json
final-stage3-20260904,local-x86,Native,Intel(R) Xeon(R) w9-3495X,gcc-13.3,vecops,0b7a801a0b816f70245d24001a70ce0561c23389+dirty,AMX-BF16,,L05_mlp_up_prefill,llm,mlp_up,11008x128x4096,1,128,0,bias_relu,bf16xbf16_acc_fp32,AllConst,raw_e2e,native_fused,row_contiguous,default,auto,auto,auto,0.0,1.0,0.0,1.0,,,,,18153.155375330243,18140.696325281166,18526.107027719267,0.010087972317605946,635.8522454826956,,,,TokenDynamic,19997.0724269016,18153.155375330243,0.9077906499407995,1.0,ok,,/home/renyz/project/vecops-neo-validate-stage3/benchmarks/results/final-x86-stage3/local-x86-stage3_MatmulOtherlibsVecopsBiasReluBench_final-stage3-20260904.json
final-stage3-20260904,local-x86,Native,Intel(R) Xeon(R) w9-3495X,gcc-13.3,vecops,0b7a801a0b816f70245d24001a70ce0561c23389+dirty,AMX-BF16,,L05_mlp_up_prefill,llm,mlp_up,11008x128x4096,1,128,0,bias_relu,bf16xbf16_acc_fp32,TokenDynamic,raw_e2e,native_fused,row_contiguous,default,auto,auto,auto,0.0,1.0,0.0,1.0,,,,,19997.0724269016,19954.295744121606,20166.93963087164,0.004763655820412965,577.220723193053,,,,TokenDynamic,19997.0724269016,18153.155375330243,1.0,1.1015755670816987,ok,,/home/renyz/project/vecops-neo-validate-stage3/benchmarks/results/final-x86-stage3/local-x86-stage3_MatmulOtherlibsVecopsBiasReluBench_final-stage3-20260904.json
post-targeted-fixes-20260904,local-x86,Native,Intel(R) Xeon(R) w9-3495X,gcc,LIBXSMM,3668d249637792dcc988414eb3d2a374033743df,AVX-512+AMX-BF16,,L05_mlp_up_prefill,llm,mlp_up,11008x128x4096,1,128,0,bias_silu,bf16xbf16_acc_fp32,NA,prepared_execute,separate,row_contiguous,default,auto,auto,auto,0.0,0.0,1.0,1.0,,,1.0,0.0,61040.26950197294,60594.92380009033,65534.092896268696,0.036120384407616515,189.10015801334094,12604.131363332272,,0.20648878955105007,TokenDynamic,19596.79928508454,19401.65742832635,3.114808118100783,3.146136855960273,ok,,/home/renyz/project/vecops-neo/benchmarks/ops/matmul-otherlibs/results/raw/cycles/post-targeted-fixes-20260904/x86/local-x86_MatmulOtherlibsLIBXSMMBench_post-targeted-fixes-20260904.json
post-targeted-fixes-20260904,local-x86,Native,Intel(R) Xeon(R) w9-3495X,gcc,oneDNN,0e2a5bfeef1bfbffc3137464606540233086ce9b,AVX-512+AMX-BF16,brg_matmul:avx10_1_512_amx,L05_mlp_up_prefill,llm,mlp_up,11008x128x4096,1,128,0,bias_silu,bf16xbf16_acc_fp32,NA,prepared_execute,separate,row_contiguous,default,auto,auto,auto,0.0,0.0,1.0,1.0,,,,,16338.32937659463,16285.253273963463,16590.004300087454,0.009703846837335045,706.48132633043,12604.131363332272,,0.771445542124291,TokenDynamic,19596.79928508454,19401.65742832635,0.8337243821765329,0.842109981425645,ok,,/home/renyz/project/vecops-neo/benchmarks/ops/matmul-otherlibs/results/raw/cycles/post-targeted-fixes-20260904/x86/local-x86_MatmulOtherlibsOneDNNBench_post-targeted-fixes-20260904.json
post-targeted-fixes-20260904,local-x86,Native,Intel(R) Xeon(R) w9-3495X,gcc,OpenBLAS,e0166008be8e466242aa76b2ff75ce3f0fbf574a,AVX-512+AMX-BF16,unspecified,L05_mlp_up_prefill,llm,mlp_up,11008x128x4096,1,128,0,bias_silu,bf16xbf16_acc_fp32,NA,raw_e2e,separate,row_contiguous,default,auto,auto,auto,0.0,1.0,0.0,1.0,,,,,12604.131363332272,12546.00741773505,12887.355891606687,0.012454412613284017,915.7889802370595,12604.131363332272,1.0,1.0,TokenDynamic,19596.79928508454,19401.65742832635,0.6431729579904149,0.6496419911491832,ok,,/home/renyz/project/vecops-neo/benchmarks/ops/matmul-otherlibs/results/raw/cycles/post-targeted-fixes-20260904/x86/local-x86_MatmulOtherlibsOpenBLASBench_post-targeted-fixes-20260904.json
final-stage3-20260904,local-x86,Native,Intel(R) Xeon(R) w9-3495X,gcc-13.3,vecops,0b7a801a0b816f70245d24001a70ce0561c23389+dirty,AMX-BF16,,L05_mlp_up_prefill,llm,mlp_up,11008x128x4096,1,128,0,bias_silu,bf16xbf16_acc_fp32,AllConst,raw_e2e,native_fused,row_contiguous,default,auto,auto,auto,0.0,1.0,0.0,1.0,,,,,15984.789778788883,15935.506955591134,19218.833666915696,0.09284242234160581,722.1067507135245,,,,TokenDynamic,16064.0161442903,15984.789778788883,0.9950680847933798,1.0,ok,,/home/renyz/project/vecops-neo-validate-stage3/benchmarks/results/final-x86-stage3/local-x86-stage3_MatmulOtherlibsVecopsBiasSiluBench_final-stage3-20260904.json
final-stage3-20260904,local-x86,Native,Intel(R) Xeon(R) w9-3495X,gcc-13.3,vecops,0b7a801a0b816f70245d24001a70ce0561c23389+dirty,AMX-BF16,,L05_mlp_up_prefill,llm,mlp_up,11008x128x4096,1,128,0,bias_silu,bf16xbf16_acc_fp32,TokenDynamic,raw_e2e,native_fused,row_contiguous,default,auto,auto,auto,0.0,1.0,0.0,1.0,,,,,16064.0161442903,16035.861628396171,19297.892972826958,0.09358323919248175,718.5453814488775,,,,TokenDynamic,16064.0161442903,15984.789778788883,1.0,1.0049563595516624,ok,,/home/renyz/project/vecops-neo-validate-stage3/benchmarks/results/final-x86-stage3/local-x86-stage3_MatmulOtherlibsVecopsBiasSiluBench_final-stage3-20260904.json
post-targeted-fixes-20260904,local-x86,Native,Intel(R) Xeon(R) w9-3495X,gcc,LIBXSMM,3668d249637792dcc988414eb3d2a374033743df,AVX-512+AMX-BF16,,L05_mlp_up_prefill,llm,mlp_up,11008x128x4096,1,128,0,gemm,bf16xbf16_acc_fp32,NA,prepared_execute,native,row_contiguous,default,auto,auto,auto,0.0,0.0,1.0,1.0,,,1.0,0.0,56473.52400410455,55603.1136045931,57854.13710982538,0.018333162926061596,204.39178910034133,9796.935715712607,,0.1734783845789499,TokenDynamic,19107.967714912123,18852.536998955267,2.9554960970565083,2.9955397518771125,ok,,/home/renyz/project/vecops-neo/benchmarks/ops/matmul-otherlibs/results/raw/cycles/post-targeted-fixes-20260904/x86/local-x86_MatmulOtherlibsLIBXSMMBench_post-targeted-fixes-20260904.json
post-targeted-fixes-20260904,local-x86,Native,Intel(R) Xeon(R) w9-3495X,gcc,oneDNN,0e2a5bfeef1bfbffc3137464606540233086ce9b,AVX-512+AMX-BF16,brg_matmul:avx10_1_512_amx,L05_mlp_up_prefill,llm,mlp_up,11008x128x4096,1,128,0,gemm,bf16xbf16_acc_fp32,NA,prepared_execute,native,row_contiguous,default,auto,auto,auto,0.0,0.0,1.0,1.0,,,,,13222.062336151592,13124.918733309541,13358.10795555719,0.008006970229162523,872.98972842081,9796.935715712607,,0.7409536777727898,TokenDynamic,19107.967714912123,18852.536998955267,0.691965913561436,0.7013412750169543,ok,,/home/renyz/project/vecops-neo/benchmarks/ops/matmul-otherlibs/results/raw/cycles/post-targeted-fixes-20260904/x86/local-x86_MatmulOtherlibsOneDNNBench_post-targeted-fixes-20260904.json
post-targeted-fixes-20260904,local-x86,Native,Intel(R) Xeon(R) w9-3495X,gcc,OpenBLAS,e0166008be8e466242aa76b2ff75ce3f0fbf574a,AVX-512+AMX-BF16,unspecified,L05_mlp_up_prefill,llm,mlp_up,11008x128x4096,1,128,0,gemm,bf16xbf16_acc_fp32,NA,raw_e2e,native,row_contiguous,default,auto,auto,auto,0.0,1.0,0.0,1.0,,,,,9796.935715712607,9521.95371417994,10005.024600624372,0.024280215178915744,1178.197442848119,9796.935715712607,1.0,1.0,TokenDynamic,19107.967714912123,18852.536998955267,0.5127146885467544,0.5196613970976699,ok,,/home/renyz/project/vecops-neo/benchmarks/ops/matmul-otherlibs/results/raw/cycles/post-targeted-fixes-20260904/x86/local-x86_MatmulOtherlibsOpenBLASBench_post-targeted-fixes-20260904.json
final-stage3-20260904,local-x86,Native,Intel(R) Xeon(R) w9-3495X,gcc-13.3,vecops,0b7a801a0b816f70245d24001a70ce0561c23389+dirty,AMX-BF16,,L05_mlp_up_prefill,llm,mlp_up,11008x128x4096,1,128,0,gemm,bf16xbf16_acc_fp32,AllConst,raw_e2e,native,row_contiguous,default,auto,auto,auto,0.0,1.0,0.0,1.0,,,,,18787.25200159741,15174.733485660649,18967.96114243833,0.10108809242971831,614.3913227447295,,,,TokenDynamic,19044.57071629752,18787.25200159741,0.9864886051498181,1.0,ok,,/home/renyz/project/vecops-neo-validate-stage3/benchmarks/results/final-x86-stage3/local-x86-stage3_MatmulOtherlibsVecopsLLMBench_final-stage3-20260904.json
final-stage3-20260904,local-x86,Native,Intel(R) Xeon(R) w9-3495X,gcc-13.3,vecops,0b7a801a0b816f70245d24001a70ce0561c23389+dirty,AMX-BF16,,L05_mlp_up_prefill,llm,mlp_up,11008x128x4096,1,128,0,gemm,bf16xbf16_acc_fp32,TokenDynamic,raw_e2e,native,row_contiguous,default,auto,auto,auto,0.0,1.0,0.0,1.0,,,,,19044.57071629752,15713.173286556932,19094.173084678394,0.09077642394471767,606.0900389905999,,,,TokenDynamic,19044.57071629752,18787.25200159741,1.0,1.0136964530351873,ok,,/home/renyz/project/vecops-neo-validate-stage3/benchmarks/results/final-x86-stage3/local-x86-stage3_MatmulOtherlibsVecopsLLMBench_final-stage3-20260904.json
post-targeted-fixes-20260904,local-x86,Native,Intel(R) Xeon(R) w9-3495X,gcc,LIBXSMM,3668d249637792dcc988414eb3d2a374033743df,AVX-512+AMX-BF16,,L05_mlp_up_prefill,llm,mlp_up,11008x128x4096,1,128,0,gemm_add,bf16xbf16_acc_fp32,NA,prepared_execute,native,row_contiguous,default,auto,auto,auto,0.0,0.0,1.0,1.0,,,1.0,0.0,58667.39600605797,57280.62180278357,63027.857604902245,0.06099737546149576,196.74854167394957,9277.141198981555,,0.15813112274530816,TokenDynamic,20457.02942580517,19227.744712095177,2.8678355388223173,3.051184467263774,ok,,/home/renyz/project/vecops-neo/benchmarks/ops/matmul-otherlibs/results/raw/cycles/post-targeted-fixes-20260904/x86/local-x86_MatmulOtherlibsLIBXSMMBench_post-targeted-fixes-20260904.json
post-targeted-fixes-20260904,local-x86,Native,Intel(R) Xeon(R) w9-3495X,gcc,oneDNN,0e2a5bfeef1bfbffc3137464606540233086ce9b,AVX-512+AMX-BF16,brg_matmul:avx10_1_512_amx,L05_mlp_up_prefill,llm,mlp_up,11008x128x4096,1,128,0,gemm_add,bf16xbf16_acc_fp32,NA,prepared_execute,native,row_contiguous,default,auto,auto,auto,0.0,0.0,1.0,1.0,,,,,12722.500201198272,12654.928080155512,12815.185759682206,0.0055657559955960886,907.2685734296821,9277.141198981555,,0.7291916724126115,TokenDynamic,20457.02942580517,19227.744712095177,0.6219133744388955,0.6616740752333375,ok,,/home/renyz/project/vecops-neo/benchmarks/ops/matmul-otherlibs/results/raw/cycles/post-targeted-fixes-20260904/x86/local-x86_MatmulOtherlibsOneDNNBench_post-targeted-fixes-20260904.json
post-targeted-fixes-20260904,local-x86,Native,Intel(R) Xeon(R) w9-3495X,gcc,OpenBLAS,e0166008be8e466242aa76b2ff75ce3f0fbf574a,AVX-512+AMX-BF16,unspecified,L05_mlp_up_prefill,llm,mlp_up,11008x128x4096,1,128,0,gemm_add,bf16xbf16_acc_fp32,NA,raw_e2e,native,row_contiguous,default,auto,auto,auto,0.0,1.0,0.0,1.0,,,,,9277.141198981555,9222.297079783553,9595.014213506753,0.01825725992792715,1244.2113750804137,9277.141198981555,1.0,1.0,TokenDynamic,20457.02942580517,19227.744712095177,0.4534940536028689,0.48248722551146556,ok,,/home/renyz/project/vecops-neo/benchmarks/ops/matmul-otherlibs/results/raw/cycles/post-targeted-fixes-20260904/x86/local-x86_MatmulOtherlibsOpenBLASBench_post-targeted-fixes-20260904.json
final-stage3-20260904,local-x86,Native,Intel(R) Xeon(R) w9-3495X,gcc-13.3,vecops,0b7a801a0b816f70245d24001a70ce0561c23389+dirty,AMX-BF16,,L05_mlp_up_prefill,llm,mlp_up,11008x128x4096,1,128,0,gemm_add,bf16xbf16_acc_fp32,AllConst,raw_e2e,native,row_contiguous,default,auto,auto,auto,0.0,1.0,0.0,1.0,,,,,19137.21757175933,16135.74357221036,19538.354912739513,0.08569495319284051,603.1558435659698,,,,TokenDynamic,20121.781142993965,19137.21757175933,0.9510697604631566,1.0,ok,,/home/renyz/project/vecops-neo-validate-stage3/benchmarks/results/final-x86-stage3/local-x86-stage3_MatmulOtherlibsVecopsLLMBench_final-stage3-20260904.json
final-stage3-20260904,local-x86,Native,Intel(R) Xeon(R) w9-3495X,gcc-13.3,vecops,0b7a801a0b816f70245d24001a70ce0561c23389+dirty,AMX-BF16,,L05_mlp_up_prefill,llm,mlp_up,11008x128x4096,1,128,0,gemm_add,bf16xbf16_acc_fp32,TokenDynamic,raw_e2e,native,row_contiguous,default,auto,auto,auto,0.0,1.0,0.0,1.0,,,,,20121.781142993965,16709.30645777844,20185.536998490403,0.08833654045797291,573.64328366224,,,,TokenDynamic,20121.781142993965,19137.21757175933,1.0,1.0514475820501485,ok,,/home/renyz/project/vecops-neo-validate-stage3/benchmarks/results/final-x86-stage3/local-x86-stage3_MatmulOtherlibsVecopsLLMBench_final-stage3-20260904.json
post-targeted-fixes-20260904,local-x86,Native,Intel(R) Xeon(R) w9-3495X,gcc,LIBXSMM,3668d249637792dcc988414eb3d2a374033743df,AVX-512+AMX-BF16,,L06_mlp_down_decode,llm,mlp_down,4096x1x11008,1,1,0,bias,bf16xbf16_acc_fp32,NA,prepared_execute,separate,row_contiguous,default,auto,auto,auto,0.0,0.0,1.0,1.0,,,1.0,0.0,10581.083166471217,10447.427467443049,11019.242832359549,0.025736025192604428,8.522524072559023,4763.110000881013,,0.4501533468685046,TokenDynamic,3105.875093159591,3103.0366882785324,3.4067961038662165,3.4099123630862613,ok,,/home/renyz/project/vecops-neo/benchmarks/ops/matmul-otherlibs/results/raw/cycles/post-targeted-fixes-20260904/x86/local-x86_MatmulOtherlibsLIBXSMMBench_post-targeted-fixes-20260904.json
post-targeted-fixes-20260904,local-x86,Native,Intel(R) Xeon(R) w9-3495X,gcc,oneDNN,0e2a5bfeef1bfbffc3137464606540233086ce9b,AVX-512+AMX-BF16,brg_matmul:avx512_core_bf16,L06_mlp_down_decode,llm,mlp_down,4096x1x11008,1,1,0,bias,bf16xbf16_acc_fp32,NA,prepared_execute,separate,row_contiguous,default,auto,auto,auto,0.0,0.0,1.0,1.0,,,,,2782.816936118291,2766.4609657144765,2791.4970765197454,0.004490215127211815,32.4051269163926,4763.110000881013,,1.7116145654643753,TokenDynamic,3105.875093159591,3103.0366882785324,0.8959848199456552,0.8968043937830817,ok,,/home/renyz/project/vecops-neo/benchmarks/ops/matmul-otherlibs/results/raw/cycles/post-targeted-fixes-20260904/x86/local-x86_MatmulOtherlibsOneDNNBench_post-targeted-fixes-20260904.json
post-targeted-fixes-20260904,local-x86,Native,Intel(R) Xeon(R) w9-3495X,gcc,OpenBLAS,e0166008be8e466242aa76b2ff75ce3f0fbf574a,AVX-512+AMX-BF16,unspecified,L06_mlp_down_decode,llm,mlp_down,4096x1x11008,1,1,0,bias,bf16xbf16_acc_fp32,NA,raw_e2e,separate,row_contiguous,default,auto,auto,auto,0.0,1.0,0.0,1.0,,,,,4763.110000881013,4754.836896659229,4816.4646687178765,0.009331544403463074,18.932490743090174,4763.110000881013,1.0,1.0,TokenDynamic,3105.875093159591,3103.0366882785324,1.533580668253959,1.534983462771572,ok,,/home/renyz/project/vecops-neo/benchmarks/ops/matmul-otherlibs/results/raw/cycles/post-targeted-fixes-20260904/x86/local-x86_MatmulOtherlibsOpenBLASBench_post-targeted-fixes-20260904.json
final-stage3-20260904,local-x86,Native,Intel(R) Xeon(R) w9-3495X,gcc-13.3,vecops,0b7a801a0b816f70245d24001a70ce0561c23389+dirty,AMX-BF16,,L06_mlp_down_decode,llm,mlp_down,4096x1x11008,1,1,0,bias,bf16xbf16_acc_fp32,AllConst,raw_e2e,native_fused,row_contiguous,default,auto,auto,auto,0.0,1.0,0.0,1.0,,,,,3103.9578600537557,3066.3906231111046,3127.1409955373856,0.00937950695758609,29.052435653375223,,,,TokenDynamic,3142.4793864558023,3103.9578600537557,0.987741677298481,1.0,ok,,/home/renyz/project/vecops-neo-validate-stage3/benchmarks/results/final-x86-stage3/local-x86-stage3_MatmulOtherlibsVecopsBiasBench_final-stage3-20260904.json
final-stage3-20260904,local-x86,Native,Intel(R) Xeon(R) w9-3495X,gcc-13.3,vecops,0b7a801a0b816f70245d24001a70ce0561c23389+dirty,AMX-BF16,,L06_mlp_down_decode,llm,mlp_down,4096x1x11008,1,1,0,bias,bf16xbf16_acc_fp32,TokenDynamic,raw_e2e,native_fused,row_contiguous,default,auto,auto,auto,0.0,1.0,0.0,1.0,,,,,3142.4793864558023,3119.7059362470595,3309.265450198754,0.03561375359516154,28.696301521871035,,,,TokenDynamic,3142.4793864558023,3103.9578600537557,1.0,1.0124104540521628,ok,,/home/renyz/project/vecops-neo-validate-stage3/benchmarks/results/final-x86-stage3/local-x86-stage3_MatmulOtherlibsVecopsBiasBench_final-stage3-20260904.json
post-targeted-fixes-20260904,local-x86,Native,Intel(R) Xeon(R) w9-3495X,gcc,LIBXSMM,3668d249637792dcc988414eb3d2a374033743df,AVX-512+AMX-BF16,,L06_mlp_down_decode,llm,mlp_down,4096x1x11008,1,1,0,bias_relu,bf16xbf16_acc_fp32,NA,prepared_execute,separate,row_contiguous,default,auto,auto,auto,0.0,0.0,1.0,1.0,,,1.0,0.0,10575.836667461166,10475.575632881373,10597.746134347593,0.005539202502595993,8.526751956887777,4826.272482550222,,0.4563489995452829,TokenDynamic,3057.572532755633,3094.583133416664,3.4588996840345465,3.4175319296672466,ok,,/home/renyz/project/vecops-neo/benchmarks/ops/matmul-otherlibs/results/raw/cycles/post-targeted-fixes-20260904/x86/local-x86_MatmulOtherlibsLIBXSMMBench_post-targeted-fixes-20260904.json
post-targeted-fixes-20260904,local-x86,Native,Intel(R) Xeon(R) w9-3495X,gcc,oneDNN,0e2a5bfeef1bfbffc3137464606540233086ce9b,AVX-512+AMX-BF16,brg_matmul:avx512_core_bf16,L06_mlp_down_decode,llm,mlp_down,4096x1x11008,1,1,0,bias_relu,bf16xbf16_acc_fp32,NA,prepared_execute,separate,row_contiguous,default,auto,auto,auto,0.0,0.0,1.0,1.0,,,,,2806.4080657002155,2779.1414002422243,2821.8441522609364,0.007130854452751128,32.132724068942615,4826.272482550222,,1.719732971671758,TokenDynamic,3057.572532755633,3094.583133416664,0.9178549439580896,0.9068775808267653,ok,,/home/renyz/project/vecops-neo/benchmarks/ops/matmul-otherlibs/results/raw/cycles/post-targeted-fixes-20260904/x86/local-x86_MatmulOtherlibsOneDNNBench_post-targeted-fixes-20260904.json
post-targeted-fixes-20260904,local-x86,Native,Intel(R) Xeon(R) w9-3495X,gcc,OpenBLAS,e0166008be8e466242aa76b2ff75ce3f0fbf574a,AVX-512+AMX-BF16,unspecified,L06_mlp_down_decode,llm,mlp_down,4096x1x11008,1,1,0,bias_relu,bf16xbf16_acc_fp32,NA,raw_e2e,separate,row_contiguous,default,auto,auto,auto,0.0,1.0,0.0,1.0,,,,,4826.272482550222,4782.634083350221,4983.157593483941,0.027548982854014036,18.68471710332232,4826.272482550222,1.0,1.0,TokenDynamic,3057.572532755633,3094.583133416664,1.5784654103366604,1.559587277017708,ok,,/home/renyz/project/vecops-neo/benchmarks/ops/matmul-otherlibs/results/raw/cycles/post-targeted-fixes-20260904/x86/local-x86_MatmulOtherlibsOpenBLASBench_post-targeted-fixes-20260904.json
final-stage3-20260904,local-x86,Native,Intel(R) Xeon(R) w9-3495X,gcc-13.3,vecops,0b7a801a0b816f70245d24001a70ce0561c23389+dirty,AMX-BF16,,L06_mlp_down_decode,llm,mlp_down,4096x1x11008,1,1,0,bias_relu,bf16xbf16_acc_fp32,AllConst,raw_e2e,native_fused,row_contiguous,default,auto,auto,auto,0.0,1.0,0.0,1.0,,,,,3064.246844345083,3045.5063159267115,3088.987439793224,0.006208249830033561,29.428939827879145,,,,TokenDynamic,3059.2584093524647,3064.246844345083,1.0016306026903017,1.0,ok,,/home/renyz/project/vecops-neo-validate-stage3/benchmarks/results/final-x86-stage3/local-x86-stage3_MatmulOtherlibsVecopsBiasReluBench_final-stage3-20260904.json
final-stage3-20260904,local-x86,Native,Intel(R) Xeon(R) w9-3495X,gcc-13.3,vecops,0b7a801a0b816f70245d24001a70ce0561c23389+dirty,AMX-BF16,,L06_mlp_down_decode,llm,mlp_down,4096x1x11008,1,1,0,bias_relu,bf16xbf16_acc_fp32,TokenDynamic,raw_e2e,native_fused,row_contiguous,default,auto,auto,auto,0.0,1.0,0.0,1.0,,,,,3059.2584093524647,3051.8477229634295,3086.1867316575217,0.005707792324086442,29.476926736335212,,,,TokenDynamic,3059.2584093524647,3064.246844345083,1.0,0.9983720518463373,ok,,/home/renyz/project/vecops-neo-validate-stage3/benchmarks/results/final-x86-stage3/local-x86-stage3_MatmulOtherlibsVecopsBiasReluBench_final-stage3-20260904.json
post-targeted-fixes-20260904,local-x86,Native,Intel(R) Xeon(R) w9-3495X,gcc,LIBXSMM,3668d249637792dcc988414eb3d2a374033743df,AVX-512+AMX-BF16,,L06_mlp_down_decode,llm,mlp_down,4096x1x11008,1,1,0,gemm,bf16xbf16_acc_fp32,NA,prepared_execute,native,row_contiguous,default,auto,auto,auto,0.0,0.0,1.0,1.0,,,1.0,0.0,10507.301582644384,10391.901734207448,10775.284618042255,0.01820871912508549,8.582368678648407,4779.501965646793,,0.4548743488567433,TokenDynamic,3196.3642438158126,3129.3631135750647,3.2872666508435193,3.357648569788558,ok,,/home/renyz/project/vecops-neo/benchmarks/ops/matmul-otherlibs/results/raw/cycles/post-targeted-fixes-20260904/x86/local-x86_MatmulOtherlibsLIBXSMMBench_post-targeted-fixes-20260904.json
post-targeted-fixes-20260904,local-x86,Native,Intel(R) Xeon(R) w9-3495X,gcc,oneDNN,0e2a5bfeef1bfbffc3137464606540233086ce9b,AVX-512+AMX-BF16,brg_matmul:avx512_core_bf16,L06_mlp_down_decode,llm,mlp_down,4096x1x11008,1,1,0,gemm,bf16xbf16_acc_fp32,NA,prepared_execute,native,row_contiguous,default,auto,auto,auto,0.0,0.0,1.0,1.0,,,,,2781.464936251336,2770.31028972681,2792.7227023533205,0.003672743983675935,32.42087823028069,4779.501965646793,,1.7183398227871503,TokenDynamic,3196.3642438158126,3129.3631135750647,0.8701964870345406,0.8888278014735462,ok,,/home/renyz/project/vecops-neo/benchmarks/ops/matmul-otherlibs/results/raw/cycles/post-targeted-fixes-20260904/x86/local-x86_MatmulOtherlibsOneDNNBench_post-targeted-fixes-20260904.json
post-targeted-fixes-20260904,local-x86,Native,Intel(R) Xeon(R) w9-3495X,gcc,OpenBLAS,e0166008be8e466242aa76b2ff75ce3f0fbf574a,AVX-512+AMX-BF16,unspecified,L06_mlp_down_decode,llm,mlp_down,4096x1x11008,1,1,0,gemm,bf16xbf16_acc_fp32,NA,raw_e2e,native,row_contiguous,default,auto,auto,auto,0.0,1.0,0.0,1.0,,,,,4779.501965646793,4759.782917219504,4811.011744936092,0.005320831812977928,18.867559140714068,4779.501965646793,1.0,1.0,TokenDynamic,3196.3642438158126,3129.3631135750647,1.4952932773209333,1.5273082068723458,ok,,/home/renyz/project/vecops-neo/benchmarks/ops/matmul-otherlibs/results/raw/cycles/post-targeted-fixes-20260904/x86/local-x86_MatmulOtherlibsOpenBLASBench_post-targeted-fixes-20260904.json
final-stage3-20260904,local-x86,Native,Intel(R) Xeon(R) w9-3495X,gcc-13.3,vecops,0b7a801a0b816f70245d24001a70ce0561c23389+dirty,AMX-BF16,,L06_mlp_down_decode,llm,mlp_down,4096x1x11008,1,1,0,gemm,bf16xbf16_acc_fp32,AllConst,raw_e2e,native,row_contiguous,default,auto,auto,auto,0.0,1.0,0.0,1.0,,,,,3115.5907272477634,3094.4232909612106,3149.133777134755,0.007921051450452658,28.94396083906073,,,,TokenDynamic,3249.678341245915,3115.5907272477634,0.9587381888551029,1.0,ok,,/home/renyz/project/vecops-neo-validate-stage3/benchmarks/results/final-x86-stage3/local-x86-stage3_MatmulOtherlibsVecopsLLMBench_final-stage3-20260904.json
final-stage3-20260904,local-x86,Native,Intel(R) Xeon(R) w9-3495X,gcc-13.3,vecops,0b7a801a0b816f70245d24001a70ce0561c23389+dirty,AMX-BF16,,L06_mlp_down_decode,llm,mlp_down,4096x1x11008,1,1,0,gemm,bf16xbf16_acc_fp32,TokenDynamic,raw_e2e,native,row_contiguous,default,auto,auto,auto,0.0,1.0,0.0,1.0,,,,,3249.678341245915,3215.1768340377093,3332.3975172030127,0.016553712311093653,27.74968059313411,,,,TokenDynamic,3249.678341245915,3115.5907272477634,1.0,1.0430376213491306,ok,,/home/renyz/project/vecops-neo-validate-stage3/benchmarks/results/final-x86-stage3/local-x86-stage3_MatmulOtherlibsVecopsLLMBench_final-stage3-20260904.json
post-targeted-fixes-20260904,local-x86,Native,Intel(R) Xeon(R) w9-3495X,gcc,LIBXSMM,3668d249637792dcc988414eb3d2a374033743df,AVX-512+AMX-BF16,,L06_mlp_down_decode,llm,mlp_down,4096x1x11008,1,1,0,gemm_add,bf16xbf16_acc_fp32,NA,prepared_execute,native,row_contiguous,default,auto,auto,auto,0.0,0.0,1.0,1.0,,,1.0,0.0,10656.802999922851,10409.473067071911,11020.557065785397,0.024689975745917837,8.461968941403237,4776.026413310319,,0.44816690459088854,TokenDynamic,3174.7254746733233,3144.382466820793,3.3567636272611656,3.389156094200487,ok,,/home/renyz/project/vecops-neo/benchmarks/ops/matmul-otherlibs/results/raw/cycles/post-targeted-fixes-20260904/x86/local-x86_MatmulOtherlibsLIBXSMMBench_post-targeted-fixes-20260904.json
post-targeted-fixes-20260904,local-x86,Native,Intel(R) Xeon(R) w9-3495X,gcc,oneDNN,0e2a5bfeef1bfbffc3137464606540233086ce9b,AVX-512+AMX-BF16,brg_matmul:avx512_core_bf16,L06_mlp_down_decode,llm,mlp_down,4096x1x11008,1,1,0,gemm_add,bf16xbf16_acc_fp32,NA,prepared_execute,native,row_contiguous,default,auto,auto,auto,0.0,0.0,1.0,1.0,,,,,2782.839130225551,2770.3090087490405,2797.9383003422186,0.004487244111641066,32.40486847426608,4776.026413310319,,1.7162423660915027,TokenDynamic,3174.7254746733233,3144.382466820793,0.8765605569445033,0.8850192874403127,ok,,/home/renyz/project/vecops-neo/benchmarks/ops/matmul-otherlibs/results/raw/cycles/post-targeted-fixes-20260904/x86/local-x86_MatmulOtherlibsOneDNNBench_post-targeted-fixes-20260904.json
post-targeted-fixes-20260904,local-x86,Native,Intel(R) Xeon(R) w9-3495X,gcc,OpenBLAS,e0166008be8e466242aa76b2ff75ce3f0fbf574a,AVX-512+AMX-BF16,unspecified,L06_mlp_down_decode,llm,mlp_down,4096x1x11008,1,1,0,gemm_add,bf16xbf16_acc_fp32,NA,raw_e2e,native,row_contiguous,default,auto,auto,auto,0.0,1.0,0.0,1.0,,,,,4776.026413310319,4760.46355906874,4810.173523909381,0.005269333069141412,18.881289213284923,4776.026413310319,1.0,1.0,TokenDynamic,3174.7254746733233,3144.382466820793,1.5043903642729197,1.5189075959131781,ok,,/home/renyz/project/vecops-neo/benchmarks/ops/matmul-otherlibs/results/raw/cycles/post-targeted-fixes-20260904/x86/local-x86_MatmulOtherlibsOpenBLASBench_post-targeted-fixes-20260904.json
final-stage3-20260904,local-x86,Native,Intel(R) Xeon(R) w9-3495X,gcc-13.3,vecops,0b7a801a0b816f70245d24001a70ce0561c23389+dirty,AMX-BF16,,L06_mlp_down_decode,llm,mlp_down,4096x1x11008,1,1,0,gemm_add,bf16xbf16_acc_fp32,AllConst,raw_e2e,native,row_contiguous,default,auto,auto,auto,0.0,1.0,0.0,1.0,,,,,3149.0010230548,3114.258495439902,3158.7568819469934,0.0071179179804604234,28.63687097583731,,,,TokenDynamic,3181.194341400775,3149.0010230548,0.9898801158021049,1.0,ok,,/home/renyz/project/vecops-neo-validate-stage3/benchmarks/results/final-x86-stage3/local-x86-stage3_MatmulOtherlibsVecopsLLMBench_final-stage3-20260904.json
final-stage3-20260904,local-x86,Native,Intel(R) Xeon(R) w9-3495X,gcc-13.3,vecops,0b7a801a0b816f70245d24001a70ce0561c23389+dirty,AMX-BF16,,L06_mlp_down_decode,llm,mlp_down,4096x1x11008,1,1,0,gemm_add,bf16xbf16_acc_fp32,TokenDynamic,raw_e2e,native,row_contiguous,default,auto,auto,auto,0.0,1.0,0.0,1.0,,,,,3181.194341400775,3168.0294441729334,3209.5423706511906,0.006529436949753083,28.347069157771774,,,,TokenDynamic,3181.194341400775,3149.0010230548,1.0,1.010223343247677,ok,,/home/renyz/project/vecops-neo-validate-stage3/benchmarks/results/final-x86-stage3/local-x86-stage3_MatmulOtherlibsVecopsLLMBench_final-stage3-20260904.json
post-targeted-fixes-20260904,local-x86,Native,Intel(R) Xeon(R) w9-3495X,gcc,LIBXSMM,3668d249637792dcc988414eb3d2a374033743df,AVX-512+AMX-BF16,,L07_mlp_down_prefill,llm,mlp_down,4096x128x11008,1,128,0,bias,bf16xbf16_acc_fp32,NA,prepared_execute,separate,row_contiguous,default,auto,auto,auto,0.0,0.0,1.0,1.0,,,1.0,0.0,50412.60100551881,49951.60880498588,50728.08846404467,0.00790489022018913,228.9650678158103,9489.583532558754,,0.18823832421421585,TokenDynamic,14281.240900163537,14240.866099135019,3.5299874400229134,3.5399954366947415,ok,,/home/renyz/project/vecops-neo/benchmarks/ops/matmul-otherlibs/results/raw/cycles/post-targeted-fixes-20260904/x86/local-x86_MatmulOtherlibsLIBXSMMBench_post-targeted-fixes-20260904.json
post-targeted-fixes-20260904,local-x86,Native,Intel(R) Xeon(R) w9-3495X,gcc,oneDNN,0e2a5bfeef1bfbffc3137464606540233086ce9b,AVX-512+AMX-BF16,brg_matmul:avx10_1_512_amx,L07_mlp_down_prefill,llm,mlp_down,4096x128x11008,1,128,0,bias,bf16xbf16_acc_fp32,NA,prepared_execute,separate,row_contiguous,default,auto,auto,auto,0.0,0.0,1.0,1.0,,,,,10161.388363816182,10055.660072248427,10422.639581586487,0.01987659881572692,1135.9397155906997,9489.583532558754,,0.9338865116454296,TokenDynamic,14281.240900163537,14240.866099135019,0.7115199886936872,0.71353724507201,ok,,/home/renyz/project/vecops-neo/benchmarks/ops/matmul-otherlibs/results/raw/cycles/post-targeted-fixes-20260904/x86/local-x86_MatmulOtherlibsOneDNNBench_post-targeted-fixes-20260904.json
post-targeted-fixes-20260904,local-x86,Native,Intel(R) Xeon(R) w9-3495X,gcc,OpenBLAS,e0166008be8e466242aa76b2ff75ce3f0fbf574a,AVX-512+AMX-BF16,unspecified,L07_mlp_down_prefill,llm,mlp_down,4096x128x11008,1,128,0,bias,bf16xbf16_acc_fp32,NA,raw_e2e,separate,row_contiguous,default,auto,auto,auto,0.0,1.0,0.0,1.0,,,,,9489.583532558754,9480.246532863628,10042.081706536314,0.027944184709421203,1216.3573425953753,9489.583532558754,1.0,1.0,TokenDynamic,14281.240900163537,14240.866099135019,0.664478920207143,0.6663628087293894,ok,,/home/renyz/project/vecops-neo/benchmarks/ops/matmul-otherlibs/results/raw/cycles/post-targeted-fixes-20260904/x86/local-x86_MatmulOtherlibsOpenBLASBench_post-targeted-fixes-20260904.json
final-stage3-20260904,local-x86,Native,Intel(R) Xeon(R) w9-3495X,gcc-13.3,vecops,0b7a801a0b816f70245d24001a70ce0561c23389+dirty,AMX-BF16,,L07_mlp_down_prefill,llm,mlp_down,4096x128x11008,1,128,0,bias,bf16xbf16_acc_fp32,AllConst,raw_e2e,native_fused,row_contiguous,default,auto,auto,auto,0.0,1.0,0.0,1.0,,,,,15688.22622195714,15652.095845952219,15721.55782228543,0.0023039634316975336,735.7571496416133,,,,TokenDynamic,15193.772667165224,15688.22622195714,1.0325431718391092,1.0,ok,,/home/renyz/project/vecops-neo-validate-stage3/benchmarks/results/final-x86-stage3/local-x86-stage3_MatmulOtherlibsVecopsBiasBench_final-stage3-20260904.json
final-stage3-20260904,local-x86,Native,Intel(R) Xeon(R) w9-3495X,gcc-13.3,vecops,0b7a801a0b816f70245d24001a70ce0561c23389+dirty,AMX-BF16,,L07_mlp_down_prefill,llm,mlp_down,4096x128x11008,1,128,0,bias,bf16xbf16_acc_fp32,TokenDynamic,raw_e2e,native_fused,row_contiguous,default,auto,auto,auto,0.0,1.0,0.0,1.0,,,,,15193.772667165224,15140.311245340854,15218.326400887843,0.002599202287356351,759.7010209942533,,,,TokenDynamic,15193.772667165224,15688.22622195714,1.0,0.9684825073404485,ok,,/home/renyz/project/vecops-neo-validate-stage3/benchmarks/results/final-x86-stage3/local-x86-stage3_MatmulOtherlibsVecopsBiasBench_final-stage3-20260904.json
post-targeted-fixes-20260904,local-x86,Native,Intel(R) Xeon(R) w9-3495X,gcc,LIBXSMM,3668d249637792dcc988414eb3d2a374033743df,AVX-512+AMX-BF16,,L07_mlp_down_prefill,llm,mlp_down,4096x128x11008,1,128,0,bias_relu,bf16xbf16_acc_fp32,NA,prepared_execute,separate,row_contiguous,default,auto,auto,auto,0.0,0.0,1.0,1.0,,,1.0,0.0,50655.623665079474,49830.7171316507,50881.62013368372,0.010531973644834167,227.86659748416486,9575.58673302022,,0.18903304391889963,TokenDynamic,15640.998999717542,15822.95566590296,3.2386437506961196,3.201400846634347,ok,,/home/renyz/project/vecops-neo/benchmarks/ops/matmul-otherlibs/results/raw/cycles/post-targeted-fixes-20260904/x86/local-x86_MatmulOtherlibsLIBXSMMBench_post-targeted-fixes-20260904.json
post-targeted-fixes-20260904,local-x86,Native,Intel(R) Xeon(R) w9-3495X,gcc,oneDNN,0e2a5bfeef1bfbffc3137464606540233086ce9b,AVX-512+AMX-BF16,brg_matmul:avx10_1_512_amx,L07_mlp_down_prefill,llm,mlp_down,4096x128x11008,1,128,0,bias_relu,bf16xbf16_acc_fp32,NA,prepared_execute,separate,row_contiguous,default,auto,auto,auto,0.0,0.0,1.0,1.0,,,,,10135.105500618618,10071.041016393187,10230.516516215479,0.007537000309151739,1138.8854913543294,9575.58673302022,,0.9447939868446119,TokenDynamic,15640.998999717542,15822.95566590296,0.6479832586653606,0.6405317511227598,ok,,/home/renyz/project/vecops-neo/benchmarks/ops/matmul-otherlibs/results/raw/cycles/post-targeted-fixes-20260904/x86/local-x86_MatmulOtherlibsOneDNNBench_post-targeted-fixes-20260904.json
post-targeted-fixes-20260904,local-x86,Native,Intel(R) Xeon(R) w9-3495X,gcc,OpenBLAS,e0166008be8e466242aa76b2ff75ce3f0fbf574a,AVX-512+AMX-BF16,unspecified,L07_mlp_down_prefill,llm,mlp_down,4096x128x11008,1,128,0,bias_relu,bf16xbf16_acc_fp32,NA,raw_e2e,separate,row_contiguous,default,auto,auto,auto,0.0,1.0,0.0,1.0,,,,,9575.58673302022,9487.079466537882,10149.46893400823,0.03052821945380474,1205.4326204572249,9575.58673302022,1.0,1.0,TokenDynamic,15640.998999717542,15822.95566590296,0.6122106863630095,0.605170546843833,ok,,/home/renyz/project/vecops-neo/benchmarks/ops/matmul-otherlibs/results/raw/cycles/post-targeted-fixes-20260904/x86/local-x86_MatmulOtherlibsOpenBLASBench_post-targeted-fixes-20260904.json
final-stage3-20260904,local-x86,Native,Intel(R) Xeon(R) w9-3495X,gcc-13.3,vecops,0b7a801a0b816f70245d24001a70ce0561c23389+dirty,AMX-BF16,,L07_mlp_down_prefill,llm,mlp_down,4096x128x11008,1,128,0,bias_relu,bf16xbf16_acc_fp32,AllConst,raw_e2e,native_fused,row_contiguous,default,auto,auto,auto,0.0,1.0,0.0,1.0,,,,,15590.119887039893,15550.876955967396,15667.389289915767,0.0033258079515736216,740.3871613325756,,,,TokenDynamic,15065.657220677369,15590.119887039893,1.034811801349277,1.0,ok,,/home/renyz/project/vecops-neo-validate-stage3/benchmarks/results/final-x86-stage3/local-x86-stage3_MatmulOtherlibsVecopsBiasReluBench_final-stage3-20260904.json
final-stage3-20260904,local-x86,Native,Intel(R) Xeon(R) w9-3495X,gcc-13.3,vecops,0b7a801a0b816f70245d24001a70ce0561c23389+dirty,AMX-BF16,,L07_mlp_down_prefill,llm,mlp_down,4096x128x11008,1,128,0,bias_relu,bf16xbf16_acc_fp32,TokenDynamic,raw_e2e,native_fused,row_contiguous,default,auto,auto,auto,0.0,1.0,0.0,1.0,,,,,15065.657220677369,15044.131155850158,15166.371756802417,0.005110015390700044,766.1613721144405,,,,TokenDynamic,15065.657220677369,15590.119887039893,1.0,0.9663592922849483,ok,,/home/renyz/project/vecops-neo-validate-stage3/benchmarks/results/final-x86-stage3/local-x86-stage3_MatmulOtherlibsVecopsBiasReluBench_final-stage3-20260904.json
post-targeted-fixes-20260904,local-x86,Native,Intel(R) Xeon(R) w9-3495X,gcc,LIBXSMM,3668d249637792dcc988414eb3d2a374033743df,AVX-512+AMX-BF16,,L07_mlp_down_prefill,llm,mlp_down,4096x128x11008,1,128,0,gemm,bf16xbf16_acc_fp32,NA,prepared_execute,native,row_contiguous,default,auto,auto,auto,0.0,0.0,1.0,1.0,,,1.0,0.0,50555.18033138166,50267.652266969286,50954.238137152664,0.0069049377077637685,228.31932419861155,9510.307865760598,,0.18811737597258973,TokenDynamic,15552.98166608231,14711.167401401326,3.25051372249937,3.436517235645485,ok,,/home/renyz/project/vecops-neo/benchmarks/ops/matmul-otherlibs/results/raw/cycles/post-targeted-fixes-20260904/x86/local-x86_MatmulOtherlibsLIBXSMMBench_post-targeted-fixes-20260904.json
post-targeted-fixes-20260904,local-x86,Native,Intel(R) Xeon(R) w9-3495X,gcc,oneDNN,0e2a5bfeef1bfbffc3137464606540233086ce9b,AVX-512+AMX-BF16,brg_matmul:avx10_1_512_amx,L07_mlp_down_prefill,llm,mlp_down,4096x128x11008,1,128,0,gemm,bf16xbf16_acc_fp32,NA,prepared_execute,native,row_contiguous,default,auto,auto,auto,0.0,0.0,1.0,1.0,,,,,10200.050000672822,10163.915434598244,10418.520599540154,0.015260498783921573,1131.6341201502555,9510.307865760598,,0.9323785535495682,TokenDynamic,15552.98166608231,14711.167401401326,0.6558260158511551,0.6933542201213213,ok,,/home/renyz/project/vecops-neo/benchmarks/ops/matmul-otherlibs/results/raw/cycles/post-targeted-fixes-20260904/x86/local-x86_MatmulOtherlibsOneDNNBench_post-targeted-fixes-20260904.json
post-targeted-fixes-20260904,local-x86,Native,Intel(R) Xeon(R) w9-3495X,gcc,OpenBLAS,e0166008be8e466242aa76b2ff75ce3f0fbf574a,AVX-512+AMX-BF16,unspecified,L07_mlp_down_prefill,llm,mlp_down,4096x128x11008,1,128,0,gemm,bf16xbf16_acc_fp32,NA,raw_e2e,native,row_contiguous,default,auto,auto,auto,0.0,1.0,0.0,1.0,,,,,9510.307865760598,9446.966413330909,9943.791187445942,0.02400417563994332,1213.7067244223074,9510.307865760598,1.0,1.0,TokenDynamic,15552.98166608231,14711.167401401326,0.6114781120394762,0.6464686048542065,ok,,/home/renyz/project/vecops-neo/benchmarks/ops/matmul-otherlibs/results/raw/cycles/post-targeted-fixes-20260904/x86/local-x86_MatmulOtherlibsOpenBLASBench_post-targeted-fixes-20260904.json
final-stage3-20260904,local-x86,Native,Intel(R) Xeon(R) w9-3495X,gcc-13.3,vecops,0b7a801a0b816f70245d24001a70ce0561c23389+dirty,AMX-BF16,,L07_mlp_down_prefill,llm,mlp_down,4096x128x11008,1,128,0,gemm,bf16xbf16_acc_fp32,AllConst,raw_e2e,native,row_contiguous,default,auto,auto,auto,0.0,1.0,0.0,1.0,,,,,15443.65209992975,14546.681580832226,15977.691119769588,0.0449581231867776,747.4090023079777,,,,TokenDynamic,14828.899891452036,15443.65209992975,1.0414563597419713,1.0,ok,,/home/renyz/project/vecops-neo-validate-stage3/benchmarks/results/final-x86-stage3/local-x86-stage3_MatmulOtherlibsVecopsLLMBench_final-stage3-20260904.json
final-stage3-20260904,local-x86,Native,Intel(R) Xeon(R) w9-3495X,gcc-13.3,vecops,0b7a801a0b816f70245d24001a70ce0561c23389+dirty,AMX-BF16,,L07_mlp_down_prefill,llm,mlp_down,4096x128x11008,1,128,0,gemm,bf16xbf16_acc_fp32,TokenDynamic,raw_e2e,native,row_contiguous,default,auto,auto,auto,0.0,1.0,0.0,1.0,,,,,14828.899891452036,14741.729177896763,14879.895288807651,0.004477277876087815,778.3938587820451,,,,TokenDynamic,14828.899891452036,15443.65209992975,1.0,0.960193858000692,ok,,/home/renyz/project/vecops-neo-validate-stage3/benchmarks/results/final-x86-stage3/local-x86-stage3_MatmulOtherlibsVecopsLLMBench_final-stage3-20260904.json
post-targeted-fixes-20260904,local-x86,Native,Intel(R) Xeon(R) w9-3495X,gcc,LIBXSMM,3668d249637792dcc988414eb3d2a374033743df,AVX-512+AMX-BF16,,L07_mlp_down_prefill,llm,mlp_down,4096x128x11008,1,128,0,gemm_add,bf16xbf16_acc_fp32,NA,prepared_execute,native,row_contiguous,default,auto,auto,auto,0.0,0.0,1.0,1.0,,,1.0,0.0,50400.56699848113,49839.29320199726,52807.3526666655,0.028702328586969795,229.0197371856521,9430.324266819905,,0.1871075035148731,TokenDynamic,16114.74375022226,16233.760376053397,3.127605860799741,3.104676047382563,ok,,/home/renyz/project/vecops-neo/benchmarks/ops/matmul-otherlibs/results/raw/cycles/post-targeted-fixes-20260904/x86/local-x86_MatmulOtherlibsLIBXSMMBench_post-targeted-fixes-20260904.json
post-targeted-fixes-20260904,local-x86,Native,Intel(R) Xeon(R) w9-3495X,gcc,oneDNN,0e2a5bfeef1bfbffc3137464606540233086ce9b,AVX-512+AMX-BF16,brg_matmul:avx10_1_512_amx,L07_mlp_down_prefill,llm,mlp_down,4096x128x11008,1,128,0,gemm_add,bf16xbf16_acc_fp32,NA,prepared_execute,native,row_contiguous,default,auto,auto,auto,0.0,0.0,1.0,1.0,,,,,8668.24146046733,8591.46046076113,8794.081369594025,0.013770692709907939,1331.6108763977252,9430.324266819905,,1.087916656432352,TokenDynamic,16114.74375022226,16233.760376053397,0.5379074960684854,0.5339638666376986,ok,,/home/renyz/project/vecops-neo/benchmarks/ops/matmul-otherlibs/results/raw/cycles/post-targeted-fixes-20260904/x86/local-x86_MatmulOtherlibsOneDNNBench_post-targeted-fixes-20260904.json
post-targeted-fixes-20260904,local-x86,Native,Intel(R) Xeon(R) w9-3495X,gcc,OpenBLAS,e0166008be8e466242aa76b2ff75ce3f0fbf574a,AVX-512+AMX-BF16,unspecified,L07_mlp_down_prefill,llm,mlp_down,4096x128x11008,1,128,0,gemm_add,bf16xbf16_acc_fp32,NA,raw_e2e,native,row_contiguous,default,auto,auto,auto,0.0,1.0,0.0,1.0,,,,,9430.324266819905,9341.404786100613,9861.946227417018,0.025076578634763768,1224.0008170888102,9430.324266819905,1.0,1.0,TokenDynamic,16114.74375022226,16233.760376053397,0.5851985245927251,0.5809081844481753,ok,,/home/renyz/project/vecops-neo/benchmarks/ops/matmul-otherlibs/results/raw/cycles/post-targeted-fixes-20260904/x86/local-x86_MatmulOtherlibsOpenBLASBench_post-targeted-fixes-20260904.json
final-stage3-20260904,local-x86,Native,Intel(R) Xeon(R) w9-3495X,gcc-13.3,vecops,0b7a801a0b816f70245d24001a70ce0561c23389+dirty,AMX-BF16,,L07_mlp_down_prefill,llm,mlp_down,4096x128x11008,1,128,0,gemm_add,bf16xbf16_acc_fp32,AllConst,raw_e2e,native,row_contiguous,default,auto,auto,auto,0.0,1.0,0.0,1.0,,,,,16848.75411188437,16409.86586636346,17382.670245003992,0.025363308669021603,685.0788213389778,,,,TokenDynamic,15488.555374759017,16848.75411188437,1.087819599970053,1.0,ok,,/home/renyz/project/vecops-neo-validate-stage3/benchmarks/results/final-x86-stage3/local-x86-stage3_MatmulOtherlibsVecopsLLMBench_final-stage3-20260904.json
final-stage3-20260904,local-x86,Native,Intel(R) Xeon(R) w9-3495X,gcc-13.3,vecops,0b7a801a0b816f70245d24001a70ce0561c23389+dirty,AMX-BF16,,L07_mlp_down_prefill,llm,mlp_down,4096x128x11008,1,128,0,gemm_add,bf16xbf16_acc_fp32,TokenDynamic,raw_e2e,native,row_contiguous,default,auto,auto,auto,0.0,1.0,0.0,1.0,,,,,15488.555374759017,15228.817601018818,15631.550049874932,0.01118957353444481,745.2421693769223,,,,TokenDynamic,15488.555374759017,16848.75411188437,1.0,0.9192700701729674,ok,,/home/renyz/project/vecops-neo-validate-stage3/benchmarks/results/final-x86-stage3/local-x86-stage3_MatmulOtherlibsVecopsLLMBench_final-stage3-20260904.json
post-targeted-fixes-20260904,local-x86,Native,Intel(R) Xeon(R) w9-3495X,gcc,LIBXSMM,3668d249637792dcc988414eb3d2a374033743df,AVX-512+AMX-BF16,,L08_attention,llm,attention,128x128x128,1,128,0,gemm,bf16xbf16_acc_fp32,NA,prepared_execute,native,row_contiguous,default,auto,auto,auto,0.0,0.0,1.0,1.0,,,1.0,0.0,4.368662545707823,4.352121107676091,8.392596766041253,0.35690202915125774,960.0888043231607,5.977064322649018,,1.3681680056797787,TokenDynamic,4.07028811258484,4.121392373187505,1.073305482282801,1.0599967559820271,ok,,/home/renyz/project/vecops-neo/benchmarks/ops/matmul-otherlibs/results/raw/cycles/post-targeted-fixes-20260904/x86/local-x86_MatmulOtherlibsLIBXSMMBench_post-targeted-fixes-20260904.json
post-targeted-fixes-20260904,local-x86,Native,Intel(R) Xeon(R) w9-3495X,gcc,oneDNN,0e2a5bfeef1bfbffc3137464606540233086ce9b,AVX-512+AMX-BF16,brg_matmul:avx10_1_512_amx,L08_attention,llm,attention,128x128x128,1,128,0,gemm,bf16xbf16_acc_fp32,NA,prepared_execute,native,row_contiguous,default,auto,auto,auto,0.0,0.0,1.0,1.0,,,,,3.1533857360519613,3.1453892007851683,3.1638248469190686,0.002587338568891274,1330.0954437788725,5.977064322649018,,1.8954434449025899,TokenDynamic,4.07028811258484,4.121392373187505,0.7747328073170233,0.7651263093916771,ok,,/home/renyz/project/vecops-neo/benchmarks/ops/matmul-otherlibs/results/raw/cycles/post-targeted-fixes-20260904/x86/local-x86_MatmulOtherlibsOneDNNBench_post-targeted-fixes-20260904.json
post-targeted-fixes-20260904,local-x86,Native,Intel(R) Xeon(R) w9-3495X,gcc,OpenBLAS,e0166008be8e466242aa76b2ff75ce3f0fbf574a,AVX-512+AMX-BF16,unspecified,L08_attention,llm,attention,128x128x128,1,128,0,gemm,bf16xbf16_acc_fp32,NA,raw_e2e,native,row_contiguous,default,auto,auto,auto,0.0,1.0,0.0,1.0,,,,,5.977064322649018,5.831319477313548,6.002580776419355,0.013258810259443286,701.7331207406341,5.977064322649018,1.0,1.0,TokenDynamic,4.07028811258484,4.121392373187505,1.4684622211800331,1.4502536476589651,ok,,/home/renyz/project/vecops-neo/benchmarks/ops/matmul-otherlibs/results/raw/cycles/post-targeted-fixes-20260904/x86/local-x86_MatmulOtherlibsOpenBLASBench_post-targeted-fixes-20260904.json
final-stage3-20260904,local-x86,Native,Intel(R) Xeon(R) w9-3495X,gcc-13.3,vecops,0b7a801a0b816f70245d24001a70ce0561c23389+dirty,AMX-BF16,,L08_attention,llm,attention,128x128x128,1,128,0,gemm,bf16xbf16_acc_fp32,AllConst,raw_e2e,native,row_contiguous,default,auto,auto,auto,0.0,1.0,0.0,1.0,,,,,4.2245438136493165,3.199592980389622,4.3725930263807395,0.15408056336518638,992.84187477199,,,,TokenDynamic,4.244963067287683,4.2245438136493165,0.9951897688355122,1.0,ok,,/home/renyz/project/vecops-neo-validate-stage3/benchmarks/results/final-x86-stage3/local-x86-stage3_MatmulOtherlibsVecopsLLMBench_final-stage3-20260904.json
final-stage3-20260904,local-x86,Native,Intel(R) Xeon(R) w9-3495X,gcc-13.3,vecops,0b7a801a0b816f70245d24001a70ce0561c23389+dirty,AMX-BF16,,L08_attention,llm,attention,128x128x128,1,128,0,gemm,bf16xbf16_acc_fp32,TokenDynamic,raw_e2e,native,row_contiguous,default,auto,auto,auto,0.0,1.0,0.0,1.0,,,,,4.244963067287683,3.1462653902934306,4.288029636204719,0.15839821747330748,988.0660758445534,,,,TokenDynamic,4.244963067287683,4.2245438136493165,1.0,1.004833481327,ok,,/home/renyz/project/vecops-neo-validate-stage3/benchmarks/results/final-x86-stage3/local-x86-stage3_MatmulOtherlibsVecopsLLMBench_final-stage3-20260904.json
post-targeted-fixes-20260904,local-x86,Native,Intel(R) Xeon(R) w9-3495X,gcc,LIBXSMM,3668d249637792dcc988414eb3d2a374033743df,AVX-512+AMX-BF16,,L08_attention,llm,attention,128x128x128,1,128,0,gemm_add,bf16xbf16_acc_fp32,NA,prepared_execute,native,row_contiguous,default,auto,auto,auto,0.0,0.0,1.0,1.0,,,1.0,0.0,4.699965710828891,4.687441045242217,6.367893712412003,0.15825022762302896,892.4116170329014,4.977978430490151,,1.0591520740291167,TokenDynamic,4.823487819518033,4.929787254009226,0.9743915371384757,0.9533810423576738,ok,,/home/renyz/project/vecops-neo/benchmarks/ops/matmul-otherlibs/results/raw/cycles/post-targeted-fixes-20260904/x86/local-x86_MatmulOtherlibsLIBXSMMBench_post-targeted-fixes-20260904.json
post-targeted-fixes-20260904,local-x86,Native,Intel(R) Xeon(R) w9-3495X,gcc,oneDNN,0e2a5bfeef1bfbffc3137464606540233086ce9b,AVX-512+AMX-BF16,brg_matmul:avx10_1_512_amx,L08_attention,llm,attention,128x128x128,1,128,0,gemm_add,bf16xbf16_acc_fp32,NA,prepared_execute,native,row_contiguous,default,auto,auto,auto,0.0,0.0,1.0,1.0,,,,,3.4183204091718005,3.366567927793416,3.4339953272742454,0.009718186150169002,1227.007271976651,4.977978430490151,,1.456264432419379,TokenDynamic,4.823487819518033,4.929787254009226,0.7086822932027974,0.6934012023321693,ok,,/home/renyz/project/vecops-neo/benchmarks/ops/matmul-otherlibs/results/raw/cycles/post-targeted-fixes-20260904/x86/local-x86_MatmulOtherlibsOneDNNBench_post-targeted-fixes-20260904.json
post-targeted-fixes-20260904,local-x86,Native,Intel(R) Xeon(R) w9-3495X,gcc,OpenBLAS,e0166008be8e466242aa76b2ff75ce3f0fbf574a,AVX-512+AMX-BF16,unspecified,L08_attention,llm,attention,128x128x128,1,128,0,gemm_add,bf16xbf16_acc_fp32,NA,raw_e2e,native,row_contiguous,default,auto,auto,auto,0.0,1.0,0.0,1.0,,,,,4.977978430490151,4.829902873404142,4.985696676882389,0.014980898187839344,842.5717504740197,4.977978430490151,1.0,1.0,TokenDynamic,4.823487819518033,4.929787254009226,1.0320288174766357,1.0097755083531714,ok,,/home/renyz/project/vecops-neo/benchmarks/ops/matmul-otherlibs/results/raw/cycles/post-targeted-fixes-20260904/x86/local-x86_MatmulOtherlibsOpenBLASBench_post-targeted-fixes-20260904.json
final-stage3-20260904,local-x86,Native,Intel(R) Xeon(R) w9-3495X,gcc-13.3,vecops,0b7a801a0b816f70245d24001a70ce0561c23389+dirty,AMX-BF16,,L08_attention,llm,attention,128x128x128,1,128,0,gemm_add,bf16xbf16_acc_fp32,AllConst,raw_e2e,native,row_contiguous,default,auto,auto,auto,0.0,1.0,0.0,1.0,,,,,5.046414831510965,4.442224322929827,5.155770341746786,0.0733107786904113,831.1453061309604,,,,TokenDynamic,5.015491535239858,5.046414831510965,1.0061655564671645,1.0,ok,,/home/renyz/project/vecops-neo-validate-stage3/benchmarks/results/final-x86-stage3/local-x86-stage3_MatmulOtherlibsVecopsLLMBench_final-stage3-20260904.json
final-stage3-20260904,local-x86,Native,Intel(R) Xeon(R) w9-3495X,gcc-13.3,vecops,0b7a801a0b816f70245d24001a70ce0561c23389+dirty,AMX-BF16,,L08_attention,llm,attention,128x128x128,1,128,0,gemm_add,bf16xbf16_acc_fp32,TokenDynamic,raw_e2e,native,row_contiguous,default,auto,auto,auto,0.0,1.0,0.0,1.0,,,,,5.015491535239858,4.383859924785134,5.156161611056976,0.07942644340805274,836.2697794483297,,,,TokenDynamic,5.015491535239858,5.046414831510965,1.0,0.9938722246776037,ok,,/home/renyz/project/vecops-neo-validate-stage3/benchmarks/results/final-x86-stage3/local-x86-stage3_MatmulOtherlibsVecopsLLMBench_final-stage3-20260904.json
