run_id,host,arch,cpu,compiler,library,version,backend_isa,implementation,case,model,subgraph,shape,batch,tokens,chunk,op,dtype,extent,phase,epilogue,orientation,tuning,mc,nc,kc,native_batch,packing_included,weights_prepacked,call_multiplicity,selected_kc,selected_outer_block,padding_ratio,isa_fallback,median_us,p10_us,p90_us,cv,logical_gflops,openblas_raw_e2e_us,speedup_vs_openblas,speedup_vs_openblas_raw_e2e,vecops_dynamic_extent,vecops_dynamic_us,vecops_const_us,vecops_dynamic_speedup_vs_row,vecops_const_speedup_vs_row,status,error,source_json
meta-pack-20260904,920f-4,Native,,BiSheng clang 19.1.7,ACL,2a8ca9840a3112d12d6cc68e49e6c833f9759fd6,SVE/SVE2/SME; VL=SVL=512b,sme_interleaved_nomerge_bf16fp32_mopa_2VLx2VL,A01_gsa_proj_r128,af3,gsa_projection,128x16384x128,1,128,128,bias,bf16xbf16_acc_fp32,NA,prepared_execute,native_fused,row_contiguous,default,auto,auto,auto,1.0,0.0,1.0,5.0,128.0,32.0,,,1873.3745579280564,1871.0995080402574,1874.9245027130523,0.001241815386072355,286.5795896116881,5966316.699981689,,3184.7964811587963,TokenDynamic,1509.1146442598554,1826.9037706898405,1.2413732548774332,1.0254369102433176,ok,,benchmarks/ops/matmul-otherlibs/results/raw/rebench-current/arm/920f-4_MatmulOtherlibsACLBench_meta-pack-20260904.json
meta-pack-20260904,920f-4,Native,,BiSheng clang 19.1.7,LIBXSMM,3668d249637792dcc988414eb3d2a374033743df,SVE/SVE2/SME; VL=SVL=512b,,A01_gsa_proj_r128,af3,gsa_projection,128x16384x128,1,128,128,bias,bf16xbf16_acc_fp32,NA,prepared_execute,separate,row_contiguous,default,auto,auto,auto,0.0,0.0,1.0,5.0,,,1.0,0.0,1079487.7880252898,1079238.5024018583,1079771.7346809807,0.00022234535255557166,0.49733856923207953,5966316.699981689,,5.526988601599552,TokenDynamic,1509.1146442598554,1826.9037706898405,715.3119825132464,590.8837703135695,ok,,benchmarks/ops/matmul-otherlibs/results/raw/rebench-current/arm/920f-4_MatmulOtherlibsLIBXSMMBench_meta-pack-20260904.json
meta-pack-20260904,920f-4,Native,,BiSheng clang 19.1.7,oneDNN,0e2a5bfeef1bfbffc3137464606540233086ce9b,SVE/SVE2/SME; VL=SVL=512b,brg:sve_512,A01_gsa_proj_r128,af3,gsa_projection,128x16384x128,1,128,128,bias,bf16xbf16_acc_fp32,NA,prepared_execute,separate,row_contiguous,default,auto,auto,auto,0.0,0.0,1.0,5.0,,,,,5356.242378743796,5349.740106612444,5358.476109372881,0.0007998345538785062,100.2327516265074,5966316.699981689,,1113.8996852829082,TokenDynamic,1509.1146442598554,1826.9037706898405,3.549261415702955,2.931868916511828,ok,,benchmarks/ops/matmul-otherlibs/results/raw/rebench-current/arm/920f-4_MatmulOtherlibsOneDNNBench_meta-pack-20260904.json
meta-pack-20260904,920f-4,Native,,BiSheng clang 19.1.7,KUPL-MMA,bd7059eae348f1d77f73a9fbb1cadfe7a6405fb8,SVE/SVE2/SME; VL=SVL=512b,KP36_16x64x2_BF16BF16F32+vecops_transpose_pack,A01_gsa_proj_r128,af3,gsa_projection,128x16384x128,1,128,128,bias,bf16xbf16_acc_fp32,NA,raw_e2e,native_accumulate,row_contiguous,default,auto,auto,auto,0.0,1.0,0.0,5.0,,,1.0,,10609.670542180538,10470.457690266461,10615.89137579386,0.006613047411441621,50.602034235236516,5966316.699981689,562.3470282382086,562.3470282382086,TokenDynamic,1509.1146442598554,1826.9037706898405,7.030394001235106,5.807459983606207,ok,,benchmarks/ops/matmul-otherlibs/results/raw/rebench-current/arm/920f-4_MatmulOtherlibsKUPLBench_meta-pack-20260904.json
meta-pack-20260904,920f-4,Native,,BiSheng clang 19.1.7,OpenBLAS,e0166008be8e466242aa76b2ff75ce3f0fbf574a,SVE/SVE2/SME; VL=SVL=512b,ARMV8SVE,A01_gsa_proj_r128,af3,gsa_projection,128x16384x128,1,128,128,bias,bf16xbf16_acc_fp32,NA,raw_e2e,separate,row_contiguous,default,auto,auto,auto,0.0,1.0,0.0,5.0,,,1.0,,5966316.699981689,5963754.984457045,5967308.577802032,0.00029397887589156644,0.08998364300735957,5966316.699981689,1.0,1.0,TokenDynamic,1509.1146442598554,1826.9037706898405,3953.5211739382908,3265.807863393266,ok,,benchmarks/ops/matmul-otherlibs/results/raw/rebench-current/arm/920f-4_MatmulOtherlibsOpenBLASBench_meta-pack-20260904.json
meta-pack-20260904,920f-4,Native,,BiSheng clang 19.1.7,vecops,0b7a801a0b816f70245d24001a70ce0561c23389+dirty,SVE/SVE2/SME; VL=SVL=512b,,A01_gsa_proj_r128,af3,gsa_projection,128x16384x128,1,128,128,bias,bf16xbf16_acc_fp32,AllConst,raw_e2e,native_fused,row_contiguous,default,auto,auto,auto,0.0,1.0,0.0,5.0,,,,,1826.9037706898405,1825.6615544971708,1829.6780536410872,0.001028055896753752,293.8692889102074,5966316.699981689,3265.807863393266,3265.807863393266,TokenDynamic,1509.1146442598554,1826.9037706898405,1.2105798440421633,1.0,ok,,benchmarks/ops/matmul-otherlibs/results/raw/rebench-current/arm/920f-4_MatmulOtherlibsVecopsBiasBench_meta-pack-20260904.json
meta-pack-20260904,920f-4,Native,,BiSheng clang 19.1.7,vecops,0b7a801a0b816f70245d24001a70ce0561c23389+dirty,SVE/SVE2/SME; VL=SVL=512b,,A01_gsa_proj_r128,af3,gsa_projection,128x16384x128,1,128,128,bias,bf16xbf16_acc_fp32,TokenDynamic,raw_e2e,native_fused,row_contiguous,default,auto,auto,auto,0.0,1.0,0.0,5.0,,,,,1509.1146442598554,1508.3932167580053,1513.5690970446472,0.0016112867698849776,355.7522379377003,5966316.699981689,3953.5211739382908,3953.5211739382908,TokenDynamic,1509.1146442598554,1826.9037706898405,1.0,0.8260504294049447,ok,,benchmarks/ops/matmul-otherlibs/results/raw/rebench-current/arm/920f-4_MatmulOtherlibsVecopsBiasBench_meta-pack-20260904.json
meta-pack-20260904,920f-4,Native,,BiSheng clang 19.1.7,ACL,2a8ca9840a3112d12d6cc68e49e6c833f9759fd6,SVE/SVE2/SME; VL=SVL=512b,sme_interleaved_nomerge_bf16fp32_mopa_2VLx2VL,A01_gsa_proj_r128,af3,gsa_projection,128x16384x128,1,128,128,bias_relu,bf16xbf16_acc_fp32,NA,prepared_execute,native_fused,row_contiguous,default,auto,auto,auto,1.0,0.0,1.0,5.0,128.0,32.0,,,1861.708958943685,1860.0575154026349,1862.5199372569718,0.0007015330106277417,288.3753174312569,5964239.163789898,,3203.636709775489,TokenDynamic,1358.9118516922574,1358.61649584857,1.369999795516753,1.3702976260279334,ok,,benchmarks/ops/matmul-otherlibs/results/raw/rebench-current/arm/920f-4_MatmulOtherlibsACLBench_meta-pack-20260904.json
meta-pack-20260904,920f-4,Native,,BiSheng clang 19.1.7,LIBXSMM,3668d249637792dcc988414eb3d2a374033743df,SVE/SVE2/SME; VL=SVL=512b,,A01_gsa_proj_r128,af3,gsa_projection,128x16384x128,1,128,128,bias_relu,bf16xbf16_acc_fp32,NA,prepared_execute,separate,row_contiguous,default,auto,auto,auto,0.0,0.0,1.0,5.0,,,1.0,0.0,1079565.9930445254,1079135.4446671905,1079955.8681435885,0.0003307853963335216,0.4973025414462619,5964239.163789898,,5.5246638021358185,TokenDynamic,1358.9118516922574,1358.61649584857,794.4341582569452,794.6068639261191,ok,,benchmarks/ops/matmul-otherlibs/results/raw/rebench-current/arm/920f-4_MatmulOtherlibsLIBXSMMBench_meta-pack-20260904.json
meta-pack-20260904,920f-4,Native,,BiSheng clang 19.1.7,oneDNN,0e2a5bfeef1bfbffc3137464606540233086ce9b,SVE/SVE2/SME; VL=SVL=512b,brg:sve_512,A01_gsa_proj_r128,af3,gsa_projection,128x16384x128,1,128,128,bias_relu,bf16xbf16_acc_fp32,NA,prepared_execute,separate,row_contiguous,default,auto,auto,auto,0.0,0.0,1.0,5.0,,,,,5970.703263301402,5960.339909264198,5973.381805233657,0.0009716843120351283,89.91753371832216,5964239.163789898,,998.917363796785,TokenDynamic,1358.9118516922574,1358.61649584857,4.393738457624066,4.394693632489864,ok,,benchmarks/ops/matmul-otherlibs/results/raw/rebench-current/arm/920f-4_MatmulOtherlibsOneDNNBench_meta-pack-20260904.json
meta-pack-20260904,920f-4,Native,,BiSheng clang 19.1.7,KUPL-MMA,bd7059eae348f1d77f73a9fbb1cadfe7a6405fb8,SVE/SVE2/SME; VL=SVL=512b,KP36_16x64x2_BF16BF16F32+vecops_transpose_pack,A01_gsa_proj_r128,af3,gsa_projection,128x16384x128,1,128,128,bias_relu,bf16xbf16_acc_fp32,NA,raw_e2e,separate,row_contiguous,default,auto,auto,auto,0.0,1.0,0.0,5.0,,,1.0,,11092.970685030405,11083.305820536156,11139.234176908547,0.002288584224916573,48.39739752711052,5964239.163789898,537.6593279777112,537.6593279777112,TokenDynamic,1358.9118516922574,1358.61649584857,8.163127484108916,8.1649021036668,ok,,benchmarks/ops/matmul-otherlibs/results/raw/rebench-current/arm/920f-4_MatmulOtherlibsKUPLBench_meta-pack-20260904.json
meta-pack-20260904,920f-4,Native,,BiSheng clang 19.1.7,OpenBLAS,e0166008be8e466242aa76b2ff75ce3f0fbf574a,SVE/SVE2/SME; VL=SVL=512b,ARMV8SVE,A01_gsa_proj_r128,af3,gsa_projection,128x16384x128,1,128,128,bias_relu,bf16xbf16_acc_fp32,NA,raw_e2e,separate,row_contiguous,default,auto,auto,auto,0.0,1.0,0.0,5.0,,,1.0,,5964239.163789898,5961807.684879749,5967175.170779228,0.000420304117650247,0.09001498720229931,5964239.163789898,1.0,1.0,TokenDynamic,1358.9118516922574,1358.61649584857,4388.981637302384,4389.935778061292,ok,,benchmarks/ops/matmul-otherlibs/results/raw/rebench-current/arm/920f-4_MatmulOtherlibsOpenBLASBench_meta-pack-20260904.json
meta-pack-20260904,920f-4,Native,,BiSheng clang 19.1.7,vecops,0b7a801a0b816f70245d24001a70ce0561c23389+dirty,SVE/SVE2/SME; VL=SVL=512b,,A01_gsa_proj_r128,af3,gsa_projection,128x16384x128,1,128,128,bias_relu,bf16xbf16_acc_fp32,AllConst,raw_e2e,native_fused,row_contiguous,default,auto,auto,auto,0.0,1.0,0.0,5.0,,,,,1358.61649584857,1356.8928908303521,1362.9963187482751,0.002017151239560413,395.16001288110306,5964239.163789898,4389.935778061292,4389.935778061292,TokenDynamic,1358.9118516922574,1358.61649584857,0.9997826526839694,1.0,ok,,benchmarks/ops/matmul-otherlibs/results/raw/rebench-current/arm/920f-4_MatmulOtherlibsVecopsBiasReluBench_meta-pack-20260904.json
meta-pack-20260904,920f-4,Native,,BiSheng clang 19.1.7,vecops,0b7a801a0b816f70245d24001a70ce0561c23389+dirty,SVE/SVE2/SME; VL=SVL=512b,,A01_gsa_proj_r128,af3,gsa_projection,128x16384x128,1,128,128,bias_relu,bf16xbf16_acc_fp32,TokenDynamic,raw_e2e,native_fused,row_contiguous,default,auto,auto,auto,0.0,1.0,0.0,5.0,,,,,1358.9118516922574,1355.0082004620033,1365.4088004700186,0.0033185831391896493,395.07412591290074,5964239.163789898,4388.981637302384,4388.981637302384,TokenDynamic,1358.9118516922574,1358.61649584857,1.0,1.000217394566156,ok,,benchmarks/ops/matmul-otherlibs/results/raw/rebench-current/arm/920f-4_MatmulOtherlibsVecopsBiasReluBench_meta-pack-20260904.json
meta-pack-20260904,920f-4,Native,,BiSheng clang 19.1.7,ACL,2a8ca9840a3112d12d6cc68e49e6c833f9759fd6,SVE/SVE2/SME; VL=SVL=512b,sme_interleaved_nomerge_bf16fp32_mopa_2VLx2VL,A01_gsa_proj_r128,af3,gsa_projection,128x16384x128,1,128,128,gemm,bf16xbf16_acc_fp32,NA,prepared_execute,native,row_contiguous,default,auto,auto,auto,1.0,0.0,1.0,5.0,128.0,32.0,,,1810.8778585417149,1807.6504819477216,1816.170543241195,0.002122517820512718,296.4699741993299,5966470.368672162,,3294.7944780090866,TokenDynamic,1478.2913974212372,1762.4574689831159,1.224980312880565,1.0274732244100824,ok,,benchmarks/ops/matmul-otherlibs/results/raw/rebench-current/arm/920f-4_MatmulOtherlibsACLBench_meta-pack-20260904.json
meta-pack-20260904,920f-4,Native,,BiSheng clang 19.1.7,LIBXSMM,3668d249637792dcc988414eb3d2a374033743df,SVE/SVE2/SME; VL=SVL=512b,,A01_gsa_proj_r128,af3,gsa_projection,128x16384x128,1,128,128,gemm,bf16xbf16_acc_fp32,NA,prepared_execute,native,row_contiguous,default,auto,auto,auto,0.0,0.0,1.0,5.0,,,1.0,0.0,1078909.495845437,1078632.4521526692,1085412.3276658356,0.005645323101784157,0.4976051411794334,5966470.368672162,,5.53009348017353,TokenDynamic,1478.2913974212372,1762.4574689831159,729.8354693313576,612.1620038116068,ok,,benchmarks/ops/matmul-otherlibs/results/raw/rebench-current/arm/920f-4_MatmulOtherlibsLIBXSMMBench_meta-pack-20260904.json
meta-pack-20260904,920f-4,Native,,BiSheng clang 19.1.7,oneDNN,0e2a5bfeef1bfbffc3137464606540233086ce9b,SVE/SVE2/SME; VL=SVL=512b,brg:sve_512,A01_gsa_proj_r128,af3,gsa_projection,128x16384x128,1,128,128,gemm,bf16xbf16_acc_fp32,NA,prepared_execute,native,row_contiguous,default,auto,auto,auto,0.0,0.0,1.0,5.0,,,,,5281.504778260433,5272.667551482164,5293.661393915061,0.0016853103667560123,101.65112681708658,5966470.368672162,,1129.6913700109035,TokenDynamic,1478.2913974212372,1762.4574689831159,3.572708863403793,2.996670768632902,ok,,benchmarks/ops/matmul-otherlibs/results/raw/rebench-current/arm/920f-4_MatmulOtherlibsOneDNNBench_meta-pack-20260904.json
meta-pack-20260904,920f-4,Native,,BiSheng clang 19.1.7,KUPL-MMA,bd7059eae348f1d77f73a9fbb1cadfe7a6405fb8,SVE/SVE2/SME; VL=SVL=512b,KP36_16x64x2_BF16BF16F32+vecops_transpose_pack,A01_gsa_proj_r128,af3,gsa_projection,128x16384x128,1,128,128,gemm,bf16xbf16_acc_fp32,NA,raw_e2e,native_accumulate,row_contiguous,default,auto,auto,auto,0.0,1.0,0.0,5.0,,,1.0,,7468.4378494949715,7370.547131684265,7476.804542698357,0.006611253142926615,71.88530223041276,5966470.368672162,798.891346344353,798.891346344353,TokenDynamic,1478.2913974212372,1762.4574689831159,5.052074213868167,4.237513801569369,ok,,benchmarks/ops/matmul-otherlibs/results/raw/rebench-current/arm/920f-4_MatmulOtherlibsKUPLBench_meta-pack-20260904.json
meta-pack-20260904,920f-4,Native,,BiSheng clang 19.1.7,OpenBLAS,e0166008be8e466242aa76b2ff75ce3f0fbf574a,SVE/SVE2/SME; VL=SVL=512b,ARMV8SVE,A01_gsa_proj_r128,af3,gsa_projection,128x16384x128,1,128,128,gemm,bf16xbf16_acc_fp32,NA,raw_e2e,native,row_contiguous,default,auto,auto,auto,0.0,1.0,0.0,5.0,,,1.0,,5966470.368672162,5965103.578753769,5967029.810976238,0.0001531335206256618,0.08998132544475883,5966470.368672162,1.0,1.0,TokenDynamic,1478.2913974212372,1762.4574689831159,4036.0583705487293,3385.3131060885307,ok,,benchmarks/ops/matmul-otherlibs/results/raw/rebench-current/arm/920f-4_MatmulOtherlibsOpenBLASBench_meta-pack-20260904.json
meta-pack-20260904,920f-4,Native,,BiSheng clang 19.1.7,vecops,0b7a801a0b816f70245d24001a70ce0561c23389+dirty,SVE/SVE2/SME; VL=SVL=512b,,A01_gsa_proj_r128,af3,gsa_projection,128x16384x128,1,128,128,gemm,bf16xbf16_acc_fp32,AllConst,raw_e2e,native,row_contiguous,default,auto,auto,auto,0.0,1.0,0.0,5.0,,,,,1762.4574689831159,1745.3614964232418,1824.5736808999427,0.021817215249203215,304.61496033135944,5966470.368672162,3385.3131060885307,3385.3131060885307,TokenDynamic,1478.2913974212372,1762.4574689831159,1.1922260198886254,1.0,ok,,benchmarks/ops/matmul-otherlibs/results/raw/rebench-current/arm/920f-4_MatmulOtherlibsVecopsAF3ProjectionBench_meta-pack-20260904.json
meta-pack-20260904,920f-4,Native,,BiSheng clang 19.1.7,vecops,0b7a801a0b816f70245d24001a70ce0561c23389+dirty,SVE/SVE2/SME; VL=SVL=512b,,A01_gsa_proj_r128,af3,gsa_projection,128x16384x128,1,128,128,gemm,bf16xbf16_acc_fp32,TokenDynamic,raw_e2e,native,row_contiguous,default,auto,auto,auto,0.0,1.0,0.0,5.0,,,,,1478.2913974212372,1309.8765890497493,1722.0882945420112,0.17718570298398947,363.16988175438814,5966470.368672162,4036.0583705487293,4036.0583705487293,TokenDynamic,1478.2913974212372,1762.4574689831159,1.0,0.8387671325051413,ok,,benchmarks/ops/matmul-otherlibs/results/raw/rebench-current/arm/920f-4_MatmulOtherlibsVecopsAF3ProjectionBench_meta-pack-20260904.json
meta-pack-20260904,920f-4,Native,,BiSheng clang 19.1.7,ACL,2a8ca9840a3112d12d6cc68e49e6c833f9759fd6,SVE/SVE2/SME; VL=SVL=512b,a64_hybrid_bf16fp32_mmla_6x16,A01_gsa_proj_r128,af3,gsa_projection,128x16384x128,1,128,128,gemm_add,bf16xbf16_acc_fp32,NA,prepared_execute,native,row_contiguous,default,auto,auto,auto,1.0,0.0,1.0,5.0,128.0,48.0,,,21348.22734764644,21324.634019817626,21372.512661452805,0.0012049077368485757,25.148266563649273,5966750.384774059,,279.4962920156399,TokenDynamic,2573.2449117909973,2791.7235996574163,8.296228334048436,7.646970262480916,ok,,benchmarks/ops/matmul-otherlibs/results/raw/rebench-current/arm/920f-4_MatmulOtherlibsACLBench_meta-pack-20260904.json
meta-pack-20260904,920f-4,Native,,BiSheng clang 19.1.7,LIBXSMM,3668d249637792dcc988414eb3d2a374033743df,SVE/SVE2/SME; VL=SVL=512b,,A01_gsa_proj_r128,af3,gsa_projection,128x16384x128,1,128,128,gemm_add,bf16xbf16_acc_fp32,NA,prepared_execute,native,row_contiguous,default,auto,auto,auto,0.0,0.0,1.0,5.0,,,1.0,0.0,1079069.6647018194,1078456.0781903565,1079288.9650911093,0.0003560218344832133,0.49753128047423534,5966750.384774059,,5.5295321330554295,TokenDynamic,2573.2449117909973,2791.7235996574163,419.34199879590125,386.524534461161,ok,,benchmarks/ops/matmul-otherlibs/results/raw/rebench-current/arm/920f-4_MatmulOtherlibsLIBXSMMBench_meta-pack-20260904.json
meta-pack-20260904,920f-4,Native,,BiSheng clang 19.1.7,oneDNN,0e2a5bfeef1bfbffc3137464606540233086ce9b,SVE/SVE2/SME; VL=SVL=512b,brg:sve_512,A01_gsa_proj_r128,af3,gsa_projection,128x16384x128,1,128,128,gemm_add,bf16xbf16_acc_fp32,NA,prepared_execute,native,row_contiguous,default,auto,auto,auto,0.0,0.0,1.0,5.0,,,,,6225.412205347549,6214.444055829359,6237.49028891325,0.0016022728829253527,86.23861268798149,5966750.384774059,,958.4506516128678,TokenDynamic,2573.2449117909973,2791.7235996574163,2.4192847625275657,2.229952924462685,ok,,benchmarks/ops/matmul-otherlibs/results/raw/rebench-current/arm/920f-4_MatmulOtherlibsOneDNNBench_meta-pack-20260904.json
meta-pack-20260904,920f-4,Native,,BiSheng clang 19.1.7,KUPL-MMA,bd7059eae348f1d77f73a9fbb1cadfe7a6405fb8,SVE/SVE2/SME; VL=SVL=512b,KP36_16x64x2_BF16BF16F32+vecops_transpose_pack,A01_gsa_proj_r128,af3,gsa_projection,128x16384x128,1,128,128,gemm_add,bf16xbf16_acc_fp32,NA,raw_e2e,native_accumulate,row_contiguous,default,auto,auto,auto,0.0,1.0,0.0,5.0,,,1.0,,11075.512756808444,10967.434691981627,11092.3765012278,0.005275752473579186,48.47368458584182,5966750.384774059,538.733557153471,538.733557153471,TokenDynamic,2573.2449117909973,2791.7235996574163,4.304103626537361,3.9672669451114593,ok,,benchmarks/ops/matmul-otherlibs/results/raw/rebench-current/arm/920f-4_MatmulOtherlibsKUPLBench_meta-pack-20260904.json
meta-pack-20260904,920f-4,Native,,BiSheng clang 19.1.7,OpenBLAS,e0166008be8e466242aa76b2ff75ce3f0fbf574a,SVE/SVE2/SME; VL=SVL=512b,ARMV8SVE,A01_gsa_proj_r128,af3,gsa_projection,128x16384x128,1,128,128,gemm_add,bf16xbf16_acc_fp32,NA,raw_e2e,native,row_contiguous,default,auto,auto,auto,0.0,1.0,0.0,5.0,,,1.0,,5966750.384774059,5962711.094506086,5967118.507437408,0.0003849252974078524,0.0899771026738417,5966750.384774059,1.0,1.0,TokenDynamic,2573.2449117909973,2791.7235996574163,2318.765057081627,2137.2998335172806,ok,,benchmarks/ops/matmul-otherlibs/results/raw/rebench-current/arm/920f-4_MatmulOtherlibsOpenBLASBench_meta-pack-20260904.json
meta-pack-20260904,920f-4,Native,,BiSheng clang 19.1.7,vecops,0b7a801a0b816f70245d24001a70ce0561c23389+dirty,SVE/SVE2/SME; VL=SVL=512b,,A01_gsa_proj_r128,af3,gsa_projection,128x16384x128,1,128,128,gemm_add,bf16xbf16_acc_fp32,AllConst,raw_e2e,native,row_contiguous,default,auto,auto,auto,0.0,1.0,0.0,5.0,,,,,2791.7235996574163,2568.5339197516446,2805.464493110776,0.041963767577055576,192.30804656516912,5966750.384774059,2137.2998335172806,2137.2998335172806,TokenDynamic,2573.2449117909973,2791.7235996574163,1.0849039618674914,1.0,ok,,benchmarks/ops/matmul-otherlibs/results/raw/rebench-current/arm/920f-4_MatmulOtherlibsVecopsAF3ProjectionBench_meta-pack-20260904.json
meta-pack-20260904,920f-4,Native,,BiSheng clang 19.1.7,vecops,0b7a801a0b816f70245d24001a70ce0561c23389+dirty,SVE/SVE2/SME; VL=SVL=512b,,A01_gsa_proj_r128,af3,gsa_projection,128x16384x128,1,128,128,gemm_add,bf16xbf16_acc_fp32,TokenDynamic,raw_e2e,native,row_contiguous,default,auto,auto,auto,0.0,1.0,0.0,5.0,,,,,2573.2449117909973,2539.1233326108368,2604.4193465538597,0.014852656675138371,208.63576161755,5966750.384774059,2318.765057081627,2318.765057081627,TokenDynamic,2573.2449117909973,2791.7235996574163,1.0,0.9217405734961622,ok,,benchmarks/ops/matmul-otherlibs/results/raw/rebench-current/arm/920f-4_MatmulOtherlibsVecopsAF3ProjectionBench_meta-pack-20260904.json
meta-pack-all-20260904,920f-4,Native,,BiSheng clang 19.1.7,vecops,0b7a801a0b816f70245d24001a70ce0561c23389+dirty,SVE/SVE2/SME; VL=SVL=512b,,A02_gsa_proj_r512,af3,gsa_projection,128x65536x128,1,512,128,bias,bf16xbf16_acc_fp32,AllConst,raw_e2e,native_fused,row_contiguous,default,auto,auto,auto,0.0,1.0,0.0,20.0,,,,,6062.540083961642,6046.461532621281,6096.909535319909,0.004164687434710096,354.22176484756534,,,,TokenDynamic,5840.413447003812,6062.540083961642,1.0380326904890242,1.0,ok,,benchmarks/ops/matmul-otherlibs/results/raw/rebench-current/arm-all-vecops/920f-4_MatmulOtherlibsVecopsBiasBench_meta-pack-all-20260904.json
meta-pack-all-20260904,920f-4,Native,,BiSheng clang 19.1.7,vecops,0b7a801a0b816f70245d24001a70ce0561c23389+dirty,SVE/SVE2/SME; VL=SVL=512b,,A02_gsa_proj_r512,af3,gsa_projection,128x65536x128,1,512,128,bias,bf16xbf16_acc_fp32,TokenDynamic,raw_e2e,native_fused,row_contiguous,default,auto,auto,auto,0.0,1.0,0.0,20.0,,,,,5840.413447003812,5798.715628528347,6156.737570806096,0.03167230580387673,367.69377159448874,,,,TokenDynamic,5840.413447003812,6062.540083961642,1.0,0.9633607969792294,ok,,benchmarks/ops/matmul-otherlibs/results/raw/rebench-current/arm-all-vecops/920f-4_MatmulOtherlibsVecopsBiasBench_meta-pack-all-20260904.json
meta-pack-all-20260904,920f-4,Native,,BiSheng clang 19.1.7,vecops,0b7a801a0b816f70245d24001a70ce0561c23389+dirty,SVE/SVE2/SME; VL=SVL=512b,,A02_gsa_proj_r512,af3,gsa_projection,128x65536x128,1,512,128,bias_relu,bf16xbf16_acc_fp32,AllConst,raw_e2e,native_fused,row_contiguous,default,auto,auto,auto,0.0,1.0,0.0,20.0,,,,,7918.054108611411,7526.939253633222,7948.190931023823,0.025261595921066922,271.21356062273793,,,,TokenDynamic,8097.724824705545,7918.054108611411,0.9778121978724231,1.0,ok,,benchmarks/ops/matmul-otherlibs/results/raw/rebench-current/arm-all-vecops/920f-4_MatmulOtherlibsVecopsBiasReluBench_meta-pack-all-20260904.json
meta-pack-all-20260904,920f-4,Native,,BiSheng clang 19.1.7,vecops,0b7a801a0b816f70245d24001a70ce0561c23389+dirty,SVE/SVE2/SME; VL=SVL=512b,,A02_gsa_proj_r512,af3,gsa_projection,128x65536x128,1,512,128,bias_relu,bf16xbf16_acc_fp32,TokenDynamic,raw_e2e,native_fused,row_contiguous,default,auto,auto,auto,0.0,1.0,0.0,20.0,,,,,8097.724824705545,7998.61789735801,8117.536312955266,0.007305894108277504,265.195927805325,,,,TokenDynamic,8097.724824705545,7918.054108611411,1.0,1.0226912715712224,ok,,benchmarks/ops/matmul-otherlibs/results/raw/rebench-current/arm-all-vecops/920f-4_MatmulOtherlibsVecopsBiasReluBench_meta-pack-all-20260904.json
meta-pack-all-20260904,920f-4,Native,,BiSheng clang 19.1.7,vecops,0b7a801a0b816f70245d24001a70ce0561c23389+dirty,SVE/SVE2/SME; VL=SVL=512b,,A02_gsa_proj_r512,af3,gsa_projection,128x65536x128,1,512,128,gemm,bf16xbf16_acc_fp32,AllConst,raw_e2e,native,row_contiguous,default,auto,auto,auto,0.0,1.0,0.0,20.0,,,,,6411.321440034292,6398.283630948174,6424.124534665185,0.0022760222567063835,334.9517986402057,,,,TokenDynamic,5773.561429232359,6411.321440034292,1.1104621503761722,1.0,ok,,benchmarks/ops/matmul-otherlibs/results/raw/rebench-current/arm-all-vecops/920f-4_MatmulOtherlibsVecopsAF3ProjectionBench_meta-pack-all-20260904.json
meta-pack-all-20260904,920f-4,Native,,BiSheng clang 19.1.7,vecops,0b7a801a0b816f70245d24001a70ce0561c23389+dirty,SVE/SVE2/SME; VL=SVL=512b,,A02_gsa_proj_r512,af3,gsa_projection,128x65536x128,1,512,128,gemm,bf16xbf16_acc_fp32,TokenDynamic,raw_e2e,native,row_contiguous,default,auto,auto,auto,0.0,1.0,0.0,20.0,,,,,5773.561429232359,5763.309806585313,5792.0451015234,0.002307952631075512,371.9512945903695,,,,TokenDynamic,5773.561429232359,6411.321440034292,1.0,0.9005259653930997,ok,,benchmarks/ops/matmul-otherlibs/results/raw/rebench-current/arm-all-vecops/920f-4_MatmulOtherlibsVecopsAF3ProjectionBench_meta-pack-all-20260904.json
meta-pack-all-20260904,920f-4,Native,,BiSheng clang 19.1.7,vecops,0b7a801a0b816f70245d24001a70ce0561c23389+dirty,SVE/SVE2/SME; VL=SVL=512b,,A02_gsa_proj_r512,af3,gsa_projection,128x65536x128,1,512,128,gemm_add,bf16xbf16_acc_fp32,AllConst,raw_e2e,native,row_contiguous,default,auto,auto,auto,0.0,1.0,0.0,20.0,,,,,9846.563717084271,9824.529270242367,9865.169247080174,0.002032817880834865,218.0947292580873,,,,TokenDynamic,9272.571466863154,9846.563717084271,1.0619021651407443,1.0,ok,,benchmarks/ops/matmul-otherlibs/results/raw/rebench-current/arm-all-vecops/920f-4_MatmulOtherlibsVecopsAF3ProjectionBench_meta-pack-all-20260904.json
meta-pack-all-20260904,920f-4,Native,,BiSheng clang 19.1.7,vecops,0b7a801a0b816f70245d24001a70ce0561c23389+dirty,SVE/SVE2/SME; VL=SVL=512b,,A02_gsa_proj_r512,af3,gsa_projection,128x65536x128,1,512,128,gemm_add,bf16xbf16_acc_fp32,TokenDynamic,raw_e2e,native,row_contiguous,default,auto,auto,auto,0.0,1.0,0.0,20.0,,,,,9272.571466863154,9039.039636651674,9314.669780433178,0.014065832280767113,231.5952652049474,,,,TokenDynamic,9272.571466863154,9846.563717084271,1.0,0.9417063387072575,ok,,benchmarks/ops/matmul-otherlibs/results/raw/rebench-current/arm-all-vecops/920f-4_MatmulOtherlibsVecopsAF3ProjectionBench_meta-pack-all-20260904.json
meta-pack-all-20260904,920f-4,Native,,BiSheng clang 19.1.7,vecops,0b7a801a0b816f70245d24001a70ce0561c23389+dirty,SVE/SVE2/SME; VL=SVL=512b,,A03_gsa_proj_r1536,af3,gsa_projection,128x196608x128,1,1536,128,bias,bf16xbf16_acc_fp32,AllConst,raw_e2e,native_fused,row_contiguous,default,auto,auto,auto,0.0,1.0,0.0,60.0,,,,,18784.965970553458,18739.31905720383,18956.21857838705,0.0072460448513763645,342.95781818816823,,,,TokenDynamic,17012.97186082229,18784.965970553458,1.104155471732234,1.0,ok,,benchmarks/ops/matmul-otherlibs/results/raw/rebench-current/arm-all-vecops/920f-4_MatmulOtherlibsVecopsBiasBench_meta-pack-all-20260904.json
meta-pack-all-20260904,920f-4,Native,,BiSheng clang 19.1.7,vecops,0b7a801a0b816f70245d24001a70ce0561c23389+dirty,SVE/SVE2/SME; VL=SVL=512b,,A03_gsa_proj_r1536,af3,gsa_projection,128x196608x128,1,1536,128,bias,bf16xbf16_acc_fp32,TokenDynamic,raw_e2e,native_fused,row_contiguous,default,auto,auto,auto,0.0,1.0,0.0,60.0,,,,,17012.97186082229,16959.142836276438,17291.69792961329,0.014416651760835014,378.6787515258146,,,,TokenDynamic,17012.97186082229,18784.965970553458,1.0,0.9056695597687602,ok,,benchmarks/ops/matmul-otherlibs/results/raw/rebench-current/arm-all-vecops/920f-4_MatmulOtherlibsVecopsBiasBench_meta-pack-all-20260904.json
meta-pack-all-20260904,920f-4,Native,,BiSheng clang 19.1.7,vecops,0b7a801a0b816f70245d24001a70ce0561c23389+dirty,SVE/SVE2/SME; VL=SVL=512b,,A03_gsa_proj_r1536,af3,gsa_projection,128x196608x128,1,1536,128,bias_relu,bf16xbf16_acc_fp32,AllConst,raw_e2e,native_fused,row_contiguous,default,auto,auto,auto,0.0,1.0,0.0,60.0,,,,,22945.020347833633,22881.287895143036,23038.421291857958,0.0033689537592393667,280.77773941082023,,,,TokenDynamic,24040.635209530592,22945.020347833633,0.9544265427203598,1.0,ok,,benchmarks/ops/matmul-otherlibs/results/raw/rebench-current/arm-all-vecops/920f-4_MatmulOtherlibsVecopsBiasReluBench_meta-pack-all-20260904.json
meta-pack-all-20260904,920f-4,Native,,BiSheng clang 19.1.7,vecops,0b7a801a0b816f70245d24001a70ce0561c23389+dirty,SVE/SVE2/SME; VL=SVL=512b,,A03_gsa_proj_r1536,af3,gsa_projection,128x196608x128,1,1536,128,bias_relu,bf16xbf16_acc_fp32,TokenDynamic,raw_e2e,native_fused,row_contiguous,default,auto,auto,auto,0.0,1.0,0.0,60.0,,,,,24040.635209530592,23977.553301180404,24107.888092597328,0.0030740417774163995,267.98172709870727,,,,TokenDynamic,24040.635209530592,22945.020347833633,1.0,1.047749570280961,ok,,benchmarks/ops/matmul-otherlibs/results/raw/rebench-current/arm-all-vecops/920f-4_MatmulOtherlibsVecopsBiasReluBench_meta-pack-all-20260904.json
meta-pack-all-20260904,920f-4,Native,,BiSheng clang 19.1.7,vecops,0b7a801a0b816f70245d24001a70ce0561c23389+dirty,SVE/SVE2/SME; VL=SVL=512b,,A03_gsa_proj_r1536,af3,gsa_projection,128x196608x128,1,1536,128,gemm,bf16xbf16_acc_fp32,AllConst,raw_e2e,native,row_contiguous,default,auto,auto,auto,0.0,1.0,0.0,60.0,,,,,17499.57539141178,17477.61617880315,17939.019668847322,0.01765154371450043,368.14898646979424,,,,TokenDynamic,17288.6336222291,17499.57539141178,1.012201182221333,1.0,ok,,benchmarks/ops/matmul-otherlibs/results/raw/rebench-current/arm-all-vecops/920f-4_MatmulOtherlibsVecopsAF3ProjectionBench_meta-pack-all-20260904.json
meta-pack-all-20260904,920f-4,Native,,BiSheng clang 19.1.7,vecops,0b7a801a0b816f70245d24001a70ce0561c23389+dirty,SVE/SVE2/SME; VL=SVL=512b,,A03_gsa_proj_r1536,af3,gsa_projection,128x196608x128,1,1536,128,gemm,bf16xbf16_acc_fp32,TokenDynamic,raw_e2e,native,row_contiguous,default,auto,auto,auto,0.0,1.0,0.0,60.0,,,,,17288.6336222291,17281.464731786396,17469.096742570404,0.005365382786997293,372.64083933831125,,,,TokenDynamic,17288.6336222291,17499.57539141178,1.0,0.98794589214512,ok,,benchmarks/ops/matmul-otherlibs/results/raw/rebench-current/arm-all-vecops/920f-4_MatmulOtherlibsVecopsAF3ProjectionBench_meta-pack-all-20260904.json
meta-pack-all-20260904,920f-4,Native,,BiSheng clang 19.1.7,vecops,0b7a801a0b816f70245d24001a70ce0561c23389+dirty,SVE/SVE2/SME; VL=SVL=512b,,A03_gsa_proj_r1536,af3,gsa_projection,128x196608x128,1,1536,128,gemm_add,bf16xbf16_acc_fp32,AllConst,raw_e2e,native,row_contiguous,default,auto,auto,auto,0.0,1.0,0.0,60.0,,,,,29788.230638951063,29709.51464027166,29846.28986567259,0.002483748968587111,216.27504574158417,,,,TokenDynamic,26976.22142732143,29788.230638951063,1.1042402924814978,1.0,ok,,benchmarks/ops/matmul-otherlibs/results/raw/rebench-current/arm-all-vecops/920f-4_MatmulOtherlibsVecopsAF3ProjectionBench_meta-pack-all-20260904.json
meta-pack-all-20260904,920f-4,Native,,BiSheng clang 19.1.7,vecops,0b7a801a0b816f70245d24001a70ce0561c23389+dirty,SVE/SVE2/SME; VL=SVL=512b,,A03_gsa_proj_r1536,af3,gsa_projection,128x196608x128,1,1536,128,gemm_add,bf16xbf16_acc_fp32,TokenDynamic,raw_e2e,native,row_contiguous,default,auto,auto,auto,0.0,1.0,0.0,60.0,,,,,26976.22142732143,26847.587823867794,27044.78112980723,0.003648305267783956,238.8196197661362,,,,TokenDynamic,26976.22142732143,29788.230638951063,1.0,0.9055999919662012,ok,,benchmarks/ops/matmul-otherlibs/results/raw/rebench-current/arm-all-vecops/920f-4_MatmulOtherlibsVecopsAF3ProjectionBench_meta-pack-all-20260904.json
meta-pack-all-20260904,920f-4,Native,,BiSheng clang 19.1.7,vecops,0b7a801a0b816f70245d24001a70ce0561c23389+dirty,SVE/SVE2/SME; VL=SVL=512b,,A04_gsa_proj_r2048,af3,gsa_projection,128x65536x128,1,2048,32,bias,bf16xbf16_acc_fp32,AllConst,raw_e2e,native_fused,row_contiguous,default,auto,auto,auto,0.0,1.0,0.0,320.0,,,,,6113.519001266231,6074.3606568354635,6266.257381471603,0.020635909225730453,351.26800907222395,,,,TokenDynamic,5798.139415370922,6113.519001266231,1.0543932395035611,1.0,ok,,benchmarks/ops/matmul-otherlibs/results/raw/rebench-current/arm-all-vecops/920f-4_MatmulOtherlibsVecopsBiasBench_meta-pack-all-20260904.json
meta-pack-all-20260904,920f-4,Native,,BiSheng clang 19.1.7,vecops,0b7a801a0b816f70245d24001a70ce0561c23389+dirty,SVE/SVE2/SME; VL=SVL=512b,,A04_gsa_proj_r2048,af3,gsa_projection,128x65536x128,1,2048,32,bias,bf16xbf16_acc_fp32,TokenDynamic,raw_e2e,native_fused,row_contiguous,default,auto,auto,auto,0.0,1.0,0.0,320.0,,,,,5798.139415370922,5781.6342217847705,5820.905758688847,0.0030808004099332213,370.37461401962855,,,,TokenDynamic,5798.139415370922,6113.519001266231,1.0,0.9484127577210462,ok,,benchmarks/ops/matmul-otherlibs/results/raw/rebench-current/arm-all-vecops/920f-4_MatmulOtherlibsVecopsBiasBench_meta-pack-all-20260904.json
meta-pack-all-20260904,920f-4,Native,,BiSheng clang 19.1.7,vecops,0b7a801a0b816f70245d24001a70ce0561c23389+dirty,SVE/SVE2/SME; VL=SVL=512b,,A04_gsa_proj_r2048,af3,gsa_projection,128x65536x128,1,2048,32,bias_relu,bf16xbf16_acc_fp32,AllConst,raw_e2e,native_fused,row_contiguous,default,auto,auto,auto,0.0,1.0,0.0,320.0,,,,,7676.825834144102,7591.970456077865,7731.661112292815,0.0082503198017652,279.73588230290045,,,,TokenDynamic,8028.37138892048,7676.825834144102,0.9562120961093645,1.0,ok,,benchmarks/ops/matmul-otherlibs/results/raw/rebench-current/arm-all-vecops/920f-4_MatmulOtherlibsVecopsBiasReluBench_meta-pack-all-20260904.json
meta-pack-all-20260904,920f-4,Native,,BiSheng clang 19.1.7,vecops,0b7a801a0b816f70245d24001a70ce0561c23389+dirty,SVE/SVE2/SME; VL=SVL=512b,,A04_gsa_proj_r2048,af3,gsa_projection,128x65536x128,1,2048,32,bias_relu,bf16xbf16_acc_fp32,TokenDynamic,raw_e2e,native_fused,row_contiguous,default,auto,auto,auto,0.0,1.0,0.0,320.0,,,,,8028.37138892048,7958.523297889366,8249.042659170098,0.01716146230956751,267.48683437385887,,,,TokenDynamic,8028.37138892048,7676.825834144102,1.0,1.0457930871914294,ok,,benchmarks/ops/matmul-otherlibs/results/raw/rebench-current/arm-all-vecops/920f-4_MatmulOtherlibsVecopsBiasReluBench_meta-pack-all-20260904.json
meta-pack-all-20260904,920f-4,Native,,BiSheng clang 19.1.7,vecops,0b7a801a0b816f70245d24001a70ce0561c23389+dirty,SVE/SVE2/SME; VL=SVL=512b,,A04_gsa_proj_r2048,af3,gsa_projection,128x65536x128,1,2048,32,gemm,bf16xbf16_acc_fp32,AllConst,raw_e2e,native,row_contiguous,default,auto,auto,auto,0.0,1.0,0.0,320.0,,,,,6398.806644772942,6371.1984675716285,6413.355935364962,0.0030022663313353103,335.60689785090426,,,,TokenDynamic,5789.746325463057,6398.806644772942,1.105196373912146,1.0,ok,,benchmarks/ops/matmul-otherlibs/results/raw/rebench-current/arm-all-vecops/920f-4_MatmulOtherlibsVecopsAF3ProjectionBench_meta-pack-all-20260904.json
meta-pack-all-20260904,920f-4,Native,,BiSheng clang 19.1.7,vecops,0b7a801a0b816f70245d24001a70ce0561c23389+dirty,SVE/SVE2/SME; VL=SVL=512b,,A04_gsa_proj_r2048,af3,gsa_projection,128x65536x128,1,2048,32,gemm,bf16xbf16_acc_fp32,TokenDynamic,raw_e2e,native,row_contiguous,default,auto,auto,auto,0.0,1.0,0.0,320.0,,,,,5789.746325463057,5702.730257064104,5990.835905075074,0.027241549504334717,370.9115265647234,,,,TokenDynamic,5789.746325463057,6398.806644772942,1.0,0.9048165770398119,ok,,benchmarks/ops/matmul-otherlibs/results/raw/rebench-current/arm-all-vecops/920f-4_MatmulOtherlibsVecopsAF3ProjectionBench_meta-pack-all-20260904.json
meta-pack-all-20260904,920f-4,Native,,BiSheng clang 19.1.7,vecops,0b7a801a0b816f70245d24001a70ce0561c23389+dirty,SVE/SVE2/SME; VL=SVL=512b,,A04_gsa_proj_r2048,af3,gsa_projection,128x65536x128,1,2048,32,gemm_add,bf16xbf16_acc_fp32,AllConst,raw_e2e,native,row_contiguous,default,auto,auto,auto,0.0,1.0,0.0,320.0,,,,,9764.935654987183,9757.14163588626,9832.930285483599,0.0035789139042755815,219.91784932072025,,,,TokenDynamic,9282.88009017706,9764.935654987183,1.0519295261952402,1.0,ok,,benchmarks/ops/matmul-otherlibs/results/raw/rebench-current/arm-all-vecops/920f-4_MatmulOtherlibsVecopsAF3ProjectionBench_meta-pack-all-20260904.json
meta-pack-all-20260904,920f-4,Native,,BiSheng clang 19.1.7,vecops,0b7a801a0b816f70245d24001a70ce0561c23389+dirty,SVE/SVE2/SME; VL=SVL=512b,,A04_gsa_proj_r2048,af3,gsa_projection,128x65536x128,1,2048,32,gemm_add,bf16xbf16_acc_fp32,TokenDynamic,raw_e2e,native,row_contiguous,default,auto,auto,auto,0.0,1.0,0.0,320.0,,,,,9282.88009017706,8968.552487591902,9378.389784445366,0.020262533761935146,231.3380790378215,,,,TokenDynamic,9282.88009017706,9764.935654987183,1.0,0.9506340254721569,ok,,benchmarks/ops/matmul-otherlibs/results/raw/rebench-current/arm-all-vecops/920f-4_MatmulOtherlibsVecopsAF3ProjectionBench_meta-pack-all-20260904.json
meta-pack-20260904,920f-4,Native,,BiSheng clang 19.1.7,ACL,2a8ca9840a3112d12d6cc68e49e6c833f9759fd6,SVE/SVE2/SME; VL=SVL=512b,sme_interleaved_nomerge_bf16fp32_mopa_4VLx1VL_lhs2VL,A05_pair_bias_r128,af3,pair_bias_projection,4x16384x128,1,128,0,gemm,bf16xbf16_acc_fp32,NA,prepared_execute,native,row_contiguous,default,auto,auto,auto,1.0,0.0,1.0,1.0,128.0,16.0,,,764.672783628592,764.0445417643566,765.4210284311811,0.000801569037878225,21.940385952259593,187149.10093694925,,244.74403292984093,TokenDynamic,608.0456300760094,612.2683438108019,1.2575911178458816,1.248917719425463,ok,,benchmarks/ops/matmul-otherlibs/results/raw/rebench-current/arm/920f-4_MatmulOtherlibsACLBench_meta-pack-20260904.json
meta-pack-20260904,920f-4,Native,,BiSheng clang 19.1.7,LIBXSMM,3668d249637792dcc988414eb3d2a374033743df,SVE/SVE2/SME; VL=SVL=512b,,A05_pair_bias_r128,af3,pair_bias_projection,4x16384x128,1,128,0,gemm,bf16xbf16_acc_fp32,NA,prepared_execute,native,row_contiguous,default,auto,auto,auto,0.0,0.0,1.0,1.0,,,1.0,0.0,33605.78278079629,33582.74493366479,33627.5038542226,0.0006969656890817034,0.4992359829685974,187149.10093694925,,5.568955264565177,TokenDynamic,608.0456300760094,612.2683438108019,55.268521174299636,54.887343303806134,ok,,benchmarks/ops/matmul-otherlibs/results/raw/rebench-current/arm/920f-4_MatmulOtherlibsLIBXSMMBench_meta-pack-20260904.json
meta-pack-20260904,920f-4,Native,,BiSheng clang 19.1.7,oneDNN,0e2a5bfeef1bfbffc3137464606540233086ce9b,SVE/SVE2/SME; VL=SVL=512b,brg:sve_512,A05_pair_bias_r128,af3,pair_bias_projection,4x16384x128,1,128,0,gemm,bf16xbf16_acc_fp32,NA,prepared_execute,native,row_contiguous,default,auto,auto,auto,0.0,0.0,1.0,1.0,,,,,891.8579503800134,889.8949262293629,893.3118286794462,0.0017025729141651594,18.811533824250112,187149.10093694925,,209.84182610830183,TokenDynamic,608.0456300760094,612.2683438108019,1.466761549241832,1.4566455368719962,ok,,benchmarks/ops/matmul-otherlibs/results/raw/rebench-current/arm/920f-4_MatmulOtherlibsOneDNNBench_meta-pack-20260904.json
meta-pack-20260904,920f-4,Native,,BiSheng clang 19.1.7,KUPL-MMA,bd7059eae348f1d77f73a9fbb1cadfe7a6405fb8,SVE/SVE2/SME; VL=SVL=512b,KP36_16x64x2_BF16BF16F32+vecops_transpose_pack,A05_pair_bias_r128,af3,pair_bias_projection,4x16384x128,1,128,0,gemm,bf16xbf16_acc_fp32,NA,raw_e2e,native_accumulate,row_contiguous,default,auto,auto,auto,0.0,1.0,0.0,1.0,,,16.0,,3996.9281958682195,3982.1435883641243,4022.0232520784652,0.004510652254253871,4.197527495576043,187149.10093694925,46.823233184527204,46.823233184527204,TokenDynamic,608.0456300760094,612.2683438108019,6.573401728696873,6.528066061673306,ok,,benchmarks/ops/matmul-otherlibs/results/raw/rebench-current/arm/920f-4_MatmulOtherlibsKUPLBench_meta-pack-20260904.json
meta-pack-20260904,920f-4,Native,,BiSheng clang 19.1.7,OpenBLAS,e0166008be8e466242aa76b2ff75ce3f0fbf574a,SVE/SVE2/SME; VL=SVL=512b,ARMV8SVE,A05_pair_bias_r128,af3,pair_bias_projection,4x16384x128,1,128,0,gemm,bf16xbf16_acc_fp32,NA,raw_e2e,native,row_contiguous,default,auto,auto,auto,0.0,1.0,0.0,1.0,,,1.0,,187149.10093694925,186993.40671300888,187221.64519131187,0.0005671895306971482,0.08964625486313324,187149.10093694925,1.0,1.0,TokenDynamic,608.0456300760094,612.2683438108019,307.7879219583479,305.66515944972735,ok,,benchmarks/ops/matmul-otherlibs/results/raw/rebench-current/arm/920f-4_MatmulOtherlibsOpenBLASBench_meta-pack-20260904.json
meta-pack-20260904,920f-4,Native,,BiSheng clang 19.1.7,vecops,0b7a801a0b816f70245d24001a70ce0561c23389+dirty,SVE/SVE2/SME; VL=SVL=512b,,A05_pair_bias_r128,af3,pair_bias_projection,4x16384x128,1,128,0,gemm,bf16xbf16_acc_fp32,AllConst,raw_e2e,native,row_contiguous,default,auto,auto,auto,0.0,1.0,0.0,1.0,,,,,612.2683438108019,592.4671503674725,613.1502293536197,0.01623407929450132,27.40173678681052,187149.10093694925,305.66515944972735,305.66515944972735,TokenDynamic,608.0456300760094,612.2683438108019,1.0069447316548672,1.0,ok,,benchmarks/ops/matmul-otherlibs/results/raw/rebench-current/arm/920f-4_MatmulOtherlibsVecopsAF3ProjectionBench_meta-pack-20260904.json
meta-pack-20260904,920f-4,Native,,BiSheng clang 19.1.7,vecops,0b7a801a0b816f70245d24001a70ce0561c23389+dirty,SVE/SVE2/SME; VL=SVL=512b,,A05_pair_bias_r128,af3,pair_bias_projection,4x16384x128,1,128,0,gemm,bf16xbf16_acc_fp32,TokenDynamic,raw_e2e,native,row_contiguous,default,auto,auto,auto,0.0,1.0,0.0,1.0,,,,,608.0456300760094,592.9882549073385,609.1807964865282,0.012769767883318378,27.592034495672216,187149.10093694925,307.7879219583479,307.7879219583479,TokenDynamic,608.0456300760094,612.2683438108019,1.0,0.9931031650133828,ok,,benchmarks/ops/matmul-otherlibs/results/raw/rebench-current/arm/920f-4_MatmulOtherlibsVecopsAF3ProjectionBench_meta-pack-20260904.json
meta-pack-20260904,920f-4,Native,,BiSheng clang 19.1.7,ACL,2a8ca9840a3112d12d6cc68e49e6c833f9759fd6,SVE/SVE2/SME; VL=SVL=512b,a64_hybrid_bf16fp32_mmla_6x16,A05_pair_bias_r128,af3,pair_bias_projection,4x16384x128,1,128,0,gemm_add,bf16xbf16_acc_fp32,NA,prepared_execute,native,row_contiguous,default,auto,auto,auto,1.0,0.0,1.0,1.0,128.0,4.0,,,2554.0759956294833,2552.0272197371173,2573.7113471735606,0.005679711292349447,6.568800626414035,186863.2547557354,,73.16276221831085,TokenDynamic,622.1292113745791,627.0469602895901,4.105378672038748,4.073181368186412,ok,,benchmarks/ops/matmul-otherlibs/results/raw/rebench-current/arm/920f-4_MatmulOtherlibsACLBench_meta-pack-20260904.json
meta-pack-20260904,920f-4,Native,,BiSheng clang 19.1.7,LIBXSMM,3668d249637792dcc988414eb3d2a374033743df,SVE/SVE2/SME; VL=SVL=512b,,A05_pair_bias_r128,af3,pair_bias_projection,4x16384x128,1,128,0,gemm_add,bf16xbf16_acc_fp32,NA,prepared_execute,native,row_contiguous,default,auto,auto,auto,0.0,0.0,1.0,1.0,,,1.0,0.0,33823.257545009255,33782.72016998381,33850.25344323367,0.0009026386783198047,0.49602602521871936,186863.2547557354,,5.52469715570929,TokenDynamic,622.1292113745791,627.0469602895901,54.36693363148405,53.940549411783465,ok,,benchmarks/ops/matmul-otherlibs/results/raw/rebench-current/arm/920f-4_MatmulOtherlibsLIBXSMMBench_meta-pack-20260904.json
meta-pack-20260904,920f-4,Native,,BiSheng clang 19.1.7,oneDNN,0e2a5bfeef1bfbffc3137464606540233086ce9b,SVE/SVE2/SME; VL=SVL=512b,brg:sve_512,A05_pair_bias_r128,af3,pair_bias_projection,4x16384x128,1,128,0,gemm_add,bf16xbf16_acc_fp32,NA,prepared_execute,native,row_contiguous,default,auto,auto,auto,0.0,0.0,1.0,1.0,,,,,891.7674422264099,891.349611675027,896.56124770079,0.002837431331998649,18.813443063264973,186863.2547557354,,209.54258465548787,TokenDynamic,622.1292113745791,627.0469602895901,1.4334119438887492,1.422170106389741,ok,,benchmarks/ops/matmul-otherlibs/results/raw/rebench-current/arm/920f-4_MatmulOtherlibsOneDNNBench_meta-pack-20260904.json
meta-pack-20260904,920f-4,Native,,BiSheng clang 19.1.7,KUPL-MMA,bd7059eae348f1d77f73a9fbb1cadfe7a6405fb8,SVE/SVE2/SME; VL=SVL=512b,KP36_16x64x2_BF16BF16F32+vecops_transpose_pack,A05_pair_bias_r128,af3,pair_bias_projection,4x16384x128,1,128,0,gemm_add,bf16xbf16_acc_fp32,NA,raw_e2e,native_accumulate,row_contiguous,default,auto,auto,auto,0.0,1.0,0.0,1.0,,,16.0,,5053.377028421632,5036.635148072882,5063.733105946864,0.0027849563741041625,3.3200008441167475,186863.2547557354,36.977896900382305,36.977896900382305,TokenDynamic,622.1292113745791,627.0469602895901,8.12271299278219,8.059008891595333,ok,,benchmarks/ops/matmul-otherlibs/results/raw/rebench-current/arm/920f-4_MatmulOtherlibsKUPLBench_meta-pack-20260904.json
meta-pack-20260904,920f-4,Native,,BiSheng clang 19.1.7,OpenBLAS,e0166008be8e466242aa76b2ff75ce3f0fbf574a,SVE/SVE2/SME; VL=SVL=512b,ARMV8SVE,A05_pair_bias_r128,af3,pair_bias_projection,4x16384x128,1,128,0,gemm_add,bf16xbf16_acc_fp32,NA,raw_e2e,native,row_contiguous,default,auto,auto,auto,0.0,1.0,0.0,1.0,,,1.0,,186863.2547557354,186618.927679956,187103.55674847963,0.0011497812132792728,0.08978338743982012,186863.2547557354,1.0,1.0,TokenDynamic,622.1292113745791,627.0469602895901,300.36084359849565,298.00519991267646,ok,,benchmarks/ops/matmul-otherlibs/results/raw/rebench-current/arm/920f-4_MatmulOtherlibsOpenBLASBench_meta-pack-20260904.json
meta-pack-20260904,920f-4,Native,,BiSheng clang 19.1.7,vecops,0b7a801a0b816f70245d24001a70ce0561c23389+dirty,SVE/SVE2/SME; VL=SVL=512b,,A05_pair_bias_r128,af3,pair_bias_projection,4x16384x128,1,128,0,gemm_add,bf16xbf16_acc_fp32,AllConst,raw_e2e,native,row_contiguous,default,auto,auto,auto,0.0,1.0,0.0,1.0,,,,,627.0469602895901,620.979441113637,628.8601522101089,0.005737707896562726,26.755916322840882,186863.2547557354,298.00519991267646,298.00519991267646,TokenDynamic,622.1292113745791,627.0469602895901,1.0079047066511237,1.0,ok,,benchmarks/ops/matmul-otherlibs/results/raw/rebench-current/arm/920f-4_MatmulOtherlibsVecopsAF3ProjectionBench_meta-pack-20260904.json
meta-pack-20260904,920f-4,Native,,BiSheng clang 19.1.7,vecops,0b7a801a0b816f70245d24001a70ce0561c23389+dirty,SVE/SVE2/SME; VL=SVL=512b,,A05_pair_bias_r128,af3,pair_bias_projection,4x16384x128,1,128,0,gemm_add,bf16xbf16_acc_fp32,TokenDynamic,raw_e2e,native,row_contiguous,default,auto,auto,auto,0.0,1.0,0.0,1.0,,,,,622.1292113745791,621.5748311500455,630.834317942548,0.009029038177021248,26.96741399255495,186863.2547557354,300.36084359849565,300.36084359849565,TokenDynamic,622.1292113745791,627.0469602895901,1.0,0.9921572876890435,ok,,benchmarks/ops/matmul-otherlibs/results/raw/rebench-current/arm/920f-4_MatmulOtherlibsVecopsAF3ProjectionBench_meta-pack-20260904.json
meta-pack-all-20260904,920f-4,Native,,BiSheng clang 19.1.7,vecops,0b7a801a0b816f70245d24001a70ce0561c23389+dirty,SVE/SVE2/SME; VL=SVL=512b,,A06_pair_bias_r512,af3,pair_bias_projection,4x262144x128,1,512,0,gemm,bf16xbf16_acc_fp32,AllConst,raw_e2e,native,row_contiguous,default,auto,auto,auto,0.0,1.0,0.0,1.0,,,,,9006.83831423521,8976.670994888991,9028.064162703233,0.002702316208867229,29.8035166875085,,,,TokenDynamic,8963.958389358595,9006.83831423521,1.0047835925842226,1.0,ok,,benchmarks/ops/matmul-otherlibs/results/raw/rebench-current/arm-all-vecops/920f-4_MatmulOtherlibsVecopsAF3ProjectionBench_meta-pack-all-20260904.json
meta-pack-all-20260904,920f-4,Native,,BiSheng clang 19.1.7,vecops,0b7a801a0b816f70245d24001a70ce0561c23389+dirty,SVE/SVE2/SME; VL=SVL=512b,,A06_pair_bias_r512,af3,pair_bias_projection,4x262144x128,1,512,0,gemm,bf16xbf16_acc_fp32,TokenDynamic,raw_e2e,native,row_contiguous,default,auto,auto,auto,0.0,1.0,0.0,1.0,,,,,8963.958389358595,8941.009518457577,9014.229237800464,0.0046097797120319495,29.946084568918618,,,,TokenDynamic,8963.958389358595,9006.83831423521,1.0,0.9952391812331255,ok,,benchmarks/ops/matmul-otherlibs/results/raw/rebench-current/arm-all-vecops/920f-4_MatmulOtherlibsVecopsAF3ProjectionBench_meta-pack-all-20260904.json
meta-pack-all-20260904,920f-4,Native,,BiSheng clang 19.1.7,vecops,0b7a801a0b816f70245d24001a70ce0561c23389+dirty,SVE/SVE2/SME; VL=SVL=512b,,A06_pair_bias_r512,af3,pair_bias_projection,4x262144x128,1,512,0,gemm_add,bf16xbf16_acc_fp32,AllConst,raw_e2e,native,row_contiguous,default,auto,auto,auto,0.0,1.0,0.0,1.0,,,,,10248.516985614386,10215.541846784097,10293.152615694064,0.004294888027404137,26.192614636517348,,,,TokenDynamic,9276.644326746464,10248.516985614386,1.1047655407102128,1.0,ok,,benchmarks/ops/matmul-otherlibs/results/raw/rebench-current/arm-all-vecops/920f-4_MatmulOtherlibsVecopsAF3ProjectionBench_meta-pack-all-20260904.json
meta-pack-all-20260904,920f-4,Native,,BiSheng clang 19.1.7,vecops,0b7a801a0b816f70245d24001a70ce0561c23389+dirty,SVE/SVE2/SME; VL=SVL=512b,,A06_pair_bias_r512,af3,pair_bias_projection,4x262144x128,1,512,0,gemm_add,bf16xbf16_acc_fp32,TokenDynamic,raw_e2e,native,row_contiguous,default,auto,auto,auto,0.0,1.0,0.0,1.0,,,,,9276.644326746464,9255.890417844059,9301.93328609069,0.0026677733610122106,28.936698071526322,,,,TokenDynamic,9276.644326746464,10248.516985614386,1.0,0.9051694347355702,ok,,benchmarks/ops/matmul-otherlibs/results/raw/rebench-current/arm-all-vecops/920f-4_MatmulOtherlibsVecopsAF3ProjectionBench_meta-pack-all-20260904.json
meta-pack-all-20260904,920f-4,Native,,BiSheng clang 19.1.7,vecops,0b7a801a0b816f70245d24001a70ce0561c23389+dirty,SVE/SVE2/SME; VL=SVL=512b,,A07_pair_bias_r1536,af3,pair_bias_projection,4x2359296x128,1,1536,0,gemm,bf16xbf16_acc_fp32,AllConst,raw_e2e,native,row_contiguous,default,auto,auto,auto,0.0,1.0,0.0,1.0,,,,,77232.2565317154,77033.0998580903,79761.49348542094,0.017542467506501517,31.281218657749612,,,,TokenDynamic,76787.66152821481,77232.2565317154,1.0057899276348872,1.0,ok,,benchmarks/ops/matmul-otherlibs/results/raw/rebench-current/arm-all-vecops/920f-4_MatmulOtherlibsVecopsAF3ProjectionBench_meta-pack-all-20260904.json
meta-pack-all-20260904,920f-4,Native,,BiSheng clang 19.1.7,vecops,0b7a801a0b816f70245d24001a70ce0561c23389+dirty,SVE/SVE2/SME; VL=SVL=512b,,A07_pair_bias_r1536,af3,pair_bias_projection,4x2359296x128,1,1536,0,gemm,bf16xbf16_acc_fp32,TokenDynamic,raw_e2e,native,row_contiguous,default,auto,auto,auto,0.0,1.0,0.0,1.0,,,,,76787.66152821481,76700.74375346303,79414.68334756792,0.01871041984909081,31.46233465010907,,,,TokenDynamic,76787.66152821481,77232.2565317154,1.0,0.9942434026472086,ok,,benchmarks/ops/matmul-otherlibs/results/raw/rebench-current/arm-all-vecops/920f-4_MatmulOtherlibsVecopsAF3ProjectionBench_meta-pack-all-20260904.json
meta-pack-all-20260904,920f-4,Native,,BiSheng clang 19.1.7,vecops,0b7a801a0b816f70245d24001a70ce0561c23389+dirty,SVE/SVE2/SME; VL=SVL=512b,,A07_pair_bias_r1536,af3,pair_bias_projection,4x2359296x128,1,1536,0,gemm_add,bf16xbf16_acc_fp32,AllConst,raw_e2e,native,row_contiguous,default,auto,auto,auto,0.0,1.0,0.0,1.0,,,,,83103.17946597934,82606.34066537024,86029.91043590009,0.01929130099172623,29.07131976808451,,,,TokenDynamic,82515.26183448732,83103.17946597934,1.0071249562616826,1.0,ok,,benchmarks/ops/matmul-otherlibs/results/raw/rebench-current/arm-all-vecops/920f-4_MatmulOtherlibsVecopsAF3ProjectionBench_meta-pack-all-20260904.json
meta-pack-all-20260904,920f-4,Native,,BiSheng clang 19.1.7,vecops,0b7a801a0b816f70245d24001a70ce0561c23389+dirty,SVE/SVE2/SME; VL=SVL=512b,,A07_pair_bias_r1536,af3,pair_bias_projection,4x2359296x128,1,1536,0,gemm_add,bf16xbf16_acc_fp32,TokenDynamic,raw_e2e,native,row_contiguous,default,auto,auto,auto,0.0,1.0,0.0,1.0,,,,,82515.26183448732,82347.15824946763,84041.49115085602,0.013163772221385806,29.278451649901506,,,,TokenDynamic,82515.26183448732,83103.17946597934,1.0,0.9929254496004849,ok,,benchmarks/ops/matmul-otherlibs/results/raw/rebench-current/arm-all-vecops/920f-4_MatmulOtherlibsVecopsAF3ProjectionBench_meta-pack-all-20260904.json
meta-pack-20260904,920f-4,Native,,BiSheng clang 19.1.7,ACL,2a8ca9840a3112d12d6cc68e49e6c833f9759fd6,SVE/SVE2/SME; VL=SVL=512b,sme_interleaved_nomerge_bf16fp32_mopa_2VLx2VL,A08_gsa_qk_r128,af3,gsa_qk,128x128x32,4,128,128,gemm,bf16xbf16_acc_fp32,NA,prepared_execute,native,row_contiguous,default,auto,auto,auto,1.0,0.0,1.0,128.0,32.0,32.0,,,16.06880517599145,16.004204219620934,16.589338919923385,0.02271180352739576,261.0215230107306,58256.16465881467,,3625.419813157965,TokenDynamic,25.61775660559726,25.307427556119386,0.6272526288457496,0.6349442328881025,ok,,benchmarks/ops/matmul-otherlibs/results/raw/rebench-current/arm/920f-4_MatmulOtherlibsACLBench_meta-pack-20260904.json
meta-pack-20260904,920f-4,Native,,BiSheng clang 19.1.7,LIBXSMM,3668d249637792dcc988414eb3d2a374033743df,SVE/SVE2/SME; VL=SVL=512b,,A08_gsa_qk_r128,af3,gsa_qk,128x128x32,4,128,128,gemm,bf16xbf16_acc_fp32,NA,prepared_execute,native,row_contiguous,default,auto,auto,auto,0.0,0.0,1.0,128.0,,,1.0,0.0,8734.603674383834,8723.262941930441,8753.1563534867,0.0015308681721271135,0.4801939683079987,58256.16465881467,,6.669583055000402,TokenDynamic,25.61775660559726,25.307427556119386,340.95896096051587,345.13992601637574,ok,,benchmarks/ops/matmul-otherlibs/results/raw/rebench-current/arm/920f-4_MatmulOtherlibsLIBXSMMBench_meta-pack-20260904.json
meta-pack-20260904,920f-4,Native,,BiSheng clang 19.1.7,oneDNN,0e2a5bfeef1bfbffc3137464606540233086ce9b,SVE/SVE2/SME; VL=SVL=512b,brg:sve_512,A08_gsa_qk_r128,af3,gsa_qk,128x128x32,4,128,128,gemm,bf16xbf16_acc_fp32,NA,prepared_execute,native,row_contiguous,default,auto,auto,auto,1.0,0.0,1.0,128.0,,,,,46.43483050291325,45.90104139128397,46.528228605011364,0.006589918469485515,90.32667836995455,58256.16465881467,,1254.579031039206,TokenDynamic,25.61775660559726,25.307427556119386,1.8126033133115036,1.8348301264497828,ok,,benchmarks/ops/matmul-otherlibs/results/raw/rebench-current/arm/920f-4_MatmulOtherlibsOneDNNBench_meta-pack-20260904.json
meta-pack-20260904,920f-4,Native,,BiSheng clang 19.1.7,KUPL-MMA,bd7059eae348f1d77f73a9fbb1cadfe7a6405fb8,SVE/SVE2/SME; VL=SVL=512b,KP36_16x64x2_BF16BF16F32+vecops_transpose_pack,A08_gsa_qk_r128,af3,gsa_qk,128x128x32,4,128,128,gemm,bf16xbf16_acc_fp32,NA,raw_e2e,native_accumulate,row_contiguous,default,auto,auto,auto,0.0,1.0,0.0,128.0,,,1.0,,164.55317849632414,161.21918359775776,165.5150667255652,0.0117244189893408,25.489048818912327,58256.16465881467,354.02637123849917,354.02637123849917,TokenDynamic,25.61775660559726,25.307427556119386,6.423403150780606,6.502169299168254,ok,,benchmarks/ops/matmul-otherlibs/results/raw/rebench-current/arm/920f-4_MatmulOtherlibsKUPLBench_meta-pack-20260904.json
meta-pack-20260904,920f-4,Native,,BiSheng clang 19.1.7,OpenBLAS,e0166008be8e466242aa76b2ff75ce3f0fbf574a,SVE/SVE2/SME; VL=SVL=512b,ARMV8SVE,A08_gsa_qk_r128,af3,gsa_qk,128x128x32,4,128,128,gemm,bf16xbf16_acc_fp32,NA,raw_e2e,native,row_contiguous,default,auto,auto,auto,0.0,1.0,0.0,128.0,,,1.0,,58256.16465881467,58248.28394688666,58293.079538270824,0.00038159697147484387,0.07199759930240043,58256.16465881467,1.0,1.0,TokenDynamic,25.61775660559726,25.307427556119386,2274.0541084728,2301.9394021629123,ok,,benchmarks/ops/matmul-otherlibs/results/raw/rebench-current/arm/920f-4_MatmulOtherlibsOpenBLASBench_meta-pack-20260904.json
meta-pack-20260904,920f-4,Native,,BiSheng clang 19.1.7,vecops,0b7a801a0b816f70245d24001a70ce0561c23389+dirty,SVE/SVE2/SME; VL=SVL=512b,,A08_gsa_qk_r128,af3,gsa_qk,128x128x32,4,128,128,gemm,bf16xbf16_acc_fp32,AllConst,raw_e2e,native,row_contiguous,default,auto,auto,auto,1.0,1.0,0.0,128.0,,,,,25.307427556119386,25.297404163264037,25.344931542728034,0.0009127770891164996,165.73411069533256,58256.16465881467,2301.9394021629123,2301.9394021629123,TokenDynamic,25.61775660559726,25.307427556119386,0.9878861738654324,1.0,ok,,benchmarks/ops/matmul-otherlibs/results/raw/rebench-current/arm/920f-4_MatmulOtherlibsVecopsAF3AttentionBench_meta-pack-20260904.json
meta-pack-20260904,920f-4,Native,,BiSheng clang 19.1.7,vecops,0b7a801a0b816f70245d24001a70ce0561c23389+dirty,SVE/SVE2/SME; VL=SVL=512b,,A08_gsa_qk_r128,af3,gsa_qk,128x128x32,4,128,128,gemm,bf16xbf16_acc_fp32,TokenDynamic,raw_e2e,native,row_contiguous,default,auto,auto,auto,1.0,1.0,0.0,128.0,,,,,25.61775660559726,25.50208854153184,26.19539156642039,0.013636097569242929,163.72643649380214,58256.16465881467,2274.0541084728,2274.0541084728,TokenDynamic,25.61775660559726,25.307427556119386,1.0,1.0122623703570708,ok,,benchmarks/ops/matmul-otherlibs/results/raw/rebench-current/arm/920f-4_MatmulOtherlibsVecopsAF3AttentionBench_meta-pack-20260904.json
meta-pack-20260904,920f-4,Native,,BiSheng clang 19.1.7,ACL,2a8ca9840a3112d12d6cc68e49e6c833f9759fd6,SVE/SVE2/SME; VL=SVL=512b,a64_hybrid_bf16fp32_mmla_6x16,A08_gsa_qk_r128,af3,gsa_qk,128x128x32,4,128,128,gemm_add,bf16xbf16_acc_fp32,NA,prepared_execute,native,row_contiguous,default,auto,auto,auto,1.0,0.0,1.0,128.0,32.0,48.0,,,172.07406798027097,172.0593564056529,172.1564758234505,0.0003738470469701161,24.37499182317753,58292.82128252089,,338.76586964402105,TokenDynamic,41.76617466643378,44.456299431986444,4.119938427556348,3.870634087381172,ok,,benchmarks/ops/matmul-otherlibs/results/raw/rebench-current/arm/920f-4_MatmulOtherlibsACLBench_meta-pack-20260904.json
meta-pack-20260904,920f-4,Native,,BiSheng clang 19.1.7,LIBXSMM,3668d249637792dcc988414eb3d2a374033743df,SVE/SVE2/SME; VL=SVL=512b,,A08_gsa_qk_r128,af3,gsa_qk,128x128x32,4,128,128,gemm_add,bf16xbf16_acc_fp32,NA,prepared_execute,native,row_contiguous,default,auto,auto,auto,0.0,0.0,1.0,128.0,,,1.0,0.0,8723.673061467707,8718.642225721853,8740.30968407169,0.0012089994880016806,0.4807956431249308,58292.82128252089,,6.68214189960868,TokenDynamic,41.76617466643378,44.456299431986444,208.86933340530854,196.23030195785927,ok,,benchmarks/ops/matmul-otherlibs/results/raw/rebench-current/arm/920f-4_MatmulOtherlibsLIBXSMMBench_meta-pack-20260904.json
meta-pack-20260904,920f-4,Native,,BiSheng clang 19.1.7,oneDNN,0e2a5bfeef1bfbffc3137464606540233086ce9b,SVE/SVE2/SME; VL=SVL=512b,brg:sve_512,A08_gsa_qk_r128,af3,gsa_qk,128x128x32,4,128,128,gemm_add,bf16xbf16_acc_fp32,NA,prepared_execute,native,row_contiguous,default,auto,auto,auto,1.0,0.0,1.0,128.0,,,,,53.30635903935853,52.73348961324009,53.437201584241166,0.00600796901934494,78.68299534213456,58292.82128252089,,1093.5434783583817,TokenDynamic,41.76617466643378,44.456299431986444,1.276304556620055,1.1990732409230724,ok,,benchmarks/ops/matmul-otherlibs/results/raw/rebench-current/arm/920f-4_MatmulOtherlibsOneDNNBench_meta-pack-20260904.json
meta-pack-20260904,920f-4,Native,,BiSheng clang 19.1.7,KUPL-MMA,bd7059eae348f1d77f73a9fbb1cadfe7a6405fb8,SVE/SVE2/SME; VL=SVL=512b,KP36_16x64x2_BF16BF16F32+vecops_transpose_pack,A08_gsa_qk_r128,af3,gsa_qk,128x128x32,4,128,128,gemm_add,bf16xbf16_acc_fp32,NA,raw_e2e,native_accumulate,row_contiguous,default,auto,auto,auto,0.0,1.0,0.0,128.0,,,1.0,,267.5590919373372,263.22091460398593,268.18265736757115,0.008631440559288713,15.676178184153478,58292.82128252089,217.86896068616187,217.86896068616187,TokenDynamic,41.76617466643378,44.456299431986444,6.406119163993403,6.018474217510502,ok,,benchmarks/ops/matmul-otherlibs/results/raw/rebench-current/arm/920f-4_MatmulOtherlibsKUPLBench_meta-pack-20260904.json
meta-pack-20260904,920f-4,Native,,BiSheng clang 19.1.7,OpenBLAS,e0166008be8e466242aa76b2ff75ce3f0fbf574a,SVE/SVE2/SME; VL=SVL=512b,ARMV8SVE,A08_gsa_qk_r128,af3,gsa_qk,128x128x32,4,128,128,gemm_add,bf16xbf16_acc_fp32,NA,raw_e2e,native,row_contiguous,default,auto,auto,auto,0.0,1.0,0.0,128.0,,,1.0,,58292.82128252089,58261.28851622344,58338.65641616285,0.000639277370107419,0.07195232462110497,58292.82128252089,1.0,1.0,TokenDynamic,41.76617466643378,44.456299431986444,1395.694524290947,1311.2387226854744,ok,,benchmarks/ops/matmul-otherlibs/results/raw/rebench-current/arm/920f-4_MatmulOtherlibsOpenBLASBench_meta-pack-20260904.json
meta-pack-20260904,920f-4,Native,,BiSheng clang 19.1.7,vecops,0b7a801a0b816f70245d24001a70ce0561c23389+dirty,SVE/SVE2/SME; VL=SVL=512b,,A08_gsa_qk_r128,af3,gsa_qk,128x128x32,4,128,128,gemm_add,bf16xbf16_acc_fp32,AllConst,raw_e2e,native,row_contiguous,default,auto,auto,auto,1.0,1.0,0.0,128.0,,,,,44.456299431986444,41.616847723929354,51.00869807879343,0.09149868626173562,94.3466742304283,58292.82128252089,1311.2387226854744,1311.2387226854744,TokenDynamic,41.76617466643378,44.456299431986444,1.0644091729021725,1.0,ok,,benchmarks/ops/matmul-otherlibs/results/raw/rebench-current/arm/920f-4_MatmulOtherlibsVecopsAF3AttentionBench_meta-pack-20260904.json
meta-pack-20260904,920f-4,Native,,BiSheng clang 19.1.7,vecops,0b7a801a0b816f70245d24001a70ce0561c23389+dirty,SVE/SVE2/SME; VL=SVL=512b,,A08_gsa_qk_r128,af3,gsa_qk,128x128x32,4,128,128,gemm_add,bf16xbf16_acc_fp32,TokenDynamic,raw_e2e,native,row_contiguous,default,auto,auto,auto,1.0,1.0,0.0,128.0,,,,,41.76617466643378,39.89851871510059,44.07022465441619,0.04498246335247625,100.4234654836809,58292.82128252089,1395.694524290947,1395.694524290947,TokenDynamic,41.76617466643378,44.456299431986444,1.0,0.9394883334887493,ok,,benchmarks/ops/matmul-otherlibs/results/raw/rebench-current/arm/920f-4_MatmulOtherlibsVecopsAF3AttentionBench_meta-pack-20260904.json
meta-pack-all-20260904,920f-4,Native,,BiSheng clang 19.1.7,vecops,0b7a801a0b816f70245d24001a70ce0561c23389+dirty,SVE/SVE2/SME; VL=SVL=512b,,A09_gsa_qk_r512,af3,gsa_qk,512x512x32,4,512,128,gemm,bf16xbf16_acc_fp32,AllConst,raw_e2e,native,row_contiguous,default,auto,auto,auto,1.0,1.0,0.0,512.0,,,,,343.1292225643262,343.0078239819291,343.37619789784736,0.0006455694430828623,195.57898187298562,,,,TokenDynamic,332.8269564340913,343.1292225643262,1.0309538212908396,1.0,ok,,benchmarks/ops/matmul-otherlibs/results/raw/rebench-current/arm-all-vecops/920f-4_MatmulOtherlibsVecopsAF3AttentionBench_meta-pack-all-20260904.json
meta-pack-all-20260904,920f-4,Native,,BiSheng clang 19.1.7,vecops,0b7a801a0b816f70245d24001a70ce0561c23389+dirty,SVE/SVE2/SME; VL=SVL=512b,,A09_gsa_qk_r512,af3,gsa_qk,512x512x32,4,512,128,gemm,bf16xbf16_acc_fp32,TokenDynamic,raw_e2e,native,row_contiguous,default,auto,auto,auto,1.0,1.0,0.0,512.0,,,,,332.8269564340913,332.77321735180186,333.1838859214211,0.0006700270154722628,201.63289872612634,,,,TokenDynamic,332.8269564340913,343.1292225643262,1.0,0.9699755501637476,ok,,benchmarks/ops/matmul-otherlibs/results/raw/rebench-current/arm-all-vecops/920f-4_MatmulOtherlibsVecopsAF3AttentionBench_meta-pack-all-20260904.json
meta-pack-all-20260904,920f-4,Native,,BiSheng clang 19.1.7,vecops,0b7a801a0b816f70245d24001a70ce0561c23389+dirty,SVE/SVE2/SME; VL=SVL=512b,,A09_gsa_qk_r512,af3,gsa_qk,512x512x32,4,512,128,gemm_add,bf16xbf16_acc_fp32,AllConst,raw_e2e,native,row_contiguous,default,auto,auto,auto,1.0,1.0,0.0,512.0,,,,,755.5428642018509,751.2551221636033,761.176824509617,0.005707770568845451,88.82204727178946,,,,TokenDynamic,749.8897114061416,755.5428642018509,1.0075386456297806,1.0,ok,,benchmarks/ops/matmul-otherlibs/results/raw/rebench-current/arm-all-vecops/920f-4_MatmulOtherlibsVecopsAF3AttentionBench_meta-pack-all-20260904.json
meta-pack-all-20260904,920f-4,Native,,BiSheng clang 19.1.7,vecops,0b7a801a0b816f70245d24001a70ce0561c23389+dirty,SVE/SVE2/SME; VL=SVL=512b,,A09_gsa_qk_r512,af3,gsa_qk,512x512x32,4,512,128,gemm_add,bf16xbf16_acc_fp32,TokenDynamic,raw_e2e,native,row_contiguous,default,auto,auto,auto,1.0,1.0,0.0,512.0,,,,,749.8897114061416,743.589975577306,751.6846563766666,0.004890592621722115,89.49164521028308,,,,TokenDynamic,749.8897114061416,755.5428642018509,1.0,0.9925177603236566,ok,,benchmarks/ops/matmul-otherlibs/results/raw/rebench-current/arm-all-vecops/920f-4_MatmulOtherlibsVecopsAF3AttentionBench_meta-pack-all-20260904.json
meta-pack-all-20260904,920f-4,Native,,BiSheng clang 19.1.7,vecops,0b7a801a0b816f70245d24001a70ce0561c23389+dirty,SVE/SVE2/SME; VL=SVL=512b,,A10_gsa_qk_r1536,af3,gsa_qk,1536x1536x32,4,1536,128,gemm,bf16xbf16_acc_fp32,AllConst,raw_e2e,native,row_contiguous,default,auto,auto,auto,1.0,1.0,0.0,1536.0,,,,,4987.353325954506,4985.271008419139,4991.014398235296,0.0005861790802381501,121.10226337020292,,,,TokenDynamic,4928.398861324992,4987.353325954506,1.0119621942720893,1.0,ok,,benchmarks/ops/matmul-otherlibs/results/raw/rebench-current/arm-all-vecops/920f-4_MatmulOtherlibsVecopsAF3AttentionBench_meta-pack-all-20260904.json
meta-pack-all-20260904,920f-4,Native,,BiSheng clang 19.1.7,vecops,0b7a801a0b816f70245d24001a70ce0561c23389+dirty,SVE/SVE2/SME; VL=SVL=512b,,A10_gsa_qk_r1536,af3,gsa_qk,1536x1536x32,4,1536,128,gemm,bf16xbf16_acc_fp32,TokenDynamic,raw_e2e,native,row_contiguous,default,auto,auto,auto,1.0,1.0,0.0,1536.0,,,,,4928.398861324992,4925.119838324086,4938.20051437822,0.0013087340903897603,122.55091217142702,,,,TokenDynamic,4928.398861324992,4987.353325954506,1.0,0.9881792083342661,ok,,benchmarks/ops/matmul-otherlibs/results/raw/rebench-current/arm-all-vecops/920f-4_MatmulOtherlibsVecopsAF3AttentionBench_meta-pack-all-20260904.json
meta-pack-all-20260904,920f-4,Native,,BiSheng clang 19.1.7,vecops,0b7a801a0b816f70245d24001a70ce0561c23389+dirty,SVE/SVE2/SME; VL=SVL=512b,,A10_gsa_qk_r1536,af3,gsa_qk,1536x1536x32,4,1536,128,gemm_add,bf16xbf16_acc_fp32,AllConst,raw_e2e,native,row_contiguous,default,auto,auto,auto,1.0,1.0,0.0,1536.0,,,,,12059.995671734214,11712.071858346464,12082.507577724755,0.015329093008580803,50.08125976492563,,,,TokenDynamic,11858.68598986417,12059.995671734214,1.0169757156941424,1.0,ok,,benchmarks/ops/matmul-otherlibs/results/raw/rebench-current/arm-all-vecops/920f-4_MatmulOtherlibsVecopsAF3AttentionBench_meta-pack-all-20260904.json
meta-pack-all-20260904,920f-4,Native,,BiSheng clang 19.1.7,vecops,0b7a801a0b816f70245d24001a70ce0561c23389+dirty,SVE/SVE2/SME; VL=SVL=512b,,A10_gsa_qk_r1536,af3,gsa_qk,1536x1536x32,4,1536,128,gemm_add,bf16xbf16_acc_fp32,TokenDynamic,raw_e2e,native,row_contiguous,default,auto,auto,auto,1.0,1.0,0.0,1536.0,,,,,11858.68598986417,11811.587067010503,11900.787055492403,0.0034507199365831913,50.931424992299505,,,,TokenDynamic,11858.68598986417,12059.995671734214,1.0,0.9833076489121911,ok,,benchmarks/ops/matmul-otherlibs/results/raw/rebench-current/arm-all-vecops/920f-4_MatmulOtherlibsVecopsAF3AttentionBench_meta-pack-all-20260904.json
meta-pack-all-20260904,920f-4,Native,,BiSheng clang 19.1.7,vecops,0b7a801a0b816f70245d24001a70ce0561c23389+dirty,SVE/SVE2/SME; VL=SVL=512b,,A11_gsa_qk_r2048,af3,gsa_qk,2048x2048x32,4,2048,32,gemm,bf16xbf16_acc_fp32,AllConst,raw_e2e,native,row_contiguous,default,auto,auto,auto,1.0,1.0,0.0,2048.0,,,,,9850.729024037719,9845.765194456491,9894.328877063734,0.0023091196464444298,109.00125476803376,,,,TokenDynamic,9746.958235544818,9850.729024037719,1.0106464792384637,1.0,ok,,benchmarks/ops/matmul-otherlibs/results/raw/rebench-current/arm-all-vecops/920f-4_MatmulOtherlibsVecopsAF3AttentionBench_meta-pack-all-20260904.json
meta-pack-all-20260904,920f-4,Native,,BiSheng clang 19.1.7,vecops,0b7a801a0b816f70245d24001a70ce0561c23389+dirty,SVE/SVE2/SME; VL=SVL=512b,,A11_gsa_qk_r2048,af3,gsa_qk,2048x2048x32,4,2048,32,gemm,bf16xbf16_acc_fp32,TokenDynamic,raw_e2e,native,row_contiguous,default,auto,auto,auto,1.0,1.0,0.0,2048.0,,,,,9746.958235544818,9736.323922074267,9766.289698226112,0.0014442713497497476,110.16173436388813,,,,TokenDynamic,9746.958235544818,9850.729024037719,1.0,0.9894656742420099,ok,,benchmarks/ops/matmul-otherlibs/results/raw/rebench-current/arm-all-vecops/920f-4_MatmulOtherlibsVecopsAF3AttentionBench_meta-pack-all-20260904.json
meta-pack-all-20260904,920f-4,Native,,BiSheng clang 19.1.7,vecops,0b7a801a0b816f70245d24001a70ce0561c23389+dirty,SVE/SVE2/SME; VL=SVL=512b,,A11_gsa_qk_r2048,af3,gsa_qk,2048x2048x32,4,2048,32,gemm_add,bf16xbf16_acc_fp32,AllConst,raw_e2e,native,row_contiguous,default,auto,auto,auto,1.0,1.0,0.0,2048.0,,,,,21653.654829909407,21619.975923871007,21697.447386880718,0.0018321405501968422,49.58709430044481,,,,TokenDynamic,19321.625453553028,21653.654829909407,1.120695299780151,1.0,ok,,benchmarks/ops/matmul-otherlibs/results/raw/rebench-current/arm-all-vecops/920f-4_MatmulOtherlibsVecopsAF3AttentionBench_meta-pack-all-20260904.json
meta-pack-all-20260904,920f-4,Native,,BiSheng clang 19.1.7,vecops,0b7a801a0b816f70245d24001a70ce0561c23389+dirty,SVE/SVE2/SME; VL=SVL=512b,,A11_gsa_qk_r2048,af3,gsa_qk,2048x2048x32,4,2048,32,gemm_add,bf16xbf16_acc_fp32,TokenDynamic,raw_e2e,native,row_contiguous,default,auto,auto,auto,1.0,1.0,0.0,2048.0,,,,,19321.625453553028,19153.269845992327,19409.495738468,0.006155376656014797,55.57202351226361,,,,TokenDynamic,19321.625453553028,21653.654829909407,1.0,0.8923031980201683,ok,,benchmarks/ops/matmul-otherlibs/results/raw/rebench-current/arm-all-vecops/920f-4_MatmulOtherlibsVecopsAF3AttentionBench_meta-pack-all-20260904.json
meta-pack-20260904,920f-4,Native,,BiSheng clang 19.1.7,ACL,2a8ca9840a3112d12d6cc68e49e6c833f9759fd6,SVE/SVE2/SME; VL=SVL=512b,sme_interleaved_nomerge_bf16fp32_mopa_2VLx2VL,A12_gsa_pv_r128,af3,gsa_pv,32x128x128,4,128,128,gemm,bf16xbf16_acc_fp32,NA,prepared_execute,native,row_contiguous,default,auto,auto,auto,1.0,0.0,1.0,128.0,128.0,32.0,,,13.909640373066015,13.895850871270609,13.919574609994532,0.0009479788634579147,301.53935597944405,46603.240693608925,,3350.427433325256,TokenDynamic,12.632458898212803,12.523507510411205,1.101103156966052,1.1106824794493453,ok,,benchmarks/ops/matmul-otherlibs/results/raw/rebench-current/arm/920f-4_MatmulOtherlibsACLBench_meta-pack-20260904.json
meta-pack-20260904,920f-4,Native,,BiSheng clang 19.1.7,LIBXSMM,3668d249637792dcc988414eb3d2a374033743df,SVE/SVE2/SME; VL=SVL=512b,,A12_gsa_pv_r128,af3,gsa_pv,32x128x128,4,128,128,gemm,bf16xbf16_acc_fp32,NA,prepared_execute,native,row_contiguous,default,auto,auto,auto,0.0,0.0,1.0,128.0,,,1.0,0.0,8320.134352235233,8315.152674913406,8326.273175942546,0.0006145256882377726,0.5041149364220526,46603.240693608925,,5.601260595159597,TokenDynamic,12.632458898212803,12.523507510411205,658.631420792696,664.3613496712826,ok,,benchmarks/ops/matmul-otherlibs/results/raw/rebench-current/arm/920f-4_MatmulOtherlibsLIBXSMMBench_meta-pack-20260904.json
meta-pack-20260904,920f-4,Native,,BiSheng clang 19.1.7,oneDNN,0e2a5bfeef1bfbffc3137464606540233086ce9b,SVE/SVE2/SME; VL=SVL=512b,brg:sve_512,A12_gsa_pv_r128,af3,gsa_pv,32x128x128,4,128,128,gemm,bf16xbf16_acc_fp32,NA,prepared_execute,native,row_contiguous,default,auto,auto,auto,1.0,0.0,1.0,128.0,,,,,42.8395370562671,42.510256279354394,42.91418909097789,0.00613922717627138,97.90731385568056,46603.240693608925,,1087.8558428957444,TokenDynamic,12.632458898212803,12.523507510411205,3.3912271079962024,3.420729936932858,ok,,benchmarks/ops/matmul-otherlibs/results/raw/rebench-current/arm/920f-4_MatmulOtherlibsOneDNNBench_meta-pack-20260904.json
meta-pack-20260904,920f-4,Native,,BiSheng clang 19.1.7,KUPL-MMA,bd7059eae348f1d77f73a9fbb1cadfe7a6405fb8,SVE/SVE2/SME; VL=SVL=512b,KP36_16x64x2_BF16BF16F32+vecops_transpose_pack,A12_gsa_pv_r128,af3,gsa_pv,32x128x128,4,128,128,gemm,bf16xbf16_acc_fp32,NA,raw_e2e,native_accumulate,row_contiguous,default,auto,auto,auto,0.0,1.0,0.0,128.0,,,2.0,,115.53434031622962,114.04108656339407,115.67232145135067,0.006599606742243012,36.30352662697298,46603.240693608925,403.37133155433236,403.37133155433236,TokenDynamic,12.632458898212803,12.523507510411205,9.145831484365646,9.2253979342594,ok,,benchmarks/ops/matmul-otherlibs/results/raw/rebench-current/arm/920f-4_MatmulOtherlibsKUPLBench_meta-pack-20260904.json
meta-pack-20260904,920f-4,Native,,BiSheng clang 19.1.7,OpenBLAS,e0166008be8e466242aa76b2ff75ce3f0fbf574a,SVE/SVE2/SME; VL=SVL=512b,ARMV8SVE,A12_gsa_pv_r128,af3,gsa_pv,32x128x128,4,128,128,gemm,bf16xbf16_acc_fp32,NA,raw_e2e,native,row_contiguous,default,auto,auto,auto,0.0,1.0,0.0,128.0,,,1.0,,46603.240693608925,46590.818682064615,46620.23649240535,0.00032450737693144735,0.09000026473642204,46603.240693608925,1.0,1.0,TokenDynamic,12.632458898212803,12.523507510411205,3689.1662240201067,3721.2610488608016,ok,,benchmarks/ops/matmul-otherlibs/results/raw/rebench-current/arm/920f-4_MatmulOtherlibsOpenBLASBench_meta-pack-20260904.json
meta-pack-20260904,920f-4,Native,,BiSheng clang 19.1.7,vecops,0b7a801a0b816f70245d24001a70ce0561c23389+dirty,SVE/SVE2/SME; VL=SVL=512b,,A12_gsa_pv_r128,af3,gsa_pv,32x128x128,4,128,128,gemm,bf16xbf16_acc_fp32,AllConst,raw_e2e,native,row_contiguous,default,auto,auto,auto,1.0,1.0,0.0,128.0,,,,,12.523507510411205,12.517954031736389,12.531581489962432,0.0005298954295727593,334.91447955080764,46603.240693608925,3721.2610488608016,3721.2610488608016,TokenDynamic,12.632458898212803,12.523507510411205,0.9913752826207879,1.0,ok,,benchmarks/ops/matmul-otherlibs/results/raw/rebench-current/arm/920f-4_MatmulOtherlibsVecopsAF3AttentionBench_meta-pack-20260904.json
meta-pack-20260904,920f-4,Native,,BiSheng clang 19.1.7,vecops,0b7a801a0b816f70245d24001a70ce0561c23389+dirty,SVE/SVE2/SME; VL=SVL=512b,,A12_gsa_pv_r128,af3,gsa_pv,32x128x128,4,128,128,gemm,bf16xbf16_acc_fp32,TokenDynamic,raw_e2e,native,row_contiguous,default,auto,auto,auto,1.0,1.0,0.0,128.0,,,,,12.632458898212803,12.62636881278,12.639109238417864,0.0005357850509250871,332.02593681847605,46603.240693608925,3689.1662240201067,3689.1662240201067,TokenDynamic,12.632458898212803,12.523507510411205,1.0,1.0086997502665307,ok,,benchmarks/ops/matmul-otherlibs/results/raw/rebench-current/arm/920f-4_MatmulOtherlibsVecopsAF3AttentionBench_meta-pack-20260904.json
meta-pack-20260904,920f-4,Native,,BiSheng clang 19.1.7,ACL,2a8ca9840a3112d12d6cc68e49e6c833f9759fd6,SVE/SVE2/SME; VL=SVL=512b,a64_hybrid_bf16fp32_mmla_6x16,A12_gsa_pv_r128,af3,gsa_pv,32x128x128,4,128,128,gemm_add,bf16xbf16_acc_fp32,NA,prepared_execute,native,row_contiguous,default,auto,auto,auto,1.0,0.0,1.0,128.0,128.0,32.0,,,154.96712155326938,154.94640374688055,155.0520247928139,0.0003837246171002584,27.065766970177755,46601.800713688135,,300.7205673473708,TokenDynamic,13.95545264887995,14.01933509091717,11.104413841116568,11.053813932564411,ok,,benchmarks/ops/matmul-otherlibs/results/raw/rebench-current/arm/920f-4_MatmulOtherlibsACLBench_meta-pack-20260904.json
meta-pack-20260904,920f-4,Native,,BiSheng clang 19.1.7,LIBXSMM,3668d249637792dcc988414eb3d2a374033743df,SVE/SVE2/SME; VL=SVL=512b,,A12_gsa_pv_r128,af3,gsa_pv,32x128x128,4,128,128,gemm_add,bf16xbf16_acc_fp32,NA,prepared_execute,native,row_contiguous,default,auto,auto,auto,0.0,0.0,1.0,128.0,,,1.0,0.0,8345.022770192692,8334.557147806181,8350.079292979312,0.0008664166160429324,0.5026114506219796,46601.800713688135,,5.584382690978813,TokenDynamic,13.95545264887995,14.01933509091717,597.9757862502909,595.2509670447392,ok,,benchmarks/ops/matmul-otherlibs/results/raw/rebench-current/arm/920f-4_MatmulOtherlibsLIBXSMMBench_meta-pack-20260904.json
meta-pack-20260904,920f-4,Native,,BiSheng clang 19.1.7,oneDNN,0e2a5bfeef1bfbffc3137464606540233086ce9b,SVE/SVE2/SME; VL=SVL=512b,brg:sve_512,A12_gsa_pv_r128,af3,gsa_pv,32x128x128,4,128,128,gemm_add,bf16xbf16_acc_fp32,NA,prepared_execute,native,row_contiguous,default,auto,auto,auto,1.0,0.0,1.0,128.0,,,,,44.80007053430205,44.58823535677003,44.845838645665815,0.0043333637629574895,93.62270974079269,46601.800713688135,,1040.2171281852459,TokenDynamic,13.95545264887995,14.01933509091717,3.2102198088069653,3.195591677049439,ok,,benchmarks/ops/matmul-otherlibs/results/raw/rebench-current/arm/920f-4_MatmulOtherlibsOneDNNBench_meta-pack-20260904.json
meta-pack-20260904,920f-4,Native,,BiSheng clang 19.1.7,KUPL-MMA,bd7059eae348f1d77f73a9fbb1cadfe7a6405fb8,SVE/SVE2/SME; VL=SVL=512b,KP36_16x64x2_BF16BF16F32+vecops_transpose_pack,A12_gsa_pv_r128,af3,gsa_pv,32x128x128,4,128,128,gemm_add,bf16xbf16_acc_fp32,NA,raw_e2e,native_accumulate,row_contiguous,default,auto,auto,auto,0.0,1.0,0.0,128.0,,,2.0,,168.44079406424004,167.51497995221254,168.66998701836124,0.003259627752520338,24.900761263333717,46601.800713688135,276.6657624275692,276.6657624275692,TokenDynamic,13.95545264887995,14.01933509091717,12.069891124438655,12.014891788510658,ok,,benchmarks/ops/matmul-otherlibs/results/raw/rebench-current/arm/920f-4_MatmulOtherlibsKUPLBench_meta-pack-20260904.json
meta-pack-20260904,920f-4,Native,,BiSheng clang 19.1.7,OpenBLAS,e0166008be8e466242aa76b2ff75ce3f0fbf574a,SVE/SVE2/SME; VL=SVL=512b,ARMV8SVE,A12_gsa_pv_r128,af3,gsa_pv,32x128x128,4,128,128,gemm_add,bf16xbf16_acc_fp32,NA,raw_e2e,native,row_contiguous,default,auto,auto,auto,0.0,1.0,0.0,128.0,,,1.0,,46601.800713688135,46570.75305779775,46608.38649918636,0.00056117298132337,0.09000304571424053,46601.800713688135,1.0,1.0,TokenDynamic,13.95545264887995,14.01933509091717,3339.325630360571,3324.1091971530414,ok,,benchmarks/ops/matmul-otherlibs/results/raw/rebench-current/arm/920f-4_MatmulOtherlibsOpenBLASBench_meta-pack-20260904.json
meta-pack-20260904,920f-4,Native,,BiSheng clang 19.1.7,vecops,0b7a801a0b816f70245d24001a70ce0561c23389+dirty,SVE/SVE2/SME; VL=SVL=512b,,A12_gsa_pv_r128,af3,gsa_pv,32x128x128,4,128,128,gemm_add,bf16xbf16_acc_fp32,AllConst,raw_e2e,native,row_contiguous,default,auto,auto,auto,1.0,1.0,0.0,128.0,,,,,14.01933509091717,14.014834410023157,14.037672199473677,0.000804427549752111,299.17995203049253,46601.800713688135,3324.1091971530414,3324.1091971530414,TokenDynamic,13.95545264887995,14.01933509091717,1.0045775972764557,1.0,ok,,benchmarks/ops/matmul-otherlibs/results/raw/rebench-current/arm/920f-4_MatmulOtherlibsVecopsAF3AttentionBench_meta-pack-20260904.json
meta-pack-20260904,920f-4,Native,,BiSheng clang 19.1.7,vecops,0b7a801a0b816f70245d24001a70ce0561c23389+dirty,SVE/SVE2/SME; VL=SVL=512b,,A12_gsa_pv_r128,af3,gsa_pv,32x128x128,4,128,128,gemm_add,bf16xbf16_acc_fp32,TokenDynamic,raw_e2e,native,row_contiguous,default,auto,auto,auto,1.0,1.0,0.0,128.0,,,,,13.95545264887995,13.951830508052181,13.965712779532412,0.000460302142862894,300.5494773640775,46601.800713688135,3339.325630360571,3339.325630360571,TokenDynamic,13.95545264887995,14.01933509091717,1.0,0.9954432616366657,ok,,benchmarks/ops/matmul-otherlibs/results/raw/rebench-current/arm/920f-4_MatmulOtherlibsVecopsAF3AttentionBench_meta-pack-20260904.json
meta-pack-all-20260904,920f-4,Native,,BiSheng clang 19.1.7,vecops,0b7a801a0b816f70245d24001a70ce0561c23389+dirty,SVE/SVE2/SME; VL=SVL=512b,,A13_gsa_pv_r512,af3,gsa_pv,32x512x512,4,512,128,gemm,bf16xbf16_acc_fp32,AllConst,raw_e2e,native,row_contiguous,default,auto,auto,auto,1.0,1.0,0.0,512.0,,,,,282.83234123849434,282.6192704696766,283.34127697595943,0.0012672423944401908,237.27436440308435,,,,TokenDynamic,282.15394153223804,282.83234123849434,1.0024043601963248,1.0,ok,,benchmarks/ops/matmul-otherlibs/results/raw/rebench-current/arm-all-vecops/920f-4_MatmulOtherlibsVecopsAF3AttentionBench_meta-pack-all-20260904.json
meta-pack-all-20260904,920f-4,Native,,BiSheng clang 19.1.7,vecops,0b7a801a0b816f70245d24001a70ce0561c23389+dirty,SVE/SVE2/SME; VL=SVL=512b,,A13_gsa_pv_r512,af3,gsa_pv,32x512x512,4,512,128,gemm,bf16xbf16_acc_fp32,TokenDynamic,raw_e2e,native,row_contiguous,default,auto,auto,auto,1.0,1.0,0.0,512.0,,,,,282.15394153223804,281.8254315677811,282.99825609818436,0.0019153129415598463,237.8448574404634,,,,TokenDynamic,282.15394153223804,282.83234123849434,1.0,0.9976014068854868,ok,,benchmarks/ops/matmul-otherlibs/results/raw/rebench-current/arm-all-vecops/920f-4_MatmulOtherlibsVecopsAF3AttentionBench_meta-pack-all-20260904.json
meta-pack-all-20260904,920f-4,Native,,BiSheng clang 19.1.7,vecops,0b7a801a0b816f70245d24001a70ce0561c23389+dirty,SVE/SVE2/SME; VL=SVL=512b,,A13_gsa_pv_r512,af3,gsa_pv,32x512x512,4,512,128,gemm_add,bf16xbf16_acc_fp32,AllConst,raw_e2e,native,row_contiguous,default,auto,auto,auto,1.0,1.0,0.0,512.0,,,,,305.96127186942357,305.66163624272394,306.4286010339856,0.0012079119034918999,219.33777301278948,,,,TokenDynamic,308.3458090990001,305.96127186942357,0.9922666786471194,1.0,ok,,benchmarks/ops/matmul-otherlibs/results/raw/rebench-current/arm-all-vecops/920f-4_MatmulOtherlibsVecopsAF3AttentionBench_meta-pack-all-20260904.json
meta-pack-all-20260904,920f-4,Native,,BiSheng clang 19.1.7,vecops,0b7a801a0b816f70245d24001a70ce0561c23389+dirty,SVE/SVE2/SME; VL=SVL=512b,,A13_gsa_pv_r512,af3,gsa_pv,32x512x512,4,512,128,gemm_add,bf16xbf16_acc_fp32,TokenDynamic,raw_e2e,native,row_contiguous,default,auto,auto,auto,1.0,1.0,0.0,512.0,,,,,308.3458090990001,308.17621261467053,308.9475703698189,0.001506068359258397,217.6415635292564,,,,TokenDynamic,308.3458090990001,305.96127186942357,1.0,1.0077935917020053,ok,,benchmarks/ops/matmul-otherlibs/results/raw/rebench-current/arm-all-vecops/920f-4_MatmulOtherlibsVecopsAF3AttentionBench_meta-pack-all-20260904.json
meta-pack-all-20260904,920f-4,Native,,BiSheng clang 19.1.7,vecops,0b7a801a0b816f70245d24001a70ce0561c23389+dirty,SVE/SVE2/SME; VL=SVL=512b,,A14_gsa_pv_r1536,af3,gsa_pv,32x1536x1536,4,1536,128,gemm,bf16xbf16_acc_fp32,AllConst,raw_e2e,native,row_contiguous,default,auto,auto,auto,1.0,1.0,0.0,1536.0,,,,,2264.8088258480834,2263.8412432805185,2268.5869626941217,0.0011200659334235663,266.6802465209543,,,,TokenDynamic,2406.221404040264,2264.8088258480834,0.9412304379161718,1.0,ok,,benchmarks/ops/matmul-otherlibs/results/raw/rebench-current/arm-all-vecops/920f-4_MatmulOtherlibsVecopsAF3AttentionBench_meta-pack-all-20260904.json
meta-pack-all-20260904,920f-4,Native,,BiSheng clang 19.1.7,vecops,0b7a801a0b816f70245d24001a70ce0561c23389+dirty,SVE/SVE2/SME; VL=SVL=512b,,A14_gsa_pv_r1536,af3,gsa_pv,32x1536x1536,4,1536,128,gemm,bf16xbf16_acc_fp32,TokenDynamic,raw_e2e,native,row_contiguous,default,auto,auto,auto,1.0,1.0,0.0,1536.0,,,,,2406.221404040264,2401.7100317119543,2418.3625323792644,0.003166039107945341,251.0075652165105,,,,TokenDynamic,2406.221404040264,2264.8088258480834,1.0,1.0624390794393992,ok,,benchmarks/ops/matmul-otherlibs/results/raw/rebench-current/arm-all-vecops/920f-4_MatmulOtherlibsVecopsAF3AttentionBench_meta-pack-all-20260904.json
meta-pack-all-20260904,920f-4,Native,,BiSheng clang 19.1.7,vecops,0b7a801a0b816f70245d24001a70ce0561c23389+dirty,SVE/SVE2/SME; VL=SVL=512b,,A14_gsa_pv_r1536,af3,gsa_pv,32x1536x1536,4,1536,128,gemm_add,bf16xbf16_acc_fp32,AllConst,raw_e2e,native,row_contiguous,default,auto,auto,auto,1.0,1.0,0.0,1536.0,,,,,2347.20166772604,2346.193705064555,2349.646928099294,0.0007292711113565681,257.3190809740406,,,,TokenDynamic,2446.606371290328,2347.20166772604,0.9593703732930842,1.0,ok,,benchmarks/ops/matmul-otherlibs/results/raw/rebench-current/arm-all-vecops/920f-4_MatmulOtherlibsVecopsAF3AttentionBench_meta-pack-all-20260904.json
meta-pack-all-20260904,920f-4,Native,,BiSheng clang 19.1.7,vecops,0b7a801a0b816f70245d24001a70ce0561c23389+dirty,SVE/SVE2/SME; VL=SVL=512b,,A14_gsa_pv_r1536,af3,gsa_pv,32x1536x1536,4,1536,128,gemm_add,bf16xbf16_acc_fp32,TokenDynamic,raw_e2e,native,row_contiguous,default,auto,auto,auto,1.0,1.0,0.0,1536.0,,,,,2446.606371290328,2437.9390242852664,2447.7350525557995,0.0018568312931989508,246.86430276949866,,,,TokenDynamic,2446.606371290328,2347.20166772604,1.0,1.0423503037387456,ok,,benchmarks/ops/matmul-otherlibs/results/raw/rebench-current/arm-all-vecops/920f-4_MatmulOtherlibsVecopsAF3AttentionBench_meta-pack-all-20260904.json
meta-pack-all-20260904,920f-4,Native,,BiSheng clang 19.1.7,vecops,0b7a801a0b816f70245d24001a70ce0561c23389+dirty,SVE/SVE2/SME; VL=SVL=512b,,A15_gsa_pv_r2048,af3,gsa_pv,32x2048x2048,4,2048,32,gemm,bf16xbf16_acc_fp32,AllConst,raw_e2e,native,row_contiguous,default,auto,auto,auto,1.0,1.0,0.0,2048.0,,,,,4970.696355615343,4969.453173024313,4978.506410095309,0.0012151565987266306,216.0143664351988,,,,TokenDynamic,5196.020731495485,4970.696355615343,0.9566352046067972,1.0,ok,,benchmarks/ops/matmul-otherlibs/results/raw/rebench-current/arm-all-vecops/920f-4_MatmulOtherlibsVecopsAF3AttentionBench_meta-pack-all-20260904.json
meta-pack-all-20260904,920f-4,Native,,BiSheng clang 19.1.7,vecops,0b7a801a0b816f70245d24001a70ce0561c23389+dirty,SVE/SVE2/SME; VL=SVL=512b,,A15_gsa_pv_r2048,af3,gsa_pv,32x2048x2048,4,2048,32,gemm,bf16xbf16_acc_fp32,TokenDynamic,raw_e2e,native,row_contiguous,default,auto,auto,auto,1.0,1.0,0.0,2048.0,,,,,5196.020731495485,5192.195689650597,5215.974721229738,0.002640759591532765,206.6469476327441,,,,TokenDynamic,5196.020731495485,4970.696355615343,1.0,1.0453305452113555,ok,,benchmarks/ops/matmul-otherlibs/results/raw/rebench-current/arm-all-vecops/920f-4_MatmulOtherlibsVecopsAF3AttentionBench_meta-pack-all-20260904.json
meta-pack-all-20260904,920f-4,Native,,BiSheng clang 19.1.7,vecops,0b7a801a0b816f70245d24001a70ce0561c23389+dirty,SVE/SVE2/SME; VL=SVL=512b,,A15_gsa_pv_r2048,af3,gsa_pv,32x2048x2048,4,2048,32,gemm_add,bf16xbf16_acc_fp32,AllConst,raw_e2e,native,row_contiguous,default,auto,auto,auto,1.0,1.0,0.0,2048.0,,,,,5059.7337872854305,5055.264559840517,5065.284463177834,0.0009326710585309807,212.21310628993928,,,,TokenDynamic,5239.730217942485,5059.7337872854305,0.9656477675051494,1.0,ok,,benchmarks/ops/matmul-otherlibs/results/raw/rebench-current/arm-all-vecops/920f-4_MatmulOtherlibsVecopsAF3AttentionBench_meta-pack-all-20260904.json
meta-pack-all-20260904,920f-4,Native,,BiSheng clang 19.1.7,vecops,0b7a801a0b816f70245d24001a70ce0561c23389+dirty,SVE/SVE2/SME; VL=SVL=512b,,A15_gsa_pv_r2048,af3,gsa_pv,32x2048x2048,4,2048,32,gemm_add,bf16xbf16_acc_fp32,TokenDynamic,raw_e2e,native,row_contiguous,default,auto,auto,auto,1.0,1.0,0.0,2048.0,,,,,5239.730217942485,5234.793728838364,5274.106120621717,0.003914891610614306,204.92311232421284,,,,TokenDynamic,5239.730217942485,5059.7337872854305,1.0,1.0355742887322188,ok,,benchmarks/ops/matmul-otherlibs/results/raw/rebench-current/arm-all-vecops/920f-4_MatmulOtherlibsVecopsAF3AttentionBench_meta-pack-all-20260904.json
meta-pack-20260904,920f-4,Native,,BiSheng clang 19.1.7,ACL,2a8ca9840a3112d12d6cc68e49e6c833f9759fd6,SVE/SVE2/SME; VL=SVL=512b,sme_interleaved_nomerge_bf16fp32_mopa_2VLx2VL,A16_tri_mul_r128,af3,triangle_multiplication,128x128x128,128,128,0,gemm,bf16xbf16_acc_fp32,NA,prepared_execute,native,row_contiguous,default,auto,auto,auto,1.0,0.0,1.0,2.0,128.0,32.0,,,2621.8220591545105,2620.0207864382755,2622.4816149031676,0.00048374002534558894,204.77015597814102,5965631.311759353,,2275.3761228491453,TokenDynamic,1585.849611412572,2247.270507117112,1.6532602084627441,1.166669544610314,ok,,benchmarks/ops/matmul-otherlibs/results/raw/rebench-current/arm/920f-4_MatmulOtherlibsACLBench_meta-pack-20260904.json
meta-pack-20260904,920f-4,Native,,BiSheng clang 19.1.7,LIBXSMM,3668d249637792dcc988414eb3d2a374033743df,SVE/SVE2/SME; VL=SVL=512b,,A16_tri_mul_r128,af3,triangle_multiplication,128x128x128,128,128,0,gemm,bf16xbf16_acc_fp32,NA,prepared_execute,native,row_contiguous,default,auto,auto,auto,0.0,0.0,1.0,2.0,,,1.0,0.0,1098148.4223157167,1096107.806451619,1100079.55217734,0.0018207777513339575,0.4888873863406144,5965631.311759353,,5.432445369433166,TokenDynamic,1585.849611412572,2247.270507117112,692.4669365953039,488.65876130082137,ok,,benchmarks/ops/matmul-otherlibs/results/raw/rebench-current/arm/920f-4_MatmulOtherlibsLIBXSMMBench_meta-pack-20260904.json
meta-pack-20260904,920f-4,Native,,BiSheng clang 19.1.7,oneDNN,0e2a5bfeef1bfbffc3137464606540233086ce9b,SVE/SVE2/SME; VL=SVL=512b,brg:sve_512,A16_tri_mul_r128,af3,triangle_multiplication,128x128x128,128,128,0,gemm,bf16xbf16_acc_fp32,NA,prepared_execute,native,row_contiguous,default,auto,auto,auto,1.0,0.0,1.0,2.0,,,,,5710.685923695564,5708.850357681514,5715.615183115006,0.0006304767383396747,94.01163348387648,5965631.311759353,,1044.6435667221574,TokenDynamic,1585.849611412572,2247.270507117112,3.601026151911628,2.5411653406253523,ok,,benchmarks/ops/matmul-otherlibs/results/raw/rebench-current/arm/920f-4_MatmulOtherlibsOneDNNBench_meta-pack-20260904.json
meta-pack-20260904,920f-4,Native,,BiSheng clang 19.1.7,KUPL-MMA,bd7059eae348f1d77f73a9fbb1cadfe7a6405fb8,SVE/SVE2/SME; VL=SVL=512b,KP36_16x64x2_BF16BF16F32+vecops_transpose_pack,A16_tri_mul_r128,af3,triangle_multiplication,128x128x128,128,128,0,gemm,bf16xbf16_acc_fp32,NA,raw_e2e,native_accumulate,row_contiguous,default,auto,auto,auto,0.0,1.0,0.0,2.0,,,1.0,,8638.26705608517,8537.322422489526,8659.73450127058,0.006535514949002578,62.150302660740834,5965631.311759353,690.605103202604,690.605103202604,TokenDynamic,1585.849611412572,2247.270507117112,5.447090943504259,3.843892859683671,ok,,benchmarks/ops/matmul-otherlibs/results/raw/rebench-current/arm/920f-4_MatmulOtherlibsKUPLBench_meta-pack-20260904.json
meta-pack-20260904,920f-4,Native,,BiSheng clang 19.1.7,OpenBLAS,e0166008be8e466242aa76b2ff75ce3f0fbf574a,SVE/SVE2/SME; VL=SVL=512b,ARMV8SVE,A16_tri_mul_r128,af3,triangle_multiplication,128x128x128,128,128,0,gemm,bf16xbf16_acc_fp32,NA,raw_e2e,native,row_contiguous,default,auto,auto,auto,0.0,1.0,0.0,2.0,,,1.0,,5965631.311759353,5965170.782804489,5975041.298754514,0.0007750982274672593,0.08999398118045429,5965631.311759353,1.0,1.0,TokenDynamic,1585.849611412572,2247.270507117112,3761.7888031927287,2654.612025061594,ok,,benchmarks/ops/matmul-otherlibs/results/raw/rebench-current/arm/920f-4_MatmulOtherlibsOpenBLASBench_meta-pack-20260904.json
meta-pack-20260904,920f-4,Native,,BiSheng clang 19.1.7,vecops,0b7a801a0b816f70245d24001a70ce0561c23389+dirty,SVE/SVE2/SME; VL=SVL=512b,,A16_tri_mul_r128,af3,triangle_multiplication,128x128x128,128,128,0,gemm,bf16xbf16_acc_fp32,AllConst,raw_e2e,native,row_contiguous,default,auto,auto,auto,1.0,1.0,0.0,2.0,,,,,2247.270507117112,2245.977917124355,2249.1339668040237,0.0007547920653652683,238.89910462480074,5965631.311759353,2654.612025061594,2654.612025061594,TokenDynamic,1585.849611412572,2247.270507117112,1.4170766830250627,1.0,ok,,benchmarks/ops/matmul-otherlibs/results/raw/rebench-current/arm/920f-4_MatmulOtherlibsVecopsAF3TriangleBench_meta-pack-20260904.json
meta-pack-20260904,920f-4,Native,,BiSheng clang 19.1.7,vecops,0b7a801a0b816f70245d24001a70ce0561c23389+dirty,SVE/SVE2/SME; VL=SVL=512b,,A16_tri_mul_r128,af3,triangle_multiplication,128x128x128,128,128,0,gemm,bf16xbf16_acc_fp32,TokenDynamic,raw_e2e,native,row_contiguous,default,auto,auto,auto,1.0,1.0,0.0,2.0,,,,,1585.849611412572,1536.2905368775778,1883.4348767995834,0.10316612767828065,338.5383507593701,5965631.311759353,3761.7888031927287,3761.7888031927287,TokenDynamic,1585.849611412572,2247.270507117112,1.0,0.7056781132445701,ok,,benchmarks/ops/matmul-otherlibs/results/raw/rebench-current/arm/920f-4_MatmulOtherlibsVecopsAF3TriangleBench_meta-pack-20260904.json
meta-pack-20260904,920f-4,Native,,BiSheng clang 19.1.7,ACL,2a8ca9840a3112d12d6cc68e49e6c833f9759fd6,SVE/SVE2/SME; VL=SVL=512b,a64_hybrid_bf16fp32_mmla_6x16,A16_tri_mul_r128,af3,triangle_multiplication,128x128x128,128,128,0,gemm_add,bf16xbf16_acc_fp32,NA,prepared_execute,native,row_contiguous,default,auto,auto,auto,1.0,0.0,1.0,2.0,128.0,48.0,,,20449.535588600807,20442.87919998169,20491.944293358498,0.0011277391539760554,26.253452538025762,5965705.345850438,,291.7281578353253,TokenDynamic,2841.275185346604,2836.2940996885304,7.19730904421572,7.209948922732127,ok,,benchmarks/ops/matmul-otherlibs/results/raw/rebench-current/arm/920f-4_MatmulOtherlibsACLBench_meta-pack-20260904.json
meta-pack-20260904,920f-4,Native,,BiSheng clang 19.1.7,LIBXSMM,3668d249637792dcc988414eb3d2a374033743df,SVE/SVE2/SME; VL=SVL=512b,,A16_tri_mul_r128,af3,triangle_multiplication,128x128x128,128,128,0,gemm_add,bf16xbf16_acc_fp32,NA,prepared_execute,native,row_contiguous,default,auto,auto,auto,0.0,0.0,1.0,2.0,,,1.0,0.0,1097396.6708406806,1095520.379580557,1099237.818084657,0.0015429904246043757,0.4892222896837479,5965705.345850438,,5.436234229943764,TokenDynamic,2841.275185346604,2836.2940996885304,386.2338560165936,386.9121580026528,ok,,benchmarks/ops/matmul-otherlibs/results/raw/rebench-current/arm/920f-4_MatmulOtherlibsLIBXSMMBench_meta-pack-20260904.json
meta-pack-20260904,920f-4,Native,,BiSheng clang 19.1.7,oneDNN,0e2a5bfeef1bfbffc3137464606540233086ce9b,SVE/SVE2/SME; VL=SVL=512b,brg:sve_512,A16_tri_mul_r128,af3,triangle_multiplication,128x128x128,128,128,0,gemm_add,bf16xbf16_acc_fp32,NA,prepared_execute,native,row_contiguous,default,auto,auto,auto,1.0,0.0,1.0,2.0,,,,,6591.985512170053,6574.742819759108,6599.462945901212,0.0017819209663687999,81.44297511103971,5965705.345850438,,904.9936980044354,TokenDynamic,2841.275185346604,2836.2940996885304,2.32007992262316,2.3241544354987576,ok,,benchmarks/ops/matmul-otherlibs/results/raw/rebench-current/arm/920f-4_MatmulOtherlibsOneDNNBench_meta-pack-20260904.json
meta-pack-20260904,920f-4,Native,,BiSheng clang 19.1.7,KUPL-MMA,bd7059eae348f1d77f73a9fbb1cadfe7a6405fb8,SVE/SVE2/SME; VL=SVL=512b,KP36_16x64x2_BF16BF16F32+vecops_transpose_pack,A16_tri_mul_r128,af3,triangle_multiplication,128x128x128,128,128,0,gemm_add,bf16xbf16_acc_fp32,NA,raw_e2e,native_accumulate,row_contiguous,default,auto,auto,auto,0.0,1.0,0.0,2.0,,,1.0,,12060.253880918026,11977.370160942277,12074.466220413646,0.003925359061151633,44.51572224772547,5965705.345850438,494.65835501933304,494.65835501933304,TokenDynamic,2841.275185346604,2836.2940996885304,4.244662376638752,4.252116831693311,ok,,benchmarks/ops/matmul-otherlibs/results/raw/rebench-current/arm/920f-4_MatmulOtherlibsKUPLBench_meta-pack-20260904.json
meta-pack-20260904,920f-4,Native,,BiSheng clang 19.1.7,OpenBLAS,e0166008be8e466242aa76b2ff75ce3f0fbf574a,SVE/SVE2/SME; VL=SVL=512b,ARMV8SVE,A16_tri_mul_r128,af3,triangle_multiplication,128x128x128,128,128,0,gemm_add,bf16xbf16_acc_fp32,NA,raw_e2e,native,row_contiguous,default,auto,auto,auto,0.0,1.0,0.0,2.0,,,1.0,,5965705.345850438,5965215.250756591,5966364.764980971,9.96102622440735e-05,0.0899928643598583,5965705.345850438,1.0,1.0,TokenDynamic,2841.275185346604,2836.2940996885304,2099.6577088405775,2103.3451173154313,ok,,benchmarks/ops/matmul-otherlibs/results/raw/rebench-current/arm/920f-4_MatmulOtherlibsOpenBLASBench_meta-pack-20260904.json
meta-pack-20260904,920f-4,Native,,BiSheng clang 19.1.7,vecops,0b7a801a0b816f70245d24001a70ce0561c23389+dirty,SVE/SVE2/SME; VL=SVL=512b,,A16_tri_mul_r128,af3,triangle_multiplication,128x128x128,128,128,0,gemm_add,bf16xbf16_acc_fp32,AllConst,raw_e2e,native,row_contiguous,default,auto,auto,auto,1.0,1.0,0.0,2.0,,,,,2836.2940996885304,2831.572715193033,2840.552646666765,0.0014463674328712213,189.28605184453787,5965705.345850438,2103.3451173154313,2103.3451173154313,TokenDynamic,2841.275185346604,2836.2940996885304,0.9982468837641062,1.0,ok,,benchmarks/ops/matmul-otherlibs/results/raw/rebench-current/arm/920f-4_MatmulOtherlibsVecopsAF3TriangleBench_meta-pack-20260904.json
meta-pack-20260904,920f-4,Native,,BiSheng clang 19.1.7,vecops,0b7a801a0b816f70245d24001a70ce0561c23389+dirty,SVE/SVE2/SME; VL=SVL=512b,,A16_tri_mul_r128,af3,triangle_multiplication,128x128x128,128,128,0,gemm_add,bf16xbf16_acc_fp32,TokenDynamic,raw_e2e,native,row_contiguous,default,auto,auto,auto,1.0,1.0,0.0,2.0,,,,,2841.275185346604,2839.827209711075,2849.9197326600556,0.0018225672035408335,188.95421139382094,5965705.345850438,2099.6577088405775,2099.6577088405775,TokenDynamic,2841.275185346604,2836.2940996885304,1.0,1.0017561950499494,ok,,benchmarks/ops/matmul-otherlibs/results/raw/rebench-current/arm/920f-4_MatmulOtherlibsVecopsAF3TriangleBench_meta-pack-20260904.json
meta-pack-all-20260904,920f-4,Native,,BiSheng clang 19.1.7,vecops,0b7a801a0b816f70245d24001a70ce0561c23389+dirty,SVE/SVE2/SME; VL=SVL=512b,,A17_tri_mul_r512,af3,triangle_multiplication,512x512x512,128,512,0,gemm,bf16xbf16_acc_fp32,AllConst,raw_e2e,native,row_contiguous,default,auto,auto,auto,1.0,1.0,0.0,2.0,,,,,78481.88164643943,78260.4368403554,78553.6764189601,0.0017220311090565166,437.8047218947997,,,,TokenDynamic,78233.37707668543,78481.88164643943,1.0031764520341544,1.0,ok,,benchmarks/ops/matmul-otherlibs/results/raw/rebench-current/arm-all-vecops/920f-4_MatmulOtherlibsVecopsAF3TriangleBench_meta-pack-all-20260904.json
meta-pack-all-20260904,920f-4,Native,,BiSheng clang 19.1.7,vecops,0b7a801a0b816f70245d24001a70ce0561c23389+dirty,SVE/SVE2/SME; VL=SVL=512b,,A17_tri_mul_r512,af3,triangle_multiplication,512x512x512,128,512,0,gemm,bf16xbf16_acc_fp32,TokenDynamic,raw_e2e,native,row_contiguous,default,auto,auto,auto,1.0,1.0,0.0,2.0,,,,,78233.37707668543,78131.82733952999,78714.16504494847,0.005861135860504977,439.1953875942248,,,,TokenDynamic,78233.37707668543,78481.88164643943,1.0,0.9968336058649369,ok,,benchmarks/ops/matmul-otherlibs/results/raw/rebench-current/arm-all-vecops/920f-4_MatmulOtherlibsVecopsAF3TriangleBench_meta-pack-all-20260904.json
meta-pack-all-20260904,920f-4,Native,,BiSheng clang 19.1.7,vecops,0b7a801a0b816f70245d24001a70ce0561c23389+dirty,SVE/SVE2/SME; VL=SVL=512b,,A17_tri_mul_r512,af3,triangle_multiplication,512x512x512,128,512,0,gemm_add,bf16xbf16_acc_fp32,AllConst,raw_e2e,native,row_contiguous,default,auto,auto,auto,1.0,1.0,0.0,2.0,,,,,134231.46959394217,134082.4433602393,134538.66355121136,0.001809511648065801,255.97379267276267,,,,TokenDynamic,134410.850238055,134231.46959394217,0.9986654303295075,1.0,ok,,benchmarks/ops/matmul-otherlibs/results/raw/rebench-current/arm-all-vecops/920f-4_MatmulOtherlibsVecopsAF3TriangleBench_meta-pack-all-20260904.json
meta-pack-all-20260904,920f-4,Native,,BiSheng clang 19.1.7,vecops,0b7a801a0b816f70245d24001a70ce0561c23389+dirty,SVE/SVE2/SME; VL=SVL=512b,,A17_tri_mul_r512,af3,triangle_multiplication,512x512x512,128,512,0,gemm_add,bf16xbf16_acc_fp32,TokenDynamic,raw_e2e,native,row_contiguous,default,auto,auto,auto,1.0,1.0,0.0,2.0,,,,,134410.850238055,134300.80404505137,134559.95451658964,0.0010878807865965573,255.63217781262065,,,,TokenDynamic,134410.850238055,134231.46959394217,1.0,1.0013363531268447,ok,,benchmarks/ops/matmul-otherlibs/results/raw/rebench-current/arm-all-vecops/920f-4_MatmulOtherlibsVecopsAF3TriangleBench_meta-pack-all-20260904.json
meta-pack-all-20260904,920f-4,Native,,BiSheng clang 19.1.7,vecops,0b7a801a0b816f70245d24001a70ce0561c23389+dirty,SVE/SVE2/SME; VL=SVL=512b,,A18_tri_mul_r1536_ch1,af3,triangle_multiplication,1536x1536x1536,1,1536,0,gemm,bf16xbf16_acc_fp32,AllConst,raw_e2e,native,row_contiguous,default,auto,auto,auto,0.0,1.0,0.0,256.0,,,,,12848.919807848606,12835.545448417015,12856.581663204866,0.0007850638352649659,564.0752234730888,,,,TokenDynamic,13922.68002964556,12848.919807848606,0.9228769016086992,1.0,ok,,benchmarks/ops/matmul-otherlibs/results/raw/rebench-current/arm-all-vecops/920f-4_MatmulOtherlibsVecopsAF3TriangleBench_meta-pack-all-20260904.json
meta-pack-all-20260904,920f-4,Native,,BiSheng clang 19.1.7,vecops,0b7a801a0b816f70245d24001a70ce0561c23389+dirty,SVE/SVE2/SME; VL=SVL=512b,,A18_tri_mul_r1536_ch1,af3,triangle_multiplication,1536x1536x1536,1,1536,0,gemm,bf16xbf16_acc_fp32,TokenDynamic,raw_e2e,native,row_contiguous,default,auto,auto,auto,0.0,1.0,0.0,256.0,,,,,13922.68002964556,13907.446321099998,13989.298650994897,0.003032836187474679,520.5719945130787,,,,TokenDynamic,13922.68002964556,12848.919807848606,1.0,1.0835681316293266,ok,,benchmarks/ops/matmul-otherlibs/results/raw/rebench-current/arm-all-vecops/920f-4_MatmulOtherlibsVecopsAF3TriangleBench_meta-pack-all-20260904.json
meta-pack-all-20260904,920f-4,Native,,BiSheng clang 19.1.7,vecops,0b7a801a0b816f70245d24001a70ce0561c23389+dirty,SVE/SVE2/SME; VL=SVL=512b,,A18_tri_mul_r1536_ch1,af3,triangle_multiplication,1536x1536x1536,1,1536,0,gemm_add,bf16xbf16_acc_fp32,AllConst,raw_e2e,native,row_contiguous,default,auto,auto,auto,0.0,1.0,0.0,256.0,,,,,13839.331408962606,13830.595239996908,13857.987327501178,0.0009908423738700257,523.7071862666877,,,,TokenDynamic,16197.771920512121,13839.331408962606,0.8543972267838336,1.0,ok,,benchmarks/ops/matmul-otherlibs/results/raw/rebench-current/arm-all-vecops/920f-4_MatmulOtherlibsVecopsAF3TriangleBench_meta-pack-all-20260904.json
meta-pack-all-20260904,920f-4,Native,,BiSheng clang 19.1.7,vecops,0b7a801a0b816f70245d24001a70ce0561c23389+dirty,SVE/SVE2/SME; VL=SVL=512b,,A18_tri_mul_r1536_ch1,af3,triangle_multiplication,1536x1536x1536,1,1536,0,gemm_add,bf16xbf16_acc_fp32,TokenDynamic,raw_e2e,native,row_contiguous,default,auto,auto,auto,0.0,1.0,0.0,256.0,,,,,16197.771920512121,16178.064068986308,16223.996856974232,0.0013749941687877507,447.45396759302247,,,,TokenDynamic,16197.771920512121,13839.331408962606,1.0,1.1704157839606433,ok,,benchmarks/ops/matmul-otherlibs/results/raw/rebench-current/arm-all-vecops/920f-4_MatmulOtherlibsVecopsAF3TriangleBench_meta-pack-all-20260904.json
meta-pack-20260904,920f-4,Native,,BiSheng clang 19.1.7,ACL,2a8ca9840a3112d12d6cc68e49e6c833f9759fd6,SVE/SVE2/SME; VL=SVL=512b,sme_interleaved_nomerge_bf16fp32_mopa_2VLx2VL,G01_square,general,square,256x256x256,1,0,0,gemm,bf16xbf16_acc_fp32,NA,prepared_execute,native,row_contiguous,default,auto,auto,auto,1.0,0.0,1.0,1.0,256.0,32.0,,,64.08588449355786,46.43732860556234,66.1894064143995,0.15204661290731333,523.5853771101968,396878.30582261086,,6192.912978559366,AllDynamic,66.78882882615459,66.65580579233055,0.9595299935617638,0.961444899386868,ok,,benchmarks/ops/matmul-otherlibs/results/raw/rebench-current/arm/920f-4_MatmulOtherlibsACLBench_meta-pack-20260904.json
meta-pack-20260904,920f-4,Native,,BiSheng clang 19.1.7,LIBXSMM,3668d249637792dcc988414eb3d2a374033743df,SVE/SVE2/SME; VL=SVL=512b,,G01_square,general,square,256x256x256,1,0,0,gemm,bf16xbf16_acc_fp32,NA,prepared_execute,native,row_contiguous,default,auto,auto,auto,0.0,0.0,1.0,1.0,,,1.0,0.0,66878.82216647267,66209.84068140386,66929.46376278996,0.005042077520554105,0.5017198406466752,396878.30582261086,,5.9342897043658125,AllDynamic,66.78882882615459,66.65580579233055,1001.3474310285083,1003.3457906853146,ok,,benchmarks/ops/matmul-otherlibs/results/raw/rebench-current/arm/920f-4_MatmulOtherlibsLIBXSMMBench_meta-pack-20260904.json
meta-pack-20260904,920f-4,Native,,BiSheng clang 19.1.7,oneDNN,0e2a5bfeef1bfbffc3137464606540233086ce9b,SVE/SVE2/SME; VL=SVL=512b,brg:sve_512,G01_square,general,square,256x256x256,1,0,0,gemm,bf16xbf16_acc_fp32,NA,prepared_execute,native,row_contiguous,default,auto,auto,auto,0.0,0.0,1.0,1.0,,,,,322.8704725323176,322.25172358771994,323.230622301775,0.0013064734027492246,103.92536591168579,396878.30582261086,,1229.2183385796775,AllDynamic,66.78882882615459,66.65580579233055,4.8341987456123965,4.843846214060279,ok,,benchmarks/ops/matmul-otherlibs/results/raw/rebench-current/arm/920f-4_MatmulOtherlibsOneDNNBench_meta-pack-20260904.json
meta-pack-20260904,920f-4,Native,,BiSheng clang 19.1.7,KUPL-MMA,bd7059eae348f1d77f73a9fbb1cadfe7a6405fb8,SVE/SVE2/SME; VL=SVL=512b,KP36_16x64x2_BF16BF16F32+vecops_transpose_pack,G01_square,general,square,256x256x256,1,0,0,gemm,bf16xbf16_acc_fp32,NA,raw_e2e,native_accumulate,row_contiguous,default,auto,auto,auto,0.0,1.0,0.0,1.0,,,1.0,,255.34894232722849,253.51889042014426,256.77883117036384,0.005542569500817704,131.40619144214097,396878.30582261086,1554.2586634802394,1554.2586634802394,AllDynamic,66.78882882615459,66.65580579233055,3.823228327477926,3.8308582319562783,ok,,benchmarks/ops/matmul-otherlibs/results/raw/rebench-current/arm/920f-4_MatmulOtherlibsKUPLBench_meta-pack-20260904.json
meta-pack-20260904,920f-4,Native,,BiSheng clang 19.1.7,OpenBLAS,e0166008be8e466242aa76b2ff75ce3f0fbf574a,SVE/SVE2/SME; VL=SVL=512b,ARMV8SVE,G01_square,general,square,256x256x256,1,0,0,gemm,bf16xbf16_acc_fp32,NA,raw_e2e,native,row_contiguous,default,auto,auto,auto,0.0,1.0,0.0,1.0,,,1.0,,396878.30582261086,396743.7782324851,397024.747543037,0.00037522858871029093,0.08454589607877817,396878.30582261086,1.0,1.0,AllDynamic,66.78882882615459,66.65580579233055,5942.2857504456315,5954.1445955826375,ok,,benchmarks/ops/matmul-otherlibs/results/raw/rebench-current/arm/920f-4_MatmulOtherlibsOpenBLASBench_meta-pack-20260904.json
meta-pack-20260904,920f-4,Native,,BiSheng clang 19.1.7,vecops,0b7a801a0b816f70245d24001a70ce0561c23389+dirty,SVE/SVE2/SME; VL=SVL=512b,,G01_square,general,square,256x256x256,1,0,0,gemm,bf16xbf16_acc_fp32,AllConst,raw_e2e,native,row_contiguous,default,auto,auto,auto,0.0,1.0,0.0,1.0,,,,,66.65580579233055,65.40829151299802,68.350527835632,0.02255845852147827,503.39849021614833,396878.30582261086,5954.1445955826375,5954.1445955826375,AllDynamic,66.78882882615459,66.65580579233055,0.9980083041406479,1.0,ok,,benchmarks/ops/matmul-otherlibs/results/raw/rebench-current/arm/920f-4_MatmulOtherlibsVecopsGeneralBench_meta-pack-20260904.json
meta-pack-20260904,920f-4,Native,,BiSheng clang 19.1.7,vecops,0b7a801a0b816f70245d24001a70ce0561c23389+dirty,SVE/SVE2/SME; VL=SVL=512b,,G01_square,general,square,256x256x256,1,0,0,gemm,bf16xbf16_acc_fp32,AllDynamic,raw_e2e,native,row_contiguous,default,auto,auto,auto,0.0,1.0,0.0,1.0,,,,,66.78882882615459,57.470902802462604,71.36053709166772,0.10017001117995236,502.3958735275808,396878.30582261086,5942.2857504456315,5942.2857504456315,AllDynamic,66.78882882615459,66.65580579233055,1.0,1.001995670628279,ok,,benchmarks/ops/matmul-otherlibs/results/raw/rebench-current/arm/920f-4_MatmulOtherlibsVecopsGeneralBench_meta-pack-20260904.json
meta-pack-20260904,920f-4,Native,,BiSheng clang 19.1.7,ACL,2a8ca9840a3112d12d6cc68e49e6c833f9759fd6,SVE/SVE2/SME; VL=SVL=512b,a64_interleaved_bf16fp32_mmla_8x12,G01_square,general,square,256x256x256,1,0,0,gemm_add,bf16xbf16_acc_fp32,NA,prepared_execute,native,row_contiguous,default,auto,auto,auto,1.0,0.0,1.0,1.0,256.0,264.0,,,1231.0185232771594,1227.2733067603488,1232.4813393908632,0.002194291188131476,27.257454998055575,396701.8346302211,,322.2549678408902,AllDynamic,105.07935498004449,105.23091800309518,11.715132087658331,11.698258901827229,ok,,benchmarks/ops/matmul-otherlibs/results/raw/rebench-current/arm/920f-4_MatmulOtherlibsACLBench_meta-pack-20260904.json
meta-pack-20260904,920f-4,Native,,BiSheng clang 19.1.7,LIBXSMM,3668d249637792dcc988414eb3d2a374033743df,SVE/SVE2/SME; VL=SVL=512b,,G01_square,general,square,256x256x256,1,0,0,gemm_add,bf16xbf16_acc_fp32,NA,prepared_execute,native,row_contiguous,default,auto,auto,auto,0.0,0.0,1.0,1.0,,,1.0,0.0,66389.11459594965,66346.56400419773,66480.12776859106,0.0010068365852642027,0.5054206883796448,396701.8346302211,,5.975404809125495,AllDynamic,105.07935498004449,105.23091800309518,631.7997917722043,630.889816945215,ok,,benchmarks/ops/matmul-otherlibs/results/raw/rebench-current/arm/920f-4_MatmulOtherlibsLIBXSMMBench_meta-pack-20260904.json
meta-pack-20260904,920f-4,Native,,BiSheng clang 19.1.7,oneDNN,0e2a5bfeef1bfbffc3137464606540233086ce9b,SVE/SVE2/SME; VL=SVL=512b,brg:sve_512,G01_square,general,square,256x256x256,1,0,0,gemm_add,bf16xbf16_acc_fp32,NA,prepared_execute,native,row_contiguous,default,auto,auto,auto,0.0,0.0,1.0,1.0,,,,,352.3794154550198,351.7493115443932,353.2096463486664,0.001849749337714383,95.22245207391555,396701.8346302211,,1125.7803867969096,AllDynamic,105.07935498004449,105.23091800309518,3.353460016212888,3.3486300617909195,ok,,benchmarks/ops/matmul-otherlibs/results/raw/rebench-current/arm/920f-4_MatmulOtherlibsOneDNNBench_meta-pack-20260904.json
meta-pack-20260904,920f-4,Native,,BiSheng clang 19.1.7,KUPL-MMA,bd7059eae348f1d77f73a9fbb1cadfe7a6405fb8,SVE/SVE2/SME; VL=SVL=512b,KP36_16x64x2_BF16BF16F32+vecops_transpose_pack,G01_square,general,square,256x256x256,1,0,0,gemm_add,bf16xbf16_acc_fp32,NA,raw_e2e,native_accumulate,row_contiguous,default,auto,auto,auto,0.0,1.0,0.0,1.0,,,1.0,,414.8346773427952,404.6303815484222,417.8408435013287,0.014621735566009127,80.88627550360881,396701.8346302211,956.28899004123,956.28899004123,AllDynamic,105.07935498004449,105.23091800309518,3.9478228375267057,3.942136828366294,ok,,benchmarks/ops/matmul-otherlibs/results/raw/rebench-current/arm/920f-4_MatmulOtherlibsKUPLBench_meta-pack-20260904.json
meta-pack-20260904,920f-4,Native,,BiSheng clang 19.1.7,OpenBLAS,e0166008be8e466242aa76b2ff75ce3f0fbf574a,SVE/SVE2/SME; VL=SVL=512b,ARMV8SVE,G01_square,general,square,256x256x256,1,0,0,gemm_add,bf16xbf16_acc_fp32,NA,raw_e2e,native,row_contiguous,default,auto,auto,auto,0.0,1.0,0.0,1.0,,,1.0,,396701.8346302211,396339.58777412766,396894.0948136151,0.0006264302074268903,0.0845835059756585,396701.8346302211,1.0,1.0,AllDynamic,105.07935498004449,105.23091800309518,3775.2595141601164,3769.8220462027407,ok,,benchmarks/ops/matmul-otherlibs/results/raw/rebench-current/arm/920f-4_MatmulOtherlibsOpenBLASBench_meta-pack-20260904.json
meta-pack-20260904,920f-4,Native,,BiSheng clang 19.1.7,vecops,0b7a801a0b816f70245d24001a70ce0561c23389+dirty,SVE/SVE2/SME; VL=SVL=512b,,G01_square,general,square,256x256x256,1,0,0,gemm_add,bf16xbf16_acc_fp32,AllConst,raw_e2e,native,row_contiguous,default,auto,auto,auto,0.0,1.0,0.0,1.0,,,,,105.23091800309518,102.72136724388994,109.36396579641301,0.03242538206690031,318.8647655721587,396701.8346302211,3769.8220462027407,3769.8220462027407,AllDynamic,105.07935498004449,105.23091800309518,1.0014423672764214,1.0,ok,,benchmarks/ops/matmul-otherlibs/results/raw/rebench-current/arm/920f-4_MatmulOtherlibsVecopsGeneralBench_meta-pack-20260904.json
meta-pack-20260904,920f-4,Native,,BiSheng clang 19.1.7,vecops,0b7a801a0b816f70245d24001a70ce0561c23389+dirty,SVE/SVE2/SME; VL=SVL=512b,,G01_square,general,square,256x256x256,1,0,0,gemm_add,bf16xbf16_acc_fp32,AllDynamic,raw_e2e,native,row_contiguous,default,auto,auto,auto,0.0,1.0,0.0,1.0,,,,,105.07935498004449,102.81927021908031,107.27935078065227,0.018764161671564885,319.3246856756238,396701.8346302211,3775.2595141601164,3775.2595141601164,AllDynamic,105.07935498004449,105.23091800309518,1.0,0.9985597101505259,ok,,benchmarks/ops/matmul-otherlibs/results/raw/rebench-current/arm/920f-4_MatmulOtherlibsVecopsGeneralBench_meta-pack-20260904.json
meta-pack-all-20260904,920f-4,Native,,BiSheng clang 19.1.7,vecops,0b7a801a0b816f70245d24001a70ce0561c23389+dirty,SVE/SVE2/SME; VL=SVL=512b,,G02_ragged,general,ragged,1025x127x769,1,0,0,gemm,bf16xbf16_acc_fp32,AllConst,raw_e2e,native,row_contiguous,default,auto,auto,auto,0.0,1.0,0.0,1.0,,,,,539.613065177796,538.7978189378634,545.6074701186798,0.009092183698011302,371.02354060688566,,,,AllDynamic,539.9873659301263,539.613065177796,0.9993068342410464,1.0,ok,,benchmarks/ops/matmul-otherlibs/results/raw/rebench-current/arm-all-vecops/920f-4_MatmulOtherlibsVecopsGeneralBench_meta-pack-all-20260904.json
meta-pack-all-20260904,920f-4,Native,,BiSheng clang 19.1.7,vecops,0b7a801a0b816f70245d24001a70ce0561c23389+dirty,SVE/SVE2/SME; VL=SVL=512b,,G02_ragged,general,ragged,1025x127x769,1,0,0,gemm,bf16xbf16_acc_fp32,AllDynamic,raw_e2e,native,row_contiguous,default,auto,auto,auto,0.0,1.0,0.0,1.0,,,,,539.9873659301263,538.9687411773664,549.0170111163305,0.00981253335875756,370.7663597927712,,,,AllDynamic,539.9873659301263,539.613065177796,1.0,1.0006936465710055,ok,,benchmarks/ops/matmul-otherlibs/results/raw/rebench-current/arm-all-vecops/920f-4_MatmulOtherlibsVecopsGeneralBench_meta-pack-all-20260904.json
meta-pack-all-20260904,920f-4,Native,,BiSheng clang 19.1.7,vecops,0b7a801a0b816f70245d24001a70ce0561c23389+dirty,SVE/SVE2/SME; VL=SVL=512b,,G02_ragged,general,ragged,1025x127x769,1,0,0,gemm_add,bf16xbf16_acc_fp32,AllConst,raw_e2e,native,row_contiguous,default,auto,auto,auto,0.0,1.0,0.0,1.0,,,,,695.5816931469311,694.8970373498627,696.249142989959,0.000865162866090061,287.82981491968167,,,,AllDynamic,688.2991509365977,695.5816931469311,1.0105804898937094,1.0,ok,,benchmarks/ops/matmul-otherlibs/results/raw/rebench-current/arm-all-vecops/920f-4_MatmulOtherlibsVecopsGeneralBench_meta-pack-all-20260904.json
meta-pack-all-20260904,920f-4,Native,,BiSheng clang 19.1.7,vecops,0b7a801a0b816f70245d24001a70ce0561c23389+dirty,SVE/SVE2/SME; VL=SVL=512b,,G02_ragged,general,ragged,1025x127x769,1,0,0,gemm_add,bf16xbf16_acc_fp32,AllDynamic,raw_e2e,native,row_contiguous,default,auto,auto,auto,0.0,1.0,0.0,1.0,,,,,688.2991509365977,687.4138261100242,690.892430515412,0.0027076896189571495,290.8751953675476,,,,AllDynamic,688.2991509365977,695.5816931469311,1.0,0.9895302848219223,ok,,benchmarks/ops/matmul-otherlibs/results/raw/rebench-current/arm-all-vecops/920f-4_MatmulOtherlibsVecopsGeneralBench_meta-pack-all-20260904.json
meta-pack-20260904,920f-4,Native,,BiSheng clang 19.1.7,ACL,2a8ca9840a3112d12d6cc68e49e6c833f9759fd6,SVE/SVE2/SME; VL=SVL=512b,sme_interleaved_nomerge_bf16fp32_mopa_2VLx2VL,G03_conv1x1,general,conv1x1,64x3136x576,1,0,0,gemm,bf16xbf16_acc_fp32,NA,prepared_execute,native,row_contiguous,default,auto,auto,auto,1.0,0.0,1.0,1.0,192.0,64.0,,,1134.18047924426,1129.2564944356436,1136.2257536716204,0.0031021664658463107,203.85733331794174,3143860.660959035,,2771.922739363217,AllDynamic,766.4419573974675,702.0908889908287,1.479799570336006,1.615432555853998,ok,,benchmarks/ops/matmul-otherlibs/results/raw/rebench-current/arm/920f-4_MatmulOtherlibsACLBench_meta-pack-20260904.json
meta-pack-20260904,920f-4,Native,,BiSheng clang 19.1.7,LIBXSMM,3668d249637792dcc988414eb3d2a374033743df,SVE/SVE2/SME; VL=SVL=512b,,G03_conv1x1,general,conv1x1,64x3136x576,1,0,0,gemm,bf16xbf16_acc_fp32,NA,prepared_execute,native,row_contiguous,default,auto,auto,auto,0.0,0.0,1.0,1.0,,,1.0,0.0,451322.28173315525,451266.26854762435,451463.779900223,0.0002245152224718394,0.5122969048018412,3143860.660959035,,6.965888430959068,AllDynamic,766.4419573974675,702.0908889908287,588.8538295393777,642.826005592918,ok,,benchmarks/ops/matmul-otherlibs/results/raw/rebench-current/arm/920f-4_MatmulOtherlibsLIBXSMMBench_meta-pack-20260904.json
meta-pack-20260904,920f-4,Native,,BiSheng clang 19.1.7,oneDNN,0e2a5bfeef1bfbffc3137464606540233086ce9b,SVE/SVE2/SME; VL=SVL=512b,brg:sve_512,G03_conv1x1,general,conv1x1,64x3136x576,1,0,0,gemm,bf16xbf16_acc_fp32,NA,prepared_execute,native,row_contiguous,default,auto,auto,auto,0.0,0.0,1.0,1.0,,,,,2415.602745745203,2414.4121927434003,2418.5261801527495,0.0007588261753015315,95.71565871385546,3143860.660959035,,1301.48082771332,AllDynamic,766.4419573974675,702.0908889908287,3.1517099532854784,3.4405840947706094,ok,,benchmarks/ops/matmul-otherlibs/results/raw/rebench-current/arm/920f-4_MatmulOtherlibsOneDNNBench_meta-pack-20260904.json
meta-pack-20260904,920f-4,Native,,BiSheng clang 19.1.7,KUPL-MMA,bd7059eae348f1d77f73a9fbb1cadfe7a6405fb8,SVE/SVE2/SME; VL=SVL=512b,KP36_16x64x2_BF16BF16F32+vecops_transpose_pack,G03_conv1x1,general,conv1x1,64x3136x576,1,0,0,gemm,bf16xbf16_acc_fp32,NA,raw_e2e,native_accumulate,row_contiguous,default,auto,auto,auto,0.0,1.0,0.0,1.0,,,1.0,,2137.920515837543,2134.515695048101,2152.266174159718,0.0037677566535063147,108.14761647461047,3143860.660959035,1470.5227054371612,1470.5227054371612,AllDynamic,766.4419573974675,702.0908889908287,2.789409550459727,3.04507656965973,ok,,benchmarks/ops/matmul-otherlibs/results/raw/rebench-current/arm/920f-4_MatmulOtherlibsKUPLBench_meta-pack-20260904.json
meta-pack-20260904,920f-4,Native,,BiSheng clang 19.1.7,OpenBLAS,e0166008be8e466242aa76b2ff75ce3f0fbf574a,SVE/SVE2/SME; VL=SVL=512b,ARMV8SVE,G03_conv1x1,general,conv1x1,64x3136x576,1,0,0,gemm,bf16xbf16_acc_fp32,NA,raw_e2e,native,row_contiguous,default,auto,auto,auto,0.0,1.0,0.0,1.0,,,1.0,,3143860.660959035,3143443.836271763,3144316.6471086442,0.00015341424254662451,0.0735436563303251,3143860.660959035,1.0,1.0,AllDynamic,766.4419573974675,702.0908889908287,4101.890078714294,4477.854235479336,ok,,benchmarks/ops/matmul-otherlibs/results/raw/rebench-current/arm/920f-4_MatmulOtherlibsOpenBLASBench_meta-pack-20260904.json
meta-pack-20260904,920f-4,Native,,BiSheng clang 19.1.7,vecops,0b7a801a0b816f70245d24001a70ce0561c23389+dirty,SVE/SVE2/SME; VL=SVL=512b,,G03_conv1x1,general,conv1x1,64x3136x576,1,0,0,gemm,bf16xbf16_acc_fp32,AllConst,raw_e2e,native,row_contiguous,default,auto,auto,auto,0.0,1.0,0.0,1.0,,,,,702.0908889908287,658.6078357831318,706.4207321285602,0.032490586056638786,329.317772991383,3143860.660959035,4477.854235479336,4477.854235479336,AllDynamic,766.4419573974675,702.0908889908287,0.9160392149913746,1.0,ok,,benchmarks/ops/matmul-otherlibs/results/raw/rebench-current/arm/920f-4_MatmulOtherlibsVecopsGeneralBench_meta-pack-20260904.json
meta-pack-20260904,920f-4,Native,,BiSheng clang 19.1.7,vecops,0b7a801a0b816f70245d24001a70ce0561c23389+dirty,SVE/SVE2/SME; VL=SVL=512b,,G03_conv1x1,general,conv1x1,64x3136x576,1,0,0,gemm,bf16xbf16_acc_fp32,AllDynamic,raw_e2e,native,row_contiguous,default,auto,auto,auto,0.0,1.0,0.0,1.0,,,,,766.4419573974675,763.1953218546898,793.4614054291793,0.018490540591525224,301.6679942537342,3143860.660959035,4101.890078714294,4101.890078714294,AllDynamic,766.4419573974675,702.0908889908287,1.0,1.09165632173227,ok,,benchmarks/ops/matmul-otherlibs/results/raw/rebench-current/arm/920f-4_MatmulOtherlibsVecopsGeneralBench_meta-pack-20260904.json
meta-pack-20260904,920f-4,Native,,BiSheng clang 19.1.7,ACL,2a8ca9840a3112d12d6cc68e49e6c833f9759fd6,SVE/SVE2/SME; VL=SVL=512b,a64_hybrid_bf16fp32_mmla_6x16,G03_conv1x1,general,conv1x1,64x3136x576,1,0,0,gemm_add,bf16xbf16_acc_fp32,NA,prepared_execute,native,row_contiguous,default,auto,auto,auto,1.0,0.0,1.0,1.0,576.0,64.0,,,8446.588454877628,8435.433620915694,8452.94633113286,0.001035899975474963,27.373300976500545,3143943.7358640134,,372.21462282189077,AllDynamic,838.2367187675958,754.8248670714837,10.076614714869674,11.190130086265052,ok,,benchmarks/ops/matmul-otherlibs/results/raw/rebench-current/arm/920f-4_MatmulOtherlibsACLBench_meta-pack-20260904.json
meta-pack-20260904,920f-4,Native,,BiSheng clang 19.1.7,LIBXSMM,3668d249637792dcc988414eb3d2a374033743df,SVE/SVE2/SME; VL=SVL=512b,,G03_conv1x1,general,conv1x1,64x3136x576,1,0,0,gemm_add,bf16xbf16_acc_fp32,NA,prepared_execute,native,row_contiguous,default,auto,auto,auto,0.0,0.0,1.0,1.0,,,1.0,0.0,451534.9240973592,451389.49546962976,452596.3433086872,0.0012545762093753756,0.5120556476604824,3143943.7358640134,,6.962791952690955,AllDynamic,838.2367187675958,754.8248670714837,538.6723272648104,598.1982626634872,ok,,benchmarks/ops/matmul-otherlibs/results/raw/rebench-current/arm/920f-4_MatmulOtherlibsLIBXSMMBench_meta-pack-20260904.json
meta-pack-20260904,920f-4,Native,,BiSheng clang 19.1.7,oneDNN,0e2a5bfeef1bfbffc3137464606540233086ce9b,SVE/SVE2/SME; VL=SVL=512b,brg:sve_512,G03_conv1x1,general,conv1x1,64x3136x576,1,0,0,gemm_add,bf16xbf16_acc_fp32,NA,prepared_execute,native,row_contiguous,default,auto,auto,auto,0.0,0.0,1.0,1.0,,,,,2384.9093576230234,2380.066974309542,2386.3790509433056,0.0012716079815064292,96.94750337616267,3143943.7358640134,,1318.2655038082871,AllDynamic,838.2367187675958,754.8248670714837,2.845150187562051,3.159553244285428,ok,,benchmarks/ops/matmul-otherlibs/results/raw/rebench-current/arm/920f-4_MatmulOtherlibsOneDNNBench_meta-pack-20260904.json
meta-pack-20260904,920f-4,Native,,BiSheng clang 19.1.7,KUPL-MMA,bd7059eae348f1d77f73a9fbb1cadfe7a6405fb8,SVE/SVE2/SME; VL=SVL=512b,KP36_16x64x2_BF16BF16F32+vecops_transpose_pack,G03_conv1x1,general,conv1x1,64x3136x576,1,0,0,gemm_add,bf16xbf16_acc_fp32,NA,raw_e2e,native_accumulate,row_contiguous,default,auto,auto,auto,0.0,1.0,0.0,1.0,,,1.0,,2429.1509120114924,2424.327438247615,2429.6668037001427,0.0012080715840777183,95.18182129266826,3143943.7358640134,1294.256244154311,1294.256244154311,AllDynamic,838.2367187675958,754.8248670714837,2.89792949607709,3.2181649253765854,ok,,benchmarks/ops/matmul-otherlibs/results/raw/rebench-current/arm/920f-4_MatmulOtherlibsKUPLBench_meta-pack-20260904.json
meta-pack-20260904,920f-4,Native,,BiSheng clang 19.1.7,OpenBLAS,e0166008be8e466242aa76b2ff75ce3f0fbf574a,SVE/SVE2/SME; VL=SVL=512b,ARMV8SVE,G03_conv1x1,general,conv1x1,64x3136x576,1,0,0,gemm_add,bf16xbf16_acc_fp32,NA,raw_e2e,native,row_contiguous,default,auto,auto,auto,0.0,1.0,0.0,1.0,,,1.0,,3143943.7358640134,3143754.5056454837,3144107.303395868,5.604808261677339e-05,0.0735417130282896,3143943.7358640134,1.0,1.0,AllDynamic,838.2367187675958,754.8248670714837,3750.66334541673,4165.1300493870385,ok,,benchmarks/ops/matmul-otherlibs/results/raw/rebench-current/arm/920f-4_MatmulOtherlibsOpenBLASBench_meta-pack-20260904.json
meta-pack-20260904,920f-4,Native,,BiSheng clang 19.1.7,vecops,0b7a801a0b816f70245d24001a70ce0561c23389+dirty,SVE/SVE2/SME; VL=SVL=512b,,G03_conv1x1,general,conv1x1,64x3136x576,1,0,0,gemm_add,bf16xbf16_acc_fp32,AllConst,raw_e2e,native,row_contiguous,default,auto,auto,auto,0.0,1.0,0.0,1.0,,,,,754.8248670714837,750.9463717059423,818.3904132375154,0.04129955195383048,306.31079881752726,3143943.7358640134,4165.1300493870385,4165.1300493870385,AllDynamic,838.2367187675958,754.8248670714837,0.9004912934156034,1.0,ok,,benchmarks/ops/matmul-otherlibs/results/raw/rebench-current/arm/920f-4_MatmulOtherlibsVecopsGeneralBench_meta-pack-20260904.json
meta-pack-20260904,920f-4,Native,,BiSheng clang 19.1.7,vecops,0b7a801a0b816f70245d24001a70ce0561c23389+dirty,SVE/SVE2/SME; VL=SVL=512b,,G03_conv1x1,general,conv1x1,64x3136x576,1,0,0,gemm_add,bf16xbf16_acc_fp32,AllDynamic,raw_e2e,native,row_contiguous,default,auto,auto,auto,0.0,1.0,0.0,1.0,,,,,838.2367187675958,833.9163456892895,842.7724141828313,0.00510061021120152,275.8302074143618,3143943.7358640134,3750.66334541673,3750.66334541673,AllDynamic,838.2367187675958,754.8248670714837,1.0,1.1105049069458026,ok,,benchmarks/ops/matmul-otherlibs/results/raw/rebench-current/arm/920f-4_MatmulOtherlibsVecopsGeneralBench_meta-pack-20260904.json
meta-pack-all-20260904,920f-4,Native,,BiSheng clang 19.1.7,vecops,0b7a801a0b816f70245d24001a70ce0561c23389+dirty,SVE/SVE2/SME; VL=SVL=512b,,G04_rank_reduce,general,rank_reduce,64x1024x4096,1,0,0,gemm,bf16xbf16_acc_fp32,AllConst,raw_e2e,native,row_contiguous,default,auto,auto,auto,0.0,1.0,0.0,1.0,,,,,1874.7216897706192,1865.9988331298039,1880.7141607006392,0.0032617157807308143,286.37366011681905,,,,AllDynamic,2379.6164663508534,1874.7216897706192,0.7878251458923162,1.0,ok,,benchmarks/ops/matmul-otherlibs/results/raw/rebench-current/arm-all-vecops/920f-4_MatmulOtherlibsVecopsGeneralBench_meta-pack-all-20260904.json
meta-pack-all-20260904,920f-4,Native,,BiSheng clang 19.1.7,vecops,0b7a801a0b816f70245d24001a70ce0561c23389+dirty,SVE/SVE2/SME; VL=SVL=512b,,G04_rank_reduce,general,rank_reduce,64x1024x4096,1,0,0,gemm,bf16xbf16_acc_fp32,AllDynamic,raw_e2e,native,row_contiguous,default,auto,auto,auto,0.0,1.0,0.0,1.0,,,,,2379.6164663508534,2376.5298693130417,2387.7953086048365,0.002602959452079622,225.61237056124958,,,,AllDynamic,2379.6164663508534,1874.7216897706192,1.0,1.2693171894981439,ok,,benchmarks/ops/matmul-otherlibs/results/raw/rebench-current/arm-all-vecops/920f-4_MatmulOtherlibsVecopsGeneralBench_meta-pack-all-20260904.json
meta-pack-all-20260904,920f-4,Native,,BiSheng clang 19.1.7,vecops,0b7a801a0b816f70245d24001a70ce0561c23389+dirty,SVE/SVE2/SME; VL=SVL=512b,,G04_rank_reduce,general,rank_reduce,64x1024x4096,1,0,0,gemm_add,bf16xbf16_acc_fp32,AllConst,raw_e2e,native,row_contiguous,default,auto,auto,auto,0.0,1.0,0.0,1.0,,,,,1928.630112734151,1923.2866290497454,1932.8608305180726,0.0022955441113676083,278.36903948310595,,,,AllDynamic,2386.42640317143,1928.630112734151,0.8081666001394835,1.0,ok,,benchmarks/ops/matmul-otherlibs/results/raw/rebench-current/arm-all-vecops/920f-4_MatmulOtherlibsVecopsGeneralBench_meta-pack-all-20260904.json
meta-pack-all-20260904,920f-4,Native,,BiSheng clang 19.1.7,vecops,0b7a801a0b816f70245d24001a70ce0561c23389+dirty,SVE/SVE2/SME; VL=SVL=512b,,G04_rank_reduce,general,rank_reduce,64x1024x4096,1,0,0,gemm_add,bf16xbf16_acc_fp32,AllDynamic,raw_e2e,native,row_contiguous,default,auto,auto,auto,0.0,1.0,0.0,1.0,,,,,2386.42640317143,2381.7361379831527,2391.5921164266133,0.0018666442971921433,224.96856022315538,,,,AllDynamic,2386.42640317143,1928.630112734151,1.0,1.2373686314522372,ok,,benchmarks/ops/matmul-otherlibs/results/raw/rebench-current/arm-all-vecops/920f-4_MatmulOtherlibsVecopsGeneralBench_meta-pack-all-20260904.json
meta-pack-all-20260904,920f-4,Native,,BiSheng clang 19.1.7,vecops,0b7a801a0b816f70245d24001a70ce0561c23389+dirty,SVE/SVE2/SME; VL=SVL=512b,,G05_rank_expand,general,rank_expand,1024x64x4096,1,0,0,gemm,bf16xbf16_acc_fp32,AllConst,raw_e2e,native,row_contiguous,default,auto,auto,auto,0.0,1.0,0.0,1.0,,,,,1656.3964459825966,1648.2286900281906,1668.89832190731,0.007801779072726586,324.1198164256631,,,,AllDynamic,1799.8125590384007,1656.3964459825966,0.9203160838412928,1.0,ok,,benchmarks/ops/matmul-otherlibs/results/raw/rebench-current/arm-all-vecops/920f-4_MatmulOtherlibsVecopsGeneralBench_meta-pack-all-20260904.json
meta-pack-all-20260904,920f-4,Native,,BiSheng clang 19.1.7,vecops,0b7a801a0b816f70245d24001a70ce0561c23389+dirty,SVE/SVE2/SME; VL=SVL=512b,,G05_rank_expand,general,rank_expand,1024x64x4096,1,0,0,gemm,bf16xbf16_acc_fp32,AllDynamic,raw_e2e,native,row_contiguous,default,auto,auto,auto,0.0,1.0,0.0,1.0,,,,,1799.8125590384007,1793.9235741893451,1859.6452251076696,0.017982806418132196,298.29268014822503,,,,AllDynamic,1799.8125590384007,1656.3964459825966,1.0,1.0865832050072577,ok,,benchmarks/ops/matmul-otherlibs/results/raw/rebench-current/arm-all-vecops/920f-4_MatmulOtherlibsVecopsGeneralBench_meta-pack-all-20260904.json
meta-pack-all-20260904,920f-4,Native,,BiSheng clang 19.1.7,vecops,0b7a801a0b816f70245d24001a70ce0561c23389+dirty,SVE/SVE2/SME; VL=SVL=512b,,G05_rank_expand,general,rank_expand,1024x64x4096,1,0,0,gemm_add,bf16xbf16_acc_fp32,AllConst,raw_e2e,native,row_contiguous,default,auto,auto,auto,0.0,1.0,0.0,1.0,,,,,1699.4171338268072,1696.4905592332402,1706.3006489391787,0.0027062340400021987,315.914734124785,,,,AllDynamic,1894.8358745956923,1699.4171338268072,0.896867721690892,1.0,ok,,benchmarks/ops/matmul-otherlibs/results/raw/rebench-current/arm-all-vecops/920f-4_MatmulOtherlibsVecopsGeneralBench_meta-pack-all-20260904.json
meta-pack-all-20260904,920f-4,Native,,BiSheng clang 19.1.7,vecops,0b7a801a0b816f70245d24001a70ce0561c23389+dirty,SVE/SVE2/SME; VL=SVL=512b,,G05_rank_expand,general,rank_expand,1024x64x4096,1,0,0,gemm_add,bf16xbf16_acc_fp32,AllDynamic,raw_e2e,native,row_contiguous,default,auto,auto,auto,0.0,1.0,0.0,1.0,,,,,1894.8358745956923,1886.3381857288555,1956.0763691092877,0.016829694534707784,283.3337278430798,,,,AllDynamic,1894.8358745956923,1699.4171338268072,1.0,1.1149916267637212,ok,,benchmarks/ops/matmul-otherlibs/results/raw/rebench-current/arm-all-vecops/920f-4_MatmulOtherlibsVecopsGeneralBench_meta-pack-all-20260904.json
meta-pack-20260904,920f-4,Native,,BiSheng clang 19.1.7,ACL,2a8ca9840a3112d12d6cc68e49e6c833f9759fd6,SVE/SVE2/SME; VL=SVL=512b,sme_gemv_bf16fp32_dot_8VL,L01_qkv_decode,llm,qkv,4096x1x4096,1,1,0,bias,bf16xbf16_acc_fp32,NA,prepared_execute,native_fused,row_contiguous,default,auto,auto,auto,1.0,0.0,1.0,1.0,4096.0,4096.0,,,1705.660254705742,1703.963916838528,1707.9829092485359,0.0011946107980350409,19.672400706662863,76588.40483054519,,44.902497211414534,TokenDynamic,4845.992164236719,4897.306785629741,0.35197338272510326,0.34828535955939965,ok,,benchmarks/ops/matmul-otherlibs/results/raw/rebench-current/arm/920f-4_MatmulOtherlibsACLBench_meta-pack-20260904.json
meta-pack-20260904,920f-4,Native,,BiSheng clang 19.1.7,LIBXSMM,3668d249637792dcc988414eb3d2a374033743df,SVE/SVE2/SME; VL=SVL=512b,,L01_qkv_decode,llm,qkv,4096x1x4096,1,1,0,bias,bf16xbf16_acc_fp32,NA,prepared_execute,separate,row_contiguous,default,auto,auto,auto,0.0,0.0,1.0,1.0,,,1.0,0.0,120077.54808291793,119485.38133874536,122592.89519861342,0.016281408417567634,0.2794396832356157,76588.40483054519,,0.6378245230128958,TokenDynamic,4845.992164236719,4897.306785629741,24.778733438548816,24.519098626874616,ok,,benchmarks/ops/matmul-otherlibs/results/raw/rebench-current/arm/920f-4_MatmulOtherlibsLIBXSMMBench_meta-pack-20260904.json
meta-pack-20260904,920f-4,Native,,BiSheng clang 19.1.7,oneDNN,0e2a5bfeef1bfbffc3137464606540233086ce9b,SVE/SVE2/SME; VL=SVL=512b,brg:sve_512,L01_qkv_decode,llm,qkv,4096x1x4096,1,1,0,bias,bf16xbf16_acc_fp32,NA,prepared_execute,separate,row_contiguous,default,auto,auto,auto,0.0,0.0,1.0,1.0,,,,,1818.7847036199692,1818.1711124877133,1820.799645084219,0.0006614502657614767,18.448820211218976,76588.40483054519,,42.10965964146802,TokenDynamic,4845.992164236719,4897.306785629741,0.3753173017989066,0.37138467799421165,ok,,benchmarks/ops/matmul-otherlibs/results/raw/rebench-current/arm/920f-4_MatmulOtherlibsOneDNNBench_meta-pack-20260904.json
meta-pack-20260904,920f-4,Native,,BiSheng clang 19.1.7,KUPL-MMA,bd7059eae348f1d77f73a9fbb1cadfe7a6405fb8,SVE/SVE2/SME; VL=SVL=512b,KP36_16x64x2_BF16BF16F32+vecops_transpose_pack,L01_qkv_decode,llm,qkv,4096x1x4096,1,1,0,bias,bf16xbf16_acc_fp32,NA,raw_e2e,native_accumulate,row_contiguous,default,auto,auto,auto,0.0,1.0,0.0,1.0,,,16.0,,8828.923368128017,8815.033343853427,8833.833638345825,0.0010824735194270377,3.8005123162728838,76588.40483054519,8.674716229503769,8.674716229503769,TokenDynamic,4845.992164236719,4897.306785629741,1.821902113933492,1.8028119851578202,ok,,benchmarks/ops/matmul-otherlibs/results/raw/rebench-current/arm/920f-4_MatmulOtherlibsKUPLBench_meta-pack-20260904.json
meta-pack-20260904,920f-4,Native,,BiSheng clang 19.1.7,OpenBLAS,e0166008be8e466242aa76b2ff75ce3f0fbf574a,SVE/SVE2/SME; VL=SVL=512b,ARMV8SVE,L01_qkv_decode,llm,qkv,4096x1x4096,1,1,0,bias,bf16xbf16_acc_fp32,NA,raw_e2e,separate,row_contiguous,default,auto,auto,auto,0.0,1.0,0.0,1.0,,,1.0,,76588.40483054519,75560.15765294433,77737.18754760921,0.012779771094103675,0.4381137337204043,76588.40483054519,1.0,1.0,TokenDynamic,4845.992164236719,4897.306785629741,15.804483836306089,15.638882386392451,ok,,benchmarks/ops/matmul-otherlibs/results/raw/rebench-current/arm/920f-4_MatmulOtherlibsOpenBLASBench_meta-pack-20260904.json
meta-pack-20260904,920f-4,Native,,BiSheng clang 19.1.7,vecops,0b7a801a0b816f70245d24001a70ce0561c23389+dirty,SVE/SVE2/SME; VL=SVL=512b,,L01_qkv_decode,llm,qkv,4096x1x4096,1,1,0,bias,bf16xbf16_acc_fp32,AllConst,raw_e2e,native_fused,row_contiguous,default,auto,auto,auto,0.0,1.0,0.0,1.0,,,,,4897.306785629741,4868.779649379952,4914.972112225048,0.004164723360819112,6.851609153516663,76588.40483054519,15.638882386392451,15.638882386392451,TokenDynamic,4845.992164236719,4897.306785629741,1.010589084681507,1.0,ok,,benchmarks/ops/matmul-otherlibs/results/raw/rebench-current/arm/920f-4_MatmulOtherlibsVecopsBiasBench_meta-pack-20260904.json
meta-pack-20260904,920f-4,Native,,BiSheng clang 19.1.7,vecops,0b7a801a0b816f70245d24001a70ce0561c23389+dirty,SVE/SVE2/SME; VL=SVL=512b,,L01_qkv_decode,llm,qkv,4096x1x4096,1,1,0,bias,bf16xbf16_acc_fp32,TokenDynamic,raw_e2e,native_fused,row_contiguous,default,auto,auto,auto,0.0,1.0,0.0,1.0,,,,,4845.992164236719,4806.787279787763,4881.652084917858,0.00722400214874903,6.92416142304784,76588.40483054519,15.804483836306089,15.804483836306089,TokenDynamic,4845.992164236719,4897.306785629741,1.0,0.9895218691335418,ok,,benchmarks/ops/matmul-otherlibs/results/raw/rebench-current/arm/920f-4_MatmulOtherlibsVecopsBiasBench_meta-pack-20260904.json
meta-pack-20260904,920f-4,Native,,BiSheng clang 19.1.7,ACL,2a8ca9840a3112d12d6cc68e49e6c833f9759fd6,SVE/SVE2/SME; VL=SVL=512b,sme_gemv_bf16fp32_dot_8VL,L01_qkv_decode,llm,qkv,4096x1x4096,1,1,0,bias_relu,bf16xbf16_acc_fp32,NA,prepared_execute,native_fused,row_contiguous,default,auto,auto,auto,1.0,0.0,1.0,1.0,4096.0,4096.0,,,1705.3871358767517,1704.0823699861037,1707.0199453794376,0.0009039500947884787,19.675551254084855,77698.357636109,,45.560539306029014,TokenDynamic,4929.461339809772,4898.549571376423,0.3459581115089063,0.34814124283681835,ok,,benchmarks/ops/matmul-otherlibs/results/raw/rebench-current/arm/920f-4_MatmulOtherlibsACLBench_meta-pack-20260904.json
meta-pack-20260904,920f-4,Native,,BiSheng clang 19.1.7,LIBXSMM,3668d249637792dcc988414eb3d2a374033743df,SVE/SVE2/SME; VL=SVL=512b,,L01_qkv_decode,llm,qkv,4096x1x4096,1,1,0,bias_relu,bf16xbf16_acc_fp32,NA,prepared_execute,separate,row_contiguous,default,auto,auto,auto,0.0,0.0,1.0,1.0,,,1.0,0.0,119419.9719466269,119158.50266814232,121237.93279752135,0.01443005898812029,0.2809783945938012,77698.357636109,,0.6506311831226622,TokenDynamic,4929.461339809772,4898.549571376423,24.22576499022413,24.37863906582282,ok,,benchmarks/ops/matmul-otherlibs/results/raw/rebench-current/arm/920f-4_MatmulOtherlibsLIBXSMMBench_meta-pack-20260904.json
meta-pack-20260904,920f-4,Native,,BiSheng clang 19.1.7,oneDNN,0e2a5bfeef1bfbffc3137464606540233086ce9b,SVE/SVE2/SME; VL=SVL=512b,brg:sve_512,L01_qkv_decode,llm,qkv,4096x1x4096,1,1,0,bias_relu,bf16xbf16_acc_fp32,NA,prepared_execute,separate,row_contiguous,default,auto,auto,auto,0.0,0.0,1.0,1.0,,,,,1821.8901165603818,1816.6491205429102,1824.7667784717949,0.0019607643656660238,18.417374184645524,77698.357636109,,42.64711517443148,TokenDynamic,4929.461339809772,4898.549571376423,0.3695921300461378,0.3719244012975164,ok,,benchmarks/ops/matmul-otherlibs/results/raw/rebench-current/arm/920f-4_MatmulOtherlibsOneDNNBench_meta-pack-20260904.json
meta-pack-20260904,920f-4,Native,,BiSheng clang 19.1.7,KUPL-MMA,bd7059eae348f1d77f73a9fbb1cadfe7a6405fb8,SVE/SVE2/SME; VL=SVL=512b,KP36_16x64x2_BF16BF16F32+vecops_transpose_pack,L01_qkv_decode,llm,qkv,4096x1x4096,1,1,0,bias_relu,bf16xbf16_acc_fp32,NA,raw_e2e,separate,row_contiguous,default,auto,auto,auto,0.0,1.0,0.0,1.0,,,16.0,,8852.411585394293,8831.452147569506,8874.36412740499,0.0020660048369787955,3.7904283681705317,77698.357636109,8.777083723073215,8.777083723073215,TokenDynamic,4929.461339809772,4898.549571376423,1.79581722528245,1.8071495360833698,ok,,benchmarks/ops/matmul-otherlibs/results/raw/rebench-current/arm/920f-4_MatmulOtherlibsKUPLBench_meta-pack-20260904.json
meta-pack-20260904,920f-4,Native,,BiSheng clang 19.1.7,OpenBLAS,e0166008be8e466242aa76b2ff75ce3f0fbf574a,SVE/SVE2/SME; VL=SVL=512b,ARMV8SVE,L01_qkv_decode,llm,qkv,4096x1x4096,1,1,0,bias_relu,bf16xbf16_acc_fp32,NA,raw_e2e,separate,row_contiguous,default,auto,auto,auto,0.0,1.0,0.0,1.0,,,1.0,,77698.357636109,77595.74456140399,77986.07228323817,0.002611117773059556,0.43185509991277016,77698.357636109,1.0,1.0,TokenDynamic,4929.461339809772,4898.549571376423,15.762038137641095,15.861502778316655,ok,,benchmarks/ops/matmul-otherlibs/results/raw/rebench-current/arm/920f-4_MatmulOtherlibsOpenBLASBench_meta-pack-20260904.json
meta-pack-20260904,920f-4,Native,,BiSheng clang 19.1.7,vecops,0b7a801a0b816f70245d24001a70ce0561c23389+dirty,SVE/SVE2/SME; VL=SVL=512b,,L01_qkv_decode,llm,qkv,4096x1x4096,1,1,0,bias_relu,bf16xbf16_acc_fp32,AllConst,raw_e2e,native_fused,row_contiguous,default,auto,auto,auto,0.0,1.0,0.0,1.0,,,,,4898.549571376423,4808.221490861013,5003.070564747884,0.017601451394564163,6.84987086709662,77698.357636109,15.861502778316655,15.861502778316655,TokenDynamic,4929.461339809772,4898.549571376423,0.9937291792545955,1.0,ok,,benchmarks/ops/matmul-otherlibs/results/raw/rebench-current/arm/920f-4_MatmulOtherlibsVecopsBiasReluBench_meta-pack-20260904.json
meta-pack-20260904,920f-4,Native,,BiSheng clang 19.1.7,vecops,0b7a801a0b816f70245d24001a70ce0561c23389+dirty,SVE/SVE2/SME; VL=SVL=512b,,L01_qkv_decode,llm,qkv,4096x1x4096,1,1,0,bias_relu,bf16xbf16_acc_fp32,TokenDynamic,raw_e2e,native_fused,row_contiguous,default,auto,auto,auto,0.0,1.0,0.0,1.0,,,,,4929.461339809772,4879.418872939102,4958.005339421075,0.007354656907213898,6.80691655475989,77698.357636109,15.762038137641095,15.762038137641095,TokenDynamic,4929.461339809772,4898.549571376423,1.0,1.0063103920829901,ok,,benchmarks/ops/matmul-otherlibs/results/raw/rebench-current/arm/920f-4_MatmulOtherlibsVecopsBiasReluBench_meta-pack-20260904.json
meta-pack-20260904,920f-4,Native,,BiSheng clang 19.1.7,ACL,2a8ca9840a3112d12d6cc68e49e6c833f9759fd6,SVE/SVE2/SME; VL=SVL=512b,sme_gemv_bf16fp32_dot_8VL,L01_qkv_decode,llm,qkv,4096x1x4096,1,1,0,gemm,bf16xbf16_acc_fp32,NA,prepared_execute,native,row_contiguous,default,auto,auto,auto,1.0,0.0,1.0,1.0,4096.0,4096.0,,,1701.5820773071553,1699.867468686348,1714.4356338105288,0.004917421549272698,19.71954949895904,76732.7684443444,,45.09495572836435,TokenDynamic,4899.497310231839,4877.26634560988,0.3472972775704286,0.348880285949276,ok,,benchmarks/ops/matmul-otherlibs/results/raw/rebench-current/arm/920f-4_MatmulOtherlibsACLBench_meta-pack-20260904.json
meta-pack-20260904,920f-4,Native,,BiSheng clang 19.1.7,LIBXSMM,3668d249637792dcc988414eb3d2a374033743df,SVE/SVE2/SME; VL=SVL=512b,,L01_qkv_decode,llm,qkv,4096x1x4096,1,1,0,gemm,bf16xbf16_acc_fp32,NA,prepared_execute,native,row_contiguous,default,auto,auto,auto,0.0,0.0,1.0,1.0,,,1.0,0.0,119518.49702745676,119247.90805205703,121687.15475127101,0.01530598505455865,0.2807467700358682,76732.7684443444,,0.6420158415037358,TokenDynamic,4899.497310231839,4877.26634560988,24.39403258327358,24.505222507488778,ok,,benchmarks/ops/matmul-otherlibs/results/raw/rebench-current/arm/920f-4_MatmulOtherlibsLIBXSMMBench_meta-pack-20260904.json
meta-pack-20260904,920f-4,Native,,BiSheng clang 19.1.7,oneDNN,0e2a5bfeef1bfbffc3137464606540233086ce9b,SVE/SVE2/SME; VL=SVL=512b,brg:sve_512,L01_qkv_decode,llm,qkv,4096x1x4096,1,1,0,gemm,bf16xbf16_acc_fp32,NA,prepared_execute,native,row_contiguous,default,auto,auto,auto,0.0,0.0,1.0,1.0,,,,,1816.7382577893798,1814.4501179650233,1820.3036968487424,0.001819882978295424,18.469601692006684,76732.7684443444,,42.236556705594666,TokenDynamic,4899.497310231839,4877.26634560988,0.3708009501291906,0.3724910901010482,ok,,benchmarks/ops/matmul-otherlibs/results/raw/rebench-current/arm/920f-4_MatmulOtherlibsOneDNNBench_meta-pack-20260904.json
meta-pack-20260904,920f-4,Native,,BiSheng clang 19.1.7,KUPL-MMA,bd7059eae348f1d77f73a9fbb1cadfe7a6405fb8,SVE/SVE2/SME; VL=SVL=512b,KP36_16x64x2_BF16BF16F32+vecops_transpose_pack,L01_qkv_decode,llm,qkv,4096x1x4096,1,1,0,gemm,bf16xbf16_acc_fp32,NA,raw_e2e,native_accumulate,row_contiguous,default,auto,auto,auto,0.0,1.0,0.0,1.0,,,16.0,,8826.3645011466,8815.059339394795,8830.730296904223,0.0008060549593896298,3.801614129536693,76732.7684443444,8.693587086096018,8.693587086096018,TokenDynamic,4899.497310231839,4877.26634560988,1.8014836915440506,1.8096949962741686,ok,,benchmarks/ops/matmul-otherlibs/results/raw/rebench-current/arm/920f-4_MatmulOtherlibsKUPLBench_meta-pack-20260904.json
meta-pack-20260904,920f-4,Native,,BiSheng clang 19.1.7,OpenBLAS,e0166008be8e466242aa76b2ff75ce3f0fbf574a,SVE/SVE2/SME; VL=SVL=512b,ARMV8SVE,L01_qkv_decode,llm,qkv,4096x1x4096,1,1,0,gemm,bf16xbf16_acc_fp32,NA,raw_e2e,native,row_contiguous,default,auto,auto,auto,0.0,1.0,0.0,1.0,,,1.0,,76732.7684443444,75632.10004009306,77795.16270384194,0.012868374455770581,0.4372894746308757,76732.7684443444,1.0,1.0,TokenDynamic,4899.497310231839,4877.26634560988,15.661355356619941,15.732741049381694,ok,,benchmarks/ops/matmul-otherlibs/results/raw/rebench-current/arm/920f-4_MatmulOtherlibsOpenBLASBench_meta-pack-20260904.json
meta-pack-20260904,920f-4,Native,,BiSheng clang 19.1.7,vecops,0b7a801a0b816f70245d24001a70ce0561c23389+dirty,SVE/SVE2/SME; VL=SVL=512b,,L01_qkv_decode,llm,qkv,4096x1x4096,1,1,0,gemm,bf16xbf16_acc_fp32,AllConst,raw_e2e,native,row_contiguous,default,auto,auto,auto,0.0,1.0,0.0,1.0,,,,,4877.26634560988,4800.22974119618,4912.079947775807,0.01063358743078018,6.879762067987732,76732.7684443444,15.732741049381694,15.732741049381694,TokenDynamic,4899.497310231839,4877.26634560988,0.9954626029540758,1.0,ok,,benchmarks/ops/matmul-otherlibs/results/raw/rebench-current/arm/920f-4_MatmulOtherlibsVecopsLLMBench_meta-pack-20260904.json
meta-pack-20260904,920f-4,Native,,BiSheng clang 19.1.7,vecops,0b7a801a0b816f70245d24001a70ce0561c23389+dirty,SVE/SVE2/SME; VL=SVL=512b,,L01_qkv_decode,llm,qkv,4096x1x4096,1,1,0,gemm,bf16xbf16_acc_fp32,TokenDynamic,raw_e2e,native,row_contiguous,default,auto,auto,auto,0.0,1.0,0.0,1.0,,,,,4899.497310231839,4843.922102424715,4999.655661439257,0.015248425033951806,6.848545855903784,76732.7684443444,15.661355356619941,15.661355356619941,TokenDynamic,4899.497310231839,4877.26634560988,1.0,1.0045580788594761,ok,,benchmarks/ops/matmul-otherlibs/results/raw/rebench-current/arm/920f-4_MatmulOtherlibsVecopsLLMBench_meta-pack-20260904.json
meta-pack-20260904,920f-4,Native,,BiSheng clang 19.1.7,ACL,2a8ca9840a3112d12d6cc68e49e6c833f9759fd6,SVE/SVE2/SME; VL=SVL=512b,a64_hybrid_bf16fp32_mmla_6x16,L01_qkv_decode,llm,qkv,4096x1x4096,1,1,0,gemm_add,bf16xbf16_acc_fp32,NA,prepared_execute,native,row_contiguous,default,auto,auto,auto,1.0,0.0,1.0,1.0,1024.0,16.0,,,2688.412724707562,2684.911727332152,2693.5145849935134,0.001489002848029748,12.481131223499158,77266.1380469799,,28.74043011955491,TokenDynamic,4935.3426900403265,4932.87462098845,0.5447266570025343,0.5449992005207012,ok,,benchmarks/ops/matmul-otherlibs/results/raw/rebench-current/arm/920f-4_MatmulOtherlibsACLBench_meta-pack-20260904.json
meta-pack-20260904,920f-4,Native,,BiSheng clang 19.1.7,LIBXSMM,3668d249637792dcc988414eb3d2a374033743df,SVE/SVE2/SME; VL=SVL=512b,,L01_qkv_decode,llm,qkv,4096x1x4096,1,1,0,gemm_add,bf16xbf16_acc_fp32,NA,prepared_execute,native,row_contiguous,default,auto,auto,auto,0.0,0.0,1.0,1.0,,,1.0,0.0,119541.79918393493,119354.02182862161,119892.31044426559,0.0022095020039051188,0.28069204436492484,77266.1380469799,,0.6463524773296503,TokenDynamic,4935.3426900403265,4932.87462098845,24.22158028158287,24.23369908395951,ok,,benchmarks/ops/matmul-otherlibs/results/raw/rebench-current/arm/920f-4_MatmulOtherlibsLIBXSMMBench_meta-pack-20260904.json
meta-pack-20260904,920f-4,Native,,BiSheng clang 19.1.7,oneDNN,0e2a5bfeef1bfbffc3137464606540233086ce9b,SVE/SVE2/SME; VL=SVL=512b,brg:sve_512,L01_qkv_decode,llm,qkv,4096x1x4096,1,1,0,gemm_add,bf16xbf16_acc_fp32,NA,prepared_execute,native,row_contiguous,default,auto,auto,auto,0.0,0.0,1.0,1.0,,,,,1823.7984898549162,1818.1417272181102,1825.9506366264661,0.001872992627339381,18.398102743614654,77266.1380469799,,42.36550171347409,TokenDynamic,4935.3426900403265,4932.87462098845,0.3695383693487785,0.3697232607727344,ok,,benchmarks/ops/matmul-otherlibs/results/raw/rebench-current/arm/920f-4_MatmulOtherlibsOneDNNBench_meta-pack-20260904.json
meta-pack-20260904,920f-4,Native,,BiSheng clang 19.1.7,KUPL-MMA,bd7059eae348f1d77f73a9fbb1cadfe7a6405fb8,SVE/SVE2/SME; VL=SVL=512b,KP36_16x64x2_BF16BF16F32+vecops_transpose_pack,L01_qkv_decode,llm,qkv,4096x1x4096,1,1,0,gemm_add,bf16xbf16_acc_fp32,NA,raw_e2e,native_accumulate,row_contiguous,default,auto,auto,auto,0.0,1.0,0.0,1.0,,,16.0,,8835.658692987636,8828.877739142625,8867.160271620378,0.0021412151520264953,3.7976152277849144,77266.1380469799,8.74480791209168,8.74480791209168,TokenDynamic,4935.3426900403265,4932.87462098845,1.7902827114352702,1.7911784449970765,ok,,benchmarks/ops/matmul-otherlibs/results/raw/rebench-current/arm/920f-4_MatmulOtherlibsKUPLBench_meta-pack-20260904.json
meta-pack-20260904,920f-4,Native,,BiSheng clang 19.1.7,OpenBLAS,e0166008be8e466242aa76b2ff75ce3f0fbf574a,SVE/SVE2/SME; VL=SVL=512b,ARMV8SVE,L01_qkv_decode,llm,qkv,4096x1x4096,1,1,0,gemm_add,bf16xbf16_acc_fp32,NA,raw_e2e,native,row_contiguous,default,auto,auto,auto,0.0,1.0,0.0,1.0,,,1.0,,77266.1380469799,76156.47595375778,77852.0009946078,0.011352468629232079,0.43427085717158526,77266.1380469799,1.0,1.0,TokenDynamic,4935.3426900403265,4932.87462098845,15.655678419840095,15.663511437778507,ok,,benchmarks/ops/matmul-otherlibs/results/raw/rebench-current/arm/920f-4_MatmulOtherlibsOpenBLASBench_meta-pack-20260904.json
meta-pack-20260904,920f-4,Native,,BiSheng clang 19.1.7,vecops,0b7a801a0b816f70245d24001a70ce0561c23389+dirty,SVE/SVE2/SME; VL=SVL=512b,,L01_qkv_decode,llm,qkv,4096x1x4096,1,1,0,gemm_add,bf16xbf16_acc_fp32,AllConst,raw_e2e,native,row_contiguous,default,auto,auto,auto,0.0,1.0,0.0,1.0,,,,,4932.87462098845,4907.216825361909,5018.213808793446,0.010695059234362782,6.802206538401002,77266.1380469799,15.663511437778507,15.663511437778507,TokenDynamic,4935.3426900403265,4932.87462098845,0.9994999194165672,1.0,ok,,benchmarks/ops/matmul-otherlibs/results/raw/rebench-current/arm/920f-4_MatmulOtherlibsVecopsLLMBench_meta-pack-20260904.json
meta-pack-20260904,920f-4,Native,,BiSheng clang 19.1.7,vecops,0b7a801a0b816f70245d24001a70ce0561c23389+dirty,SVE/SVE2/SME; VL=SVL=512b,,L01_qkv_decode,llm,qkv,4096x1x4096,1,1,0,gemm_add,bf16xbf16_acc_fp32,TokenDynamic,raw_e2e,native,row_contiguous,default,auto,auto,auto,0.0,1.0,0.0,1.0,,,,,4935.3426900403265,4863.261486050384,4999.288746380601,0.012238421220258842,6.798804886986647,77266.1380469799,15.655678419840095,15.655678419840095,TokenDynamic,4935.3426900403265,4932.87462098845,1.0,1.0005003307891458,ok,,benchmarks/ops/matmul-otherlibs/results/raw/rebench-current/arm/920f-4_MatmulOtherlibsVecopsLLMBench_meta-pack-20260904.json
meta-pack-20260904,920f-4,Native,,BiSheng clang 19.1.7,ACL,2a8ca9840a3112d12d6cc68e49e6c833f9759fd6,SVE/SVE2/SME; VL=SVL=512b,sme_interleaved_nomerge_bf16fp32_mopa_1VLx4VL,L02_qkv_batch4,llm,qkv,4096x4x4096,1,4,0,bias,bf16xbf16_acc_fp32,NA,prepared_execute,native_fused,row_contiguous,default,auto,auto,auto,1.0,0.0,1.0,1.0,256.0,64.0,,,2206.348923209589,2203.058789018541,2211.3154147518794,0.0019264428941710332,60.83250323106314,1589476.5718840063,,720.4103372606112,TokenDynamic,4991.407489537129,4951.452547363167,0.44202941311333244,0.44559629767320547,ok,,benchmarks/ops/matmul-otherlibs/results/raw/rebench-current/arm/920f-4_MatmulOtherlibsACLBench_meta-pack-20260904.json
meta-pack-20260904,920f-4,Native,,BiSheng clang 19.1.7,LIBXSMM,3668d249637792dcc988414eb3d2a374033743df,SVE/SVE2/SME; VL=SVL=512b,,L02_qkv_batch4,llm,qkv,4096x4x4096,1,4,0,bias,bf16xbf16_acc_fp32,NA,prepared_execute,separate,row_contiguous,default,auto,auto,auto,0.0,0.0,1.0,1.0,,,1.0,0.0,479497.5579716265,477836.12767234445,487675.4100434482,0.009474871882402605,0.27991326706181496,1589476.5718840063,,3.3148793887664825,TokenDynamic,4991.407489537129,4951.452547363167,96.06459880839985,96.83977648679615,ok,,benchmarks/ops/matmul-otherlibs/results/raw/rebench-current/arm/920f-4_MatmulOtherlibsLIBXSMMBench_meta-pack-20260904.json
meta-pack-20260904,920f-4,Native,,BiSheng clang 19.1.7,oneDNN,0e2a5bfeef1bfbffc3137464606540233086ce9b,SVE/SVE2/SME; VL=SVL=512b,brg:sve_512,L02_qkv_batch4,llm,qkv,4096x4x4096,1,4,0,bias,bf16xbf16_acc_fp32,NA,prepared_execute,separate,row_contiguous,default,auto,auto,auto,0.0,0.0,1.0,1.0,,,,,1843.6422438493796,1839.6897688991837,1845.9871338752957,0.0015710646388203792,72.8003106067715,1589476.5718840063,,862.1393750260921,TokenDynamic,4991.407489537129,4951.452547363167,0.3693632002023436,0.3723437165587274,ok,,benchmarks/ops/matmul-otherlibs/results/raw/rebench-current/arm/920f-4_MatmulOtherlibsOneDNNBench_meta-pack-20260904.json
meta-pack-20260904,920f-4,Native,,BiSheng clang 19.1.7,KUPL-MMA,bd7059eae348f1d77f73a9fbb1cadfe7a6405fb8,SVE/SVE2/SME; VL=SVL=512b,KP36_16x64x2_BF16BF16F32+vecops_transpose_pack,L02_qkv_batch4,llm,qkv,4096x4x4096,1,4,0,bias,bf16xbf16_acc_fp32,NA,raw_e2e,native_accumulate,row_contiguous,default,auto,auto,auto,0.0,1.0,0.0,1.0,,,4.0,,8821.629802696407,8818.172843893992,8855.731075163932,0.002437757910733899,15.214618046993447,1589476.5718840063,180.17946880951285,180.17946880951285,TokenDynamic,4991.407489537129,4951.452547363167,1.7673631778587704,1.7816246279880545,ok,,benchmarks/ops/matmul-otherlibs/results/raw/rebench-current/arm/920f-4_MatmulOtherlibsKUPLBench_meta-pack-20260904.json
meta-pack-20260904,920f-4,Native,,BiSheng clang 19.1.7,OpenBLAS,e0166008be8e466242aa76b2ff75ce3f0fbf574a,SVE/SVE2/SME; VL=SVL=512b,ARMV8SVE,L02_qkv_batch4,llm,qkv,4096x4x4096,1,4,0,bias,bf16xbf16_acc_fp32,NA,raw_e2e,separate,row_contiguous,default,auto,auto,auto,0.0,1.0,0.0,1.0,,,1.0,,1589476.5718840063,1588184.2546164992,1589581.7525684836,0.000421170702457748,0.08444146354476414,1589476.5718840063,1.0,1.0,TokenDynamic,4991.407489537129,4951.452547363167,318.44255858008586,321.01217908883365,ok,,benchmarks/ops/matmul-otherlibs/results/raw/rebench-current/arm/920f-4_MatmulOtherlibsOpenBLASBench_meta-pack-20260904.json
meta-pack-20260904,920f-4,Native,,BiSheng clang 19.1.7,vecops,0b7a801a0b816f70245d24001a70ce0561c23389+dirty,SVE/SVE2/SME; VL=SVL=512b,,L02_qkv_batch4,llm,qkv,4096x4x4096,1,4,0,bias,bf16xbf16_acc_fp32,AllConst,raw_e2e,native_fused,row_contiguous,default,auto,auto,auto,0.0,1.0,0.0,1.0,,,,,4951.452547363167,4878.765026685492,4957.354075179019,0.00792369183534697,27.10673821795504,1589476.5718840063,321.01217908883365,321.01217908883365,TokenDynamic,4991.407489537129,4951.452547363167,0.9919952553948531,1.0,ok,,benchmarks/ops/matmul-otherlibs/results/raw/rebench-current/arm/920f-4_MatmulOtherlibsVecopsBiasBench_meta-pack-20260904.json
meta-pack-20260904,920f-4,Native,,BiSheng clang 19.1.7,vecops,0b7a801a0b816f70245d24001a70ce0561c23389+dirty,SVE/SVE2/SME; VL=SVL=512b,,L02_qkv_batch4,llm,qkv,4096x4x4096,1,4,0,bias,bf16xbf16_acc_fp32,TokenDynamic,raw_e2e,native_fused,row_contiguous,default,auto,auto,auto,0.0,1.0,0.0,1.0,,,,,4991.407489537129,4855.555535427162,5053.460099069135,0.0176624310559712,26.88975570144174,1589476.5718840063,318.44255858008586,318.44255858008586,TokenDynamic,4991.407489537129,4951.452547363167,1.0,1.0080693375917011,ok,,benchmarks/ops/matmul-otherlibs/results/raw/rebench-current/arm/920f-4_MatmulOtherlibsVecopsBiasBench_meta-pack-20260904.json
meta-pack-20260904,920f-4,Native,,BiSheng clang 19.1.7,ACL,2a8ca9840a3112d12d6cc68e49e6c833f9759fd6,SVE/SVE2/SME; VL=SVL=512b,sme_interleaved_nomerge_bf16fp32_mopa_1VLx4VL,L02_qkv_batch4,llm,qkv,4096x4x4096,1,4,0,bias_relu,bf16xbf16_acc_fp32,NA,prepared_execute,native_fused,row_contiguous,default,auto,auto,auto,1.0,0.0,1.0,1.0,256.0,64.0,,,2206.2228090362623,2202.891257184092,2206.874036346562,0.0008685797340831471,60.835980595554595,1588550.2309538424,,720.0316416127363,TokenDynamic,4939.536371364675,4946.9846500349895,0.44664572606978015,0.44597324736406,ok,,benchmarks/ops/matmul-otherlibs/results/raw/rebench-current/arm/920f-4_MatmulOtherlibsACLBench_meta-pack-20260904.json
meta-pack-20260904,920f-4,Native,,BiSheng clang 19.1.7,LIBXSMM,3668d249637792dcc988414eb3d2a374033743df,SVE/SVE2/SME; VL=SVL=512b,,L02_qkv_batch4,llm,qkv,4096x4x4096,1,4,0,bias_relu,bf16xbf16_acc_fp32,NA,prepared_execute,separate,row_contiguous,default,auto,auto,auto,0.0,0.0,1.0,1.0,,,1.0,0.0,477723.50907325745,476832.1654759348,479353.52958738804,0.002596940938963639,0.2809527382488897,1588550.2309538424,,3.3252502771644905,TokenDynamic,4939.536371364675,4946.9846500349895,96.71424060013024,96.56862571220603,ok,,benchmarks/ops/matmul-otherlibs/results/raw/rebench-current/arm/920f-4_MatmulOtherlibsLIBXSMMBench_meta-pack-20260904.json
meta-pack-20260904,920f-4,Native,,BiSheng clang 19.1.7,oneDNN,0e2a5bfeef1bfbffc3137464606540233086ce9b,SVE/SVE2/SME; VL=SVL=512b,brg:sve_512,L02_qkv_batch4,llm,qkv,4096x4x4096,1,4,0,bias_relu,bf16xbf16_acc_fp32,NA,prepared_execute,separate,row_contiguous,default,auto,auto,auto,0.0,0.0,1.0,1.0,,,,,1848.0645897062984,1847.012234410565,1850.0165866785926,0.0009327317934687595,72.62610232758715,1588550.2309538424,,859.5750602019277,TokenDynamic,4939.536371364675,4946.9846500349895,0.37413725717657237,0.3735739486665331,ok,,benchmarks/ops/matmul-otherlibs/results/raw/rebench-current/arm/920f-4_MatmulOtherlibsOneDNNBench_meta-pack-20260904.json
meta-pack-20260904,920f-4,Native,,BiSheng clang 19.1.7,KUPL-MMA,bd7059eae348f1d77f73a9fbb1cadfe7a6405fb8,SVE/SVE2/SME; VL=SVL=512b,KP36_16x64x2_BF16BF16F32+vecops_transpose_pack,L02_qkv_batch4,llm,qkv,4096x4x4096,1,4,0,bias_relu,bf16xbf16_acc_fp32,NA,raw_e2e,separate,row_contiguous,default,auto,auto,auto,0.0,1.0,0.0,1.0,,,4.0,,8598.153566708788,8592.066733399406,8603.329648030924,0.000678307147188704,15.61006406301906,1588550.2309538424,184.75481027747097,184.75481027747097,TokenDynamic,4939.536371364675,4946.9846500349895,1.7406802825774772,1.738059479656557,ok,,benchmarks/ops/matmul-otherlibs/results/raw/rebench-current/arm/920f-4_MatmulOtherlibsKUPLBench_meta-pack-20260904.json
meta-pack-20260904,920f-4,Native,,BiSheng clang 19.1.7,OpenBLAS,e0166008be8e466242aa76b2ff75ce3f0fbf574a,SVE/SVE2/SME; VL=SVL=512b,ARMV8SVE,L02_qkv_batch4,llm,qkv,4096x4x4096,1,4,0,bias_relu,bf16xbf16_acc_fp32,NA,raw_e2e,separate,row_contiguous,default,auto,auto,auto,0.0,1.0,0.0,1.0,,,1.0,,1588550.2309538424,1588237.826898694,1589208.1832513215,0.00029463535626347853,0.08449070440750821,1588550.2309538424,1.0,1.0,TokenDynamic,4939.536371364675,4946.9846500349895,321.59905536133635,321.11484941490704,ok,,benchmarks/ops/matmul-otherlibs/results/raw/rebench-current/arm/920f-4_MatmulOtherlibsOpenBLASBench_meta-pack-20260904.json
meta-pack-20260904,920f-4,Native,,BiSheng clang 19.1.7,vecops,0b7a801a0b816f70245d24001a70ce0561c23389+dirty,SVE/SVE2/SME; VL=SVL=512b,,L02_qkv_batch4,llm,qkv,4096x4x4096,1,4,0,bias_relu,bf16xbf16_acc_fp32,AllConst,raw_e2e,native_fused,row_contiguous,default,auto,auto,auto,0.0,1.0,0.0,1.0,,,,,4946.9846500349895,4838.871014570551,5002.660467289388,0.015713014188144515,27.131219822776426,1588550.2309538424,321.11484941490704,321.11484941490704,TokenDynamic,4939.536371364675,4946.9846500349895,1.001507890237127,1.0,ok,,benchmarks/ops/matmul-otherlibs/results/raw/rebench-current/arm/920f-4_MatmulOtherlibsVecopsBiasReluBench_meta-pack-20260904.json
meta-pack-20260904,920f-4,Native,,BiSheng clang 19.1.7,vecops,0b7a801a0b816f70245d24001a70ce0561c23389+dirty,SVE/SVE2/SME; VL=SVL=512b,,L02_qkv_batch4,llm,qkv,4096x4x4096,1,4,0,bias_relu,bf16xbf16_acc_fp32,TokenDynamic,raw_e2e,native_fused,row_contiguous,default,auto,auto,auto,0.0,1.0,0.0,1.0,,,,,4939.536371364675,4891.884683406558,5039.171261134848,0.013658446937543601,27.172130724268538,1588550.2309538424,321.59905536133635,321.59905536133635,TokenDynamic,4939.536371364675,4946.9846500349895,1.0,0.9984943800724625,ok,,benchmarks/ops/matmul-otherlibs/results/raw/rebench-current/arm/920f-4_MatmulOtherlibsVecopsBiasReluBench_meta-pack-20260904.json
meta-pack-20260904,920f-4,Native,,BiSheng clang 19.1.7,ACL,2a8ca9840a3112d12d6cc68e49e6c833f9759fd6,SVE/SVE2/SME; VL=SVL=512b,sme_interleaved_nomerge_bf16fp32_mopa_1VLx4VL,L02_qkv_batch4,llm,qkv,4096x4x4096,1,4,0,gemm,bf16xbf16_acc_fp32,NA,prepared_execute,native,row_contiguous,default,auto,auto,auto,1.0,0.0,1.0,1.0,256.0,64.0,,,2201.459734351374,2200.1049757818687,2207.5447297538626,0.001991117589596482,60.9676052237881,1588436.4154189825,,721.5378008660197,TokenDynamic,4885.208825099057,4882.381442163525,0.450637795264921,0.45089875922841527,ok,,benchmarks/ops/matmul-otherlibs/results/raw/rebench-current/arm/920f-4_MatmulOtherlibsACLBench_meta-pack-20260904.json
meta-pack-20260904,920f-4,Native,,BiSheng clang 19.1.7,LIBXSMM,3668d249637792dcc988414eb3d2a374033743df,SVE/SVE2/SME; VL=SVL=512b,,L02_qkv_batch4,llm,qkv,4096x4x4096,1,4,0,gemm,bf16xbf16_acc_fp32,NA,prepared_execute,native,row_contiguous,default,auto,auto,auto,0.0,0.0,1.0,1.0,,,1.0,0.0,479155.90880438685,476795.21152749663,481629.2094066739,0.005780642244968258,0.2801128516496992,1588436.4154189825,,3.315072163844387,TokenDynamic,4885.208825099057,4882.381442163525,98.08299418902958,98.13979396744121,ok,,benchmarks/ops/matmul-otherlibs/results/raw/rebench-current/arm/920f-4_MatmulOtherlibsLIBXSMMBench_meta-pack-20260904.json
meta-pack-20260904,920f-4,Native,,BiSheng clang 19.1.7,oneDNN,0e2a5bfeef1bfbffc3137464606540233086ce9b,SVE/SVE2/SME; VL=SVL=512b,brg:sve_512,L02_qkv_batch4,llm,qkv,4096x4x4096,1,4,0,gemm,bf16xbf16_acc_fp32,NA,prepared_execute,native,row_contiguous,default,auto,auto,auto,0.0,0.0,1.0,1.0,,,,,1837.4494325321216,1831.761642371292,1839.264849950741,0.0017984801955274016,73.04567169233032,1588436.4154189825,,864.4789822760001,TokenDynamic,4885.208825099057,4882.381442163525,0.3761250538752279,0.3763428675736352,ok,,benchmarks/ops/matmul-otherlibs/results/raw/rebench-current/arm/920f-4_MatmulOtherlibsOneDNNBench_meta-pack-20260904.json
meta-pack-20260904,920f-4,Native,,BiSheng clang 19.1.7,KUPL-MMA,bd7059eae348f1d77f73a9fbb1cadfe7a6405fb8,SVE/SVE2/SME; VL=SVL=512b,KP36_16x64x2_BF16BF16F32+vecops_transpose_pack,L02_qkv_batch4,llm,qkv,4096x4x4096,1,4,0,gemm,bf16xbf16_acc_fp32,NA,raw_e2e,native_accumulate,row_contiguous,default,auto,auto,auto,0.0,1.0,0.0,1.0,,,4.0,,8555.624372093007,8553.863095585257,8557.783719152214,0.0001982335967603768,15.687660206050586,1588436.4154189825,185.65990585096188,185.65990585096188,TokenDynamic,4885.208825099057,4882.381442163525,1.7513323746031522,1.7523465696899259,ok,,benchmarks/ops/matmul-otherlibs/results/raw/rebench-current/arm/920f-4_MatmulOtherlibsKUPLBench_meta-pack-20260904.json
meta-pack-20260904,920f-4,Native,,BiSheng clang 19.1.7,OpenBLAS,e0166008be8e466242aa76b2ff75ce3f0fbf574a,SVE/SVE2/SME; VL=SVL=512b,ARMV8SVE,L02_qkv_batch4,llm,qkv,4096x4x4096,1,4,0,gemm,bf16xbf16_acc_fp32,NA,raw_e2e,native,row_contiguous,default,auto,auto,auto,0.0,1.0,0.0,1.0,,,1.0,,1588436.4154189825,1588153.3288396893,1589095.9607437255,0.0002541496487760545,0.08449675838273787,1588436.4154189825,1.0,1.0,TokenDynamic,4885.208825099057,4882.381442163525,325.1522037825627,325.3404991468877,ok,,benchmarks/ops/matmul-otherlibs/results/raw/rebench-current/arm/920f-4_MatmulOtherlibsOpenBLASBench_meta-pack-20260904.json
meta-pack-20260904,920f-4,Native,,BiSheng clang 19.1.7,vecops,0b7a801a0b816f70245d24001a70ce0561c23389+dirty,SVE/SVE2/SME; VL=SVL=512b,,L02_qkv_batch4,llm,qkv,4096x4x4096,1,4,0,gemm,bf16xbf16_acc_fp32,AllConst,raw_e2e,native,row_contiguous,default,auto,auto,auto,0.0,1.0,0.0,1.0,,,,,4882.381442163525,4848.916966725012,4995.13327176201,0.014535375553508893,27.490217548533902,1588436.4154189825,325.3404991468877,325.3404991468877,TokenDynamic,4885.208825099057,4882.381442163525,0.9994212360132886,1.0,ok,,benchmarks/ops/matmul-otherlibs/results/raw/rebench-current/arm/920f-4_MatmulOtherlibsVecopsLLMBench_meta-pack-20260904.json
meta-pack-20260904,920f-4,Native,,BiSheng clang 19.1.7,vecops,0b7a801a0b816f70245d24001a70ce0561c23389+dirty,SVE/SVE2/SME; VL=SVL=512b,,L02_qkv_batch4,llm,qkv,4096x4x4096,1,4,0,gemm,bf16xbf16_acc_fp32,TokenDynamic,raw_e2e,native,row_contiguous,default,auto,auto,auto,0.0,1.0,0.0,1.0,,,,,4885.208825099057,4848.815507159151,4977.961960409221,0.012965961826758974,27.474307200629948,1588436.4154189825,325.1522037825627,325.1522037825627,TokenDynamic,4885.208825099057,4882.381442163525,1.0,1.0005790991484433,ok,,benchmarks/ops/matmul-otherlibs/results/raw/rebench-current/arm/920f-4_MatmulOtherlibsVecopsLLMBench_meta-pack-20260904.json
meta-pack-20260904,920f-4,Native,,BiSheng clang 19.1.7,ACL,2a8ca9840a3112d12d6cc68e49e6c833f9759fd6,SVE/SVE2/SME; VL=SVL=512b,a64_hybrid_bf16fp32_mmla_6x16,L02_qkv_batch4,llm,qkv,4096x4x4096,1,4,0,gemm_add,bf16xbf16_acc_fp32,NA,prepared_execute,native,row_contiguous,default,auto,auto,auto,1.0,0.0,1.0,1.0,1024.0,16.0,,,5027.312702233238,5024.526763840446,5032.146695469107,0.0008404541545902332,26.697708288640502,1588348.0487391353,,315.9437542115806,TokenDynamic,4891.08502094088,4923.81871611412,1.0278522415188263,1.0210190488493036,ok,,benchmarks/ops/matmul-otherlibs/results/raw/rebench-current/arm/920f-4_MatmulOtherlibsACLBench_meta-pack-20260904.json
meta-pack-20260904,920f-4,Native,,BiSheng clang 19.1.7,LIBXSMM,3668d249637792dcc988414eb3d2a374033743df,SVE/SVE2/SME; VL=SVL=512b,,L02_qkv_batch4,llm,qkv,4096x4x4096,1,4,0,gemm_add,bf16xbf16_acc_fp32,NA,prepared_execute,native,row_contiguous,default,auto,auto,auto,0.0,0.0,1.0,1.0,,,1.0,0.0,477996.7642389238,477023.5335454345,479589.7752046585,0.0024928111742340917,0.2807921267285234,1588348.0487391353,,3.322926361788527,TokenDynamic,4891.08502094088,4923.81871611412,97.7281650579391,97.07846527220624,ok,,benchmarks/ops/matmul-otherlibs/results/raw/rebench-current/arm/920f-4_MatmulOtherlibsLIBXSMMBench_meta-pack-20260904.json
meta-pack-20260904,920f-4,Native,,BiSheng clang 19.1.7,oneDNN,0e2a5bfeef1bfbffc3137464606540233086ce9b,SVE/SVE2/SME; VL=SVL=512b,brg:sve_512,L02_qkv_batch4,llm,qkv,4096x4x4096,1,4,0,gemm_add,bf16xbf16_acc_fp32,NA,prepared_execute,native,row_contiguous,default,auto,auto,auto,0.0,0.0,1.0,1.0,,,,,1847.1151061758803,1843.944930698018,1851.2823128116295,0.001842940228062917,72.66343475359999,1588348.0487391353,,859.9074542936982,TokenDynamic,4891.08502094088,4923.81871611412,0.37764935556580403,0.37513873127189873,ok,,benchmarks/ops/matmul-otherlibs/results/raw/rebench-current/arm/920f-4_MatmulOtherlibsOneDNNBench_meta-pack-20260904.json
meta-pack-20260904,920f-4,Native,,BiSheng clang 19.1.7,KUPL-MMA,bd7059eae348f1d77f73a9fbb1cadfe7a6405fb8,SVE/SVE2/SME; VL=SVL=512b,KP36_16x64x2_BF16BF16F32+vecops_transpose_pack,L02_qkv_batch4,llm,qkv,4096x4x4096,1,4,0,gemm_add,bf16xbf16_acc_fp32,NA,raw_e2e,native_accumulate,row_contiguous,default,auto,auto,auto,0.0,1.0,0.0,1.0,,,4.0,,8655.325509607792,8648.102724691853,8659.414976136759,0.0005968542572407947,15.506953245260668,1588348.0487391353,183.51107037811565,183.51107037811565,TokenDynamic,4891.08502094088,4923.81871611412,1.7696125650138053,1.757848127365375,ok,,benchmarks/ops/matmul-otherlibs/results/raw/rebench-current/arm/920f-4_MatmulOtherlibsKUPLBench_meta-pack-20260904.json
meta-pack-20260904,920f-4,Native,,BiSheng clang 19.1.7,OpenBLAS,e0166008be8e466242aa76b2ff75ce3f0fbf574a,SVE/SVE2/SME; VL=SVL=512b,ARMV8SVE,L02_qkv_batch4,llm,qkv,4096x4x4096,1,4,0,gemm_add,bf16xbf16_acc_fp32,NA,raw_e2e,native,row_contiguous,default,auto,auto,auto,0.0,1.0,0.0,1.0,,,1.0,,1588348.0487391353,1588130.392692983,1588799.4525022802,0.0001888395111973109,0.08450145930329622,1588348.0487391353,1.0,1.0,TokenDynamic,4891.08502094088,4923.81871611412,324.7434959602462,322.58459141498616,ok,,benchmarks/ops/matmul-otherlibs/results/raw/rebench-current/arm/920f-4_MatmulOtherlibsOpenBLASBench_meta-pack-20260904.json
meta-pack-20260904,920f-4,Native,,BiSheng clang 19.1.7,vecops,0b7a801a0b816f70245d24001a70ce0561c23389+dirty,SVE/SVE2/SME; VL=SVL=512b,,L02_qkv_batch4,llm,qkv,4096x4x4096,1,4,0,gemm_add,bf16xbf16_acc_fp32,AllConst,raw_e2e,native,row_contiguous,default,auto,auto,auto,0.0,1.0,0.0,1.0,,,,,4923.81871611412,4889.937666510897,4952.959413640201,0.006013169165538756,27.258868723323893,1588348.0487391353,322.58459141498616,322.58459141498616,TokenDynamic,4891.08502094088,4923.81871611412,1.0066925222180954,1.0,ok,,benchmarks/ops/matmul-otherlibs/results/raw/rebench-current/arm/920f-4_MatmulOtherlibsVecopsLLMBench_meta-pack-20260904.json
meta-pack-20260904,920f-4,Native,,BiSheng clang 19.1.7,vecops,0b7a801a0b816f70245d24001a70ce0561c23389+dirty,SVE/SVE2/SME; VL=SVL=512b,,L02_qkv_batch4,llm,qkv,4096x4x4096,1,4,0,gemm_add,bf16xbf16_acc_fp32,TokenDynamic,raw_e2e,native,row_contiguous,default,auto,auto,auto,0.0,1.0,0.0,1.0,,,,,4891.08502094088,4837.403883194101,4970.907715374027,0.012314971336487809,27.44129930789488,1588348.0487391353,324.7434959602462,324.7434959602462,TokenDynamic,4891.08502094088,4923.81871611412,1.0,0.9933519698712479,ok,,benchmarks/ops/matmul-otherlibs/results/raw/rebench-current/arm/920f-4_MatmulOtherlibsVecopsLLMBench_meta-pack-20260904.json
meta-pack-all-20260904,920f-4,Native,,BiSheng clang 19.1.7,vecops,0b7a801a0b816f70245d24001a70ce0561c23389+dirty,SVE/SVE2/SME; VL=SVL=512b,,L03_qkv_prefill,llm,qkv,4096x128x4096,1,128,0,bias,bf16xbf16_acc_fp32,AllConst,raw_e2e,native_fused,row_contiguous,default,auto,auto,auto,0.0,1.0,0.0,1.0,,,,,9828.814937333975,9824.232457737837,9846.997813188604,0.0011521355360015802,436.9771252570752,,,,TokenDynamic,10751.585476100445,9828.814937333975,0.9141735383290507,1.0,ok,,benchmarks/ops/matmul-otherlibs/results/raw/rebench-current/arm-all-vecops/920f-4_MatmulOtherlibsVecopsBiasBench_meta-pack-all-20260904.json
meta-pack-all-20260904,920f-4,Native,,BiSheng clang 19.1.7,vecops,0b7a801a0b816f70245d24001a70ce0561c23389+dirty,SVE/SVE2/SME; VL=SVL=512b,,L03_qkv_prefill,llm,qkv,4096x128x4096,1,128,0,bias,bf16xbf16_acc_fp32,TokenDynamic,raw_e2e,native_fused,row_contiguous,default,auto,auto,auto,0.0,1.0,0.0,1.0,,,,,10751.585476100445,10733.507767033117,10777.48780640272,0.0017895933491124329,399.4729247651172,,,,TokenDynamic,10751.585476100445,9828.814937333975,1.0,1.0938842113367502,ok,,benchmarks/ops/matmul-otherlibs/results/raw/rebench-current/arm-all-vecops/920f-4_MatmulOtherlibsVecopsBiasBench_meta-pack-all-20260904.json
meta-pack-all-20260904,920f-4,Native,,BiSheng clang 19.1.7,vecops,0b7a801a0b816f70245d24001a70ce0561c23389+dirty,SVE/SVE2/SME; VL=SVL=512b,,L03_qkv_prefill,llm,qkv,4096x128x4096,1,128,0,bias_relu,bf16xbf16_acc_fp32,AllConst,raw_e2e,native_fused,row_contiguous,default,auto,auto,auto,0.0,1.0,0.0,1.0,,,,,9861.62679536002,9837.060568055937,9935.5091540409,0.004614046608655049,435.5232037396527,,,,TokenDynamic,11018.266513322791,9861.62679536002,0.8950252549650878,1.0,ok,,benchmarks/ops/matmul-otherlibs/results/raw/rebench-current/arm-all-vecops/920f-4_MatmulOtherlibsVecopsBiasReluBench_meta-pack-all-20260904.json
meta-pack-all-20260904,920f-4,Native,,BiSheng clang 19.1.7,vecops,0b7a801a0b816f70245d24001a70ce0561c23389+dirty,SVE/SVE2/SME; VL=SVL=512b,,L03_qkv_prefill,llm,qkv,4096x128x4096,1,128,0,bias_relu,bf16xbf16_acc_fp32,TokenDynamic,raw_e2e,native_fused,row_contiguous,default,auto,auto,auto,0.0,1.0,0.0,1.0,,,,,11018.266513322791,10825.281341870626,11111.938402367135,0.012760273336911921,389.8042664702945,,,,TokenDynamic,11018.266513322791,9861.62679536002,1.0,1.117286908333114,ok,,benchmarks/ops/matmul-otherlibs/results/raw/rebench-current/arm-all-vecops/920f-4_MatmulOtherlibsVecopsBiasReluBench_meta-pack-all-20260904.json
meta-pack-all-20260904,920f-4,Native,,BiSheng clang 19.1.7,vecops,0b7a801a0b816f70245d24001a70ce0561c23389+dirty,SVE/SVE2/SME; VL=SVL=512b,,L03_qkv_prefill,llm,qkv,4096x128x4096,1,128,0,gemm,bf16xbf16_acc_fp32,AllConst,raw_e2e,native,row_contiguous,default,auto,auto,auto,0.0,1.0,0.0,1.0,,,,,9798.596779416714,9790.246348295894,9809.860008369598,0.0011351508180934553,438.32473084535565,,,,TokenDynamic,10727.681792699372,9798.596779416714,0.9133936826952735,1.0,ok,,benchmarks/ops/matmul-otherlibs/results/raw/rebench-current/arm-all-vecops/920f-4_MatmulOtherlibsVecopsLLMBench_meta-pack-all-20260904.json
meta-pack-all-20260904,920f-4,Native,,BiSheng clang 19.1.7,vecops,0b7a801a0b816f70245d24001a70ce0561c23389+dirty,SVE/SVE2/SME; VL=SVL=512b,,L03_qkv_prefill,llm,qkv,4096x128x4096,1,128,0,gemm,bf16xbf16_acc_fp32,TokenDynamic,raw_e2e,native,row_contiguous,default,auto,auto,auto,0.0,1.0,0.0,1.0,,,,,10727.681792699372,10721.786527966076,10752.666584001137,0.001831878478032576,400.363040123254,,,,TokenDynamic,10727.681792699372,9798.596779416714,1.0,1.0948181698051223,ok,,benchmarks/ops/matmul-otherlibs/results/raw/rebench-current/arm-all-vecops/920f-4_MatmulOtherlibsVecopsLLMBench_meta-pack-all-20260904.json
meta-pack-all-20260904,920f-4,Native,,BiSheng clang 19.1.7,vecops,0b7a801a0b816f70245d24001a70ce0561c23389+dirty,SVE/SVE2/SME; VL=SVL=512b,,L03_qkv_prefill,llm,qkv,4096x128x4096,1,128,0,gemm_add,bf16xbf16_acc_fp32,AllConst,raw_e2e,native,row_contiguous,default,auto,auto,auto,0.0,1.0,0.0,1.0,,,,,10190.319436203155,10175.437440297434,10217.222697766763,0.001951205135191614,421.4752366585552,,,,TokenDynamic,11393.822496756911,10190.319436203155,0.8943723179032923,1.0,ok,,benchmarks/ops/matmul-otherlibs/results/raw/rebench-current/arm-all-vecops/920f-4_MatmulOtherlibsVecopsLLMBench_meta-pack-all-20260904.json
meta-pack-all-20260904,920f-4,Native,,BiSheng clang 19.1.7,vecops,0b7a801a0b816f70245d24001a70ce0561c23389+dirty,SVE/SVE2/SME; VL=SVL=512b,,L03_qkv_prefill,llm,qkv,4096x128x4096,1,128,0,gemm_add,bf16xbf16_acc_fp32,TokenDynamic,raw_e2e,native,row_contiguous,default,auto,auto,auto,0.0,1.0,0.0,1.0,,,,,11393.822496756911,11361.424159258606,11530.07841203362,0.00821236329576811,376.9557843491507,,,,TokenDynamic,11393.822496756911,10190.319436203155,1.0,1.1181025843290122,ok,,benchmarks/ops/matmul-otherlibs/results/raw/rebench-current/arm-all-vecops/920f-4_MatmulOtherlibsVecopsLLMBench_meta-pack-all-20260904.json
meta-pack-20260904,920f-4,Native,,BiSheng clang 19.1.7,ACL,2a8ca9840a3112d12d6cc68e49e6c833f9759fd6,SVE/SVE2/SME; VL=SVL=512b,sme_gemv_bf16fp32_dot_8VL,L04_mlp_up_decode,llm,mlp_up,11008x1x4096,1,1,0,bias,bf16xbf16_acc_fp32,NA,prepared_execute,native_fused,row_contiguous,default,auto,auto,auto,1.0,0.0,1.0,1.0,4096.0,11008.0,,,4572.810064400396,4567.5543948046625,4579.408103299718,0.0013911979139942035,19.72037647092268,199283.17004814744,,43.580023495744776,TokenDynamic,12962.10970560258,12981.550810350613,0.3527828546632268,0.35225452884676506,ok,,benchmarks/ops/matmul-otherlibs/results/raw/rebench-current/arm/920f-4_MatmulOtherlibsACLBench_meta-pack-20260904.json
meta-pack-20260904,920f-4,Native,,BiSheng clang 19.1.7,LIBXSMM,3668d249637792dcc988414eb3d2a374033743df,SVE/SVE2/SME; VL=SVL=512b,,L04_mlp_up_decode,llm,mlp_up,11008x1x4096,1,1,0,bias,bf16xbf16_acc_fp32,NA,prepared_execute,separate,row_contiguous,default,auto,auto,auto,0.0,0.0,1.0,1.0,,,1.0,0.0,716201.1619657278,715293.3434583246,716525.3962390125,0.0008502102171862807,0.12591090435052274,199283.17004814744,,0.278250274687049,TokenDynamic,12962.10970560258,12981.550810350613,55.25344085432065,55.17069358113033,ok,,benchmarks/ops/matmul-otherlibs/results/raw/rebench-current/arm/920f-4_MatmulOtherlibsLIBXSMMBench_meta-pack-20260904.json
meta-pack-20260904,920f-4,Native,,BiSheng clang 19.1.7,oneDNN,0e2a5bfeef1bfbffc3137464606540233086ce9b,SVE/SVE2/SME; VL=SVL=512b,brg:sve_512,L04_mlp_up_decode,llm,mlp_up,11008x1x4096,1,1,0,bias,bf16xbf16_acc_fp32,NA,prepared_execute,separate,row_contiguous,default,auto,auto,auto,0.0,0.0,1.0,1.0,,,,,4726.521469031772,4723.904170095921,4752.10494051377,0.004261460698596715,19.079049273518454,199283.17004814744,,42.16275570815732,TokenDynamic,12962.10970560258,12981.550810350613,0.3646413721516984,0.3640952870795038,ok,,benchmarks/ops/matmul-otherlibs/results/raw/rebench-current/arm/920f-4_MatmulOtherlibsOneDNNBench_meta-pack-20260904.json
meta-pack-20260904,920f-4,Native,,BiSheng clang 19.1.7,KUPL-MMA,bd7059eae348f1d77f73a9fbb1cadfe7a6405fb8,SVE/SVE2/SME; VL=SVL=512b,KP36_16x64x2_BF16BF16F32+vecops_transpose_pack,L04_mlp_up_decode,llm,mlp_up,11008x1x4096,1,1,0,bias,bf16xbf16_acc_fp32,NA,raw_e2e,native_accumulate,row_contiguous,default,auto,auto,auto,0.0,1.0,0.0,1.0,,,16.0,,23522.939532995224,23063.77245113254,23654.222069308165,0.01186754942493614,3.8335997877097596,199283.17004814744,8.471865081684046,8.471865081684046,TokenDynamic,12962.10970560258,12981.550810350613,1.8147462154889775,1.812028460747511,ok,,benchmarks/ops/matmul-otherlibs/results/raw/rebench-current/arm/920f-4_MatmulOtherlibsKUPLBench_meta-pack-20260904.json
meta-pack-20260904,920f-4,Native,,BiSheng clang 19.1.7,OpenBLAS,e0166008be8e466242aa76b2ff75ce3f0fbf574a,SVE/SVE2/SME; VL=SVL=512b,ARMV8SVE,L04_mlp_up_decode,llm,mlp_up,11008x1x4096,1,1,0,bias,bf16xbf16_acc_fp32,NA,raw_e2e,separate,row_contiguous,default,auto,auto,auto,0.0,1.0,0.0,1.0,,,1.0,,199283.17004814744,198274.97750520706,201278.24163064364,0.006612570607381688,0.4525095419659012,199283.17004814744,1.0,1.0,TokenDynamic,12962.10970560258,12981.550810350613,15.374285095119339,15.351260643624526,ok,,benchmarks/ops/matmul-otherlibs/results/raw/rebench-current/arm/920f-4_MatmulOtherlibsOpenBLASBench_meta-pack-20260904.json
meta-pack-20260904,920f-4,Native,,BiSheng clang 19.1.7,vecops,0b7a801a0b816f70245d24001a70ce0561c23389+dirty,SVE/SVE2/SME; VL=SVL=512b,,L04_mlp_up_decode,llm,mlp_up,11008x1x4096,1,1,0,bias,bf16xbf16_acc_fp32,AllConst,raw_e2e,native_fused,row_contiguous,default,auto,auto,auto,0.0,1.0,0.0,1.0,,,,,12981.550810350613,12740.529252385551,13204.50390604409,0.01671724913377636,6.946591922445701,199283.17004814744,15.351260643624526,15.351260643624526,TokenDynamic,12962.10970560258,12981.550810350613,1.001499841089883,1.0,ok,,benchmarks/ops/matmul-otherlibs/results/raw/rebench-current/arm/920f-4_MatmulOtherlibsVecopsBiasBench_meta-pack-20260904.json
meta-pack-20260904,920f-4,Native,,BiSheng clang 19.1.7,vecops,0b7a801a0b816f70245d24001a70ce0561c23389+dirty,SVE/SVE2/SME; VL=SVL=512b,,L04_mlp_up_decode,llm,mlp_up,11008x1x4096,1,1,0,bias,bf16xbf16_acc_fp32,TokenDynamic,raw_e2e,native_fused,row_contiguous,default,auto,auto,auto,0.0,1.0,0.0,1.0,,,,,12962.10970560258,12847.76923500679,13180.592351339079,0.013310844219747077,6.957010706445634,199283.17004814744,15.374285095119339,15.374285095119339,TokenDynamic,12962.10970560258,12981.550810350613,1.0,0.9985024050645372,ok,,benchmarks/ops/matmul-otherlibs/results/raw/rebench-current/arm/920f-4_MatmulOtherlibsVecopsBiasBench_meta-pack-20260904.json
meta-pack-20260904,920f-4,Native,,BiSheng clang 19.1.7,ACL,2a8ca9840a3112d12d6cc68e49e6c833f9759fd6,SVE/SVE2/SME; VL=SVL=512b,sme_gemv_bf16fp32_dot_8VL,L04_mlp_up_decode,llm,mlp_up,11008x1x4096,1,1,0,bias_relu,bf16xbf16_acc_fp32,NA,prepared_execute,native_fused,row_contiguous,default,auto,auto,auto,1.0,0.0,1.0,1.0,4096.0,11008.0,,,4573.4842818590905,4568.0490082069755,4583.421679994752,0.0021672732079384355,19.717469317144662,200156.69893473387,,43.7645975364261,TokenDynamic,13007.114781066775,12877.823276953264,0.3516140480682371,0.35514420282843956,ok,,benchmarks/ops/matmul-otherlibs/results/raw/rebench-current/arm/920f-4_MatmulOtherlibsACLBench_meta-pack-20260904.json
meta-pack-20260904,920f-4,Native,,BiSheng clang 19.1.7,LIBXSMM,3668d249637792dcc988414eb3d2a374033743df,SVE/SVE2/SME; VL=SVL=512b,,L04_mlp_up_decode,llm,mlp_up,11008x1x4096,1,1,0,bias_relu,bf16xbf16_acc_fp32,NA,prepared_execute,separate,row_contiguous,default,auto,auto,auto,0.0,0.0,1.0,1.0,,,1.0,0.0,715347.1247293055,715102.3426093162,715804.9761317672,0.00042931127298028896,0.12606122661655217,200156.69893473387,,0.27980359746392375,TokenDynamic,13007.114781066775,12877.823276953264,54.99660276470909,55.548760791703295,ok,,benchmarks/ops/matmul-otherlibs/results/raw/rebench-current/arm/920f-4_MatmulOtherlibsLIBXSMMBench_meta-pack-20260904.json
meta-pack-20260904,920f-4,Native,,BiSheng clang 19.1.7,oneDNN,0e2a5bfeef1bfbffc3137464606540233086ce9b,SVE/SVE2/SME; VL=SVL=512b,brg:sve_512,L04_mlp_up_decode,llm,mlp_up,11008x1x4096,1,1,0,bias_relu,bf16xbf16_acc_fp32,NA,prepared_execute,separate,row_contiguous,default,auto,auto,auto,0.0,0.0,1.0,1.0,,,,,4741.031940405568,4735.13531498611,4774.577195445697,0.004034578800632663,19.020655657571,200156.69893473387,,42.21796044630984,TokenDynamic,13007.114781066775,12877.823276953264,0.3644952797146558,0.3681547601985138,ok,,benchmarks/ops/matmul-otherlibs/results/raw/rebench-current/arm/920f-4_MatmulOtherlibsOneDNNBench_meta-pack-20260904.json
meta-pack-20260904,920f-4,Native,,BiSheng clang 19.1.7,KUPL-MMA,bd7059eae348f1d77f73a9fbb1cadfe7a6405fb8,SVE/SVE2/SME; VL=SVL=512b,KP36_16x64x2_BF16BF16F32+vecops_transpose_pack,L04_mlp_up_decode,llm,mlp_up,11008x1x4096,1,1,0,bias_relu,bf16xbf16_acc_fp32,NA,raw_e2e,separate,row_contiguous,default,auto,auto,auto,0.0,1.0,0.0,1.0,,,16.0,,23493.502832328282,23469.06273936232,23604.083697622027,0.00304999811369884,3.8384031808109524,200156.69893473387,8.519661813022953,8.519661813022953,TokenDynamic,13007.114781066775,12877.823276953264,1.8062040066353184,1.8243380365665771,ok,,benchmarks/ops/matmul-otherlibs/results/raw/rebench-current/arm/920f-4_MatmulOtherlibsKUPLBench_meta-pack-20260904.json
meta-pack-20260904,920f-4,Native,,BiSheng clang 19.1.7,OpenBLAS,e0166008be8e466242aa76b2ff75ce3f0fbf574a,SVE/SVE2/SME; VL=SVL=512b,ARMV8SVE,L04_mlp_up_decode,llm,mlp_up,11008x1x4096,1,1,0,bias_relu,bf16xbf16_acc_fp32,NA,raw_e2e,separate,row_contiguous,default,auto,auto,auto,0.0,1.0,0.0,1.0,,,1.0,,200156.69893473387,198919.90786418316,201407.14496374127,0.0059231666617612505,0.4505346884712795,200156.69893473387,1.0,1.0,TokenDynamic,13007.114781066775,12877.823276953264,15.38824730185998,15.54274310418154,ok,,benchmarks/ops/matmul-otherlibs/results/raw/rebench-current/arm/920f-4_MatmulOtherlibsOpenBLASBench_meta-pack-20260904.json
meta-pack-20260904,920f-4,Native,,BiSheng clang 19.1.7,vecops,0b7a801a0b816f70245d24001a70ce0561c23389+dirty,SVE/SVE2/SME; VL=SVL=512b,,L04_mlp_up_decode,llm,mlp_up,11008x1x4096,1,1,0,bias_relu,bf16xbf16_acc_fp32,AllConst,raw_e2e,native_fused,row_contiguous,default,auto,auto,auto,0.0,1.0,0.0,1.0,,,,,12877.823276953264,12733.204798264936,13318.010969934141,0.02049497677550641,7.002544922431557,200156.69893473387,15.54274310418154,15.54274310418154,TokenDynamic,13007.114781066775,12877.823276953264,0.9900599397875915,1.0,ok,,benchmarks/ops/matmul-otherlibs/results/raw/rebench-current/arm/920f-4_MatmulOtherlibsVecopsBiasReluBench_meta-pack-20260904.json
meta-pack-20260904,920f-4,Native,,BiSheng clang 19.1.7,vecops,0b7a801a0b816f70245d24001a70ce0561c23389+dirty,SVE/SVE2/SME; VL=SVL=512b,,L04_mlp_up_decode,llm,mlp_up,11008x1x4096,1,1,0,bias_relu,bf16xbf16_acc_fp32,TokenDynamic,raw_e2e,native_fused,row_contiguous,default,auto,auto,auto,0.0,1.0,0.0,1.0,,,,,13007.114781066775,12945.247339084744,13297.260217368603,0.013060390524532567,6.932939204262493,200156.69893473387,15.38824730185998,15.38824730185998,TokenDynamic,13007.114781066775,12877.823276953264,1.0,1.0100398569954674,ok,,benchmarks/ops/matmul-otherlibs/results/raw/rebench-current/arm/920f-4_MatmulOtherlibsVecopsBiasReluBench_meta-pack-20260904.json
meta-pack-20260904,920f-4,Native,,BiSheng clang 19.1.7,ACL,2a8ca9840a3112d12d6cc68e49e6c833f9759fd6,SVE/SVE2/SME; VL=SVL=512b,sme_gemv_bf16fp32_dot_8VL,L04_mlp_up_decode,llm,mlp_up,11008x1x4096,1,1,0,bias_silu,bf16xbf16_acc_fp32,NA,prepared_execute,native_fused,row_contiguous,default,auto,auto,auto,1.0,0.0,1.0,1.0,4096.0,11008.0,,,4688.8206619769335,4684.2727561791735,4693.625013654431,0.0008477950395228,19.23245577108055,199463.979806751,,42.540330327466954,TokenDynamic,12904.430189254608,12880.131517621603,0.3633496863643982,0.36403515411019294,ok,,benchmarks/ops/matmul-otherlibs/results/raw/rebench-current/arm/920f-4_MatmulOtherlibsACLBench_meta-pack-20260904.json
meta-pack-20260904,920f-4,Native,,BiSheng clang 19.1.7,LIBXSMM,3668d249637792dcc988414eb3d2a374033743df,SVE/SVE2/SME; VL=SVL=512b,,L04_mlp_up_decode,llm,mlp_up,11008x1x4096,1,1,0,bias_silu,bf16xbf16_acc_fp32,NA,prepared_execute,separate,row_contiguous,default,auto,auto,auto,0.0,0.0,1.0,1.0,,,1.0,0.0,715872.4241890013,714728.4634411335,717349.9125987291,0.002138250967084126,0.12596872424882194,199463.979806751,,0.27863062337220224,TokenDynamic,12904.430189254608,12880.131517621603,55.474934862687796,55.5795896345934,ok,,benchmarks/ops/matmul-otherlibs/results/raw/rebench-current/arm/920f-4_MatmulOtherlibsLIBXSMMBench_meta-pack-20260904.json
meta-pack-20260904,920f-4,Native,,BiSheng clang 19.1.7,oneDNN,0e2a5bfeef1bfbffc3137464606540233086ce9b,SVE/SVE2/SME; VL=SVL=512b,brg:sve_512,L04_mlp_up_decode,llm,mlp_up,11008x1x4096,1,1,0,bias_silu,bf16xbf16_acc_fp32,NA,prepared_execute,separate,row_contiguous,default,auto,auto,auto,0.0,0.0,1.0,1.0,,,,,4845.841097292201,4841.566609282946,4864.143265475487,0.002582509607224678,18.60926394189652,199463.979806751,,41.161890330702164,TokenDynamic,12904.430189254608,12880.131517621603,0.3755176343491156,0.3762260572155257,ok,,benchmarks/ops/matmul-otherlibs/results/raw/rebench-current/arm/920f-4_MatmulOtherlibsOneDNNBench_meta-pack-20260904.json
meta-pack-20260904,920f-4,Native,,BiSheng clang 19.1.7,KUPL-MMA,bd7059eae348f1d77f73a9fbb1cadfe7a6405fb8,SVE/SVE2/SME; VL=SVL=512b,KP36_16x64x2_BF16BF16F32+vecops_transpose_pack,L04_mlp_up_decode,llm,mlp_up,11008x1x4096,1,1,0,bias_silu,bf16xbf16_acc_fp32,NA,raw_e2e,separate,row_contiguous,default,auto,auto,auto,0.0,1.0,0.0,1.0,,,16.0,,23774.11350607872,23732.838189850252,23834.76287747423,0.002065650746767802,3.7930977311495893,199463.979806751,8.3899649825324,8.3899649825324,TokenDynamic,12904.430189254608,12880.131517621603,1.8423218350140862,1.8457974185708284,ok,,benchmarks/ops/matmul-otherlibs/results/raw/rebench-current/arm/920f-4_MatmulOtherlibsKUPLBench_meta-pack-20260904.json
meta-pack-20260904,920f-4,Native,,BiSheng clang 19.1.7,OpenBLAS,e0166008be8e466242aa76b2ff75ce3f0fbf574a,SVE/SVE2/SME; VL=SVL=512b,ARMV8SVE,L04_mlp_up_decode,llm,mlp_up,11008x1x4096,1,1,0,bias_silu,bf16xbf16_acc_fp32,NA,raw_e2e,separate,row_contiguous,default,auto,auto,auto,0.0,1.0,0.0,1.0,,,1.0,,199463.979806751,198134.22802835703,200390.7478414476,0.006048846887231201,0.4520993519098924,199463.979806751,1.0,1.0,TokenDynamic,12904.430189254608,12880.131517621603,15.457015682323014,15.486175706657946,ok,,benchmarks/ops/matmul-otherlibs/results/raw/rebench-current/arm/920f-4_MatmulOtherlibsOpenBLASBench_meta-pack-20260904.json
meta-pack-20260904,920f-4,Native,,BiSheng clang 19.1.7,vecops,0b7a801a0b816f70245d24001a70ce0561c23389+dirty,SVE/SVE2/SME; VL=SVL=512b,,L04_mlp_up_decode,llm,mlp_up,11008x1x4096,1,1,0,bias_silu,bf16xbf16_acc_fp32,AllConst,raw_e2e,native_fused,row_contiguous,default,auto,auto,auto,0.0,1.0,0.0,1.0,,,,,12880.131517621603,12678.827531635761,13073.215498165651,0.013609977215597242,7.001290000542777,199463.979806751,15.486175706657946,15.486175706657946,TokenDynamic,12904.430189254608,12880.131517621603,0.9981170287043563,1.0,ok,,benchmarks/ops/matmul-otherlibs/results/raw/rebench-current/arm/920f-4_MatmulOtherlibsVecopsBiasSiluBench_meta-pack-20260904.json
meta-pack-20260904,920f-4,Native,,BiSheng clang 19.1.7,vecops,0b7a801a0b816f70245d24001a70ce0561c23389+dirty,SVE/SVE2/SME; VL=SVL=512b,,L04_mlp_up_decode,llm,mlp_up,11008x1x4096,1,1,0,bias_silu,bf16xbf16_acc_fp32,TokenDynamic,raw_e2e,native_fused,row_contiguous,default,auto,auto,auto,0.0,1.0,0.0,1.0,,,,,12904.430189254608,12799.774347381157,13244.500502266668,0.015506418392943559,6.988106772439278,199463.979806751,15.457015682323014,15.457015682323014,TokenDynamic,12904.430189254608,12880.131517621603,1.0,1.001886523565366,ok,,benchmarks/ops/matmul-otherlibs/results/raw/rebench-current/arm/920f-4_MatmulOtherlibsVecopsBiasSiluBench_meta-pack-20260904.json
meta-pack-20260904,920f-4,Native,,BiSheng clang 19.1.7,ACL,2a8ca9840a3112d12d6cc68e49e6c833f9759fd6,SVE/SVE2/SME; VL=SVL=512b,sme_gemv_bf16fp32_dot_8VL,L04_mlp_up_decode,llm,mlp_up,11008x1x4096,1,1,0,gemm,bf16xbf16_acc_fp32,NA,prepared_execute,native,row_contiguous,default,auto,auto,auto,1.0,0.0,1.0,1.0,4096.0,11008.0,,,4563.513707609907,4559.600338219635,4565.8913531130365,0.0006501146282810551,19.760548949294062,199872.28279933333,,43.79789250244509,TokenDynamic,12889.939360320568,12832.770759070461,0.3540368639481648,0.35561405976058,ok,,benchmarks/ops/matmul-otherlibs/results/raw/rebench-current/arm/920f-4_MatmulOtherlibsACLBench_meta-pack-20260904.json
meta-pack-20260904,920f-4,Native,,BiSheng clang 19.1.7,LIBXSMM,3668d249637792dcc988414eb3d2a374033743df,SVE/SVE2/SME; VL=SVL=512b,,L04_mlp_up_decode,llm,mlp_up,11008x1x4096,1,1,0,gemm,bf16xbf16_acc_fp32,NA,prepared_execute,native,row_contiguous,default,auto,auto,auto,0.0,0.0,1.0,1.0,,,1.0,0.0,715394.3069279194,715013.5875679554,716016.4894536138,0.0006481123089924341,0.12605291253608755,199872.28279933333,,0.27938757810029896,TokenDynamic,12889.939360320568,12832.770759070461,55.50020732681924,55.74745472814312,ok,,benchmarks/ops/matmul-otherlibs/results/raw/rebench-current/arm/920f-4_MatmulOtherlibsLIBXSMMBench_meta-pack-20260904.json
meta-pack-20260904,920f-4,Native,,BiSheng clang 19.1.7,oneDNN,0e2a5bfeef1bfbffc3137464606540233086ce9b,SVE/SVE2/SME; VL=SVL=512b,brg:sve_512,L04_mlp_up_decode,llm,mlp_up,11008x1x4096,1,1,0,gemm,bf16xbf16_acc_fp32,NA,prepared_execute,native,row_contiguous,default,auto,auto,auto,0.0,0.0,1.0,1.0,,,,,4723.972004527847,4722.919464111329,4727.972609301408,0.000512766840084819,19.089345981213764,199872.28279933333,,42.31021746271128,TokenDynamic,12889.939360320568,12832.770759070461,0.36648520000565493,0.3681178518044397,ok,,benchmarks/ops/matmul-otherlibs/results/raw/rebench-current/arm/920f-4_MatmulOtherlibsOneDNNBench_meta-pack-20260904.json
meta-pack-20260904,920f-4,Native,,BiSheng clang 19.1.7,KUPL-MMA,bd7059eae348f1d77f73a9fbb1cadfe7a6405fb8,SVE/SVE2/SME; VL=SVL=512b,KP36_16x64x2_BF16BF16F32+vecops_transpose_pack,L04_mlp_up_decode,llm,mlp_up,11008x1x4096,1,1,0,gemm,bf16xbf16_acc_fp32,NA,raw_e2e,native_accumulate,row_contiguous,default,auto,auto,auto,0.0,1.0,0.0,1.0,,,16.0,,22868.392833818994,22861.56448535621,22890.994868551694,0.0006942414093686212,3.943326348086896,199872.28279933333,8.740110608199435,8.740110608199435,TokenDynamic,12889.939360320568,12832.770759070461,1.774127262709657,1.7820308071548112,ok,,benchmarks/ops/matmul-otherlibs/results/raw/rebench-current/arm/920f-4_MatmulOtherlibsKUPLBench_meta-pack-20260904.json
meta-pack-20260904,920f-4,Native,,BiSheng clang 19.1.7,OpenBLAS,e0166008be8e466242aa76b2ff75ce3f0fbf574a,SVE/SVE2/SME; VL=SVL=512b,ARMV8SVE,L04_mlp_up_decode,llm,mlp_up,11008x1x4096,1,1,0,gemm,bf16xbf16_acc_fp32,NA,raw_e2e,native,row_contiguous,default,auto,auto,auto,0.0,1.0,0.0,1.0,,,1.0,,199872.28279933333,199155.90742602947,201680.63081800938,0.005667791394328218,0.4511757945474408,199872.28279933333,1.0,1.0,TokenDynamic,12889.939360320568,12832.770759070461,15.506068509104498,15.575146361751967,ok,,benchmarks/ops/matmul-otherlibs/results/raw/rebench-current/arm/920f-4_MatmulOtherlibsOpenBLASBench_meta-pack-20260904.json
meta-pack-20260904,920f-4,Native,,BiSheng clang 19.1.7,vecops,0b7a801a0b816f70245d24001a70ce0561c23389+dirty,SVE/SVE2/SME; VL=SVL=512b,,L04_mlp_up_decode,llm,mlp_up,11008x1x4096,1,1,0,gemm,bf16xbf16_acc_fp32,AllConst,raw_e2e,native,row_contiguous,default,auto,auto,auto,0.0,1.0,0.0,1.0,,,,,12832.770759070461,12716.081264344128,12920.16871104186,0.007070936581514526,7.0271290349561255,199872.28279933333,15.575146361751967,15.575146361751967,TokenDynamic,12889.939360320568,12832.770759070461,0.9955648665480855,1.0,ok,,benchmarks/ops/matmul-otherlibs/results/raw/rebench-current/arm/920f-4_MatmulOtherlibsVecopsLLMBench_meta-pack-20260904.json
meta-pack-20260904,920f-4,Native,,BiSheng clang 19.1.7,vecops,0b7a801a0b816f70245d24001a70ce0561c23389+dirty,SVE/SVE2/SME; VL=SVL=512b,,L04_mlp_up_decode,llm,mlp_up,11008x1x4096,1,1,0,gemm,bf16xbf16_acc_fp32,TokenDynamic,raw_e2e,native,row_contiguous,default,auto,auto,auto,0.0,1.0,0.0,1.0,,,,,12889.939360320568,12724.56832230091,13027.46618166566,0.0108147443934843,6.995962779902272,199872.28279933333,15.506068509104498,15.506068509104498,TokenDynamic,12889.939360320568,12832.770759070461,1.0,1.0044548914901872,ok,,benchmarks/ops/matmul-otherlibs/results/raw/rebench-current/arm/920f-4_MatmulOtherlibsVecopsLLMBench_meta-pack-20260904.json
meta-pack-20260904,920f-4,Native,,BiSheng clang 19.1.7,ACL,2a8ca9840a3112d12d6cc68e49e6c833f9759fd6,SVE/SVE2/SME; VL=SVL=512b,a64_hybrid_bf16fp32_mmla_6x16,L04_mlp_up_decode,llm,mlp_up,11008x1x4096,1,1,0,gemm_add,bf16xbf16_acc_fp32,NA,prepared_execute,native,row_contiguous,default,auto,auto,auto,1.0,0.0,1.0,1.0,1024.0,16.0,,,7219.801936298608,7213.756614364683,7233.870029449462,0.0014968190904198968,12.490306077043371,199290.97034037113,,27.60338470483611,TokenDynamic,12892.645021731203,12787.740000269629,0.5599938510778252,0.5645877955093221,ok,,benchmarks/ops/matmul-otherlibs/results/raw/rebench-current/arm/920f-4_MatmulOtherlibsACLBench_meta-pack-20260904.json
meta-pack-20260904,920f-4,Native,,BiSheng clang 19.1.7,LIBXSMM,3668d249637792dcc988414eb3d2a374033743df,SVE/SVE2/SME; VL=SVL=512b,,L04_mlp_up_decode,llm,mlp_up,11008x1x4096,1,1,0,gemm_add,bf16xbf16_acc_fp32,NA,prepared_execute,native,row_contiguous,default,auto,auto,auto,0.0,0.0,1.0,1.0,,,1.0,0.0,716457.4260823429,716126.4675669372,717673.8166250288,0.00102213250617133,0.12586586825277157,199290.97034037113,,0.2781616368052922,TokenDynamic,12892.645021731203,12787.740000269629,55.57101935830217,56.026899676349096,ok,,benchmarks/ops/matmul-otherlibs/results/raw/rebench-current/arm/920f-4_MatmulOtherlibsLIBXSMMBench_meta-pack-20260904.json
meta-pack-20260904,920f-4,Native,,BiSheng clang 19.1.7,oneDNN,0e2a5bfeef1bfbffc3137464606540233086ce9b,SVE/SVE2/SME; VL=SVL=512b,brg:sve_512,L04_mlp_up_decode,llm,mlp_up,11008x1x4096,1,1,0,gemm_add,bf16xbf16_acc_fp32,NA,prepared_execute,native,row_contiguous,default,auto,auto,auto,0.0,0.0,1.0,1.0,,,,,4734.951940675576,4733.0723609775305,4753.416435172161,0.002558699413033525,19.045079470676445,199290.97034037113,,42.08933328939693,TokenDynamic,12892.645021731203,12787.740000269629,0.3672599325192446,0.37027277224714766,ok,,benchmarks/ops/matmul-otherlibs/results/raw/rebench-current/arm/920f-4_MatmulOtherlibsOneDNNBench_meta-pack-20260904.json
meta-pack-20260904,920f-4,Native,,BiSheng clang 19.1.7,KUPL-MMA,bd7059eae348f1d77f73a9fbb1cadfe7a6405fb8,SVE/SVE2/SME; VL=SVL=512b,KP36_16x64x2_BF16BF16F32+vecops_transpose_pack,L04_mlp_up_decode,llm,mlp_up,11008x1x4096,1,1,0,gemm_add,bf16xbf16_acc_fp32,NA,raw_e2e,native_accumulate,row_contiguous,default,auto,auto,auto,0.0,1.0,0.0,1.0,,,16.0,,23612.98119649291,23579.43329649667,23668.458312749866,0.00201835651085482,3.8189814005100513,199290.97034037113,8.439890273997701,8.439890273997701,TokenDynamic,12892.645021731203,12787.740000269629,1.8315078990146738,1.8465327881232363,ok,,benchmarks/ops/matmul-otherlibs/results/raw/rebench-current/arm/920f-4_MatmulOtherlibsKUPLBench_meta-pack-20260904.json
meta-pack-20260904,920f-4,Native,,BiSheng clang 19.1.7,OpenBLAS,e0166008be8e466242aa76b2ff75ce3f0fbf574a,SVE/SVE2/SME; VL=SVL=512b,ARMV8SVE,L04_mlp_up_decode,llm,mlp_up,11008x1x4096,1,1,0,gemm_add,bf16xbf16_acc_fp32,NA,raw_e2e,native,row_contiguous,default,auto,auto,auto,0.0,1.0,0.0,1.0,,,1.0,,199290.97034037113,198958.8660188019,200784.3879982829,0.004471076874968878,0.45249183064332943,199290.97034037113,1.0,1.0,TokenDynamic,12892.645021731203,12787.740000269629,15.457725703643911,15.58453411909916,ok,,benchmarks/ops/matmul-otherlibs/results/raw/rebench-current/arm/920f-4_MatmulOtherlibsOpenBLASBench_meta-pack-20260904.json
meta-pack-20260904,920f-4,Native,,BiSheng clang 19.1.7,vecops,0b7a801a0b816f70245d24001a70ce0561c23389+dirty,SVE/SVE2/SME; VL=SVL=512b,,L04_mlp_up_decode,llm,mlp_up,11008x1x4096,1,1,0,gemm_add,bf16xbf16_acc_fp32,AllConst,raw_e2e,native,row_contiguous,default,auto,auto,auto,0.0,1.0,0.0,1.0,,,,,12787.740000269629,12684.726808220146,13095.52671049129,0.015522899429348628,7.051874373274606,199290.97034037113,15.58453411909916,15.58453411909916,TokenDynamic,12892.645021731203,12787.740000269629,0.9918631885633435,1.0,ok,,benchmarks/ops/matmul-otherlibs/results/raw/rebench-current/arm/920f-4_MatmulOtherlibsVecopsLLMBench_meta-pack-20260904.json
meta-pack-20260904,920f-4,Native,,BiSheng clang 19.1.7,vecops,0b7a801a0b816f70245d24001a70ce0561c23389+dirty,SVE/SVE2/SME; VL=SVL=512b,,L04_mlp_up_decode,llm,mlp_up,11008x1x4096,1,1,0,gemm_add,bf16xbf16_acc_fp32,TokenDynamic,raw_e2e,native,row_contiguous,default,auto,auto,auto,0.0,1.0,0.0,1.0,,,,,12892.645021731203,12699.275396086954,12940.176415511154,0.00936416489359039,6.994494601224281,199290.97034037113,15.457725703643911,15.457725703643911,TokenDynamic,12892.645021731203,12787.740000269629,1.0,1.0082035622760053,ok,,benchmarks/ops/matmul-otherlibs/results/raw/rebench-current/arm/920f-4_MatmulOtherlibsVecopsLLMBench_meta-pack-20260904.json
meta-pack-all-20260904,920f-4,Native,,BiSheng clang 19.1.7,vecops,0b7a801a0b816f70245d24001a70ce0561c23389+dirty,SVE/SVE2/SME; VL=SVL=512b,,L05_mlp_up_prefill,llm,mlp_up,11008x128x4096,1,128,0,bias,bf16xbf16_acc_fp32,AllConst,raw_e2e,native_fused,row_contiguous,default,auto,auto,auto,0.0,1.0,0.0,1.0,,,,,25400.222822402917,25373.230331266917,25421.548107018076,0.0009226958372228504,454.43399015458056,,,,TokenDynamic,28337.06559613347,25400.222822402917,0.8963603777615111,1.0,ok,,benchmarks/ops/matmul-otherlibs/results/raw/rebench-current/arm-all-vecops/920f-4_MatmulOtherlibsVecopsBiasBench_meta-pack-all-20260904.json
meta-pack-all-20260904,920f-4,Native,,BiSheng clang 19.1.7,vecops,0b7a801a0b816f70245d24001a70ce0561c23389+dirty,SVE/SVE2/SME; VL=SVL=512b,,L05_mlp_up_prefill,llm,mlp_up,11008x128x4096,1,128,0,bias,bf16xbf16_acc_fp32,TokenDynamic,raw_e2e,native_fused,row_contiguous,default,auto,auto,auto,0.0,1.0,0.0,1.0,,,,,28337.06559613347,28299.806639552116,28523.683212697502,0.0051109344364620455,407.33662308263064,,,,TokenDynamic,28337.06559613347,25400.222822402917,1.0,1.1156227169448398,ok,,benchmarks/ops/matmul-otherlibs/results/raw/rebench-current/arm-all-vecops/920f-4_MatmulOtherlibsVecopsBiasBench_meta-pack-all-20260904.json
meta-pack-all-20260904,920f-4,Native,,BiSheng clang 19.1.7,vecops,0b7a801a0b816f70245d24001a70ce0561c23389+dirty,SVE/SVE2/SME; VL=SVL=512b,,L05_mlp_up_prefill,llm,mlp_up,11008x128x4096,1,128,0,bias_relu,bf16xbf16_acc_fp32,AllConst,raw_e2e,native_fused,row_contiguous,default,auto,auto,auto,0.0,1.0,0.0,1.0,,,,,25978.12758758664,25496.622323989868,26007.242817431685,0.009631424458502973,444.32473314649366,,,,TokenDynamic,28280.812222510573,25978.12758758664,0.9185778464632967,1.0,ok,,benchmarks/ops/matmul-otherlibs/results/raw/rebench-current/arm-all-vecops/920f-4_MatmulOtherlibsVecopsBiasReluBench_meta-pack-all-20260904.json
meta-pack-all-20260904,920f-4,Native,,BiSheng clang 19.1.7,vecops,0b7a801a0b816f70245d24001a70ce0561c23389+dirty,SVE/SVE2/SME; VL=SVL=512b,,L05_mlp_up_prefill,llm,mlp_up,11008x128x4096,1,128,0,bias_relu,bf16xbf16_acc_fp32,TokenDynamic,raw_e2e,native_fused,row_contiguous,default,auto,auto,auto,0.0,1.0,0.0,1.0,,,,,28280.812222510573,27992.49829724431,28339.210394769907,0.005550995155240288,408.1468565040851,,,,TokenDynamic,28280.812222510573,25978.12758758664,1.0,1.0886393612149416,ok,,benchmarks/ops/matmul-otherlibs/results/raw/rebench-current/arm-all-vecops/920f-4_MatmulOtherlibsVecopsBiasReluBench_meta-pack-all-20260904.json
meta-pack-all-20260904,920f-4,Native,,BiSheng clang 19.1.7,vecops,0b7a801a0b816f70245d24001a70ce0561c23389+dirty,SVE/SVE2/SME; VL=SVL=512b,,L05_mlp_up_prefill,llm,mlp_up,11008x128x4096,1,128,0,bias_silu,bf16xbf16_acc_fp32,AllConst,raw_e2e,native_fused,row_contiguous,default,auto,auto,auto,0.0,1.0,0.0,1.0,,,,,27297.711372375485,27029.37925234437,27467.73097664118,0.00860633932260759,422.84587343395066,,,,TokenDynamic,29126.493632793423,27297.711372375485,0.937212412744426,1.0,ok,,benchmarks/ops/matmul-otherlibs/results/raw/rebench-current/arm-all-vecops/920f-4_MatmulOtherlibsVecopsBiasSiluBench_meta-pack-all-20260904.json
meta-pack-all-20260904,920f-4,Native,,BiSheng clang 19.1.7,vecops,0b7a801a0b816f70245d24001a70ce0561c23389+dirty,SVE/SVE2/SME; VL=SVL=512b,,L05_mlp_up_prefill,llm,mlp_up,11008x128x4096,1,128,0,bias_silu,bf16xbf16_acc_fp32,TokenDynamic,raw_e2e,native_fused,row_contiguous,default,auto,auto,auto,0.0,1.0,0.0,1.0,,,,,29126.493632793423,29086.542613804337,30374.327860772606,0.02111505184667269,396.2964012600571,,,,TokenDynamic,29126.493632793423,27297.711372375485,1.0,1.0669939774610049,ok,,benchmarks/ops/matmul-otherlibs/results/raw/rebench-current/arm-all-vecops/920f-4_MatmulOtherlibsVecopsBiasSiluBench_meta-pack-all-20260904.json
meta-pack-all-20260904,920f-4,Native,,BiSheng clang 19.1.7,vecops,0b7a801a0b816f70245d24001a70ce0561c23389+dirty,SVE/SVE2/SME; VL=SVL=512b,,L05_mlp_up_prefill,llm,mlp_up,11008x128x4096,1,128,0,gemm,bf16xbf16_acc_fp32,AllConst,raw_e2e,native,row_contiguous,default,auto,auto,auto,0.0,1.0,0.0,1.0,,,,,26210.086327046152,25994.94684487581,26389.501336961985,0.006605705841280633,440.39246815028906,,,,TokenDynamic,28648.32682535052,26210.086327046152,0.9148906491758255,1.0,ok,,benchmarks/ops/matmul-otherlibs/results/raw/rebench-current/arm-all-vecops/920f-4_MatmulOtherlibsVecopsLLMBench_meta-pack-all-20260904.json
meta-pack-all-20260904,920f-4,Native,,BiSheng clang 19.1.7,vecops,0b7a801a0b816f70245d24001a70ce0561c23389+dirty,SVE/SVE2/SME; VL=SVL=512b,,L05_mlp_up_prefill,llm,mlp_up,11008x128x4096,1,128,0,gemm,bf16xbf16_acc_fp32,TokenDynamic,raw_e2e,native,row_contiguous,default,auto,auto,auto,0.0,1.0,0.0,1.0,,,,,28648.32682535052,28355.74898868799,29518.531095236536,0.01799898805863066,402.91095107816204,,,,TokenDynamic,28648.32682535052,26210.086327046152,1.0,1.0930268015099345,ok,,benchmarks/ops/matmul-otherlibs/results/raw/rebench-current/arm-all-vecops/920f-4_MatmulOtherlibsVecopsLLMBench_meta-pack-all-20260904.json
meta-pack-all-20260904,920f-4,Native,,BiSheng clang 19.1.7,vecops,0b7a801a0b816f70245d24001a70ce0561c23389+dirty,SVE/SVE2/SME; VL=SVL=512b,,L05_mlp_up_prefill,llm,mlp_up,11008x128x4096,1,128,0,gemm_add,bf16xbf16_acc_fp32,AllConst,raw_e2e,native,row_contiguous,default,auto,auto,auto,0.0,1.0,0.0,1.0,,,,,26867.157127708197,26853.124331682917,27025.232575833797,0.00403421740821417,429.62210527648074,,,,TokenDynamic,30003.244802355766,26867.157127708197,0.8954750496052569,1.0,ok,,benchmarks/ops/matmul-otherlibs/results/raw/rebench-current/arm-all-vecops/920f-4_MatmulOtherlibsVecopsLLMBench_meta-pack-all-20260904.json
meta-pack-all-20260904,920f-4,Native,,BiSheng clang 19.1.7,vecops,0b7a801a0b816f70245d24001a70ce0561c23389+dirty,SVE/SVE2/SME; VL=SVL=512b,,L05_mlp_up_prefill,llm,mlp_up,11008x128x4096,1,128,0,gemm_add,bf16xbf16_acc_fp32,TokenDynamic,raw_e2e,native,row_contiguous,default,auto,auto,auto,0.0,1.0,0.0,1.0,,,,,30003.244802355766,29942.169655114412,30019.30795609951,0.0011881988247466212,384.7158760339715,,,,TokenDynamic,30003.244802355766,26867.157127708197,1.0,1.1167256982099274,ok,,benchmarks/ops/matmul-otherlibs/results/raw/rebench-current/arm-all-vecops/920f-4_MatmulOtherlibsVecopsLLMBench_meta-pack-all-20260904.json
meta-pack-all-20260904,920f-4,Native,,BiSheng clang 19.1.7,vecops,0b7a801a0b816f70245d24001a70ce0561c23389+dirty,SVE/SVE2/SME; VL=SVL=512b,,L06_mlp_down_decode,llm,mlp_down,4096x1x11008,1,1,0,bias,bf16xbf16_acc_fp32,AllConst,raw_e2e,native_fused,row_contiguous,default,auto,auto,auto,0.0,1.0,0.0,1.0,,,,,12271.838389675726,12254.834192043,12282.662500034681,0.001281687840835659,7.348331450963874,,,,TokenDynamic,12268.97101679986,12271.838389675726,1.000233709320198,1.0,ok,,benchmarks/ops/matmul-otherlibs/results/raw/rebench-current/arm-all-vecops/920f-4_MatmulOtherlibsVecopsBiasBench_meta-pack-all-20260904.json
meta-pack-all-20260904,920f-4,Native,,BiSheng clang 19.1.7,vecops,0b7a801a0b816f70245d24001a70ce0561c23389+dirty,SVE/SVE2/SME; VL=SVL=512b,,L06_mlp_down_decode,llm,mlp_down,4096x1x11008,1,1,0,bias,bf16xbf16_acc_fp32,TokenDynamic,raw_e2e,native_fused,row_contiguous,default,auto,auto,auto,0.0,1.0,0.0,1.0,,,,,12268.97101679986,12257.570976560766,12275.818151167847,0.000717492972307873,7.350048824511869,,,,TokenDynamic,12268.97101679986,12271.838389675726,1.0,0.9997663452870861,ok,,benchmarks/ops/matmul-otherlibs/results/raw/rebench-current/arm-all-vecops/920f-4_MatmulOtherlibsVecopsBiasBench_meta-pack-all-20260904.json
meta-pack-all-20260904,920f-4,Native,,BiSheng clang 19.1.7,vecops,0b7a801a0b816f70245d24001a70ce0561c23389+dirty,SVE/SVE2/SME; VL=SVL=512b,,L06_mlp_down_decode,llm,mlp_down,4096x1x11008,1,1,0,bias_relu,bf16xbf16_acc_fp32,AllConst,raw_e2e,native_fused,row_contiguous,default,auto,auto,auto,0.0,1.0,0.0,1.0,,,,,12229.979715564035,12219.33662044731,12249.846841123974,0.0012907956532057527,7.373482057802505,,,,TokenDynamic,12253.423814069141,12229.979715564035,0.9980867307896273,1.0,ok,,benchmarks/ops/matmul-otherlibs/results/raw/rebench-current/arm-all-vecops/920f-4_MatmulOtherlibsVecopsBiasReluBench_meta-pack-all-20260904.json
meta-pack-all-20260904,920f-4,Native,,BiSheng clang 19.1.7,vecops,0b7a801a0b816f70245d24001a70ce0561c23389+dirty,SVE/SVE2/SME; VL=SVL=512b,,L06_mlp_down_decode,llm,mlp_down,4096x1x11008,1,1,0,bias_relu,bf16xbf16_acc_fp32,TokenDynamic,raw_e2e,native_fused,row_contiguous,default,auto,auto,auto,0.0,1.0,0.0,1.0,,,,,12253.423814069141,12248.262509026312,12270.183090797878,0.0008893936769666855,7.359374601608076,,,,TokenDynamic,12253.423814069141,12229.979715564035,1.0,1.0019169368265812,ok,,benchmarks/ops/matmul-otherlibs/results/raw/rebench-current/arm-all-vecops/920f-4_MatmulOtherlibsVecopsBiasReluBench_meta-pack-all-20260904.json
meta-pack-all-20260904,920f-4,Native,,BiSheng clang 19.1.7,vecops,0b7a801a0b816f70245d24001a70ce0561c23389+dirty,SVE/SVE2/SME; VL=SVL=512b,,L06_mlp_down_decode,llm,mlp_down,4096x1x11008,1,1,0,gemm,bf16xbf16_acc_fp32,AllConst,raw_e2e,native,row_contiguous,default,auto,auto,auto,0.0,1.0,0.0,1.0,,,,,12257.978531785988,12241.298536008055,12271.779724820093,0.0012238240709603052,7.35664006639936,,,,TokenDynamic,12238.782068545168,12257.978531785988,1.0015684945718706,1.0,ok,,benchmarks/ops/matmul-otherlibs/results/raw/rebench-current/arm-all-vecops/920f-4_MatmulOtherlibsVecopsLLMBench_meta-pack-all-20260904.json
meta-pack-all-20260904,920f-4,Native,,BiSheng clang 19.1.7,vecops,0b7a801a0b816f70245d24001a70ce0561c23389+dirty,SVE/SVE2/SME; VL=SVL=512b,,L06_mlp_down_decode,llm,mlp_down,4096x1x11008,1,1,0,gemm,bf16xbf16_acc_fp32,TokenDynamic,raw_e2e,native,row_contiguous,default,auto,auto,auto,0.0,1.0,0.0,1.0,,,,,12238.782068545168,12230.72808405215,12252.536441453476,0.0010238694491798486,7.368178916410713,,,,TokenDynamic,12238.782068545168,12257.978531785988,1.0,0.9984339617506229,ok,,benchmarks/ops/matmul-otherlibs/results/raw/rebench-current/arm-all-vecops/920f-4_MatmulOtherlibsVecopsLLMBench_meta-pack-all-20260904.json
meta-pack-all-20260904,920f-4,Native,,BiSheng clang 19.1.7,vecops,0b7a801a0b816f70245d24001a70ce0561c23389+dirty,SVE/SVE2/SME; VL=SVL=512b,,L06_mlp_down_decode,llm,mlp_down,4096x1x11008,1,1,0,gemm_add,bf16xbf16_acc_fp32,AllConst,raw_e2e,native,row_contiguous,default,auto,auto,auto,0.0,1.0,0.0,1.0,,,,,12250.54534998807,12246.528623456306,12262.143355540256,0.0006701656651614392,7.361103805887941,,,,TokenDynamic,12258.71592760086,12250.54534998807,0.9993334882983629,1.0,ok,,benchmarks/ops/matmul-otherlibs/results/raw/rebench-current/arm-all-vecops/920f-4_MatmulOtherlibsVecopsLLMBench_meta-pack-all-20260904.json
meta-pack-all-20260904,920f-4,Native,,BiSheng clang 19.1.7,vecops,0b7a801a0b816f70245d24001a70ce0561c23389+dirty,SVE/SVE2/SME; VL=SVL=512b,,L06_mlp_down_decode,llm,mlp_down,4096x1x11008,1,1,0,gemm_add,bf16xbf16_acc_fp32,TokenDynamic,raw_e2e,native,row_contiguous,default,auto,auto,auto,0.0,1.0,0.0,1.0,,,,,12258.71592760086,12252.204662019558,12274.993879889898,0.000998360668525465,7.356197544064352,,,,TokenDynamic,12258.71592760086,12250.54534998807,1.0,1.0006669562357726,ok,,benchmarks/ops/matmul-otherlibs/results/raw/rebench-current/arm-all-vecops/920f-4_MatmulOtherlibsVecopsLLMBench_meta-pack-all-20260904.json
meta-pack-all-20260904,920f-4,Native,,BiSheng clang 19.1.7,vecops,0b7a801a0b816f70245d24001a70ce0561c23389+dirty,SVE/SVE2/SME; VL=SVL=512b,,L07_mlp_down_prefill,llm,mlp_down,4096x128x11008,1,128,0,bias,bf16xbf16_acc_fp32,AllConst,raw_e2e,native_fused,row_contiguous,default,auto,auto,auto,0.0,1.0,0.0,1.0,,,,,35207.01499655843,35178.220900706954,35334.50297545641,0.0025720523536130655,327.85297501444893,,,,TokenDynamic,42559.55433472991,35207.01499655843,0.8272411576412683,1.0,ok,,benchmarks/ops/matmul-otherlibs/results/raw/rebench-current/arm-all-vecops/920f-4_MatmulOtherlibsVecopsBiasBench_meta-pack-all-20260904.json
meta-pack-all-20260904,920f-4,Native,,BiSheng clang 19.1.7,vecops,0b7a801a0b816f70245d24001a70ce0561c23389+dirty,SVE/SVE2/SME; VL=SVL=512b,,L07_mlp_down_prefill,llm,mlp_down,4096x128x11008,1,128,0,bias,bf16xbf16_acc_fp32,TokenDynamic,raw_e2e,native_fused,row_contiguous,default,auto,auto,auto,0.0,1.0,0.0,1.0,,,,,42559.55433472991,42492.886198063694,42689.325318982206,0.0022279141438365296,271.2134745870866,,,,TokenDynamic,42559.55433472991,35207.01499655843,1.0,1.208837339345304,ok,,benchmarks/ops/matmul-otherlibs/results/raw/rebench-current/arm-all-vecops/920f-4_MatmulOtherlibsVecopsBiasBench_meta-pack-all-20260904.json
meta-pack-all-20260904,920f-4,Native,,BiSheng clang 19.1.7,vecops,0b7a801a0b816f70245d24001a70ce0561c23389+dirty,SVE/SVE2/SME; VL=SVL=512b,,L07_mlp_down_prefill,llm,mlp_down,4096x128x11008,1,128,0,bias_relu,bf16xbf16_acc_fp32,AllConst,raw_e2e,native_fused,row_contiguous,default,auto,auto,auto,0.0,1.0,0.0,1.0,,,,,35383.94218776375,35154.58430629224,35437.99421750008,0.003920409728908615,326.2136408303208,,,,TokenDynamic,42762.30605319142,35383.94218776375,0.8274563617722152,1.0,ok,,benchmarks/ops/matmul-otherlibs/results/raw/rebench-current/arm-all-vecops/920f-4_MatmulOtherlibsVecopsBiasReluBench_meta-pack-all-20260904.json
meta-pack-all-20260904,920f-4,Native,,BiSheng clang 19.1.7,vecops,0b7a801a0b816f70245d24001a70ce0561c23389+dirty,SVE/SVE2/SME; VL=SVL=512b,,L07_mlp_down_prefill,llm,mlp_down,4096x128x11008,1,128,0,bias_relu,bf16xbf16_acc_fp32,TokenDynamic,raw_e2e,native_fused,row_contiguous,default,auto,auto,auto,0.0,1.0,0.0,1.0,,,,,42762.30605319142,42676.98253194491,42858.29781244199,0.002119146121246557,269.9275524019254,,,,TokenDynamic,42762.30605319142,35383.94218776375,1.0,1.2085229459813895,ok,,benchmarks/ops/matmul-otherlibs/results/raw/rebench-current/arm-all-vecops/920f-4_MatmulOtherlibsVecopsBiasReluBench_meta-pack-all-20260904.json
meta-pack-all-20260904,920f-4,Native,,BiSheng clang 19.1.7,vecops,0b7a801a0b816f70245d24001a70ce0561c23389+dirty,SVE/SVE2/SME; VL=SVL=512b,,L07_mlp_down_prefill,llm,mlp_down,4096x128x11008,1,128,0,gemm,bf16xbf16_acc_fp32,AllConst,raw_e2e,native,row_contiguous,default,auto,auto,auto,0.0,1.0,0.0,1.0,,,,,35851.45075339824,35811.12278625368,35878.020245581865,0.0009742063984786702,321.95976356426536,,,,TokenDynamic,43156.75143152475,35851.45075339824,0.8307263536803142,1.0,ok,,benchmarks/ops/matmul-otherlibs/results/raw/rebench-current/arm-all-vecops/920f-4_MatmulOtherlibsVecopsLLMBench_meta-pack-all-20260904.json
meta-pack-all-20260904,920f-4,Native,,BiSheng clang 19.1.7,vecops,0b7a801a0b816f70245d24001a70ce0561c23389+dirty,SVE/SVE2/SME; VL=SVL=512b,,L07_mlp_down_prefill,llm,mlp_down,4096x128x11008,1,128,0,gemm,bf16xbf16_acc_fp32,TokenDynamic,raw_e2e,native,row_contiguous,default,auto,auto,auto,0.0,1.0,0.0,1.0,,,,,43156.75143152475,43092.2895980378,43436.69771527251,0.003594332416408856,267.4604604175182,,,,TokenDynamic,43156.75143152475,35851.45075339824,1.0,1.20376583163609,ok,,benchmarks/ops/matmul-otherlibs/results/raw/rebench-current/arm-all-vecops/920f-4_MatmulOtherlibsVecopsLLMBench_meta-pack-all-20260904.json
meta-pack-all-20260904,920f-4,Native,,BiSheng clang 19.1.7,vecops,0b7a801a0b816f70245d24001a70ce0561c23389+dirty,SVE/SVE2/SME; VL=SVL=512b,,L07_mlp_down_prefill,llm,mlp_down,4096x128x11008,1,128,0,gemm_add,bf16xbf16_acc_fp32,AllConst,raw_e2e,native,row_contiguous,default,auto,auto,auto,0.0,1.0,0.0,1.0,,,,,36224.85673986375,36197.875370271504,36285.83869431168,0.0011028805816956741,318.6410008710338,,,,TokenDynamic,43145.4706316193,36224.85673986375,0.839598136480084,1.0,ok,,benchmarks/ops/matmul-otherlibs/results/raw/rebench-current/arm-all-vecops/920f-4_MatmulOtherlibsVecopsLLMBench_meta-pack-all-20260904.json
meta-pack-all-20260904,920f-4,Native,,BiSheng clang 19.1.7,vecops,0b7a801a0b816f70245d24001a70ce0561c23389+dirty,SVE/SVE2/SME; VL=SVL=512b,,L07_mlp_down_prefill,llm,mlp_down,4096x128x11008,1,128,0,gemm_add,bf16xbf16_acc_fp32,TokenDynamic,raw_e2e,native,row_contiguous,default,auto,auto,auto,0.0,1.0,0.0,1.0,,,,,43145.4706316193,43032.90033712983,43242.20738684138,0.0020278825871372897,267.53039053746875,,,,TokenDynamic,43145.4706316193,36224.85673986375,1.0,1.191045997543994,ok,,benchmarks/ops/matmul-otherlibs/results/raw/rebench-current/arm-all-vecops/920f-4_MatmulOtherlibsVecopsLLMBench_meta-pack-all-20260904.json
meta-pack-20260904,920f-4,Native,,BiSheng clang 19.1.7,ACL,2a8ca9840a3112d12d6cc68e49e6c833f9759fd6,SVE/SVE2/SME; VL=SVL=512b,sme_interleaved_nomerge_bf16fp32_mopa_2VLx2VL,L08_attention,llm,attention,128x128x128,1,128,0,gemm,bf16xbf16_acc_fp32,NA,prepared_execute,native,row_contiguous,default,auto,auto,auto,1.0,0.0,1.0,1.0,128.0,32.0,,,9.172302129423523,8.75452654544623,9.18382204283768,0.022742631425172275,457.2793112151454,46607.83428698778,,5081.367101665356,TokenDynamic,8.521435371359198,8.527781555529044,1.076379944187796,1.0755789263242326,ok,,benchmarks/ops/matmul-otherlibs/results/raw/rebench-current/arm/920f-4_MatmulOtherlibsACLBench_meta-pack-20260904.json
meta-pack-20260904,920f-4,Native,,BiSheng clang 19.1.7,LIBXSMM,3668d249637792dcc988414eb3d2a374033743df,SVE/SVE2/SME; VL=SVL=512b,,L08_attention,llm,attention,128x128x128,1,128,0,gemm,bf16xbf16_acc_fp32,NA,prepared_execute,native,row_contiguous,default,auto,auto,auto,0.0,0.0,1.0,1.0,,,1.0,0.0,8588.391181547195,8582.671574549751,8592.888538260013,0.0005452073005871174,0.48836899849319604,46607.83428698778,,5.4268411046679175,TokenDynamic,8.521435371359198,8.527781555529044,1007.8573394352127,1007.1073145604737,ok,,benchmarks/ops/matmul-otherlibs/results/raw/rebench-current/arm/920f-4_MatmulOtherlibsLIBXSMMBench_meta-pack-20260904.json
meta-pack-20260904,920f-4,Native,,BiSheng clang 19.1.7,oneDNN,0e2a5bfeef1bfbffc3137464606540233086ce9b,SVE/SVE2/SME; VL=SVL=512b,brg:sve_512,L08_attention,llm,attention,128x128x128,1,128,0,gemm,bf16xbf16_acc_fp32,NA,prepared_execute,native,row_contiguous,default,auto,auto,auto,0.0,0.0,1.0,1.0,,,,,44.08714925784835,43.71636989687427,44.11369268293654,0.004587976791858759,95.13665706687384,46607.83428698778,,1057.1750514962293,TokenDynamic,8.521435371359198,8.527781555529044,5.173676421466106,5.169826287267426,ok,,benchmarks/ops/matmul-otherlibs/results/raw/rebench-current/arm/920f-4_MatmulOtherlibsOneDNNBench_meta-pack-20260904.json
meta-pack-20260904,920f-4,Native,,BiSheng clang 19.1.7,KUPL-MMA,bd7059eae348f1d77f73a9fbb1cadfe7a6405fb8,SVE/SVE2/SME; VL=SVL=512b,KP36_16x64x2_BF16BF16F32+vecops_transpose_pack,L08_attention,llm,attention,128x128x128,1,128,0,gemm,bf16xbf16_acc_fp32,NA,raw_e2e,native_accumulate,row_contiguous,default,auto,auto,auto,0.0,1.0,0.0,1.0,,,1.0,,50.816985148050826,49.71556855659736,50.84276709793483,0.010753730163915098,82.53744270306993,46607.83428698778,917.1703939381674,917.1703939381674,TokenDynamic,8.521435371359198,8.527781555529044,5.963430212572902,5.958992361278684,ok,,benchmarks/ops/matmul-otherlibs/results/raw/rebench-current/arm/920f-4_MatmulOtherlibsKUPLBench_meta-pack-20260904.json
meta-pack-20260904,920f-4,Native,,BiSheng clang 19.1.7,OpenBLAS,e0166008be8e466242aa76b2ff75ce3f0fbf574a,SVE/SVE2/SME; VL=SVL=512b,ARMV8SVE,L08_attention,llm,attention,128x128x128,1,128,0,gemm,bf16xbf16_acc_fp32,NA,raw_e2e,native,row_contiguous,default,auto,auto,auto,0.0,1.0,0.0,1.0,,,1.0,,46607.83428698778,46603.00541048249,46636.15596170227,0.00039001692465838174,0.0899913944547084,46607.83428698778,1.0,1.0,TokenDynamic,8.521435371359198,8.527781555529044,5469.481637288258,5465.411371468501,ok,,benchmarks/ops/matmul-otherlibs/results/raw/rebench-current/arm/920f-4_MatmulOtherlibsOpenBLASBench_meta-pack-20260904.json
meta-pack-20260904,920f-4,Native,,BiSheng clang 19.1.7,vecops,0b7a801a0b816f70245d24001a70ce0561c23389+dirty,SVE/SVE2/SME; VL=SVL=512b,,L08_attention,llm,attention,128x128x128,1,128,0,gemm,bf16xbf16_acc_fp32,AllConst,raw_e2e,native,row_contiguous,default,auto,auto,auto,0.0,1.0,0.0,1.0,,,,,8.527781555529044,8.52427303370427,8.532497691914525,0.0005433081811172563,491.8399905870707,46607.83428698778,5465.411371468501,5465.411371468501,TokenDynamic,8.521435371359198,8.527781555529044,1.0007447318313505,1.0,ok,,benchmarks/ops/matmul-otherlibs/results/raw/rebench-current/arm/920f-4_MatmulOtherlibsVecopsLLMBench_meta-pack-20260904.json
meta-pack-20260904,920f-4,Native,,BiSheng clang 19.1.7,vecops,0b7a801a0b816f70245d24001a70ce0561c23389+dirty,SVE/SVE2/SME; VL=SVL=512b,,L08_attention,llm,attention,128x128x128,1,128,0,gemm,bf16xbf16_acc_fp32,TokenDynamic,raw_e2e,native,row_contiguous,default,auto,auto,auto,0.0,1.0,0.0,1.0,,,,,8.521435371359198,8.515926141777488,8.529309929458169,0.0007351988709592812,492.206279483992,46607.83428698778,5469.481637288258,5469.481637288258,TokenDynamic,8.521435371359198,8.527781555529044,1.0,0.9992558223814104,ok,,benchmarks/ops/matmul-otherlibs/results/raw/rebench-current/arm/920f-4_MatmulOtherlibsVecopsLLMBench_meta-pack-20260904.json
meta-pack-20260904,920f-4,Native,,BiSheng clang 19.1.7,ACL,2a8ca9840a3112d12d6cc68e49e6c833f9759fd6,SVE/SVE2/SME; VL=SVL=512b,a64_hybrid_bf16fp32_mmla_6x16,L08_attention,llm,attention,128x128x128,1,128,0,gemm_add,bf16xbf16_acc_fp32,NA,prepared_execute,native,row_contiguous,default,auto,auto,auto,1.0,0.0,1.0,1.0,128.0,48.0,,,155.1252841306603,154.98545006395577,155.14428918950458,0.00048511522954526777,27.038171265924547,46626.90203016003,,300.57577197336,TokenDynamic,10.37365616778101,10.38574115802547,14.953771517168239,14.936371104414528,ok,,benchmarks/ops/matmul-otherlibs/results/raw/rebench-current/arm/920f-4_MatmulOtherlibsACLBench_meta-pack-20260904.json
meta-pack-20260904,920f-4,Native,,BiSheng clang 19.1.7,LIBXSMM,3668d249637792dcc988414eb3d2a374033743df,SVE/SVE2/SME; VL=SVL=512b,,L08_attention,llm,attention,128x128x128,1,128,0,gemm_add,bf16xbf16_acc_fp32,NA,prepared_execute,native,row_contiguous,default,auto,auto,auto,0.0,0.0,1.0,1.0,,,1.0,0.0,8573.939063353464,8566.105260979386,8581.74469904043,0.000899564508176338,0.4891921868126167,46626.90203016003,,5.438212434871584,TokenDynamic,10.37365616778101,10.38574115802547,826.510819780475,825.549080503325,ok,,benchmarks/ops/matmul-otherlibs/results/raw/rebench-current/arm/920f-4_MatmulOtherlibsLIBXSMMBench_meta-pack-20260904.json
meta-pack-20260904,920f-4,Native,,BiSheng clang 19.1.7,oneDNN,0e2a5bfeef1bfbffc3137464606540233086ce9b,SVE/SVE2/SME; VL=SVL=512b,brg:sve_512,L08_attention,llm,attention,128x128x128,1,128,0,gemm_add,bf16xbf16_acc_fp32,NA,prepared_execute,native,row_contiguous,default,auto,auto,auto,0.0,0.0,1.0,1.0,,,,,45.912014732582385,45.59187719159461,46.059688945767604,0.00523363788806159,91.35525906301446,46626.90203016003,,1015.5708108594571,TokenDynamic,10.37365616778101,10.38574115802547,4.425827691800513,4.420677738256972,ok,,benchmarks/ops/matmul-otherlibs/results/raw/rebench-current/arm/920f-4_MatmulOtherlibsOneDNNBench_meta-pack-20260904.json
meta-pack-20260904,920f-4,Native,,BiSheng clang 19.1.7,KUPL-MMA,bd7059eae348f1d77f73a9fbb1cadfe7a6405fb8,SVE/SVE2/SME; VL=SVL=512b,KP36_16x64x2_BF16BF16F32+vecops_transpose_pack,L08_attention,llm,attention,128x128x128,1,128,0,gemm_add,bf16xbf16_acc_fp32,NA,raw_e2e,native_accumulate,row_contiguous,default,auto,auto,auto,0.0,1.0,0.0,1.0,,,1.0,,74.58103022405079,74.39151009660203,75.56867863571226,0.00784077211912602,56.238214830229396,46626.90203016003,625.1844723797319,625.1844723797319,TokenDynamic,10.37365616778101,10.38574115802547,7.189464256169205,7.181098497377735,ok,,benchmarks/ops/matmul-otherlibs/results/raw/rebench-current/arm/920f-4_MatmulOtherlibsKUPLBench_meta-pack-20260904.json
meta-pack-20260904,920f-4,Native,,BiSheng clang 19.1.7,OpenBLAS,e0166008be8e466242aa76b2ff75ce3f0fbf574a,SVE/SVE2/SME; VL=SVL=512b,ARMV8SVE,L08_attention,llm,attention,128x128x128,1,128,0,gemm_add,bf16xbf16_acc_fp32,NA,raw_e2e,native,row_contiguous,default,auto,auto,auto,0.0,1.0,0.0,1.0,,,1.0,,46626.90203016003,46585.90328569215,46669.70915471514,0.000900793265371088,0.08995459310779358,46626.90203016003,1.0,1.0,TokenDynamic,10.37365616778101,10.38574115802547,4494.741417686086,4489.511275189984,ok,,benchmarks/ops/matmul-otherlibs/results/raw/rebench-current/arm/920f-4_MatmulOtherlibsOpenBLASBench_meta-pack-20260904.json
meta-pack-20260904,920f-4,Native,,BiSheng clang 19.1.7,vecops,0b7a801a0b816f70245d24001a70ce0561c23389+dirty,SVE/SVE2/SME; VL=SVL=512b,,L08_attention,llm,attention,128x128x128,1,128,0,gemm_add,bf16xbf16_acc_fp32,AllConst,raw_e2e,native,row_contiguous,default,auto,auto,auto,0.0,1.0,0.0,1.0,,,,,10.38574115802547,10.379889398468663,10.389235702318713,0.0004323623623473223,403.8521600125665,46626.90203016003,4489.511275189984,4489.511275189984,TokenDynamic,10.37365616778101,10.38574115802547,1.0011649692306164,1.0,ok,,benchmarks/ops/matmul-otherlibs/results/raw/rebench-current/arm/920f-4_MatmulOtherlibsVecopsLLMBench_meta-pack-20260904.json
meta-pack-20260904,920f-4,Native,,BiSheng clang 19.1.7,vecops,0b7a801a0b816f70245d24001a70ce0561c23389+dirty,SVE/SVE2/SME; VL=SVL=512b,,L08_attention,llm,attention,128x128x128,1,128,0,gemm_add,bf16xbf16_acc_fp32,TokenDynamic,raw_e2e,native,row_contiguous,default,auto,auto,auto,0.0,1.0,0.0,1.0,,,,,10.37365616778101,10.370863754218547,10.382222249437527,0.0006524245939024883,404.32263535269914,46626.90203016003,4494.741417686086,4494.741417686086,TokenDynamic,10.37365616778101,10.38574115802547,1.0,0.9988363863434898,ok,,benchmarks/ops/matmul-otherlibs/results/raw/rebench-current/arm/920f-4_MatmulOtherlibsVecopsLLMBench_meta-pack-20260904.json
meta-pack-20260904,local-x86,Native,Intel(R) Xeon(R) w9-3495X,gcc (Ubuntu 13.3.0-6ubuntu2~24.04.1) 13.3.0,LIBXSMM,3668d249637792dcc988414eb3d2a374033743df,AVX-512+AMX-BF16,,A01_gsa_proj_r128,af3,gsa_projection,128x16384x128,1,128,128,bias,bf16xbf16_acc_fp32,NA,prepared_execute,separate,row_contiguous,default,auto,auto,auto,0.0,0.0,1.0,5.0,,,1.0,0.0,2092.4092834266316,2090.7114328531575,2094.566892683089,0.0008916442868520517,256.58025714777654,1278.4499568655958,,0.6109942098765418,TokenDynamic,927.3523644047684,960.3686096491165,2.2563260350014507,2.1787564299827764,ok,,benchmarks/ops/matmul-otherlibs/results/raw/rebench-current/x86/local-x86_MatmulOtherlibsLIBXSMMBench_meta-pack-20260904.json
meta-pack-20260904,local-x86,Native,Intel(R) Xeon(R) w9-3495X,gcc (Ubuntu 13.3.0-6ubuntu2~24.04.1) 13.3.0,oneDNN,0e2a5bfeef1bfbffc3137464606540233086ce9b,AVX-512+AMX-BF16,brg_matmul:avx10_1_512_amx,A01_gsa_proj_r128,af3,gsa_projection,128x16384x128,1,128,128,bias,bf16xbf16_acc_fp32,NA,prepared_execute,separate,row_contiguous,default,auto,auto,auto,0.0,0.0,1.0,5.0,,,,,725.3487305196938,721.1183409213808,726.673981311147,0.0034513293259070183,740.1555822884611,1278.4499568655958,,1.7625314597981292,TokenDynamic,927.3523644047684,960.3686096491165,0.782171651641032,0.7552815900393806,ok,,benchmarks/ops/matmul-otherlibs/results/raw/rebench-current/x86/local-x86_MatmulOtherlibsOneDNNBench_meta-pack-20260904.json
meta-pack-20260904,local-x86,Native,Intel(R) Xeon(R) w9-3495X,gcc (Ubuntu 13.3.0-6ubuntu2~24.04.1) 13.3.0,OpenBLAS,e0166008be8e466242aa76b2ff75ce3f0fbf574a,AVX-512+AMX-BF16,unspecified,A01_gsa_proj_r128,af3,gsa_projection,128x16384x128,1,128,128,bias,bf16xbf16_acc_fp32,NA,raw_e2e,separate,row_contiguous,default,auto,auto,auto,0.0,1.0,0.0,5.0,,,,,1278.4499568655958,1209.62910692344,1303.781588072086,0.035713661039913865,419.93893395425374,1278.4499568655958,1.0,1.0,TokenDynamic,927.3523644047684,960.3686096491165,1.3786021429795818,1.3312075634507614,ok,,benchmarks/ops/matmul-otherlibs/results/raw/rebench-current/x86/local-x86_MatmulOtherlibsOpenBLASBench_meta-pack-20260904.json
meta-pack-20260904,local-x86,Native,Intel(R) Xeon(R) w9-3495X,gcc (Ubuntu 13.3.0-6ubuntu2~24.04.1) 13.3.0,vecops,0b7a801a0b816f70245d24001a70ce0561c23389+dirty,AVX-512+AMX-BF16,,A01_gsa_proj_r128,af3,gsa_projection,128x16384x128,1,128,128,bias,bf16xbf16_acc_fp32,AllConst,raw_e2e,native_fused,row_contiguous,default,auto,auto,auto,0.0,1.0,0.0,5.0,,,,,960.3686096491165,959.5955903833246,962.2452986324588,0.0013772021497244007,559.0258850673524,1278.4499568655958,1.3312075634507614,1.3312075634507614,TokenDynamic,927.3523644047684,960.3686096491165,1.0356026970023848,1.0,ok,,benchmarks/ops/matmul-otherlibs/results/raw/rebench-current/x86/local-x86_MatmulOtherlibsVecopsBiasBench_meta-pack-20260904.json
meta-pack-20260904,local-x86,Native,Intel(R) Xeon(R) w9-3495X,gcc (Ubuntu 13.3.0-6ubuntu2~24.04.1) 13.3.0,vecops,0b7a801a0b816f70245d24001a70ce0561c23389+dirty,AVX-512+AMX-BF16,,A01_gsa_proj_r128,af3,gsa_projection,128x16384x128,1,128,128,bias,bf16xbf16_acc_fp32,TokenDynamic,raw_e2e,native_fused,row_contiguous,default,auto,auto,auto,0.0,1.0,0.0,5.0,,,,,927.3523644047684,926.0791960243283,932.0941060204798,0.0034552158806959517,578.9287142698953,1278.4499568655958,1.3786021429795818,1.3786021429795818,TokenDynamic,927.3523644047684,960.3686096491165,1.0,0.9656212782127365,ok,,benchmarks/ops/matmul-otherlibs/results/raw/rebench-current/x86/local-x86_MatmulOtherlibsVecopsBiasBench_meta-pack-20260904.json
meta-pack-20260904,local-x86,Native,Intel(R) Xeon(R) w9-3495X,gcc (Ubuntu 13.3.0-6ubuntu2~24.04.1) 13.3.0,LIBXSMM,3668d249637792dcc988414eb3d2a374033743df,AVX-512+AMX-BF16,,A01_gsa_proj_r128,af3,gsa_projection,128x16384x128,1,128,128,bias_relu,bf16xbf16_acc_fp32,NA,prepared_execute,separate,row_contiguous,default,auto,auto,auto,0.0,0.0,1.0,5.0,,,1.0,0.0,2074.537433009706,2072.7210625165158,2124.285074593777,0.011913441630655596,258.79066024907354,1275.8211724476184,,0.6149906731722249,TokenDynamic,1044.2478135280282,980.353499899673,1.9866332551856707,2.1161116201676324,ok,,benchmarks/ops/matmul-otherlibs/results/raw/rebench-current/x86/local-x86_MatmulOtherlibsLIBXSMMBench_meta-pack-20260904.json
meta-pack-20260904,local-x86,Native,Intel(R) Xeon(R) w9-3495X,gcc (Ubuntu 13.3.0-6ubuntu2~24.04.1) 13.3.0,oneDNN,0e2a5bfeef1bfbffc3137464606540233086ce9b,AVX-512+AMX-BF16,brg_matmul:avx10_1_512_amx,A01_gsa_proj_r128,af3,gsa_projection,128x16384x128,1,128,128,bias_relu,bf16xbf16_acc_fp32,NA,prepared_execute,separate,row_contiguous,default,auto,auto,auto,0.0,0.0,1.0,5.0,,,,,973.3776112423383,972.8118486641002,978.850955572044,0.0029141993209636334,551.5546133373487,1275.8211724476184,,1.3107155514079127,TokenDynamic,1044.2478135280282,980.353499899673,0.9321327740718437,0.9928843129972519,ok,,benchmarks/ops/matmul-otherlibs/results/raw/rebench-current/x86/local-x86_MatmulOtherlibsOneDNNBench_meta-pack-20260904.json
meta-pack-20260904,local-x86,Native,Intel(R) Xeon(R) w9-3495X,gcc (Ubuntu 13.3.0-6ubuntu2~24.04.1) 13.3.0,OpenBLAS,e0166008be8e466242aa76b2ff75ce3f0fbf574a,AVX-512+AMX-BF16,unspecified,A01_gsa_proj_r128,af3,gsa_projection,128x16384x128,1,128,128,bias_relu,bf16xbf16_acc_fp32,NA,raw_e2e,separate,row_contiguous,default,auto,auto,auto,0.0,1.0,0.0,5.0,,,,,1275.8211724476184,1204.8189171513638,1300.8220757032614,0.0364215308011475,420.80420328033273,1275.8211724476184,1.0,1.0,TokenDynamic,1044.2478135280282,980.353499899673,1.221760922952964,1.3013889097944598,ok,,benchmarks/ops/matmul-otherlibs/results/raw/rebench-current/x86/local-x86_MatmulOtherlibsOpenBLASBench_meta-pack-20260904.json
meta-pack-20260904,local-x86,Native,Intel(R) Xeon(R) w9-3495X,gcc (Ubuntu 13.3.0-6ubuntu2~24.04.1) 13.3.0,vecops,0b7a801a0b816f70245d24001a70ce0561c23389+dirty,AVX-512+AMX-BF16,,A01_gsa_proj_r128,af3,gsa_projection,128x16384x128,1,128,128,bias_relu,bf16xbf16_acc_fp32,AllConst,raw_e2e,native_fused,row_contiguous,default,auto,auto,auto,0.0,1.0,0.0,5.0,,,,,980.353499899673,879.3073205571785,1031.2904014854746,0.09739660082512752,547.6299233439183,1275.8211724476184,1.3013889097944598,1.3013889097944598,TokenDynamic,1044.2478135280282,980.353499899673,0.9388130740609492,1.0,ok,,benchmarks/ops/matmul-otherlibs/results/raw/rebench-current/x86/local-x86_MatmulOtherlibsVecopsBiasReluBench_meta-pack-20260904.json
meta-pack-20260904,local-x86,Native,Intel(R) Xeon(R) w9-3495X,gcc (Ubuntu 13.3.0-6ubuntu2~24.04.1) 13.3.0,vecops,0b7a801a0b816f70245d24001a70ce0561c23389+dirty,AVX-512+AMX-BF16,,A01_gsa_proj_r128,af3,gsa_projection,128x16384x128,1,128,128,bias_relu,bf16xbf16_acc_fp32,TokenDynamic,raw_e2e,native_fused,row_contiguous,default,auto,auto,auto,0.0,1.0,0.0,5.0,,,,,1044.2478135280282,1036.1746402714512,1045.6912939301205,0.005427275235559176,514.1221317822659,1275.8211724476184,1.221760922952964,1.221760922952964,TokenDynamic,1044.2478135280282,980.353499899673,1.0,1.065174769748763,ok,,benchmarks/ops/matmul-otherlibs/results/raw/rebench-current/x86/local-x86_MatmulOtherlibsVecopsBiasReluBench_meta-pack-20260904.json
meta-pack-20260904,local-x86,Native,Intel(R) Xeon(R) w9-3495X,gcc (Ubuntu 13.3.0-6ubuntu2~24.04.1) 13.3.0,LIBXSMM,3668d249637792dcc988414eb3d2a374033743df,AVX-512+AMX-BF16,,A01_gsa_proj_r128,af3,gsa_projection,128x16384x128,1,128,128,gemm,bf16xbf16_acc_fp32,NA,prepared_execute,native,row_contiguous,default,auto,auto,auto,0.0,0.0,1.0,5.0,,,1.0,0.0,1838.130750050033,1836.760155243897,1872.184229126249,0.009043740451200936,292.07438697458633,1029.3820412025773,,0.5600156796106904,TokenDynamic,821.2512982408365,890.7517578429097,2.238207420782659,2.0635724082109532,ok,,benchmarks/ops/matmul-otherlibs/results/raw/rebench-current/x86/local-x86_MatmulOtherlibsLIBXSMMBench_meta-pack-20260904.json
meta-pack-20260904,local-x86,Native,Intel(R) Xeon(R) w9-3495X,gcc (Ubuntu 13.3.0-6ubuntu2~24.04.1) 13.3.0,oneDNN,0e2a5bfeef1bfbffc3137464606540233086ce9b,AVX-512+AMX-BF16,brg_matmul:avx10_1_512_amx,A01_gsa_proj_r128,af3,gsa_projection,128x16384x128,1,128,128,gemm,bf16xbf16_acc_fp32,NA,prepared_execute,native,row_contiguous,default,auto,auto,auto,0.0,0.0,1.0,5.0,,,,,530.9234583171818,530.0477250509148,531.5022552553494,0.0011540596660734046,1011.202092485552,1029.3820412025773,,1.9388520606441326,TokenDynamic,821.2512982408365,890.7517578429097,0.6464811190611788,0.5960397536603166,ok,,benchmarks/ops/matmul-otherlibs/results/raw/rebench-current/x86/local-x86_MatmulOtherlibsOneDNNBench_meta-pack-20260904.json
meta-pack-20260904,local-x86,Native,Intel(R) Xeon(R) w9-3495X,gcc (Ubuntu 13.3.0-6ubuntu2~24.04.1) 13.3.0,OpenBLAS,e0166008be8e466242aa76b2ff75ce3f0fbf574a,AVX-512+AMX-BF16,unspecified,A01_gsa_proj_r128,af3,gsa_projection,128x16384x128,1,128,128,gemm,bf16xbf16_acc_fp32,NA,raw_e2e,native,row_contiguous,default,auto,auto,auto,0.0,1.0,0.0,5.0,,,,,1029.3820412025773,957.6996905196535,1050.0848137419541,0.04444322308272505,521.5468023638723,1029.3820412025773,1.0,1.0,TokenDynamic,821.2512982408365,890.7517578429097,1.2534312498592912,1.155632904610126,ok,,benchmarks/ops/matmul-otherlibs/results/raw/rebench-current/x86/local-x86_MatmulOtherlibsOpenBLASBench_meta-pack-20260904.json
meta-pack-20260904,local-x86,Native,Intel(R) Xeon(R) w9-3495X,gcc (Ubuntu 13.3.0-6ubuntu2~24.04.1) 13.3.0,vecops,0b7a801a0b816f70245d24001a70ce0561c23389+dirty,AVX-512+AMX-BF16,,A01_gsa_proj_r128,af3,gsa_projection,128x16384x128,1,128,128,gemm,bf16xbf16_acc_fp32,AllConst,raw_e2e,native,row_contiguous,default,auto,auto,auto,0.0,1.0,0.0,5.0,,,,,890.7517578429097,889.8681821968929,892.1992317714082,0.001159725084209829,602.716646105885,1029.3820412025773,1.155632904610126,1.155632904610126,TokenDynamic,821.2512982408365,890.7517578429097,1.0846275187034065,1.0,ok,,benchmarks/ops/matmul-otherlibs/results/raw/rebench-current/x86/local-x86_MatmulOtherlibsVecopsAF3ProjectionBench_meta-pack-20260904.json
meta-pack-20260904,local-x86,Native,Intel(R) Xeon(R) w9-3495X,gcc (Ubuntu 13.3.0-6ubuntu2~24.04.1) 13.3.0,vecops,0b7a801a0b816f70245d24001a70ce0561c23389+dirty,AVX-512+AMX-BF16,,A01_gsa_proj_r128,af3,gsa_projection,128x16384x128,1,128,128,gemm,bf16xbf16_acc_fp32,TokenDynamic,raw_e2e,native,row_contiguous,default,auto,auto,auto,0.0,1.0,0.0,5.0,,,,,821.2512982408365,627.8011209947327,1040.3324177698983,0.25478306290877795,653.7230603470653,1029.3820412025773,1.2534312498592912,1.2534312498592912,TokenDynamic,821.2512982408365,890.7517578429097,1.0,0.9219755010415258,ok,,benchmarks/ops/matmul-otherlibs/results/raw/rebench-current/x86/local-x86_MatmulOtherlibsVecopsAF3ProjectionBench_meta-pack-20260904.json
meta-pack-20260904,local-x86,Native,Intel(R) Xeon(R) w9-3495X,gcc (Ubuntu 13.3.0-6ubuntu2~24.04.1) 13.3.0,LIBXSMM,3668d249637792dcc988414eb3d2a374033743df,AVX-512+AMX-BF16,,A01_gsa_proj_r128,af3,gsa_projection,128x16384x128,1,128,128,gemm_add,bf16xbf16_acc_fp32,NA,prepared_execute,native,row_contiguous,default,auto,auto,auto,0.0,0.0,1.0,5.0,,,1.0,0.0,1223.8748772927609,1195.430400037909,1226.249499922504,0.011986496268248766,438.6648684116882,779.8228070711915,,0.6371752713775589,TokenDynamic,1159.6882644625118,1129.6832822300796,1.0553481610508475,1.0833787633616565,ok,,benchmarks/ops/matmul-otherlibs/results/raw/rebench-current/x86/local-x86_MatmulOtherlibsLIBXSMMBench_meta-pack-20260904.json
meta-pack-20260904,local-x86,Native,Intel(R) Xeon(R) w9-3495X,gcc (Ubuntu 13.3.0-6ubuntu2~24.04.1) 13.3.0,oneDNN,0e2a5bfeef1bfbffc3137464606540233086ce9b,AVX-512+AMX-BF16,brg_matmul:avx10_1_512_amx,A01_gsa_proj_r128,af3,gsa_projection,128x16384x128,1,128,128,gemm_add,bf16xbf16_acc_fp32,NA,prepared_execute,native,row_contiguous,default,auto,auto,auto,0.0,0.0,1.0,5.0,,,,,559.7582719055937,558.2618831889704,560.9039903618395,0.002341420040220761,959.112064878152,779.8228070711915,,1.3931420868805184,TokenDynamic,1159.6882644625118,1129.6832822300796,0.482679948619665,0.4955001819630267,ok,,benchmarks/ops/matmul-otherlibs/results/raw/rebench-current/x86/local-x86_MatmulOtherlibsOneDNNBench_meta-pack-20260904.json
meta-pack-20260904,local-x86,Native,Intel(R) Xeon(R) w9-3495X,gcc (Ubuntu 13.3.0-6ubuntu2~24.04.1) 13.3.0,OpenBLAS,e0166008be8e466242aa76b2ff75ce3f0fbf574a,AVX-512+AMX-BF16,unspecified,A01_gsa_proj_r128,af3,gsa_projection,128x16384x128,1,128,128,gemm_add,bf16xbf16_acc_fp32,NA,raw_e2e,native,row_contiguous,default,auto,auto,auto,0.0,1.0,0.0,5.0,,,,,779.8228070711915,707.2036649776519,801.11426904651,0.05980652480858787,688.4524370559838,779.8228070711915,1.0,1.0,TokenDynamic,1159.6882644625118,1129.6832822300796,0.6724417509153815,0.6903021575496476,ok,,benchmarks/ops/matmul-otherlibs/results/raw/rebench-current/x86/local-x86_MatmulOtherlibsOpenBLASBench_meta-pack-20260904.json
meta-pack-20260904,local-x86,Native,Intel(R) Xeon(R) w9-3495X,gcc (Ubuntu 13.3.0-6ubuntu2~24.04.1) 13.3.0,vecops,0b7a801a0b816f70245d24001a70ce0561c23389+dirty,AVX-512+AMX-BF16,,A01_gsa_proj_r128,af3,gsa_projection,128x16384x128,1,128,128,gemm_add,bf16xbf16_acc_fp32,AllConst,raw_e2e,native,row_contiguous,default,auto,auto,auto,0.0,1.0,0.0,5.0,,,,,1129.6832822300796,1128.7692549353044,1130.387124290029,0.00066359471338135,475.2402026700585,779.8228070711915,0.6903021575496476,0.6903021575496476,TokenDynamic,1159.6882644625118,1129.6832822300796,0.9741266828751269,1.0,ok,,benchmarks/ops/matmul-otherlibs/results/raw/rebench-current/x86/local-x86_MatmulOtherlibsVecopsAF3ProjectionBench_meta-pack-20260904.json
meta-pack-20260904,local-x86,Native,Intel(R) Xeon(R) w9-3495X,gcc (Ubuntu 13.3.0-6ubuntu2~24.04.1) 13.3.0,vecops,0b7a801a0b816f70245d24001a70ce0561c23389+dirty,AVX-512+AMX-BF16,,A01_gsa_proj_r128,af3,gsa_projection,128x16384x128,1,128,128,gemm_add,bf16xbf16_acc_fp32,TokenDynamic,raw_e2e,native,row_contiguous,default,auto,auto,auto,0.0,1.0,0.0,5.0,,,,,1159.6882644625118,1157.9198131630246,1175.492024915062,0.012294114865317925,462.9441621958872,779.8228070711915,0.6724417509153815,0.6724417509153815,TokenDynamic,1159.6882644625118,1129.6832822300796,1.0,1.0265605260380593,ok,,benchmarks/ops/matmul-otherlibs/results/raw/rebench-current/x86/local-x86_MatmulOtherlibsVecopsAF3ProjectionBench_meta-pack-20260904.json
meta-pack-20260904,local-x86,Native,Intel(R) Xeon(R) w9-3495X,gcc (Ubuntu 13.3.0-6ubuntu2~24.04.1) 13.3.0,LIBXSMM,3668d249637792dcc988414eb3d2a374033743df,AVX-512+AMX-BF16,,A02_gsa_proj_r512,af3,gsa_projection,128x65536x128,1,512,128,bias,bf16xbf16_acc_fp32,NA,prepared_execute,separate,row_contiguous,default,auto,auto,auto,0.0,0.0,1.0,20.0,,,1.0,0.0,7623.807166560761,7599.477066994749,8264.560544759863,0.04089370905617245,281.68126515833285,5345.7616158993915,,0.7011931832886275,TokenDynamic,3352.5015716718153,3490.22842492559,2.274065202826719,2.184329000392946,ok,,benchmarks/ops/matmul-otherlibs/results/raw/rebench-current/x86/local-x86_MatmulOtherlibsLIBXSMMBench_meta-pack-20260904.json
meta-pack-20260904,local-x86,Native,Intel(R) Xeon(R) w9-3495X,gcc (Ubuntu 13.3.0-6ubuntu2~24.04.1) 13.3.0,oneDNN,0e2a5bfeef1bfbffc3137464606540233086ce9b,AVX-512+AMX-BF16,brg_matmul:avx10_1_512_amx,A02_gsa_proj_r512,af3,gsa_projection,128x65536x128,1,512,128,bias,bf16xbf16_acc_fp32,NA,prepared_execute,separate,row_contiguous,default,auto,auto,auto,0.0,0.0,1.0,20.0,,,,,2582.5792038597647,2579.6168815792985,2589.7214075990228,0.002405709451616059,831.526732961569,5345.7616158993915,,2.0699313337263554,TokenDynamic,3352.5015716718153,3490.22842492559,0.7703439203972966,0.739945610842025,ok,,benchmarks/ops/matmul-otherlibs/results/raw/rebench-current/x86/local-x86_MatmulOtherlibsOneDNNBench_meta-pack-20260904.json
meta-pack-20260904,local-x86,Native,Intel(R) Xeon(R) w9-3495X,gcc (Ubuntu 13.3.0-6ubuntu2~24.04.1) 13.3.0,OpenBLAS,e0166008be8e466242aa76b2ff75ce3f0fbf574a,AVX-512+AMX-BF16,unspecified,A02_gsa_proj_r512,af3,gsa_projection,128x65536x128,1,512,128,bias,bf16xbf16_acc_fp32,NA,raw_e2e,separate,row_contiguous,default,auto,auto,auto,0.0,1.0,0.0,20.0,,,,,5345.7616158993915,5319.345238520046,5382.590714949541,0.005377043842208679,401.7170615339343,5345.7616158993915,1.0,1.0,TokenDynamic,3352.5015716718153,3490.22842492559,1.5945590185759655,1.5316366051351955,ok,,benchmarks/ops/matmul-otherlibs/results/raw/rebench-current/x86/local-x86_MatmulOtherlibsOpenBLASBench_meta-pack-20260904.json
meta-pack-20260904,local-x86,Native,Intel(R) Xeon(R) w9-3495X,gcc (Ubuntu 13.3.0-6ubuntu2~24.04.1) 13.3.0,vecops,0b7a801a0b816f70245d24001a70ce0561c23389+dirty,AVX-512+AMX-BF16,,A02_gsa_proj_r512,af3,gsa_projection,128x65536x128,1,512,128,bias,bf16xbf16_acc_fp32,AllConst,raw_e2e,native_fused,row_contiguous,default,auto,auto,auto,0.0,1.0,0.0,20.0,,,,,3490.22842492559,3489.0442200412504,3496.519149921369,0.0010715291729555467,615.2845563527217,5345.7616158993915,1.5316366051351955,1.5316366051351955,TokenDynamic,3352.5015716718153,3490.22842492559,1.041081816163055,1.0,ok,,benchmarks/ops/matmul-otherlibs/results/raw/rebench-current/x86/local-x86_MatmulOtherlibsVecopsBiasBench_meta-pack-20260904.json
meta-pack-20260904,local-x86,Native,Intel(R) Xeon(R) w9-3495X,gcc (Ubuntu 13.3.0-6ubuntu2~24.04.1) 13.3.0,vecops,0b7a801a0b816f70245d24001a70ce0561c23389+dirty,AVX-512+AMX-BF16,,A02_gsa_proj_r512,af3,gsa_projection,128x65536x128,1,512,128,bias,bf16xbf16_acc_fp32,TokenDynamic,raw_e2e,native_fused,row_contiguous,default,auto,auto,auto,0.0,1.0,0.0,20.0,,,,,3352.5015716718153,3346.4325384037297,3362.6768334735452,0.00269394001670654,640.561563384771,5345.7616158993915,1.5945590185759655,1.5945590185759655,TokenDynamic,3352.5015716718153,3490.22842492559,1.0,0.9605393010181816,ok,,benchmarks/ops/matmul-otherlibs/results/raw/rebench-current/x86/local-x86_MatmulOtherlibsVecopsBiasBench_meta-pack-20260904.json
meta-pack-20260904,local-x86,Native,Intel(R) Xeon(R) w9-3495X,gcc (Ubuntu 13.3.0-6ubuntu2~24.04.1) 13.3.0,LIBXSMM,3668d249637792dcc988414eb3d2a374033743df,AVX-512+AMX-BF16,,A02_gsa_proj_r512,af3,gsa_projection,128x65536x128,1,512,128,bias_relu,bf16xbf16_acc_fp32,NA,prepared_execute,separate,row_contiguous,default,auto,auto,auto,0.0,0.0,1.0,20.0,,,1.0,0.0,7611.402611170584,7593.907389673404,8238.036966779166,0.04001506435386489,282.1403304626571,5327.957499852905,,0.699996803747253,TokenDynamic,4123.091911691625,3939.8768607902134,1.8460424298540008,1.9318884523827429,ok,,benchmarks/ops/matmul-otherlibs/results/raw/rebench-current/x86/local-x86_MatmulOtherlibsLIBXSMMBench_meta-pack-20260904.json
meta-pack-20260904,local-x86,Native,Intel(R) Xeon(R) w9-3495X,gcc (Ubuntu 13.3.0-6ubuntu2~24.04.1) 13.3.0,oneDNN,0e2a5bfeef1bfbffc3137464606540233086ce9b,AVX-512+AMX-BF16,brg_matmul:avx10_1_512_amx,A02_gsa_proj_r512,af3,gsa_projection,128x65536x128,1,512,128,bias_relu,bf16xbf16_acc_fp32,NA,prepared_execute,separate,row_contiguous,default,auto,auto,auto,0.0,0.0,1.0,20.0,,,,,3727.4424590774483,3714.7224920084454,3747.869621351915,0.004774271852161814,576.127913864969,5327.957499852905,,1.429386921018115,TokenDynamic,4123.091911691625,3939.8768607902134,0.9040405935428567,0.9460809539945475,ok,,benchmarks/ops/matmul-otherlibs/results/raw/rebench-current/x86/local-x86_MatmulOtherlibsOneDNNBench_meta-pack-20260904.json
meta-pack-20260904,local-x86,Native,Intel(R) Xeon(R) w9-3495X,gcc (Ubuntu 13.3.0-6ubuntu2~24.04.1) 13.3.0,OpenBLAS,e0166008be8e466242aa76b2ff75ce3f0fbf574a,AVX-512+AMX-BF16,unspecified,A02_gsa_proj_r512,af3,gsa_projection,128x65536x128,1,512,128,bias_relu,bf16xbf16_acc_fp32,NA,raw_e2e,separate,row_contiguous,default,auto,auto,auto,0.0,1.0,0.0,20.0,,,,,5327.957499852905,5312.195161688857,5374.302685063762,0.005304183005248485,403.05945534649777,5327.957499852905,1.0,1.0,TokenDynamic,4123.091911691625,3939.8768607902134,1.2922238004796132,1.3523157418641474,ok,,benchmarks/ops/matmul-otherlibs/results/raw/rebench-current/x86/local-x86_MatmulOtherlibsOpenBLASBench_meta-pack-20260904.json
meta-pack-20260904,local-x86,Native,Intel(R) Xeon(R) w9-3495X,gcc (Ubuntu 13.3.0-6ubuntu2~24.04.1) 13.3.0,vecops,0b7a801a0b816f70245d24001a70ce0561c23389+dirty,AVX-512+AMX-BF16,,A02_gsa_proj_r512,af3,gsa_projection,128x65536x128,1,512,128,bias_relu,bf16xbf16_acc_fp32,AllConst,raw_e2e,native_fused,row_contiguous,default,auto,auto,auto,0.0,1.0,0.0,20.0,,,,,3939.8768607902134,3937.221799828371,4263.332344837383,0.03924977462985154,545.0636463722583,5327.957499852905,1.3523157418641474,1.3523157418641474,TokenDynamic,4123.091911691625,3939.8768607902134,0.9555636753132088,1.0,ok,,benchmarks/ops/matmul-otherlibs/results/raw/rebench-current/x86/local-x86_MatmulOtherlibsVecopsBiasReluBench_meta-pack-20260904.json
meta-pack-20260904,local-x86,Native,Intel(R) Xeon(R) w9-3495X,gcc (Ubuntu 13.3.0-6ubuntu2~24.04.1) 13.3.0,vecops,0b7a801a0b816f70245d24001a70ce0561c23389+dirty,AVX-512+AMX-BF16,,A02_gsa_proj_r512,af3,gsa_projection,128x65536x128,1,512,128,bias_relu,bf16xbf16_acc_fp32,TokenDynamic,raw_e2e,native_fused,row_contiguous,default,auto,auto,auto,0.0,1.0,0.0,20.0,,,,,4123.091911691625,4086.7599643260123,4273.76733500483,0.020003567322164174,520.8430212070944,5327.957499852905,1.2922238004796132,1.2922238004796132,TokenDynamic,4123.091911691625,3939.8768607902134,1.0,1.0465027353328662,ok,,benchmarks/ops/matmul-otherlibs/results/raw/rebench-current/x86/local-x86_MatmulOtherlibsVecopsBiasReluBench_meta-pack-20260904.json
meta-pack-20260904,local-x86,Native,Intel(R) Xeon(R) w9-3495X,gcc (Ubuntu 13.3.0-6ubuntu2~24.04.1) 13.3.0,LIBXSMM,3668d249637792dcc988414eb3d2a374033743df,AVX-512+AMX-BF16,,A02_gsa_proj_r512,af3,gsa_projection,128x65536x128,1,512,128,gemm,bf16xbf16_acc_fp32,NA,prepared_execute,native,row_contiguous,default,auto,auto,auto,0.0,0.0,1.0,20.0,,,1.0,0.0,6563.834238996996,6555.079123548542,7243.558933259919,0.049257469830518395,327.16908590430097,4333.338374635787,,0.6601840047834532,TokenDynamic,3064.1870866732106,3149.9784090556204,2.142112753997457,2.083771183995152,ok,,benchmarks/ops/matmul-otherlibs/results/raw/rebench-current/x86/local-x86_MatmulOtherlibsLIBXSMMBench_meta-pack-20260904.json
meta-pack-20260904,local-x86,Native,Intel(R) Xeon(R) w9-3495X,gcc (Ubuntu 13.3.0-6ubuntu2~24.04.1) 13.3.0,oneDNN,0e2a5bfeef1bfbffc3137464606540233086ce9b,AVX-512+AMX-BF16,brg_matmul:avx10_1_512_amx,A02_gsa_proj_r512,af3,gsa_projection,128x65536x128,1,512,128,gemm,bf16xbf16_acc_fp32,NA,prepared_execute,native,row_contiguous,default,auto,auto,auto,0.0,0.0,1.0,20.0,,,,,1894.8560133828103,1893.2780620604249,1896.9778673931,0.0010300251247618334,1133.3228661349228,4333.338374635787,,2.286895861232037,TokenDynamic,3064.1870866732106,3149.9784090556204,0.6183878333095048,0.6015457147056756,ok,,benchmarks/ops/matmul-otherlibs/results/raw/rebench-current/x86/local-x86_MatmulOtherlibsOneDNNBench_meta-pack-20260904.json
meta-pack-20260904,local-x86,Native,Intel(R) Xeon(R) w9-3495X,gcc (Ubuntu 13.3.0-6ubuntu2~24.04.1) 13.3.0,OpenBLAS,e0166008be8e466242aa76b2ff75ce3f0fbf574a,AVX-512+AMX-BF16,unspecified,A02_gsa_proj_r512,af3,gsa_projection,128x65536x128,1,512,128,gemm,bf16xbf16_acc_fp32,NA,raw_e2e,native,row_contiguous,default,auto,auto,auto,0.0,1.0,0.0,20.0,,,,,4333.338374635787,4314.37113784341,4380.191061864024,0.007096345024699925,495.5725730004858,4333.338374635787,1.0,1.0,TokenDynamic,3064.1870866732106,3149.9784090556204,1.4141885766317535,1.3756724053022775,ok,,benchmarks/ops/matmul-otherlibs/results/raw/rebench-current/x86/local-x86_MatmulOtherlibsOpenBLASBench_meta-pack-20260904.json
meta-pack-20260904,local-x86,Native,Intel(R) Xeon(R) w9-3495X,gcc (Ubuntu 13.3.0-6ubuntu2~24.04.1) 13.3.0,vecops,0b7a801a0b816f70245d24001a70ce0561c23389+dirty,AVX-512+AMX-BF16,,A02_gsa_proj_r512,af3,gsa_projection,128x65536x128,1,512,128,gemm,bf16xbf16_acc_fp32,AllConst,raw_e2e,native,row_contiguous,default,auto,auto,auto,0.0,1.0,0.0,20.0,,,,,3149.9784090556204,3144.7936861447733,3173.786577165381,0.007010876626122598,681.7455135014168,4333.338374635787,1.3756724053022775,1.3756724053022775,TokenDynamic,3064.1870866732106,3149.9784090556204,1.0279980692939847,1.0,ok,,benchmarks/ops/matmul-otherlibs/results/raw/rebench-current/x86/local-x86_MatmulOtherlibsVecopsAF3ProjectionBench_meta-pack-20260904.json
meta-pack-20260904,local-x86,Native,Intel(R) Xeon(R) w9-3495X,gcc (Ubuntu 13.3.0-6ubuntu2~24.04.1) 13.3.0,vecops,0b7a801a0b816f70245d24001a70ce0561c23389+dirty,AVX-512+AMX-BF16,,A02_gsa_proj_r512,af3,gsa_projection,128x65536x128,1,512,128,gemm,bf16xbf16_acc_fp32,TokenDynamic,raw_e2e,native,row_contiguous,default,auto,auto,auto,0.0,1.0,0.0,20.0,,,,,3064.1870866732106,3062.60671324866,3072.1748694423186,0.001457165264112482,700.8330716292927,4333.338374635787,1.4141885766317535,1.4141885766317535,TokenDynamic,3064.1870866732106,3149.9784090556204,1.0,0.9727644728815362,ok,,benchmarks/ops/matmul-otherlibs/results/raw/rebench-current/x86/local-x86_MatmulOtherlibsVecopsAF3ProjectionBench_meta-pack-20260904.json
meta-pack-20260904,local-x86,Native,Intel(R) Xeon(R) w9-3495X,gcc (Ubuntu 13.3.0-6ubuntu2~24.04.1) 13.3.0,LIBXSMM,3668d249637792dcc988414eb3d2a374033743df,AVX-512+AMX-BF16,,A02_gsa_proj_r512,af3,gsa_projection,128x65536x128,1,512,128,gemm_add,bf16xbf16_acc_fp32,NA,prepared_execute,native,row_contiguous,default,auto,auto,auto,0.0,0.0,1.0,20.0,,,1.0,0.0,3902.1342777737623,3898.3205611455364,4848.36348316296,0.1109541361346772,550.3356612384897,3342.040072666572,,0.8564646510763505,TokenDynamic,4617.380166503911,4358.396968200395,0.8450970327462329,0.8953141043012826,ok,,benchmarks/ops/matmul-otherlibs/results/raw/rebench-current/x86/local-x86_MatmulOtherlibsLIBXSMMBench_meta-pack-20260904.json
meta-pack-20260904,local-x86,Native,Intel(R) Xeon(R) w9-3495X,gcc (Ubuntu 13.3.0-6ubuntu2~24.04.1) 13.3.0,oneDNN,0e2a5bfeef1bfbffc3137464606540233086ce9b,AVX-512+AMX-BF16,brg_matmul:avx10_1_512_amx,A02_gsa_proj_r512,af3,gsa_projection,128x65536x128,1,512,128,gemm_add,bf16xbf16_acc_fp32,NA,prepared_execute,native,row_contiguous,default,auto,auto,auto,0.0,0.0,1.0,20.0,,,,,2237.100745939339,2233.324260247635,2263.7326919865454,0.006754869409157045,959.9405176087813,3342.040072666572,,1.4939157651852994,TokenDynamic,4617.380166503911,4358.396968200395,0.48449568050905784,0.5132852198323389,ok,,benchmarks/ops/matmul-otherlibs/results/raw/rebench-current/x86/local-x86_MatmulOtherlibsOneDNNBench_meta-pack-20260904.json
meta-pack-20260904,local-x86,Native,Intel(R) Xeon(R) w9-3495X,gcc (Ubuntu 13.3.0-6ubuntu2~24.04.1) 13.3.0,OpenBLAS,e0166008be8e466242aa76b2ff75ce3f0fbf574a,AVX-512+AMX-BF16,unspecified,A02_gsa_proj_r512,af3,gsa_projection,128x65536x128,1,512,128,gemm_add,bf16xbf16_acc_fp32,NA,raw_e2e,native,row_contiguous,default,auto,auto,auto,0.0,1.0,0.0,20.0,,,,,3342.040072666572,3321.1259852822236,3386.339121611744,0.009095370934946091,642.5666961816379,3342.040072666572,1.0,1.0,TokenDynamic,4617.380166503911,4358.396968200395,0.7237957352766615,0.7668048819441332,ok,,benchmarks/ops/matmul-otherlibs/results/raw/rebench-current/x86/local-x86_MatmulOtherlibsOpenBLASBench_meta-pack-20260904.json
meta-pack-20260904,local-x86,Native,Intel(R) Xeon(R) w9-3495X,gcc (Ubuntu 13.3.0-6ubuntu2~24.04.1) 13.3.0,vecops,0b7a801a0b816f70245d24001a70ce0561c23389+dirty,AVX-512+AMX-BF16,,A02_gsa_proj_r512,af3,gsa_projection,128x65536x128,1,512,128,gemm_add,bf16xbf16_acc_fp32,AllConst,raw_e2e,native,row_contiguous,default,auto,auto,auto,0.0,1.0,0.0,20.0,,,,,4358.396968200395,4353.745887419792,4400.23848113924,0.006684540706057221,492.7232796067925,3342.040072666572,0.7668048819441332,0.7668048819441332,TokenDynamic,4617.380166503911,4358.396968200395,0.9439112247715121,1.0,ok,,benchmarks/ops/matmul-otherlibs/results/raw/rebench-current/x86/local-x86_MatmulOtherlibsVecopsAF3ProjectionBench_meta-pack-20260904.json
meta-pack-20260904,local-x86,Native,Intel(R) Xeon(R) w9-3495X,gcc (Ubuntu 13.3.0-6ubuntu2~24.04.1) 13.3.0,vecops,0b7a801a0b816f70245d24001a70ce0561c23389+dirty,AVX-512+AMX-BF16,,A02_gsa_proj_r512,af3,gsa_projection,128x65536x128,1,512,128,gemm_add,bf16xbf16_acc_fp32,TokenDynamic,raw_e2e,native,row_contiguous,default,auto,auto,auto,0.0,1.0,0.0,20.0,,,,,4617.380166503911,4608.217313846884,4626.34370701077,0.0018649135947439745,465.08703432708376,3342.040072666572,0.7237957352766615,0.7237957352766615,TokenDynamic,4617.380166503911,4358.396968200395,1.0,1.0594216635595841,ok,,benchmarks/ops/matmul-otherlibs/results/raw/rebench-current/x86/local-x86_MatmulOtherlibsVecopsAF3ProjectionBench_meta-pack-20260904.json
meta-pack-20260904,local-x86,Native,Intel(R) Xeon(R) w9-3495X,gcc (Ubuntu 13.3.0-6ubuntu2~24.04.1) 13.3.0,LIBXSMM,3668d249637792dcc988414eb3d2a374033743df,AVX-512+AMX-BF16,,A03_gsa_proj_r1536,af3,gsa_projection,128x196608x128,1,1536,128,bias,bf16xbf16_acc_fp32,NA,prepared_execute,separate,row_contiguous,default,auto,auto,auto,0.0,0.0,1.0,60.0,,,1.0,0.0,27428.98300057277,26511.262799613178,27480.606161989275,0.01862649349859694,234.87749960928076,22893.073333155677,,0.8346307747785481,TokenDynamic,11740.989001488992,11781.311908800324,2.3361731279276583,2.3281773042681313,ok,,benchmarks/ops/matmul-otherlibs/results/raw/rebench-current/x86/local-x86_MatmulOtherlibsLIBXSMMBench_meta-pack-20260904.json
meta-pack-20260904,local-x86,Native,Intel(R) Xeon(R) w9-3495X,gcc (Ubuntu 13.3.0-6ubuntu2~24.04.1) 13.3.0,oneDNN,0e2a5bfeef1bfbffc3137464606540233086ce9b,AVX-512+AMX-BF16,brg_matmul:avx10_1_512_amx,A03_gsa_proj_r1536,af3,gsa_projection,128x196608x128,1,1536,128,bias,bf16xbf16_acc_fp32,NA,prepared_execute,separate,row_contiguous,default,auto,auto,auto,0.0,0.0,1.0,60.0,,,,,9117.272214747833,9074.558572111917,9266.644085541235,0.010348665635517389,706.6204443889346,22893.073333155677,,2.5109564345489774,TokenDynamic,11740.989001488992,11781.311908800324,0.7765335793766249,0.7738758030790676,ok,,benchmarks/ops/matmul-otherlibs/results/raw/rebench-current/x86/local-x86_MatmulOtherlibsOneDNNBench_meta-pack-20260904.json
meta-pack-20260904,local-x86,Native,Intel(R) Xeon(R) w9-3495X,gcc (Ubuntu 13.3.0-6ubuntu2~24.04.1) 13.3.0,OpenBLAS,e0166008be8e466242aa76b2ff75ce3f0fbf574a,AVX-512+AMX-BF16,unspecified,A03_gsa_proj_r1536,af3,gsa_projection,128x196608x128,1,1536,128,bias,bf16xbf16_acc_fp32,NA,raw_e2e,separate,row_contiguous,default,auto,auto,auto,0.0,1.0,0.0,60.0,,,,,22893.073333155677,22781.150934558053,23165.768799177993,0.00768390365503179,281.41485637358704,22893.073333155677,1.0,1.0,TokenDynamic,11740.989001488992,11781.311908800324,1.9498419877790856,1.943168427283142,ok,,benchmarks/ops/matmul-otherlibs/results/raw/rebench-current/x86/local-x86_MatmulOtherlibsOpenBLASBench_meta-pack-20260904.json
meta-pack-20260904,local-x86,Native,Intel(R) Xeon(R) w9-3495X,gcc (Ubuntu 13.3.0-6ubuntu2~24.04.1) 13.3.0,vecops,0b7a801a0b816f70245d24001a70ce0561c23389+dirty,AVX-512+AMX-BF16,,A03_gsa_proj_r1536,af3,gsa_projection,128x196608x128,1,1536,128,bias,bf16xbf16_acc_fp32,AllConst,raw_e2e,native_fused,row_contiguous,default,auto,auto,auto,0.0,1.0,0.0,60.0,,,,,11781.311908800324,11757.991108408363,11857.103453208269,0.004498366185981103,546.8364638735744,22893.073333155677,1.943168427283142,1.943168427283142,TokenDynamic,11740.989001488992,11781.311908800324,1.0034343705889017,1.0,ok,,benchmarks/ops/matmul-otherlibs/results/raw/rebench-current/x86/local-x86_MatmulOtherlibsVecopsBiasBench_meta-pack-20260904.json
meta-pack-20260904,local-x86,Native,Intel(R) Xeon(R) w9-3495X,gcc (Ubuntu 13.3.0-6ubuntu2~24.04.1) 13.3.0,vecops,0b7a801a0b816f70245d24001a70ce0561c23389+dirty,AVX-512+AMX-BF16,,A03_gsa_proj_r1536,af3,gsa_projection,128x196608x128,1,1536,128,bias,bf16xbf16_acc_fp32,TokenDynamic,raw_e2e,native_fused,row_contiguous,default,auto,auto,auto,0.0,1.0,0.0,60.0,,,,,11740.989001488992,11722.938599996267,11772.399889411066,0.0024819688771352977,548.7145029420408,22893.073333155677,1.9498419877790856,1.9498419877790856,TokenDynamic,11740.989001488992,11781.311908800324,1.0,0.9965773839430214,ok,,benchmarks/ops/matmul-otherlibs/results/raw/rebench-current/x86/local-x86_MatmulOtherlibsVecopsBiasBench_meta-pack-20260904.json
meta-pack-20260904,local-x86,Native,Intel(R) Xeon(R) w9-3495X,gcc (Ubuntu 13.3.0-6ubuntu2~24.04.1) 13.3.0,LIBXSMM,3668d249637792dcc988414eb3d2a374033743df,AVX-512+AMX-BF16,,A03_gsa_proj_r1536,af3,gsa_projection,128x196608x128,1,1536,128,bias_relu,bf16xbf16_acc_fp32,NA,prepared_execute,separate,row_contiguous,default,auto,auto,auto,0.0,0.0,1.0,60.0,,,1.0,0.0,27776.42279979773,26929.784519597884,28249.237677082416,0.023363528366420982,231.93954781127954,23357.961001844767,,0.8409276158488941,TokenDynamic,14085.831110908959,13842.344998718343,1.971940638865527,2.006626969806744,ok,,benchmarks/ops/matmul-otherlibs/results/raw/rebench-current/x86/local-x86_MatmulOtherlibsLIBXSMMBench_meta-pack-20260904.json
meta-pack-20260904,local-x86,Native,Intel(R) Xeon(R) w9-3495X,gcc (Ubuntu 13.3.0-6ubuntu2~24.04.1) 13.3.0,oneDNN,0e2a5bfeef1bfbffc3137464606540233086ce9b,AVX-512+AMX-BF16,brg_matmul:avx10_1_512_amx,A03_gsa_proj_r1536,af3,gsa_projection,128x196608x128,1,1536,128,bias_relu,bf16xbf16_acc_fp32,NA,prepared_execute,separate,row_contiguous,default,auto,auto,auto,0.0,0.0,1.0,60.0,,,,,13223.826701869255,12979.983881232329,13532.035099342465,0.019712868472200877,487.1850704977347,23357.961001844767,,1.7663541370020375,TokenDynamic,14085.831110908959,13842.344998718343,0.9388034399779142,0.9553169425479313,ok,,benchmarks/ops/matmul-otherlibs/results/raw/rebench-current/x86/local-x86_MatmulOtherlibsOneDNNBench_meta-pack-20260904.json
meta-pack-20260904,local-x86,Native,Intel(R) Xeon(R) w9-3495X,gcc (Ubuntu 13.3.0-6ubuntu2~24.04.1) 13.3.0,OpenBLAS,e0166008be8e466242aa76b2ff75ce3f0fbf574a,AVX-512+AMX-BF16,unspecified,A03_gsa_proj_r1536,af3,gsa_projection,128x196608x128,1,1536,128,bias_relu,bf16xbf16_acc_fp32,NA,raw_e2e,separate,row_contiguous,default,auto,auto,auto,0.0,1.0,0.0,60.0,,,,,23357.961001844767,23296.844734189413,23434.319967054762,0.0029089495362092676,275.8139267160857,23357.961001844767,1.0,1.0,TokenDynamic,14085.831110908959,13842.344998718343,1.6582593400367327,1.6874280336176761,ok,,benchmarks/ops/matmul-otherlibs/results/raw/rebench-current/x86/local-x86_MatmulOtherlibsOpenBLASBench_meta-pack-20260904.json
meta-pack-20260904,local-x86,Native,Intel(R) Xeon(R) w9-3495X,gcc (Ubuntu 13.3.0-6ubuntu2~24.04.1) 13.3.0,vecops,0b7a801a0b816f70245d24001a70ce0561c23389+dirty,AVX-512+AMX-BF16,,A03_gsa_proj_r1536,af3,gsa_projection,128x196608x128,1,1536,128,bias_relu,bf16xbf16_acc_fp32,AllConst,raw_e2e,native_fused,row_contiguous,default,auto,auto,auto,0.0,1.0,0.0,60.0,,,,,13842.344998718343,13061.77924400092,14265.884689262346,0.04073835152903112,465.41615200289425,23357.961001844767,1.6874280336176761,1.6874280336176761,TokenDynamic,14085.831110908959,13842.344998718343,0.9827141110614307,1.0,ok,,benchmarks/ops/matmul-otherlibs/results/raw/rebench-current/x86/local-x86_MatmulOtherlibsVecopsBiasReluBench_meta-pack-20260904.json
meta-pack-20260904,local-x86,Native,Intel(R) Xeon(R) w9-3495X,gcc (Ubuntu 13.3.0-6ubuntu2~24.04.1) 13.3.0,vecops,0b7a801a0b816f70245d24001a70ce0561c23389+dirty,AVX-512+AMX-BF16,,A03_gsa_proj_r1536,af3,gsa_projection,128x196608x128,1,1536,128,bias_relu,bf16xbf16_acc_fp32,TokenDynamic,raw_e2e,native_fused,row_contiguous,default,auto,auto,auto,0.0,1.0,0.0,60.0,,,,,14085.831110908959,14030.427290385383,14362.141044370623,0.010888822796927843,457.371020089156,23357.961001844767,1.6582593400367327,1.6582593400367327,TokenDynamic,14085.831110908959,13842.344998718343,1.0,1.0175899468054843,ok,,benchmarks/ops/matmul-otherlibs/results/raw/rebench-current/x86/local-x86_MatmulOtherlibsVecopsBiasReluBench_meta-pack-20260904.json
meta-pack-20260904,local-x86,Native,Intel(R) Xeon(R) w9-3495X,gcc (Ubuntu 13.3.0-6ubuntu2~24.04.1) 13.3.0,LIBXSMM,3668d249637792dcc988414eb3d2a374033743df,AVX-512+AMX-BF16,,A03_gsa_proj_r1536,af3,gsa_projection,128x196608x128,1,1536,128,gemm,bf16xbf16_acc_fp32,NA,prepared_execute,native,row_contiguous,default,auto,auto,auto,0.0,0.0,1.0,60.0,,,1.0,0.0,22528.316665557213,21307.88336604989,22582.99359818921,0.02729206594340317,285.9712529631496,18490.74471309515,,0.8207779119762211,TokenDynamic,11795.200817604464,11268.826907987454,1.9099561774254372,1.9991714177088766,ok,,benchmarks/ops/matmul-otherlibs/results/raw/rebench-current/x86/local-x86_MatmulOtherlibsLIBXSMMBench_meta-pack-20260904.json
meta-pack-20260904,local-x86,Native,Intel(R) Xeon(R) w9-3495X,gcc (Ubuntu 13.3.0-6ubuntu2~24.04.1) 13.3.0,oneDNN,0e2a5bfeef1bfbffc3137464606540233086ce9b,AVX-512+AMX-BF16,brg_matmul:avx10_1_512_amx,A03_gsa_proj_r1536,af3,gsa_projection,128x196608x128,1,1536,128,gemm,bf16xbf16_acc_fp32,NA,prepared_execute,native,row_contiguous,default,auto,auto,auto,0.0,0.0,1.0,60.0,,,,,7751.0218883010875,7736.513233329686,7776.762788610844,0.002917930225635091,831.1743969816208,18490.74471309515,,2.385587988211456,TokenDynamic,11795.200817604464,11268.826907987454,0.6571335247410628,0.6878286401583725,ok,,benchmarks/ops/matmul-otherlibs/results/raw/rebench-current/x86/local-x86_MatmulOtherlibsOneDNNBench_meta-pack-20260904.json
meta-pack-20260904,local-x86,Native,Intel(R) Xeon(R) w9-3495X,gcc (Ubuntu 13.3.0-6ubuntu2~24.04.1) 13.3.0,OpenBLAS,e0166008be8e466242aa76b2ff75ce3f0fbf574a,AVX-512+AMX-BF16,unspecified,A03_gsa_proj_r1536,af3,gsa_projection,128x196608x128,1,1536,128,gemm,bf16xbf16_acc_fp32,NA,raw_e2e,native,row_contiguous,default,auto,auto,auto,0.0,1.0,0.0,60.0,,,,,18490.74471309515,18282.551627739198,18711.29679909375,0.013378150782517063,348.4148985863968,18490.74471309515,1.0,1.0,TokenDynamic,11795.200817604464,11268.826907987454,1.567649843273335,1.6408757419096334,ok,,benchmarks/ops/matmul-otherlibs/results/raw/rebench-current/x86/local-x86_MatmulOtherlibsOpenBLASBench_meta-pack-20260904.json
meta-pack-20260904,local-x86,Native,Intel(R) Xeon(R) w9-3495X,gcc (Ubuntu 13.3.0-6ubuntu2~24.04.1) 13.3.0,vecops,0b7a801a0b816f70245d24001a70ce0561c23389+dirty,AVX-512+AMX-BF16,,A03_gsa_proj_r1536,af3,gsa_projection,128x196608x128,1,1536,128,gemm,bf16xbf16_acc_fp32,AllConst,raw_e2e,native,row_contiguous,default,auto,auto,auto,0.0,1.0,0.0,60.0,,,,,11268.826907987454,11219.142326577145,11354.172872696918,0.005599085557711041,571.7055552103235,18490.74471309515,1.6408757419096334,1.6408757419096334,TokenDynamic,11795.200817604464,11268.826907987454,0.9553738916567328,1.0,ok,,benchmarks/ops/matmul-otherlibs/results/raw/rebench-current/x86/local-x86_MatmulOtherlibsVecopsAF3ProjectionBench_meta-pack-20260904.json
meta-pack-20260904,local-x86,Native,Intel(R) Xeon(R) w9-3495X,gcc (Ubuntu 13.3.0-6ubuntu2~24.04.1) 13.3.0,vecops,0b7a801a0b816f70245d24001a70ce0561c23389+dirty,AVX-512+AMX-BF16,,A03_gsa_proj_r1536,af3,gsa_projection,128x196608x128,1,1536,128,gemm,bf16xbf16_acc_fp32,TokenDynamic,raw_e2e,native,row_contiguous,default,auto,auto,auto,0.0,1.0,0.0,60.0,,,,,11795.200817604464,11742.124291115697,12479.718600992452,0.05280855729251625,546.1925611630598,18490.74471309515,1.567649843273335,1.567649843273335,TokenDynamic,11795.200817604464,11268.826907987454,1.0,1.046710621603737,ok,,benchmarks/ops/matmul-otherlibs/results/raw/rebench-current/x86/local-x86_MatmulOtherlibsVecopsAF3ProjectionBench_meta-pack-20260904.json
meta-pack-20260904,local-x86,Native,Intel(R) Xeon(R) w9-3495X,gcc (Ubuntu 13.3.0-6ubuntu2~24.04.1) 13.3.0,LIBXSMM,3668d249637792dcc988414eb3d2a374033743df,AVX-512+AMX-BF16,,A03_gsa_proj_r1536,af3,gsa_projection,128x196608x128,1,1536,128,gemm_add,bf16xbf16_acc_fp32,NA,prepared_execute,native,row_contiguous,default,auto,auto,auto,0.0,0.0,1.0,60.0,,,1.0,0.0,22456.23966640172,20297.313999617472,22994.335334321175,0.05432346666023447,286.889124791404,16836.55599897195,,0.7497495684534506,TokenDynamic,19793.09171188756,17828.006377385464,1.1345493666820479,1.2596046462540589,ok,,benchmarks/ops/matmul-otherlibs/results/raw/rebench-current/x86/local-x86_MatmulOtherlibsLIBXSMMBench_meta-pack-20260904.json
meta-pack-20260904,local-x86,Native,Intel(R) Xeon(R) w9-3495X,gcc (Ubuntu 13.3.0-6ubuntu2~24.04.1) 13.3.0,oneDNN,0e2a5bfeef1bfbffc3137464606540233086ce9b,AVX-512+AMX-BF16,brg_matmul:avx10_1_512_amx,A03_gsa_proj_r1536,af3,gsa_projection,128x196608x128,1,1536,128,gemm_add,bf16xbf16_acc_fp32,NA,prepared_execute,native,row_contiguous,default,auto,auto,auto,0.0,0.0,1.0,60.0,,,,,12279.2626659955,12095.650866265512,12511.187087511644,0.016330789033132134,524.6610581790743,16836.55599897195,,1.3711373766436963,TokenDynamic,19793.09171188756,17828.006377385464,0.6203812342576416,0.688762523754285,ok,,benchmarks/ops/matmul-otherlibs/results/raw/rebench-current/x86/local-x86_MatmulOtherlibsOneDNNBench_meta-pack-20260904.json
meta-pack-20260904,local-x86,Native,Intel(R) Xeon(R) w9-3495X,gcc (Ubuntu 13.3.0-6ubuntu2~24.04.1) 13.3.0,OpenBLAS,e0166008be8e466242aa76b2ff75ce3f0fbf574a,AVX-512+AMX-BF16,unspecified,A03_gsa_proj_r1536,af3,gsa_projection,128x196608x128,1,1536,128,gemm_add,bf16xbf16_acc_fp32,NA,raw_e2e,native,row_contiguous,default,auto,auto,auto,0.0,1.0,0.0,60.0,,,,,16836.55599897195,16644.857828837954,17270.57374415121,0.01898157361936279,382.6466020956649,16836.55599897195,1.0,1.0,TokenDynamic,19793.09171188756,17828.006377385464,0.8506278980590012,0.944388039950942,ok,,benchmarks/ops/matmul-otherlibs/results/raw/rebench-current/x86/local-x86_MatmulOtherlibsOpenBLASBench_meta-pack-20260904.json
meta-pack-20260904,local-x86,Native,Intel(R) Xeon(R) w9-3495X,gcc (Ubuntu 13.3.0-6ubuntu2~24.04.1) 13.3.0,vecops,0b7a801a0b816f70245d24001a70ce0561c23389+dirty,AVX-512+AMX-BF16,,A03_gsa_proj_r1536,af3,gsa_projection,128x196608x128,1,1536,128,gemm_add,bf16xbf16_acc_fp32,AllConst,raw_e2e,native,row_contiguous,default,auto,auto,auto,0.0,1.0,0.0,60.0,,,,,17828.006377385464,17695.02987590386,17968.089375062846,0.007449082861654549,361.36687454701297,16836.55599897195,0.944388039950942,0.944388039950942,TokenDynamic,19793.09171188756,17828.006377385464,0.9007186263214311,1.0,ok,,benchmarks/ops/matmul-otherlibs/results/raw/rebench-current/x86/local-x86_MatmulOtherlibsVecopsAF3ProjectionBench_meta-pack-20260904.json
meta-pack-20260904,local-x86,Native,Intel(R) Xeon(R) w9-3495X,gcc (Ubuntu 13.3.0-6ubuntu2~24.04.1) 13.3.0,vecops,0b7a801a0b816f70245d24001a70ce0561c23389+dirty,AVX-512+AMX-BF16,,A03_gsa_proj_r1536,af3,gsa_projection,128x196608x128,1,1536,128,gemm_add,bf16xbf16_acc_fp32,TokenDynamic,raw_e2e,native,row_contiguous,default,auto,auto,auto,0.0,1.0,0.0,60.0,,,,,19793.09171188756,19458.219028144544,20529.905569440285,0.03194963674264766,325.4898748400544,16836.55599897195,0.8506278980590012,0.8506278980590012,TokenDynamic,19793.09171188756,17828.006377385464,1.0,1.1102246259567627,ok,,benchmarks/ops/matmul-otherlibs/results/raw/rebench-current/x86/local-x86_MatmulOtherlibsVecopsAF3ProjectionBench_meta-pack-20260904.json
meta-pack-20260904,local-x86,Native,Intel(R) Xeon(R) w9-3495X,gcc (Ubuntu 13.3.0-6ubuntu2~24.04.1) 13.3.0,LIBXSMM,3668d249637792dcc988414eb3d2a374033743df,AVX-512+AMX-BF16,,A04_gsa_proj_r2048,af3,gsa_projection,128x65536x128,1,2048,32,bias,bf16xbf16_acc_fp32,NA,prepared_execute,separate,row_contiguous,default,auto,auto,auto,0.0,0.0,1.0,320.0,,,1.0,0.0,7599.7026126262635,7584.295622331815,8252.770267103591,0.041376349872777406,282.5746950192679,5371.331385014435,,0.7067817859202046,TokenDynamic,3350.729476161567,3493.4509749291465,2.2680740616912214,2.1754141298005187,ok,,benchmarks/ops/matmul-otherlibs/results/raw/rebench-current/x86/local-x86_MatmulOtherlibsLIBXSMMBench_meta-pack-20260904.json
meta-pack-20260904,local-x86,Native,Intel(R) Xeon(R) w9-3495X,gcc (Ubuntu 13.3.0-6ubuntu2~24.04.1) 13.3.0,oneDNN,0e2a5bfeef1bfbffc3137464606540233086ce9b,AVX-512+AMX-BF16,brg_matmul:avx10_1_512_amx,A04_gsa_proj_r2048,af3,gsa_projection,128x65536x128,1,2048,32,bias,bf16xbf16_acc_fp32,NA,prepared_execute,separate,row_contiguous,default,auto,auto,auto,0.0,0.0,1.0,320.0,,,,,2696.7940189374176,2693.7491768666614,2704.231419081155,0.00179675642142961,796.3098527065648,5371.331385014435,,1.9917469956162355,TokenDynamic,3350.729476161567,3493.4509749291465,0.8048378832500479,0.7719570242407977,ok,,benchmarks/ops/matmul-otherlibs/results/raw/rebench-current/x86/local-x86_MatmulOtherlibsOneDNNBench_meta-pack-20260904.json
meta-pack-20260904,local-x86,Native,Intel(R) Xeon(R) w9-3495X,gcc (Ubuntu 13.3.0-6ubuntu2~24.04.1) 13.3.0,OpenBLAS,e0166008be8e466242aa76b2ff75ce3f0fbf574a,AVX-512+AMX-BF16,unspecified,A04_gsa_proj_r2048,af3,gsa_projection,128x65536x128,1,2048,32,bias,bf16xbf16_acc_fp32,NA,raw_e2e,separate,row_contiguous,default,auto,auto,auto,0.0,1.0,0.0,320.0,,,,,5371.331385014435,5320.344815173974,5401.580415379542,0.006693407663427428,399.804721412516,5371.331385014435,1.0,1.0,TokenDynamic,3350.729476161567,3493.4509749291465,1.6030334359214136,1.5375430837764583,ok,,benchmarks/ops/matmul-otherlibs/results/raw/rebench-current/x86/local-x86_MatmulOtherlibsOpenBLASBench_meta-pack-20260904.json
meta-pack-20260904,local-x86,Native,Intel(R) Xeon(R) w9-3495X,gcc (Ubuntu 13.3.0-6ubuntu2~24.04.1) 13.3.0,vecops,0b7a801a0b816f70245d24001a70ce0561c23389+dirty,AVX-512+AMX-BF16,,A04_gsa_proj_r2048,af3,gsa_projection,128x65536x128,1,2048,32,bias,bf16xbf16_acc_fp32,AllConst,raw_e2e,native_fused,row_contiguous,default,auto,auto,auto,0.0,1.0,0.0,320.0,,,,,3493.4509749291465,3489.4812249694946,3495.363564870786,0.00074266377697389,614.7169842689877,5371.331385014435,1.5375430837764583,1.5375430837764583,TokenDynamic,3350.729476161567,3493.4509749291465,1.0425941574164543,1.0,ok,,benchmarks/ops/matmul-otherlibs/results/raw/rebench-current/x86/local-x86_MatmulOtherlibsVecopsBiasBench_meta-pack-20260904.json
meta-pack-20260904,local-x86,Native,Intel(R) Xeon(R) w9-3495X,gcc (Ubuntu 13.3.0-6ubuntu2~24.04.1) 13.3.0,vecops,0b7a801a0b816f70245d24001a70ce0561c23389+dirty,AVX-512+AMX-BF16,,A04_gsa_proj_r2048,af3,gsa_projection,128x65536x128,1,2048,32,bias,bf16xbf16_acc_fp32,TokenDynamic,raw_e2e,native_fused,row_contiguous,default,auto,auto,auto,0.0,1.0,0.0,320.0,,,,,3350.729476161567,3344.639357029726,3426.025452513602,0.01909273722435536,640.9003362635091,5371.331385014435,1.6030334359214136,1.6030334359214136,TokenDynamic,3350.729476161567,3493.4509749291465,1.0,0.9591459849324281,ok,,benchmarks/ops/matmul-otherlibs/results/raw/rebench-current/x86/local-x86_MatmulOtherlibsVecopsBiasBench_meta-pack-20260904.json
meta-pack-20260904,local-x86,Native,Intel(R) Xeon(R) w9-3495X,gcc (Ubuntu 13.3.0-6ubuntu2~24.04.1) 13.3.0,LIBXSMM,3668d249637792dcc988414eb3d2a374033743df,AVX-512+AMX-BF16,,A04_gsa_proj_r2048,af3,gsa_projection,128x65536x128,1,2048,32,bias_relu,bf16xbf16_acc_fp32,NA,prepared_execute,separate,row_contiguous,default,auto,auto,auto,0.0,0.0,1.0,320.0,,,1.0,0.0,8187.096056644805,7575.329000570086,9410.51228890299,0.14354142087948404,262.3010201837147,5348.794846213423,,0.6533201527386793,TokenDynamic,4089.03911781689,4063.9158176032433,2.0022053643291726,2.0145830829422224,ok,,benchmarks/ops/matmul-otherlibs/results/raw/rebench-current/x86/local-x86_MatmulOtherlibsLIBXSMMBench_meta-pack-20260904.json
meta-pack-20260904,local-x86,Native,Intel(R) Xeon(R) w9-3495X,gcc (Ubuntu 13.3.0-6ubuntu2~24.04.1) 13.3.0,oneDNN,0e2a5bfeef1bfbffc3137464606540233086ce9b,AVX-512+AMX-BF16,brg_matmul:avx10_1_512_amx,A04_gsa_proj_r2048,af3,gsa_projection,128x65536x128,1,2048,32,bias_relu,bf16xbf16_acc_fp32,NA,prepared_execute,separate,row_contiguous,default,auto,auto,auto,0.0,0.0,1.0,320.0,,,,,3707.209421248224,3698.5287104279882,3719.553463069085,0.0025772483709542685,579.2722784128388,5348.794846213423,,1.442808926724316,TokenDynamic,4089.03911781689,4063.9158176032433,0.9066211680624561,0.9122259386353646,ok,,benchmarks/ops/matmul-otherlibs/results/raw/rebench-current/x86/local-x86_MatmulOtherlibsOneDNNBench_meta-pack-20260904.json
meta-pack-20260904,local-x86,Native,Intel(R) Xeon(R) w9-3495X,gcc (Ubuntu 13.3.0-6ubuntu2~24.04.1) 13.3.0,OpenBLAS,e0166008be8e466242aa76b2ff75ce3f0fbf574a,AVX-512+AMX-BF16,unspecified,A04_gsa_proj_r2048,af3,gsa_projection,128x65536x128,1,2048,32,bias_relu,bf16xbf16_acc_fp32,NA,raw_e2e,separate,row_contiguous,default,auto,auto,auto,0.0,1.0,0.0,320.0,,,,,5348.794846213423,5329.93432335878,5387.05787643826,0.004718982539188238,401.4892531390076,5348.794846213423,1.0,1.0,TokenDynamic,4089.03911781689,4063.9158176032433,1.308081114437738,1.3161677274525723,ok,,benchmarks/ops/matmul-otherlibs/results/raw/rebench-current/x86/local-x86_MatmulOtherlibsOpenBLASBench_meta-pack-20260904.json
meta-pack-20260904,local-x86,Native,Intel(R) Xeon(R) w9-3495X,gcc (Ubuntu 13.3.0-6ubuntu2~24.04.1) 13.3.0,vecops,0b7a801a0b816f70245d24001a70ce0561c23389+dirty,AVX-512+AMX-BF16,,A04_gsa_proj_r2048,af3,gsa_projection,128x65536x128,1,2048,32,bias_relu,bf16xbf16_acc_fp32,AllConst,raw_e2e,native_fused,row_contiguous,default,auto,auto,auto,0.0,1.0,0.0,320.0,,,,,4063.9158176032433,3880.2668064211803,4201.0459450962535,0.03955284026850713,528.4271979005981,5348.794846213423,1.3161677274525723,1.3161677274525723,TokenDynamic,4089.03911781689,4063.9158176032433,0.9938559403591473,1.0,ok,,benchmarks/ops/matmul-otherlibs/results/raw/rebench-current/x86/local-x86_MatmulOtherlibsVecopsBiasReluBench_meta-pack-20260904.json
meta-pack-20260904,local-x86,Native,Intel(R) Xeon(R) w9-3495X,gcc (Ubuntu 13.3.0-6ubuntu2~24.04.1) 13.3.0,vecops,0b7a801a0b816f70245d24001a70ce0561c23389+dirty,AVX-512+AMX-BF16,,A04_gsa_proj_r2048,af3,gsa_projection,128x65536x128,1,2048,32,bias_relu,bf16xbf16_acc_fp32,TokenDynamic,raw_e2e,native_fused,row_contiguous,default,auto,auto,auto,0.0,1.0,0.0,320.0,,,,,4089.03911781689,3976.713852641885,4102.416858693366,0.014401019886529892,525.1805096808481,5348.794846213423,1.308081114437738,1.308081114437738,TokenDynamic,4089.03911781689,4063.9158176032433,1.0,1.0061820424785433,ok,,benchmarks/ops/matmul-otherlibs/results/raw/rebench-current/x86/local-x86_MatmulOtherlibsVecopsBiasReluBench_meta-pack-20260904.json
meta-pack-20260904,local-x86,Native,Intel(R) Xeon(R) w9-3495X,gcc (Ubuntu 13.3.0-6ubuntu2~24.04.1) 13.3.0,LIBXSMM,3668d249637792dcc988414eb3d2a374033743df,AVX-512+AMX-BF16,,A04_gsa_proj_r2048,af3,gsa_projection,128x65536x128,1,2048,32,gemm,bf16xbf16_acc_fp32,NA,prepared_execute,native,row_contiguous,default,auto,auto,auto,0.0,0.0,1.0,320.0,,,1.0,0.0,6596.286667488692,6590.138695624079,7239.460219751068,0.046494236493225344,325.55947857517543,4366.3234064297285,,0.6619365753083705,TokenDynamic,3562.855769324905,3351.4269757904995,1.8514043493651067,1.9682024150124378,ok,,benchmarks/ops/matmul-otherlibs/results/raw/rebench-current/x86/local-x86_MatmulOtherlibsLIBXSMMBench_meta-pack-20260904.json
meta-pack-20260904,local-x86,Native,Intel(R) Xeon(R) w9-3495X,gcc (Ubuntu 13.3.0-6ubuntu2~24.04.1) 13.3.0,oneDNN,0e2a5bfeef1bfbffc3137464606540233086ce9b,AVX-512+AMX-BF16,brg_matmul:avx10_1_512_amx,A04_gsa_proj_r2048,af3,gsa_projection,128x65536x128,1,2048,32,gemm,bf16xbf16_acc_fp32,NA,prepared_execute,native,row_contiguous,default,auto,auto,auto,0.0,0.0,1.0,320.0,,,,,1899.1866216655017,1894.183056680737,1900.014951132943,0.001502800485672048,1130.7386138370925,4366.3234064297285,,2.299049159582147,TokenDynamic,3562.855769324905,3351.4269757904995,0.5330517833522523,0.5666799949348565,ok,,benchmarks/ops/matmul-otherlibs/results/raw/rebench-current/x86/local-x86_MatmulOtherlibsOneDNNBench_meta-pack-20260904.json
meta-pack-20260904,local-x86,Native,Intel(R) Xeon(R) w9-3495X,gcc (Ubuntu 13.3.0-6ubuntu2~24.04.1) 13.3.0,OpenBLAS,e0166008be8e466242aa76b2ff75ce3f0fbf574a,AVX-512+AMX-BF16,unspecified,A04_gsa_proj_r2048,af3,gsa_projection,128x65536x128,1,2048,32,gemm,bf16xbf16_acc_fp32,NA,raw_e2e,native,row_contiguous,default,auto,auto,auto,0.0,1.0,0.0,320.0,,,,,4366.3234064297285,4330.940081672452,4387.890943871752,0.005814034767514095,491.82881067345454,4366.3234064297285,1.0,1.0,TokenDynamic,3562.855769324905,3351.4269757904995,1.2255122545297605,1.3028251661069972,ok,,benchmarks/ops/matmul-otherlibs/results/raw/rebench-current/x86/local-x86_MatmulOtherlibsOpenBLASBench_meta-pack-20260904.json
meta-pack-20260904,local-x86,Native,Intel(R) Xeon(R) w9-3495X,gcc (Ubuntu 13.3.0-6ubuntu2~24.04.1) 13.3.0,vecops,0b7a801a0b816f70245d24001a70ce0561c23389+dirty,AVX-512+AMX-BF16,,A04_gsa_proj_r2048,af3,gsa_projection,128x65536x128,1,2048,32,gemm,bf16xbf16_acc_fp32,AllConst,raw_e2e,native,row_contiguous,default,auto,auto,auto,0.0,1.0,0.0,320.0,,,,,3351.4269757904995,3330.266904889694,3354.148695056903,0.003682588120364423,640.7669519618503,4366.3234064297285,1.3028251661069972,1.3028251661069972,TokenDynamic,3562.855769324905,3351.4269757904995,0.9406574929710199,1.0,ok,,benchmarks/ops/matmul-otherlibs/results/raw/rebench-current/x86/local-x86_MatmulOtherlibsVecopsAF3ProjectionBench_meta-pack-20260904.json
meta-pack-20260904,local-x86,Native,Intel(R) Xeon(R) w9-3495X,gcc (Ubuntu 13.3.0-6ubuntu2~24.04.1) 13.3.0,vecops,0b7a801a0b816f70245d24001a70ce0561c23389+dirty,AVX-512+AMX-BF16,,A04_gsa_proj_r2048,af3,gsa_projection,128x65536x128,1,2048,32,gemm,bf16xbf16_acc_fp32,TokenDynamic,raw_e2e,native,row_contiguous,default,auto,auto,auto,0.0,1.0,0.0,320.0,,,,,3562.855769324905,3272.4856363179592,3566.563789261123,0.04099130553796433,602.742234611116,4366.3234064297285,1.2255122545297605,1.2255122545297605,TokenDynamic,3562.855769324905,3351.4269757904995,1.0,1.0630862003145798,ok,,benchmarks/ops/matmul-otherlibs/results/raw/rebench-current/x86/local-x86_MatmulOtherlibsVecopsAF3ProjectionBench_meta-pack-20260904.json
meta-pack-20260904,local-x86,Native,Intel(R) Xeon(R) w9-3495X,gcc (Ubuntu 13.3.0-6ubuntu2~24.04.1) 13.3.0,LIBXSMM,3668d249637792dcc988414eb3d2a374033743df,AVX-512+AMX-BF16,,A04_gsa_proj_r2048,af3,gsa_projection,128x65536x128,1,2048,32,gemm_add,bf16xbf16_acc_fp32,NA,prepared_execute,native,row_contiguous,default,auto,auto,auto,0.0,0.0,1.0,320.0,,,1.0,0.0,3897.2534999225495,3892.9519836933146,4829.989738937002,0.10901262932036256,551.0248815076251,3366.37492509908,,0.8637813591458652,TokenDynamic,4641.651133230577,4360.329312476097,0.8396265441022215,0.893797972729133,ok,,benchmarks/ops/matmul-otherlibs/results/raw/rebench-current/x86/local-x86_MatmulOtherlibsLIBXSMMBench_meta-pack-20260904.json
meta-pack-20260904,local-x86,Native,Intel(R) Xeon(R) w9-3495X,gcc (Ubuntu 13.3.0-6ubuntu2~24.04.1) 13.3.0,oneDNN,0e2a5bfeef1bfbffc3137464606540233086ce9b,AVX-512+AMX-BF16,brg_matmul:avx10_1_512_amx,A04_gsa_proj_r2048,af3,gsa_projection,128x65536x128,1,2048,32,gemm_add,bf16xbf16_acc_fp32,NA,prepared_execute,native,row_contiguous,default,auto,auto,auto,0.0,0.0,1.0,320.0,,,,,2266.646901500549,2221.38492772203,2271.0566327823176,0.01043498245333427,947.4275179686516,3366.37492509908,,1.4851783587776715,TokenDynamic,4641.651133230577,4360.329312476097,0.4883277171076338,0.5198338792932569,ok,,benchmarks/ops/matmul-otherlibs/results/raw/rebench-current/x86/local-x86_MatmulOtherlibsOneDNNBench_meta-pack-20260904.json
meta-pack-20260904,local-x86,Native,Intel(R) Xeon(R) w9-3495X,gcc (Ubuntu 13.3.0-6ubuntu2~24.04.1) 13.3.0,OpenBLAS,e0166008be8e466242aa76b2ff75ce3f0fbf574a,AVX-512+AMX-BF16,unspecified,A04_gsa_proj_r2048,af3,gsa_projection,128x65536x128,1,2048,32,gemm_add,bf16xbf16_acc_fp32,NA,raw_e2e,native,row_contiguous,default,auto,auto,auto,0.0,1.0,0.0,320.0,,,,,3366.37492509908,3339.977750001708,3400.5768950737547,0.008072781690596964,637.9217097860229,3366.37492509908,1.0,1.0,TokenDynamic,4641.651133230577,4360.329312476097,0.7252537574395627,0.7720460276857894,ok,,benchmarks/ops/matmul-otherlibs/results/raw/rebench-current/x86/local-x86_MatmulOtherlibsOpenBLASBench_meta-pack-20260904.json
meta-pack-20260904,local-x86,Native,Intel(R) Xeon(R) w9-3495X,gcc (Ubuntu 13.3.0-6ubuntu2~24.04.1) 13.3.0,vecops,0b7a801a0b816f70245d24001a70ce0561c23389+dirty,AVX-512+AMX-BF16,,A04_gsa_proj_r2048,af3,gsa_projection,128x65536x128,1,2048,32,gemm_add,bf16xbf16_acc_fp32,AllConst,raw_e2e,native,row_contiguous,default,auto,auto,auto,0.0,1.0,0.0,320.0,,,,,4360.329312476097,4285.370925208555,4369.086781298393,0.008893767020554976,492.50492201482604,3366.37492509908,0.7720460276857894,0.7720460276857894,TokenDynamic,4641.651133230577,4360.329312476097,0.9393918645155305,1.0,ok,,benchmarks/ops/matmul-otherlibs/results/raw/rebench-current/x86/local-x86_MatmulOtherlibsVecopsAF3ProjectionBench_meta-pack-20260904.json
meta-pack-20260904,local-x86,Native,Intel(R) Xeon(R) w9-3495X,gcc (Ubuntu 13.3.0-6ubuntu2~24.04.1) 13.3.0,vecops,0b7a801a0b816f70245d24001a70ce0561c23389+dirty,AVX-512+AMX-BF16,,A04_gsa_proj_r2048,af3,gsa_projection,128x65536x128,1,2048,32,gemm_add,bf16xbf16_acc_fp32,TokenDynamic,raw_e2e,native,row_contiguous,default,auto,auto,auto,0.0,1.0,0.0,320.0,,,,,4641.651133230577,4626.09562712411,4692.325853393413,0.010058676425753066,462.65511697458334,3366.37492509908,0.7252537574395627,0.7252537574395627,TokenDynamic,4641.651133230577,4360.329312476097,1.0,1.064518480278437,ok,,benchmarks/ops/matmul-otherlibs/results/raw/rebench-current/x86/local-x86_MatmulOtherlibsVecopsAF3ProjectionBench_meta-pack-20260904.json
meta-pack-20260904,local-x86,Native,Intel(R) Xeon(R) w9-3495X,gcc (Ubuntu 13.3.0-6ubuntu2~24.04.1) 13.3.0,LIBXSMM,3668d249637792dcc988414eb3d2a374033743df,AVX-512+AMX-BF16,,A05_pair_bias_r128,af3,pair_bias_projection,4x16384x128,1,128,0,gemm,bf16xbf16_acc_fp32,NA,prepared_execute,native,row_contiguous,default,auto,auto,auto,0.0,0.0,1.0,1.0,,,1.0,0.0,156.69057270203626,156.42134452804348,160.9044639855703,0.013582378605469183,107.07227442396075,297.83821006252526,,1.9008049107644542,TokenDynamic,190.55140271250693,191.03348160500536,0.8223008095009515,0.820225708004532,ok,,benchmarks/ops/matmul-otherlibs/results/raw/rebench-current/x86/local-x86_MatmulOtherlibsLIBXSMMBench_meta-pack-20260904.json
meta-pack-20260904,local-x86,Native,Intel(R) Xeon(R) w9-3495X,gcc (Ubuntu 13.3.0-6ubuntu2~24.04.1) 13.3.0,oneDNN,0e2a5bfeef1bfbffc3137464606540233086ce9b,AVX-512+AMX-BF16,brg_matmul:avx10_1_512_amx,A05_pair_bias_r128,af3,pair_bias_projection,4x16384x128,1,128,0,gemm,bf16xbf16_acc_fp32,NA,prepared_execute,native,row_contiguous,default,auto,auto,auto,0.0,0.0,1.0,1.0,,,,,238.73234297817973,238.31726247945375,239.209960724955,0.0017033432730500125,70.27625913902017,297.83821006252526,,1.2475821514043777,TokenDynamic,190.55140271250693,191.03348160500536,1.2528500949340449,1.2496884890147162,ok,,benchmarks/ops/matmul-otherlibs/results/raw/rebench-current/x86/local-x86_MatmulOtherlibsOneDNNBench_meta-pack-20260904.json
meta-pack-20260904,local-x86,Native,Intel(R) Xeon(R) w9-3495X,gcc (Ubuntu 13.3.0-6ubuntu2~24.04.1) 13.3.0,OpenBLAS,e0166008be8e466242aa76b2ff75ce3f0fbf574a,AVX-512+AMX-BF16,unspecified,A05_pair_bias_r128,af3,pair_bias_projection,4x16384x128,1,128,0,gemm,bf16xbf16_acc_fp32,NA,raw_e2e,native,row_contiguous,default,auto,auto,auto,0.0,1.0,0.0,1.0,,,,,297.83821006252526,293.124714663509,306.1571907908279,0.020085472972474958,56.32996517296406,297.83821006252526,1.0,1.0,TokenDynamic,190.55140271250693,191.03348160500536,1.5630334168249946,1.5590890537102657,ok,,benchmarks/ops/matmul-otherlibs/results/raw/rebench-current/x86/local-x86_MatmulOtherlibsOpenBLASBench_meta-pack-20260904.json
meta-pack-20260904,local-x86,Native,Intel(R) Xeon(R) w9-3495X,gcc (Ubuntu 13.3.0-6ubuntu2~24.04.1) 13.3.0,vecops,0b7a801a0b816f70245d24001a70ce0561c23389+dirty,AVX-512+AMX-BF16,,A05_pair_bias_r128,af3,pair_bias_projection,4x16384x128,1,128,0,gemm,bf16xbf16_acc_fp32,AllConst,raw_e2e,native,row_contiguous,default,auto,auto,auto,0.0,1.0,0.0,1.0,,,,,191.03348160500536,158.89789688681716,191.273957955947,0.08651478131880201,87.82343209704875,297.83821006252526,1.5590890537102657,1.5590890537102657,TokenDynamic,190.55140271250693,191.03348160500536,1.0025299152125675,1.0,ok,,benchmarks/ops/matmul-otherlibs/results/raw/rebench-current/x86/local-x86_MatmulOtherlibsVecopsAF3ProjectionBench_meta-pack-20260904.json
meta-pack-20260904,local-x86,Native,Intel(R) Xeon(R) w9-3495X,gcc (Ubuntu 13.3.0-6ubuntu2~24.04.1) 13.3.0,vecops,0b7a801a0b816f70245d24001a70ce0561c23389+dirty,AVX-512+AMX-BF16,,A05_pair_bias_r128,af3,pair_bias_projection,4x16384x128,1,128,0,gemm,bf16xbf16_acc_fp32,TokenDynamic,raw_e2e,native,row_contiguous,default,auto,auto,auto,0.0,1.0,0.0,1.0,,,,,190.55140271250693,159.98297006677407,190.8652160433913,0.08237973291826194,88.04561793393096,297.83821006252526,1.5630334168249946,1.5630334168249946,TokenDynamic,190.55140271250693,191.03348160500536,1.0,0.9974764691066291,ok,,benchmarks/ops/matmul-otherlibs/results/raw/rebench-current/x86/local-x86_MatmulOtherlibsVecopsAF3ProjectionBench_meta-pack-20260904.json
meta-pack-20260904,local-x86,Native,Intel(R) Xeon(R) w9-3495X,gcc (Ubuntu 13.3.0-6ubuntu2~24.04.1) 13.3.0,LIBXSMM,3668d249637792dcc988414eb3d2a374033743df,AVX-512+AMX-BF16,,A05_pair_bias_r128,af3,pair_bias_projection,4x16384x128,1,128,0,gemm_add,bf16xbf16_acc_fp32,NA,prepared_execute,native,row_contiguous,default,auto,auto,auto,0.0,0.0,1.0,1.0,,,1.0,0.0,168.15444406737308,167.2553080840901,172.8870207166654,0.015213596064447438,99.77265895677434,292.1206716502029,,1.7372164813744755,TokenDynamic,212.8564665769156,210.25131528395826,0.7899898310423683,0.799778321673134,ok,,benchmarks/ops/matmul-otherlibs/results/raw/rebench-current/x86/local-x86_MatmulOtherlibsLIBXSMMBench_meta-pack-20260904.json
meta-pack-20260904,local-x86,Native,Intel(R) Xeon(R) w9-3495X,gcc (Ubuntu 13.3.0-6ubuntu2~24.04.1) 13.3.0,oneDNN,0e2a5bfeef1bfbffc3137464606540233086ce9b,AVX-512+AMX-BF16,brg_matmul:avx10_1_512_amx,A05_pair_bias_r128,af3,pair_bias_projection,4x16384x128,1,128,0,gemm_add,bf16xbf16_acc_fp32,NA,prepared_execute,native,row_contiguous,default,auto,auto,auto,0.0,0.0,1.0,1.0,,,,,286.9163162110362,286.69590061603134,287.311667747589,0.001098323683715083,58.47424859470111,292.1206716502029,,1.0181389316156517,TokenDynamic,212.8564665769156,210.25131528395826,1.3479332849272825,1.364635059826079,ok,,benchmarks/ops/matmul-otherlibs/results/raw/rebench-current/x86/local-x86_MatmulOtherlibsOneDNNBench_meta-pack-20260904.json
meta-pack-20260904,local-x86,Native,Intel(R) Xeon(R) w9-3495X,gcc (Ubuntu 13.3.0-6ubuntu2~24.04.1) 13.3.0,OpenBLAS,e0166008be8e466242aa76b2ff75ce3f0fbf574a,AVX-512+AMX-BF16,unspecified,A05_pair_bias_r128,af3,pair_bias_projection,4x16384x128,1,128,0,gemm_add,bf16xbf16_acc_fp32,NA,raw_e2e,native,row_contiguous,default,auto,auto,auto,0.0,1.0,0.0,1.0,,,,,292.1206716502029,287.12717769267795,300.51414894046013,0.02096669352515119,57.432484682527765,292.1206716502029,1.0,1.0,TokenDynamic,212.8564665769156,210.25131528395826,1.3723833546050395,1.3893880818565851,ok,,benchmarks/ops/matmul-otherlibs/results/raw/rebench-current/x86/local-x86_MatmulOtherlibsOpenBLASBench_meta-pack-20260904.json
meta-pack-20260904,local-x86,Native,Intel(R) Xeon(R) w9-3495X,gcc (Ubuntu 13.3.0-6ubuntu2~24.04.1) 13.3.0,vecops,0b7a801a0b816f70245d24001a70ce0561c23389+dirty,AVX-512+AMX-BF16,,A05_pair_bias_r128,af3,pair_bias_projection,4x16384x128,1,128,0,gemm_add,bf16xbf16_acc_fp32,AllConst,raw_e2e,native,row_contiguous,default,auto,auto,auto,0.0,1.0,0.0,1.0,,,,,210.25131528395826,176.31542972042914,211.05301891545858,0.0835653844136219,79.79600972931495,292.1206716502029,1.3893880818565851,1.3893880818565851,TokenDynamic,212.8564665769156,210.25131528395826,0.9877609953089399,1.0,ok,,benchmarks/ops/matmul-otherlibs/results/raw/rebench-current/x86/local-x86_MatmulOtherlibsVecopsAF3ProjectionBench_meta-pack-20260904.json
meta-pack-20260904,local-x86,Native,Intel(R) Xeon(R) w9-3495X,gcc (Ubuntu 13.3.0-6ubuntu2~24.04.1) 13.3.0,vecops,0b7a801a0b816f70245d24001a70ce0561c23389+dirty,AVX-512+AMX-BF16,,A05_pair_bias_r128,af3,pair_bias_projection,4x16384x128,1,128,0,gemm_add,bf16xbf16_acc_fp32,TokenDynamic,raw_e2e,native,row_contiguous,default,auto,auto,auto,0.0,1.0,0.0,1.0,,,,,212.8564665769156,176.21165349701627,213.2377702347215,0.08876933240768915,78.81938599191,292.1206716502029,1.3723833546050395,1.3723833546050395,TokenDynamic,212.8564665769156,210.25131528395826,1.0,1.012390653963039,ok,,benchmarks/ops/matmul-otherlibs/results/raw/rebench-current/x86/local-x86_MatmulOtherlibsVecopsAF3ProjectionBench_meta-pack-20260904.json
meta-pack-20260904,local-x86,Native,Intel(R) Xeon(R) w9-3495X,gcc (Ubuntu 13.3.0-6ubuntu2~24.04.1) 13.3.0,LIBXSMM,3668d249637792dcc988414eb3d2a374033743df,AVX-512+AMX-BF16,,A06_pair_bias_r512,af3,pair_bias_projection,4x262144x128,1,512,0,gemm,bf16xbf16_acc_fp32,NA,prepared_execute,native,row_contiguous,default,auto,auto,auto,0.0,0.0,1.0,1.0,,,1.0,0.0,2651.827807802384,2650.258881084693,2657.24135007566,0.0012809218449573835,101.22657859239251,5052.536852114523,,1.905303518293538,TokenDynamic,3204.4826278484666,3162.845681469083,0.8275369586206363,0.8384309811064381,ok,,benchmarks/ops/matmul-otherlibs/results/raw/rebench-current/x86/local-x86_MatmulOtherlibsLIBXSMMBench_meta-pack-20260904.json
meta-pack-20260904,local-x86,Native,Intel(R) Xeon(R) w9-3495X,gcc (Ubuntu 13.3.0-6ubuntu2~24.04.1) 13.3.0,oneDNN,0e2a5bfeef1bfbffc3137464606540233086ce9b,AVX-512+AMX-BF16,brg_matmul:avx10_1_512_amx,A06_pair_bias_r512,af3,pair_bias_projection,4x262144x128,1,512,0,gemm,bf16xbf16_acc_fp32,NA,prepared_execute,native,row_contiguous,default,auto,auto,auto,0.0,0.0,1.0,1.0,,,,,4112.7254114732805,4110.470423920025,4123.4703178120335,0.0017699485532247494,65.26948170455167,5052.536852114523,,1.2285130531738024,TokenDynamic,3204.4826278484666,3162.845681469083,1.2834288367587814,1.3003243995018423,ok,,benchmarks/ops/matmul-otherlibs/results/raw/rebench-current/x86/local-x86_MatmulOtherlibsOneDNNBench_meta-pack-20260904.json
meta-pack-20260904,local-x86,Native,Intel(R) Xeon(R) w9-3495X,gcc (Ubuntu 13.3.0-6ubuntu2~24.04.1) 13.3.0,OpenBLAS,e0166008be8e466242aa76b2ff75ce3f0fbf574a,AVX-512+AMX-BF16,unspecified,A06_pair_bias_r512,af3,pair_bias_projection,4x262144x128,1,512,0,gemm,bf16xbf16_acc_fp32,NA,raw_e2e,native,row_contiguous,default,auto,auto,auto,0.0,1.0,0.0,1.0,,,,,5052.536852114523,5030.73745877137,5078.251214689334,0.005210006736958463,53.128846727294594,5052.536852114523,1.0,1.0,TokenDynamic,3204.4826278484666,3162.845681469083,1.5767090787778322,1.5974654981483996,ok,,benchmarks/ops/matmul-otherlibs/results/raw/rebench-current/x86/local-x86_MatmulOtherlibsOpenBLASBench_meta-pack-20260904.json
meta-pack-20260904,local-x86,Native,Intel(R) Xeon(R) w9-3495X,gcc (Ubuntu 13.3.0-6ubuntu2~24.04.1) 13.3.0,vecops,0b7a801a0b816f70245d24001a70ce0561c23389+dirty,AVX-512+AMX-BF16,,A06_pair_bias_r512,af3,pair_bias_projection,4x262144x128,1,512,0,gemm,bf16xbf16_acc_fp32,AllConst,raw_e2e,native,row_contiguous,default,auto,auto,auto,0.0,1.0,0.0,1.0,,,,,3162.845681469083,3153.554668030913,3182.5254134177644,0.0044275260984108595,84.87149960326764,5052.536852114523,1.5974654981483996,1.5974654981483996,TokenDynamic,3204.4826278484666,3162.845681469083,0.9870066556087592,1.0,ok,,benchmarks/ops/matmul-otherlibs/results/raw/rebench-current/x86/local-x86_MatmulOtherlibsVecopsAF3ProjectionBench_meta-pack-20260904.json
meta-pack-20260904,local-x86,Native,Intel(R) Xeon(R) w9-3495X,gcc (Ubuntu 13.3.0-6ubuntu2~24.04.1) 13.3.0,vecops,0b7a801a0b816f70245d24001a70ce0561c23389+dirty,AVX-512+AMX-BF16,,A06_pair_bias_r512,af3,pair_bias_projection,4x262144x128,1,512,0,gemm,bf16xbf16_acc_fp32,TokenDynamic,raw_e2e,native,row_contiguous,default,auto,auto,auto,0.0,1.0,0.0,1.0,,,,,3204.4826278484666,3191.463655499785,3229.608767406019,0.0062108349868462785,83.76873497992132,5052.536852114523,1.5767090787778322,1.5767090787778322,TokenDynamic,3204.4826278484666,3162.845681469083,1.0,1.013164393894818,ok,,benchmarks/ops/matmul-otherlibs/results/raw/rebench-current/x86/local-x86_MatmulOtherlibsVecopsAF3ProjectionBench_meta-pack-20260904.json
meta-pack-20260904,local-x86,Native,Intel(R) Xeon(R) w9-3495X,gcc (Ubuntu 13.3.0-6ubuntu2~24.04.1) 13.3.0,LIBXSMM,3668d249637792dcc988414eb3d2a374033743df,AVX-512+AMX-BF16,,A06_pair_bias_r512,af3,pair_bias_projection,4x262144x128,1,512,0,gemm_add,bf16xbf16_acc_fp32,NA,prepared_execute,native,row_contiguous,default,auto,auto,auto,0.0,0.0,1.0,1.0,,,1.0,0.0,2949.08028255399,2938.133616977291,2963.7936304029804,0.004012869094146962,91.0234480858307,4944.87532185823,,1.676751681231215,TokenDynamic,3551.99007735325,3519.575153358089,0.8302614079236067,0.8379080298200822,ok,,benchmarks/ops/matmul-otherlibs/results/raw/rebench-current/x86/local-x86_MatmulOtherlibsLIBXSMMBench_meta-pack-20260904.json
meta-pack-20260904,local-x86,Native,Intel(R) Xeon(R) w9-3495X,gcc (Ubuntu 13.3.0-6ubuntu2~24.04.1) 13.3.0,oneDNN,0e2a5bfeef1bfbffc3137464606540233086ce9b,AVX-512+AMX-BF16,brg_matmul:avx10_1_512_amx,A06_pair_bias_r512,af3,pair_bias_projection,4x262144x128,1,512,0,gemm_add,bf16xbf16_acc_fp32,NA,prepared_execute,native,row_contiguous,default,auto,auto,auto,0.0,0.0,1.0,1.0,,,,,4886.299321827079,4872.389329206531,4893.071792944933,0.002118569759852362,54.93635127936185,4944.87532185823,,1.0119878043020187,TokenDynamic,3551.99007735325,3519.575153358089,1.3756511745292048,1.3883207799000894,ok,,benchmarks/ops/matmul-otherlibs/results/raw/rebench-current/x86/local-x86_MatmulOtherlibsOneDNNBench_meta-pack-20260904.json
meta-pack-20260904,local-x86,Native,Intel(R) Xeon(R) w9-3495X,gcc (Ubuntu 13.3.0-6ubuntu2~24.04.1) 13.3.0,OpenBLAS,e0166008be8e466242aa76b2ff75ce3f0fbf574a,AVX-512+AMX-BF16,unspecified,A06_pair_bias_r512,af3,pair_bias_projection,4x262144x128,1,512,0,gemm_add,bf16xbf16_acc_fp32,NA,raw_e2e,native,row_contiguous,default,auto,auto,auto,0.0,1.0,0.0,1.0,,,,,4944.87532185823,4904.155071043143,6245.003699898786,0.17361732658820472,54.285586294443696,4944.87532185823,1.0,1.0,TokenDynamic,3551.99007735325,3519.575153358089,1.3921422115973032,1.4049636977179578,ok,,benchmarks/ops/matmul-otherlibs/results/raw/rebench-current/x86/local-x86_MatmulOtherlibsOpenBLASBench_meta-pack-20260904.json
meta-pack-20260904,local-x86,Native,Intel(R) Xeon(R) w9-3495X,gcc (Ubuntu 13.3.0-6ubuntu2~24.04.1) 13.3.0,vecops,0b7a801a0b816f70245d24001a70ce0561c23389+dirty,AVX-512+AMX-BF16,,A06_pair_bias_r512,af3,pair_bias_projection,4x262144x128,1,512,0,gemm_add,bf16xbf16_acc_fp32,AllConst,raw_e2e,native,row_contiguous,default,auto,auto,auto,0.0,1.0,0.0,1.0,,,,,3519.575153358089,3507.4034411734783,3546.1963796152327,0.004737760034553091,76.26927805302891,4944.87532185823,1.4049636977179578,1.4049636977179578,TokenDynamic,3551.99007735325,3519.575153358089,0.9908741513097596,1.0,ok,,benchmarks/ops/matmul-otherlibs/results/raw/rebench-current/x86/local-x86_MatmulOtherlibsVecopsAF3ProjectionBench_meta-pack-20260904.json
meta-pack-20260904,local-x86,Native,Intel(R) Xeon(R) w9-3495X,gcc (Ubuntu 13.3.0-6ubuntu2~24.04.1) 13.3.0,vecops,0b7a801a0b816f70245d24001a70ce0561c23389+dirty,AVX-512+AMX-BF16,,A06_pair_bias_r512,af3,pair_bias_projection,4x262144x128,1,512,0,gemm_add,bf16xbf16_acc_fp32,TokenDynamic,raw_e2e,native,row_contiguous,default,auto,auto,auto,0.0,1.0,0.0,1.0,,,,,3551.99007735325,3548.480317933867,3606.2733591116294,0.007789935872390872,75.57325616180312,4944.87532185823,1.3921422115973032,1.3921422115973032,TokenDynamic,3551.99007735325,3519.575153358089,1.0,1.009209896815027,ok,,benchmarks/ops/matmul-otherlibs/results/raw/rebench-current/x86/local-x86_MatmulOtherlibsVecopsAF3ProjectionBench_meta-pack-20260904.json
meta-pack-20260904,local-x86,Native,Intel(R) Xeon(R) w9-3495X,gcc (Ubuntu 13.3.0-6ubuntu2~24.04.1) 13.3.0,LIBXSMM,3668d249637792dcc988414eb3d2a374033743df,AVX-512+AMX-BF16,,A07_pair_bias_r1536,af3,pair_bias_projection,4x2359296x128,1,1536,0,gemm,bf16xbf16_acc_fp32,NA,prepared_execute,native,row_contiguous,default,auto,auto,auto,0.0,0.0,1.0,1.0,,,1.0,0.0,54567.05833785236,54349.61773571558,55232.22639846306,0.008740170080434444,44.27431453317161,78021.64999884553,,1.4298306043139415,TokenDynamic,61935.340010677464,61146.74849959556,0.8810326758268407,0.8923950933909965,ok,,benchmarks/ops/matmul-otherlibs/results/raw/rebench-current/x86/local-x86_MatmulOtherlibsLIBXSMMBench_meta-pack-20260904.json
meta-pack-20260904,local-x86,Native,Intel(R) Xeon(R) w9-3495X,gcc (Ubuntu 13.3.0-6ubuntu2~24.04.1) 13.3.0,oneDNN,0e2a5bfeef1bfbffc3137464606540233086ce9b,AVX-512+AMX-BF16,brg_matmul:avx10_1_512_amx,A07_pair_bias_r1536,af3,pair_bias_projection,4x2359296x128,1,1536,0,gemm,bf16xbf16_acc_fp32,NA,prepared_execute,native,row_contiguous,default,auto,auto,auto,0.0,0.0,1.0,1.0,,,,,69105.19298980944,68919.35180174188,69296.93600104655,0.0028680833551659804,34.96002253197183,78021.64999884553,,1.1290273078370674,TokenDynamic,61935.340010677464,61146.74849959556,1.1157635201146214,1.130153191878494,ok,,benchmarks/ops/matmul-otherlibs/results/raw/rebench-current/x86/local-x86_MatmulOtherlibsOneDNNBench_meta-pack-20260904.json
meta-pack-20260904,local-x86,Native,Intel(R) Xeon(R) w9-3495X,gcc (Ubuntu 13.3.0-6ubuntu2~24.04.1) 13.3.0,OpenBLAS,e0166008be8e466242aa76b2ff75ce3f0fbf574a,AVX-512+AMX-BF16,unspecified,A07_pair_bias_r1536,af3,pair_bias_projection,4x2359296x128,1,1536,0,gemm,bf16xbf16_acc_fp32,NA,raw_e2e,native,row_contiguous,default,auto,auto,auto,0.0,1.0,0.0,1.0,,,,,78021.64999884553,77692.03310017474,78424.60879764985,0.004910445178658779,30.964727149909645,78021.64999884553,1.0,1.0,TokenDynamic,61935.340010677464,61146.74849959556,1.2597274832978205,1.2759738156700449,ok,,benchmarks/ops/matmul-otherlibs/results/raw/rebench-current/x86/local-x86_MatmulOtherlibsOpenBLASBench_meta-pack-20260904.json
meta-pack-20260904,local-x86,Native,Intel(R) Xeon(R) w9-3495X,gcc (Ubuntu 13.3.0-6ubuntu2~24.04.1) 13.3.0,vecops,0b7a801a0b816f70245d24001a70ce0561c23389+dirty,AVX-512+AMX-BF16,,A07_pair_bias_r1536,af3,pair_bias_projection,4x2359296x128,1,1536,0,gemm,bf16xbf16_acc_fp32,AllConst,raw_e2e,native,row_contiguous,default,auto,auto,auto,0.0,1.0,0.0,1.0,,,,,61146.74849959556,60977.70759661216,61827.953509055085,0.006612660059016697,39.51018105265204,78021.64999884553,1.2759738156700449,1.2759738156700449,TokenDynamic,61935.340010677464,61146.74849959556,0.9872675033196564,1.0,ok,,benchmarks/ops/matmul-otherlibs/results/raw/rebench-current/x86/local-x86_MatmulOtherlibsVecopsAF3ProjectionBench_meta-pack-20260904.json
meta-pack-20260904,local-x86,Native,Intel(R) Xeon(R) w9-3495X,gcc (Ubuntu 13.3.0-6ubuntu2~24.04.1) 13.3.0,vecops,0b7a801a0b816f70245d24001a70ce0561c23389+dirty,AVX-512+AMX-BF16,,A07_pair_bias_r1536,af3,pair_bias_projection,4x2359296x128,1,1536,0,gemm,bf16xbf16_acc_fp32,TokenDynamic,raw_e2e,native,row_contiguous,default,auto,auto,auto,0.0,1.0,0.0,1.0,,,,,61935.340010677464,61822.86629918963,62983.69430296588,0.009617411763783472,39.007117803559375,78021.64999884553,1.2597274832978205,1.2597274832978205,TokenDynamic,61935.340010677464,61146.74849959556,1.0,1.0128967039201948,ok,,benchmarks/ops/matmul-otherlibs/results/raw/rebench-current/x86/local-x86_MatmulOtherlibsVecopsAF3ProjectionBench_meta-pack-20260904.json
meta-pack-20260904,local-x86,Native,Intel(R) Xeon(R) w9-3495X,gcc (Ubuntu 13.3.0-6ubuntu2~24.04.1) 13.3.0,LIBXSMM,3668d249637792dcc988414eb3d2a374033743df,AVX-512+AMX-BF16,,A07_pair_bias_r1536,af3,pair_bias_projection,4x2359296x128,1,1536,0,gemm_add,bf16xbf16_acc_fp32,NA,prepared_execute,native,row_contiguous,default,auto,auto,auto,0.0,0.0,1.0,1.0,,,1.0,0.0,60073.51350854151,59699.726398685016,60299.11570076365,0.004376341067379316,40.21604469091847,77574.31500067469,,1.2913230884963112,TokenDynamic,66633.78349912819,65917.31851221994,0.9015473886354883,0.9113464392124039,ok,,benchmarks/ops/matmul-otherlibs/results/raw/rebench-current/x86/local-x86_MatmulOtherlibsLIBXSMMBench_meta-pack-20260904.json
meta-pack-20260904,local-x86,Native,Intel(R) Xeon(R) w9-3495X,gcc (Ubuntu 13.3.0-6ubuntu2~24.04.1) 13.3.0,oneDNN,0e2a5bfeef1bfbffc3137464606540233086ce9b,AVX-512+AMX-BF16,brg_matmul:avx10_1_512_amx,A07_pair_bias_r1536,af3,pair_bias_projection,4x2359296x128,1,1536,0,gemm_add,bf16xbf16_acc_fp32,NA,prepared_execute,native,row_contiguous,default,auto,auto,auto,0.0,0.0,1.0,1.0,,,,,76498.74099297449,76447.51719781199,76895.549002802,0.0028226294270417593,31.581161632736855,77574.31500067469,,1.014060022344668,TokenDynamic,66633.78349912819,65917.31851221994,1.1480473864128602,1.1605256815595881,ok,,benchmarks/ops/matmul-otherlibs/results/raw/rebench-current/x86/local-x86_MatmulOtherlibsOneDNNBench_meta-pack-20260904.json
meta-pack-20260904,local-x86,Native,Intel(R) Xeon(R) w9-3495X,gcc (Ubuntu 13.3.0-6ubuntu2~24.04.1) 13.3.0,OpenBLAS,e0166008be8e466242aa76b2ff75ce3f0fbf574a,AVX-512+AMX-BF16,unspecified,A07_pair_bias_r1536,af3,pair_bias_projection,4x2359296x128,1,1536,0,gemm_add,bf16xbf16_acc_fp32,NA,raw_e2e,native,row_contiguous,default,auto,auto,auto,0.0,1.0,0.0,1.0,,,,,77574.31500067469,77007.40839645732,78152.89699938148,0.00805988909769445,31.143286331036087,77574.31500067469,1.0,1.0,TokenDynamic,66633.78349912819,65917.31851221994,1.164188958318563,1.176842698573877,ok,,benchmarks/ops/matmul-otherlibs/results/raw/rebench-current/x86/local-x86_MatmulOtherlibsOpenBLASBench_meta-pack-20260904.json
meta-pack-20260904,local-x86,Native,Intel(R) Xeon(R) w9-3495X,gcc (Ubuntu 13.3.0-6ubuntu2~24.04.1) 13.3.0,vecops,0b7a801a0b816f70245d24001a70ce0561c23389+dirty,AVX-512+AMX-BF16,,A07_pair_bias_r1536,af3,pair_bias_projection,4x2359296x128,1,1536,0,gemm_add,bf16xbf16_acc_fp32,AllConst,raw_e2e,native,row_contiguous,default,auto,auto,auto,0.0,1.0,0.0,1.0,,,,,65917.31851221994,65744.72400243396,66113.23590332178,0.002663586788182817,36.65074912827545,77574.31500067469,1.176842698573877,1.176842698573877,TokenDynamic,66633.78349912819,65917.31851221994,0.9892477216618261,1.0,ok,,benchmarks/ops/matmul-otherlibs/results/raw/rebench-current/x86/local-x86_MatmulOtherlibsVecopsAF3ProjectionBench_meta-pack-20260904.json
meta-pack-20260904,local-x86,Native,Intel(R) Xeon(R) w9-3495X,gcc (Ubuntu 13.3.0-6ubuntu2~24.04.1) 13.3.0,vecops,0b7a801a0b816f70245d24001a70ce0561c23389+dirty,AVX-512+AMX-BF16,,A07_pair_bias_r1536,af3,pair_bias_projection,4x2359296x128,1,1536,0,gemm_add,bf16xbf16_acc_fp32,TokenDynamic,raw_e2e,native,row_contiguous,default,auto,auto,auto,0.0,1.0,0.0,1.0,,,,,66633.78349912819,66404.40060291438,66863.20860753766,0.003630927071577445,36.25667007234565,77574.31500067469,1.164188958318563,1.164188958318563,TokenDynamic,66633.78349912819,65917.31851221994,1.0,1.010869146425843,ok,,benchmarks/ops/matmul-otherlibs/results/raw/rebench-current/x86/local-x86_MatmulOtherlibsVecopsAF3ProjectionBench_meta-pack-20260904.json
meta-pack-20260904,local-x86,Native,Intel(R) Xeon(R) w9-3495X,gcc (Ubuntu 13.3.0-6ubuntu2~24.04.1) 13.3.0,LIBXSMM,3668d249637792dcc988414eb3d2a374033743df,AVX-512+AMX-BF16,,A08_gsa_qk_r128,af3,gsa_qk,128x128x32,4,128,128,gemm,bf16xbf16_acc_fp32,NA,prepared_execute,native,row_contiguous,default,auto,auto,auto,0.0,0.0,1.0,128.0,,,1.0,0.0,10.232551389691556,10.1999273308033,10.552788323338476,0.015972214940424077,409.8981612958633,16.050077185150823,,1.568531305038931,TokenDynamic,7.015980424629366,8.179137752066216,1.4584635033716065,1.2510550255870927,ok,,benchmarks/ops/matmul-otherlibs/results/raw/rebench-current/x86/local-x86_MatmulOtherlibsLIBXSMMBench_meta-pack-20260904.json
meta-pack-20260904,local-x86,Native,Intel(R) Xeon(R) w9-3495X,gcc (Ubuntu 13.3.0-6ubuntu2~24.04.1) 13.3.0,oneDNN,0e2a5bfeef1bfbffc3137464606540233086ce9b,AVX-512+AMX-BF16,brg_matmul:avx10_1_512_amx,A08_gsa_qk_r128,af3,gsa_qk,128x128x32,4,128,128,gemm,bf16xbf16_acc_fp32,NA,prepared_execute,native,row_contiguous,default,auto,auto,auto,1.0,0.0,1.0,128.0,,,,,5.7908366072195445,5.765609441083822,5.804262774853741,0.0029698247407904787,724.3001805250182,16.050077185150823,,2.771633577977471,TokenDynamic,7.015980424629366,8.179137752066216,0.8253781020954684,0.7080008654649033,ok,,benchmarks/ops/matmul-otherlibs/results/raw/rebench-current/x86/local-x86_MatmulOtherlibsOneDNNBench_meta-pack-20260904.json
meta-pack-20260904,local-x86,Native,Intel(R) Xeon(R) w9-3495X,gcc (Ubuntu 13.3.0-6ubuntu2~24.04.1) 13.3.0,OpenBLAS,e0166008be8e466242aa76b2ff75ce3f0fbf574a,AVX-512+AMX-BF16,unspecified,A08_gsa_qk_r128,af3,gsa_qk,128x128x32,4,128,128,gemm,bf16xbf16_acc_fp32,NA,raw_e2e,native,row_contiguous,default,auto,auto,auto,0.0,1.0,0.0,128.0,,,,,16.050077185150823,14.697759764789254,16.092968178284128,0.0473199619584624,261.326095296319,16.050077185150823,1.0,1.0,TokenDynamic,7.015980424629366,8.179137752066216,2.287645662295117,1.9623189719596357,ok,,benchmarks/ops/matmul-otherlibs/results/raw/rebench-current/x86/local-x86_MatmulOtherlibsOpenBLASBench_meta-pack-20260904.json
meta-pack-20260904,local-x86,Native,Intel(R) Xeon(R) w9-3495X,gcc (Ubuntu 13.3.0-6ubuntu2~24.04.1) 13.3.0,vecops,0b7a801a0b816f70245d24001a70ce0561c23389+dirty,AVX-512+AMX-BF16,,A08_gsa_qk_r128,af3,gsa_qk,128x128x32,4,128,128,gemm,bf16xbf16_acc_fp32,AllConst,raw_e2e,native,row_contiguous,default,auto,auto,auto,1.0,1.0,0.0,128.0,,,,,8.179137752066216,8.129276167121393,8.26118226981704,0.008408789726998172,512.8051546680986,16.050077185150823,1.9623189719596357,1.9623189719596357,TokenDynamic,7.015980424629366,8.179137752066216,1.1657868547286172,1.0,ok,,benchmarks/ops/matmul-otherlibs/results/raw/rebench-current/x86/local-x86_MatmulOtherlibsVecopsAF3AttentionBench_meta-pack-20260904.json
meta-pack-20260904,local-x86,Native,Intel(R) Xeon(R) w9-3495X,gcc (Ubuntu 13.3.0-6ubuntu2~24.04.1) 13.3.0,vecops,0b7a801a0b816f70245d24001a70ce0561c23389+dirty,AVX-512+AMX-BF16,,A08_gsa_qk_r128,af3,gsa_qk,128x128x32,4,128,128,gemm,bf16xbf16_acc_fp32,TokenDynamic,raw_e2e,native,row_contiguous,default,auto,auto,auto,1.0,1.0,0.0,128.0,,,,,7.015980424629366,6.462687465833072,13.81332048585231,0.4556126621566229,597.8215083491447,16.050077185150823,2.287645662295117,2.287645662295117,TokenDynamic,7.015980424629366,8.179137752066216,1.0,0.8577897374154124,ok,,benchmarks/ops/matmul-otherlibs/results/raw/rebench-current/x86/local-x86_MatmulOtherlibsVecopsAF3AttentionBench_meta-pack-20260904.json
meta-pack-20260904,local-x86,Native,Intel(R) Xeon(R) w9-3495X,gcc (Ubuntu 13.3.0-6ubuntu2~24.04.1) 13.3.0,LIBXSMM,3668d249637792dcc988414eb3d2a374033743df,AVX-512+AMX-BF16,,A08_gsa_qk_r128,af3,gsa_qk,128x128x32,4,128,128,gemm_add,bf16xbf16_acc_fp32,NA,prepared_execute,native,row_contiguous,default,auto,auto,auto,0.0,0.0,1.0,128.0,,,1.0,0.0,9.319693279726701,9.290417603368809,9.370029952764892,0.0036774215132736082,450.0474290418919,11.728189554313094,,1.2584308519922687,TokenDynamic,16.102898181306514,11.621610952462229,0.5787587535357902,0.8019278323675232,ok,,benchmarks/ops/matmul-otherlibs/results/raw/rebench-current/x86/local-x86_MatmulOtherlibsLIBXSMMBench_meta-pack-20260904.json
meta-pack-20260904,local-x86,Native,Intel(R) Xeon(R) w9-3495X,gcc (Ubuntu 13.3.0-6ubuntu2~24.04.1) 13.3.0,oneDNN,0e2a5bfeef1bfbffc3137464606540233086ce9b,AVX-512+AMX-BF16,brg_matmul:avx10_1_512_amx,A08_gsa_qk_r128,af3,gsa_qk,128x128x32,4,128,128,gemm_add,bf16xbf16_acc_fp32,NA,prepared_execute,native,row_contiguous,default,auto,auto,auto,1.0,0.0,1.0,128.0,,,,,6.790140255736399,6.600564314305477,6.806528201607333,0.014381282790729942,617.705060872137,11.728189554313094,,1.7272381884019208,TokenDynamic,16.102898181306514,11.621610952462229,0.4216719362741123,0.5842684188544272,ok,,benchmarks/ops/matmul-otherlibs/results/raw/rebench-current/x86/local-x86_MatmulOtherlibsOneDNNBench_meta-pack-20260904.json
meta-pack-20260904,local-x86,Native,Intel(R) Xeon(R) w9-3495X,gcc (Ubuntu 13.3.0-6ubuntu2~24.04.1) 13.3.0,OpenBLAS,e0166008be8e466242aa76b2ff75ce3f0fbf574a,AVX-512+AMX-BF16,unspecified,A08_gsa_qk_r128,af3,gsa_qk,128x128x32,4,128,128,gemm_add,bf16xbf16_acc_fp32,NA,raw_e2e,native,row_contiguous,default,auto,auto,auto,0.0,1.0,0.0,128.0,,,,,11.728189554313094,10.324977751167518,11.824927172607246,0.06993558349752614,357.6258706065614,11.728189554313094,1.0,1.0,TokenDynamic,16.102898181306514,11.621610952462229,0.728327871310028,1.0091707253225755,ok,,benchmarks/ops/matmul-otherlibs/results/raw/rebench-current/x86/local-x86_MatmulOtherlibsOpenBLASBench_meta-pack-20260904.json
meta-pack-20260904,local-x86,Native,Intel(R) Xeon(R) w9-3495X,gcc (Ubuntu 13.3.0-6ubuntu2~24.04.1) 13.3.0,vecops,0b7a801a0b816f70245d24001a70ce0561c23389+dirty,AVX-512+AMX-BF16,,A08_gsa_qk_r128,af3,gsa_qk,128x128x32,4,128,128,gemm_add,bf16xbf16_acc_fp32,AllConst,raw_e2e,native,row_contiguous,default,auto,auto,auto,1.0,1.0,0.0,128.0,,,,,11.621610952462229,10.501290209914668,11.713679808883542,0.05126443164491636,360.90555923414115,11.728189554313094,1.0091707253225755,1.0091707253225755,TokenDynamic,16.102898181306514,11.621610952462229,0.7217092737972777,1.0,ok,,benchmarks/ops/matmul-otherlibs/results/raw/rebench-current/x86/local-x86_MatmulOtherlibsVecopsAF3AttentionBench_meta-pack-20260904.json
meta-pack-20260904,local-x86,Native,Intel(R) Xeon(R) w9-3495X,gcc (Ubuntu 13.3.0-6ubuntu2~24.04.1) 13.3.0,vecops,0b7a801a0b816f70245d24001a70ce0561c23389+dirty,AVX-512+AMX-BF16,,A08_gsa_qk_r128,af3,gsa_qk,128x128x32,4,128,128,gemm_add,bf16xbf16_acc_fp32,TokenDynamic,raw_e2e,native,row_contiguous,default,auto,auto,auto,1.0,1.0,0.0,128.0,,,,,16.102898181306514,15.090933900225806,17.06194799554097,0.05377186476074645,260.4688890642724,11.728189554313094,0.728327871310028,0.728327871310028,TokenDynamic,16.102898181306514,11.621610952462229,1.0,1.3855994876420168,ok,,benchmarks/ops/matmul-otherlibs/results/raw/rebench-current/x86/local-x86_MatmulOtherlibsVecopsAF3AttentionBench_meta-pack-20260904.json
meta-pack-20260904,local-x86,Native,Intel(R) Xeon(R) w9-3495X,gcc (Ubuntu 13.3.0-6ubuntu2~24.04.1) 13.3.0,LIBXSMM,3668d249637792dcc988414eb3d2a374033743df,AVX-512+AMX-BF16,,A09_gsa_qk_r512,af3,gsa_qk,512x512x32,4,512,128,gemm,bf16xbf16_acc_fp32,NA,prepared_execute,native,row_contiguous,default,auto,auto,auto,0.0,0.0,1.0,512.0,,,1.0,0.0,341.9429463442279,328.68452438312335,342.6036985574018,0.019591855350403836,196.25748890998528,437.50444037987245,,1.2794661947477182,TokenDynamic,314.6741737776623,304.3364559460471,1.0866571674414969,1.1235687991478998,ok,,benchmarks/ops/matmul-otherlibs/results/raw/rebench-current/x86/local-x86_MatmulOtherlibsLIBXSMMBench_meta-pack-20260904.json
meta-pack-20260904,local-x86,Native,Intel(R) Xeon(R) w9-3495X,gcc (Ubuntu 13.3.0-6ubuntu2~24.04.1) 13.3.0,oneDNN,0e2a5bfeef1bfbffc3137464606540233086ce9b,AVX-512+AMX-BF16,brg_matmul:avx10_1_512_amx,A09_gsa_qk_r512,af3,gsa_qk,512x512x32,4,512,128,gemm,bf16xbf16_acc_fp32,NA,prepared_execute,native,row_contiguous,default,auto,auto,auto,1.0,0.0,1.0,512.0,,,,,322.71609220746046,322.5743221516038,322.9823926316729,0.0005826322501788902,207.95016307045066,437.50444037987245,,1.3556945282375923,TokenDynamic,314.6741737776623,304.3364559460471,1.0255563344562248,1.0603924896354568,ok,,benchmarks/ops/matmul-otherlibs/results/raw/rebench-current/x86/local-x86_MatmulOtherlibsOneDNNBench_meta-pack-20260904.json
meta-pack-20260904,local-x86,Native,Intel(R) Xeon(R) w9-3495X,gcc (Ubuntu 13.3.0-6ubuntu2~24.04.1) 13.3.0,OpenBLAS,e0166008be8e466242aa76b2ff75ce3f0fbf574a,AVX-512+AMX-BF16,unspecified,A09_gsa_qk_r512,af3,gsa_qk,512x512x32,4,512,128,gemm,bf16xbf16_acc_fp32,NA,raw_e2e,native,row_contiguous,default,auto,auto,auto,0.0,1.0,0.0,512.0,,,,,437.50444037987245,301.88513403291734,439.3964425060663,0.19218452254754162,153.39013231895728,437.50444037987245,1.0,1.0,TokenDynamic,314.6741737776623,304.3364559460471,1.390341111021706,1.4375682959830267,ok,,benchmarks/ops/matmul-otherlibs/results/raw/rebench-current/x86/local-x86_MatmulOtherlibsOpenBLASBench_meta-pack-20260904.json
meta-pack-20260904,local-x86,Native,Intel(R) Xeon(R) w9-3495X,gcc (Ubuntu 13.3.0-6ubuntu2~24.04.1) 13.3.0,vecops,0b7a801a0b816f70245d24001a70ce0561c23389+dirty,AVX-512+AMX-BF16,,A09_gsa_qk_r512,af3,gsa_qk,512x512x32,4,512,128,gemm,bf16xbf16_acc_fp32,AllConst,raw_e2e,native,row_contiguous,default,auto,auto,auto,1.0,1.0,0.0,512.0,,,,,304.3364559460471,304.03468299717196,306.7564795679984,0.006073542310360826,220.50879113837442,437.50444037987245,1.4375682959830267,1.4375682959830267,TokenDynamic,314.6741737776623,304.3364559460471,0.9671478669268885,1.0,ok,,benchmarks/ops/matmul-otherlibs/results/raw/rebench-current/x86/local-x86_MatmulOtherlibsVecopsAF3AttentionBench_meta-pack-20260904.json
meta-pack-20260904,local-x86,Native,Intel(R) Xeon(R) w9-3495X,gcc (Ubuntu 13.3.0-6ubuntu2~24.04.1) 13.3.0,vecops,0b7a801a0b816f70245d24001a70ce0561c23389+dirty,AVX-512+AMX-BF16,,A09_gsa_qk_r512,af3,gsa_qk,512x512x32,4,512,128,gemm,bf16xbf16_acc_fp32,TokenDynamic,raw_e2e,native,row_contiguous,default,auto,auto,auto,1.0,1.0,0.0,512.0,,,,,314.6741737776623,314.32967851649016,315.3192979687274,0.0014633540706869021,213.26460698810564,437.50444037987245,1.390341111021706,1.390341111021706,TokenDynamic,314.6741737776623,304.3364559460471,1.0,1.033968056174801,ok,,benchmarks/ops/matmul-otherlibs/results/raw/rebench-current/x86/local-x86_MatmulOtherlibsVecopsAF3AttentionBench_meta-pack-20260904.json
meta-pack-20260904,local-x86,Native,Intel(R) Xeon(R) w9-3495X,gcc (Ubuntu 13.3.0-6ubuntu2~24.04.1) 13.3.0,LIBXSMM,3668d249637792dcc988414eb3d2a374033743df,AVX-512+AMX-BF16,,A09_gsa_qk_r512,af3,gsa_qk,512x512x32,4,512,128,gemm_add,bf16xbf16_acc_fp32,NA,prepared_execute,native,row_contiguous,default,auto,auto,auto,0.0,0.0,1.0,512.0,,,1.0,0.0,309.55797790465215,303.8074017530184,309.90151503788866,0.009538208415883688,216.7893215165994,330.69683305573847,,1.0682872245586168,TokenDynamic,516.9085698606282,458.5813571262028,0.5988640853606217,0.6750339347516496,ok,,benchmarks/ops/matmul-otherlibs/results/raw/rebench-current/x86/local-x86_MatmulOtherlibsLIBXSMMBench_meta-pack-20260904.json
meta-pack-20260904,local-x86,Native,Intel(R) Xeon(R) w9-3495X,gcc (Ubuntu 13.3.0-6ubuntu2~24.04.1) 13.3.0,oneDNN,0e2a5bfeef1bfbffc3137464606540233086ce9b,AVX-512+AMX-BF16,brg_matmul:avx10_1_512_amx,A09_gsa_qk_r512,af3,gsa_qk,512x512x32,4,512,128,gemm_add,bf16xbf16_acc_fp32,NA,prepared_execute,native,row_contiguous,default,auto,auto,auto,1.0,0.0,1.0,512.0,,,,,287.8882728759844,285.84427781148895,291.98445418618184,0.009289320389377286,233.1073208699576,330.69683305573847,,1.148698520270032,TokenDynamic,516.9085698606282,458.5813571262028,0.5569423485348801,0.6277801493721795,ok,,benchmarks/ops/matmul-otherlibs/results/raw/rebench-current/x86/local-x86_MatmulOtherlibsOneDNNBench_meta-pack-20260904.json
meta-pack-20260904,local-x86,Native,Intel(R) Xeon(R) w9-3495X,gcc (Ubuntu 13.3.0-6ubuntu2~24.04.1) 13.3.0,OpenBLAS,e0166008be8e466242aa76b2ff75ce3f0fbf574a,AVX-512+AMX-BF16,unspecified,A09_gsa_qk_r512,af3,gsa_qk,512x512x32,4,512,128,gemm_add,bf16xbf16_acc_fp32,NA,raw_e2e,native,row_contiguous,default,auto,auto,auto,0.0,1.0,0.0,512.0,,,,,330.69683305573847,224.7491338791813,334.9956266475874,0.20211937453564915,202.93168029428602,330.69683305573847,1.0,1.0,TokenDynamic,516.9085698606282,458.5813571262028,0.6397588516377332,0.7211301286387223,ok,,benchmarks/ops/matmul-otherlibs/results/raw/rebench-current/x86/local-x86_MatmulOtherlibsOpenBLASBench_meta-pack-20260904.json
meta-pack-20260904,local-x86,Native,Intel(R) Xeon(R) w9-3495X,gcc (Ubuntu 13.3.0-6ubuntu2~24.04.1) 13.3.0,vecops,0b7a801a0b816f70245d24001a70ce0561c23389+dirty,AVX-512+AMX-BF16,,A09_gsa_qk_r512,af3,gsa_qk,512x512x32,4,512,128,gemm_add,bf16xbf16_acc_fp32,AllConst,raw_e2e,native,row_contiguous,default,auto,auto,auto,1.0,1.0,0.0,512.0,,,,,458.5813571262028,454.8460058225379,461.18766299219106,0.006706135734735925,146.34014871549053,330.69683305573847,0.7211301286387223,0.7211301286387223,TokenDynamic,516.9085698606282,458.5813571262028,0.8871614514919884,1.0,ok,,benchmarks/ops/matmul-otherlibs/results/raw/rebench-current/x86/local-x86_MatmulOtherlibsVecopsAF3AttentionBench_meta-pack-20260904.json
meta-pack-20260904,local-x86,Native,Intel(R) Xeon(R) w9-3495X,gcc (Ubuntu 13.3.0-6ubuntu2~24.04.1) 13.3.0,vecops,0b7a801a0b816f70245d24001a70ce0561c23389+dirty,AVX-512+AMX-BF16,,A09_gsa_qk_r512,af3,gsa_qk,512x512x32,4,512,128,gemm_add,bf16xbf16_acc_fp32,TokenDynamic,raw_e2e,native,row_contiguous,default,auto,auto,auto,1.0,1.0,0.0,512.0,,,,,516.9085698606282,515.9677809227586,517.2210941322298,0.0011439591836528433,129.82733874598804,330.69683305573847,0.6397588516377332,0.6397588516377332,TokenDynamic,516.9085698606282,458.5813571262028,1.0,1.1271905449884514,ok,,benchmarks/ops/matmul-otherlibs/results/raw/rebench-current/x86/local-x86_MatmulOtherlibsVecopsAF3AttentionBench_meta-pack-20260904.json
meta-pack-20260904,local-x86,Native,Intel(R) Xeon(R) w9-3495X,gcc (Ubuntu 13.3.0-6ubuntu2~24.04.1) 13.3.0,LIBXSMM,3668d249637792dcc988414eb3d2a374033743df,AVX-512+AMX-BF16,,A10_gsa_qk_r1536,af3,gsa_qk,1536x1536x32,4,1536,128,gemm,bf16xbf16_acc_fp32,NA,prepared_execute,native,row_contiguous,default,auto,auto,auto,0.0,0.0,1.0,1536.0,,,1.0,0.0,2450.178637759407,2443.2248551326256,2473.683534430918,0.00813469396285026,246.50438408536448,4443.399129330271,,1.8135000692821264,TokenDynamic,2625.906811412072,2430.9028963686833,0.933079051819753,1.0079294575770665,ok,,benchmarks/ops/matmul-otherlibs/results/raw/rebench-current/x86/local-x86_MatmulOtherlibsLIBXSMMBench_meta-pack-20260904.json
meta-pack-20260904,local-x86,Native,Intel(R) Xeon(R) w9-3495X,gcc (Ubuntu 13.3.0-6ubuntu2~24.04.1) 13.3.0,oneDNN,0e2a5bfeef1bfbffc3137464606540233086ce9b,AVX-512+AMX-BF16,brg_matmul:avx10_1_512_amx,A10_gsa_qk_r1536,af3,gsa_qk,1536x1536x32,4,1536,128,gemm,bf16xbf16_acc_fp32,NA,prepared_execute,native,row_contiguous,default,auto,auto,auto,1.0,0.0,1.0,1536.0,,,,,2770.3100198414177,2769.541019806639,2774.6980158844967,0.0010044480425678687,218.01883965122934,4443.399129330271,,1.6039356958267892,TokenDynamic,2625.906811412072,2430.9028963686833,1.0549917490604679,1.1396218351542324,ok,,benchmarks/ops/matmul-otherlibs/results/raw/rebench-current/x86/local-x86_MatmulOtherlibsOneDNNBench_meta-pack-20260904.json
meta-pack-20260904,local-x86,Native,Intel(R) Xeon(R) w9-3495X,gcc (Ubuntu 13.3.0-6ubuntu2~24.04.1) 13.3.0,OpenBLAS,e0166008be8e466242aa76b2ff75ce3f0fbf574a,AVX-512+AMX-BF16,unspecified,A10_gsa_qk_r1536,af3,gsa_qk,1536x1536x32,4,1536,128,gemm,bf16xbf16_acc_fp32,NA,raw_e2e,native,row_contiguous,default,auto,auto,auto,0.0,1.0,0.0,1536.0,,,,,4443.399129330271,4441.073032343879,4451.211006568384,0.0010561154088084236,135.92741917178046,4443.399129330271,1.0,1.0,TokenDynamic,2625.906811412072,2430.9028963686833,1.692138925120823,1.8278801411475063,ok,,benchmarks/ops/matmul-otherlibs/results/raw/rebench-current/x86/local-x86_MatmulOtherlibsOpenBLASBench_meta-pack-20260904.json
meta-pack-20260904,local-x86,Native,Intel(R) Xeon(R) w9-3495X,gcc (Ubuntu 13.3.0-6ubuntu2~24.04.1) 13.3.0,vecops,0b7a801a0b816f70245d24001a70ce0561c23389+dirty,AVX-512+AMX-BF16,,A10_gsa_qk_r1536,af3,gsa_qk,1536x1536x32,4,1536,128,gemm,bf16xbf16_acc_fp32,AllConst,raw_e2e,native,row_contiguous,default,auto,auto,auto,1.0,1.0,0.0,1536.0,,,,,2430.9028963686833,2427.943672378676,2432.5784172356966,0.0009237889143197574,248.4590301415303,4443.399129330271,1.8278801411475063,1.8278801411475063,TokenDynamic,2625.906811412072,2430.9028963686833,0.9257384480683357,1.0,ok,,benchmarks/ops/matmul-otherlibs/results/raw/rebench-current/x86/local-x86_MatmulOtherlibsVecopsAF3AttentionBench_meta-pack-20260904.json
meta-pack-20260904,local-x86,Native,Intel(R) Xeon(R) w9-3495X,gcc (Ubuntu 13.3.0-6ubuntu2~24.04.1) 13.3.0,vecops,0b7a801a0b816f70245d24001a70ce0561c23389+dirty,AVX-512+AMX-BF16,,A10_gsa_qk_r1536,af3,gsa_qk,1536x1536x32,4,1536,128,gemm,bf16xbf16_acc_fp32,TokenDynamic,raw_e2e,native,row_contiguous,default,auto,auto,auto,1.0,1.0,0.0,1536.0,,,,,2625.906811412072,2622.117347167453,2628.5039359826665,0.0010758823844911583,230.0080769717841,4443.399129330271,1.692138925120823,1.692138925120823,TokenDynamic,2625.906811412072,2430.9028963686833,1.0,1.0802187184583507,ok,,benchmarks/ops/matmul-otherlibs/results/raw/rebench-current/x86/local-x86_MatmulOtherlibsVecopsAF3AttentionBench_meta-pack-20260904.json
meta-pack-20260904,local-x86,Native,Intel(R) Xeon(R) w9-3495X,gcc (Ubuntu 13.3.0-6ubuntu2~24.04.1) 13.3.0,LIBXSMM,3668d249637792dcc988414eb3d2a374033743df,AVX-512+AMX-BF16,,A10_gsa_qk_r1536,af3,gsa_qk,1536x1536x32,4,1536,128,gemm_add,bf16xbf16_acc_fp32,NA,prepared_execute,native,row_contiguous,default,auto,auto,auto,0.0,0.0,1.0,1536.0,,,1.0,0.0,2704.5095384192578,2697.5854383915876,2706.892984413291,0.0020299133315025415,223.32321902366684,3331.911094608672,,1.2319834880508946,TokenDynamic,3599.1807944344305,3141.0741774986186,0.7514236413467638,0.8610142217567694,ok,,benchmarks/ops/matmul-otherlibs/results/raw/rebench-current/x86/local-x86_MatmulOtherlibsLIBXSMMBench_meta-pack-20260904.json
meta-pack-20260904,local-x86,Native,Intel(R) Xeon(R) w9-3495X,gcc (Ubuntu 13.3.0-6ubuntu2~24.04.1) 13.3.0,oneDNN,0e2a5bfeef1bfbffc3137464606540233086ce9b,AVX-512+AMX-BF16,brg_matmul:avx10_1_512_amx,A10_gsa_qk_r1536,af3,gsa_qk,1536x1536x32,4,1536,128,gemm_add,bf16xbf16_acc_fp32,NA,prepared_execute,native,row_contiguous,default,auto,auto,auto,1.0,0.0,1.0,1536.0,,,,,2463.513017701508,2453.5629228411017,2465.7494665262398,0.0031967515406228714,245.1701174948617,3331.911094608672,,1.3525039529595795,TokenDynamic,3599.1807944344305,3141.0741774986186,0.6844649264385232,0.7842899844101474,ok,,benchmarks/ops/matmul-otherlibs/results/raw/rebench-current/x86/local-x86_MatmulOtherlibsOneDNNBench_meta-pack-20260904.json
meta-pack-20260904,local-x86,Native,Intel(R) Xeon(R) w9-3495X,gcc (Ubuntu 13.3.0-6ubuntu2~24.04.1) 13.3.0,OpenBLAS,e0166008be8e466242aa76b2ff75ce3f0fbf574a,AVX-512+AMX-BF16,unspecified,A10_gsa_qk_r1536,af3,gsa_qk,1536x1536x32,4,1536,128,gemm_add,bf16xbf16_acc_fp32,NA,raw_e2e,native,row_contiguous,default,auto,auto,auto,0.0,1.0,0.0,1536.0,,,,,3331.911094608672,3328.0779334572367,3335.774976100462,0.0010664510344342828,181.2712761085651,3331.911094608672,1.0,1.0,TokenDynamic,3599.1807944344305,3141.0741774986186,0.9257415186702904,1.0607553041813313,ok,,benchmarks/ops/matmul-otherlibs/results/raw/rebench-current/x86/local-x86_MatmulOtherlibsOpenBLASBench_meta-pack-20260904.json
meta-pack-20260904,local-x86,Native,Intel(R) Xeon(R) w9-3495X,gcc (Ubuntu 13.3.0-6ubuntu2~24.04.1) 13.3.0,vecops,0b7a801a0b816f70245d24001a70ce0561c23389+dirty,AVX-512+AMX-BF16,,A10_gsa_qk_r1536,af3,gsa_qk,1536x1536x32,4,1536,128,gemm_add,bf16xbf16_acc_fp32,AllConst,raw_e2e,native,row_contiguous,default,auto,auto,auto,1.0,1.0,0.0,1536.0,,,,,3141.0741774986186,3136.6009468264465,3154.2743998579676,0.0026170952757061704,192.28446762787908,3331.911094608672,1.0607553041813313,1.0607553041813313,TokenDynamic,3599.1807944344305,3141.0741774986186,0.8727191983119598,1.0,ok,,benchmarks/ops/matmul-otherlibs/results/raw/rebench-current/x86/local-x86_MatmulOtherlibsVecopsAF3AttentionBench_meta-pack-20260904.json
meta-pack-20260904,local-x86,Native,Intel(R) Xeon(R) w9-3495X,gcc (Ubuntu 13.3.0-6ubuntu2~24.04.1) 13.3.0,vecops,0b7a801a0b816f70245d24001a70ce0561c23389+dirty,AVX-512+AMX-BF16,,A10_gsa_qk_r1536,af3,gsa_qk,1536x1536x32,4,1536,128,gemm_add,bf16xbf16_acc_fp32,TokenDynamic,raw_e2e,native,row_contiguous,default,auto,auto,auto,1.0,1.0,0.0,1536.0,,,,,3599.1807944344305,3596.497420520068,3602.236143659609,0.0007302567478266435,167.8103464360446,3331.911094608672,0.9257415186702904,0.9257415186702904,TokenDynamic,3599.1807944344305,3141.0741774986186,1.0,1.1458439346060345,ok,,benchmarks/ops/matmul-otherlibs/results/raw/rebench-current/x86/local-x86_MatmulOtherlibsVecopsAF3AttentionBench_meta-pack-20260904.json
meta-pack-20260904,local-x86,Native,Intel(R) Xeon(R) w9-3495X,gcc (Ubuntu 13.3.0-6ubuntu2~24.04.1) 13.3.0,LIBXSMM,3668d249637792dcc988414eb3d2a374033743df,AVX-512+AMX-BF16,,A11_gsa_qk_r2048,af3,gsa_qk,2048x2048x32,4,2048,32,gemm,bf16xbf16_acc_fp32,NA,prepared_execute,native,row_contiguous,default,auto,auto,auto,0.0,0.0,1.0,2048.0,,,1.0,0.0,5380.2793845534325,5366.082838064847,5390.277692528727,0.0021652532874480834,199.56990097627084,8337.883706725039,,1.5497120336655323,TokenDynamic,4794.431862357104,4702.149999987645,1.1221933148734553,1.144216876230569,ok,,benchmarks/ops/matmul-otherlibs/results/raw/rebench-current/x86/local-x86_MatmulOtherlibsLIBXSMMBench_meta-pack-20260904.json
meta-pack-20260904,local-x86,Native,Intel(R) Xeon(R) w9-3495X,gcc (Ubuntu 13.3.0-6ubuntu2~24.04.1) 13.3.0,oneDNN,0e2a5bfeef1bfbffc3137464606540233086ce9b,AVX-512+AMX-BF16,brg_matmul:avx10_1_512_amx,A11_gsa_qk_r2048,af3,gsa_qk,2048x2048x32,4,2048,32,gemm,bf16xbf16_acc_fp32,NA,prepared_execute,native,row_contiguous,default,auto,auto,auto,1.0,0.0,1.0,2048.0,,,,,4051.644206115537,4048.6609472495993,4056.345452623003,0.0010129040495665065,265.01384854556034,8337.883706725039,,2.0579012575042666,TokenDynamic,4794.431862357104,4702.149999987645,0.8450728516816615,0.8616577961413785,ok,,benchmarks/ops/matmul-otherlibs/results/raw/rebench-current/x86/local-x86_MatmulOtherlibsOneDNNBench_meta-pack-20260904.json
meta-pack-20260904,local-x86,Native,Intel(R) Xeon(R) w9-3495X,gcc (Ubuntu 13.3.0-6ubuntu2~24.04.1) 13.3.0,OpenBLAS,e0166008be8e466242aa76b2ff75ce3f0fbf574a,AVX-512+AMX-BF16,unspecified,A11_gsa_qk_r2048,af3,gsa_qk,2048x2048x32,4,2048,32,gemm,bf16xbf16_acc_fp32,NA,raw_e2e,native,row_contiguous,default,auto,auto,auto,0.0,1.0,0.0,2048.0,,,,,8337.883706725039,8321.323505986262,8358.72137617758,0.0020209567254886544,128.77869993964515,8337.883706725039,1.0,1.0,TokenDynamic,4794.431862357104,4702.149999987645,1.7390764841584074,1.7732066622176976,ok,,benchmarks/ops/matmul-otherlibs/results/raw/rebench-current/x86/local-x86_MatmulOtherlibsOpenBLASBench_meta-pack-20260904.json
meta-pack-20260904,local-x86,Native,Intel(R) Xeon(R) w9-3495X,gcc (Ubuntu 13.3.0-6ubuntu2~24.04.1) 13.3.0,vecops,0b7a801a0b816f70245d24001a70ce0561c23389+dirty,AVX-512+AMX-BF16,,A11_gsa_qk_r2048,af3,gsa_qk,2048x2048x32,4,2048,32,gemm,bf16xbf16_acc_fp32,AllConst,raw_e2e,native,row_contiguous,default,auto,auto,auto,1.0,1.0,0.0,2048.0,,,,,4702.149999987645,4694.4165404420355,4708.9706402039155,0.0013982653235026063,228.35124868471257,8337.883706725039,1.7732066622176976,1.7732066622176976,TokenDynamic,4794.431862357104,4702.149999987645,0.9807522841039834,1.0,ok,,benchmarks/ops/matmul-otherlibs/results/raw/rebench-current/x86/local-x86_MatmulOtherlibsVecopsAF3AttentionBench_meta-pack-20260904.json
meta-pack-20260904,local-x86,Native,Intel(R) Xeon(R) w9-3495X,gcc (Ubuntu 13.3.0-6ubuntu2~24.04.1) 13.3.0,vecops,0b7a801a0b816f70245d24001a70ce0561c23389+dirty,AVX-512+AMX-BF16,,A11_gsa_qk_r2048,af3,gsa_qk,2048x2048x32,4,2048,32,gemm,bf16xbf16_acc_fp32,TokenDynamic,raw_e2e,native,row_contiguous,default,auto,auto,auto,1.0,1.0,0.0,2048.0,,,,,4794.431862357104,4787.534669017548,4798.670475981359,0.0011948519343425187,223.95600872552862,8337.883706725039,1.7390764841584074,1.7390764841584074,TokenDynamic,4794.431862357104,4702.149999987645,1.0,1.0196254611974738,ok,,benchmarks/ops/matmul-otherlibs/results/raw/rebench-current/x86/local-x86_MatmulOtherlibsVecopsAF3AttentionBench_meta-pack-20260904.json
meta-pack-20260904,local-x86,Native,Intel(R) Xeon(R) w9-3495X,gcc (Ubuntu 13.3.0-6ubuntu2~24.04.1) 13.3.0,LIBXSMM,3668d249637792dcc988414eb3d2a374033743df,AVX-512+AMX-BF16,,A11_gsa_qk_r2048,af3,gsa_qk,2048x2048x32,4,2048,32,gemm_add,bf16xbf16_acc_fp32,NA,prepared_execute,native,row_contiguous,default,auto,auto,auto,0.0,0.0,1.0,2048.0,,,1.0,0.0,5467.457480262965,5456.880847457797,7968.566016061233,0.32902942127585016,196.3877776601121,6331.478182057088,,1.1580297066622212,TokenDynamic,6696.46657132987,6119.257217505947,0.8164690172084541,0.8934838471279952,ok,,benchmarks/ops/matmul-otherlibs/results/raw/rebench-current/x86/local-x86_MatmulOtherlibsLIBXSMMBench_meta-pack-20260904.json
meta-pack-20260904,local-x86,Native,Intel(R) Xeon(R) w9-3495X,gcc (Ubuntu 13.3.0-6ubuntu2~24.04.1) 13.3.0,oneDNN,0e2a5bfeef1bfbffc3137464606540233086ce9b,AVX-512+AMX-BF16,brg_matmul:avx10_1_512_amx,A11_gsa_qk_r2048,af3,gsa_qk,2048x2048x32,4,2048,32,gemm_add,bf16xbf16_acc_fp32,NA,prepared_execute,native,row_contiguous,default,auto,auto,auto,1.0,0.0,1.0,2048.0,,,,,5502.787359291688,5497.123567620292,5513.547288253904,0.0014870827522939652,195.12689731449314,6331.478182057088,,1.150594738385833,TokenDynamic,6696.46657132987,6119.257217505947,0.8217449158711881,0.8992574039132291,ok,,benchmarks/ops/matmul-otherlibs/results/raw/rebench-current/x86/local-x86_MatmulOtherlibsOneDNNBench_meta-pack-20260904.json
meta-pack-20260904,local-x86,Native,Intel(R) Xeon(R) w9-3495X,gcc (Ubuntu 13.3.0-6ubuntu2~24.04.1) 13.3.0,OpenBLAS,e0166008be8e466242aa76b2ff75ce3f0fbf574a,AVX-512+AMX-BF16,unspecified,A11_gsa_qk_r2048,af3,gsa_qk,2048x2048x32,4,2048,32,gemm_add,bf16xbf16_acc_fp32,NA,raw_e2e,native,row_contiguous,default,auto,auto,auto,0.0,1.0,0.0,2048.0,,,,,6331.478182057088,6325.549418000844,6335.436436083083,0.0007432882696436422,169.58785817866354,6331.478182057088,1.0,1.0,TokenDynamic,6696.46657132987,6119.257217505947,0.945495376496698,1.034680837397065,ok,,benchmarks/ops/matmul-otherlibs/results/raw/rebench-current/x86/local-x86_MatmulOtherlibsOpenBLASBench_meta-pack-20260904.json
meta-pack-20260904,local-x86,Native,Intel(R) Xeon(R) w9-3495X,gcc (Ubuntu 13.3.0-6ubuntu2~24.04.1) 13.3.0,vecops,0b7a801a0b816f70245d24001a70ce0561c23389+dirty,AVX-512+AMX-BF16,,A11_gsa_qk_r2048,af3,gsa_qk,2048x2048x32,4,2048,32,gemm_add,bf16xbf16_acc_fp32,AllConst,raw_e2e,native,row_contiguous,default,auto,auto,auto,1.0,1.0,0.0,2048.0,,,,,6119.257217505947,6114.000269798968,6226.7820874694735,0.015632711617580203,175.46930711267433,6331.478182057088,1.034680837397065,1.034680837397065,TokenDynamic,6696.46657132987,6119.257217505947,0.9138038922952029,1.0,ok,,benchmarks/ops/matmul-otherlibs/results/raw/rebench-current/x86/local-x86_MatmulOtherlibsVecopsAF3AttentionBench_meta-pack-20260904.json
meta-pack-20260904,local-x86,Native,Intel(R) Xeon(R) w9-3495X,gcc (Ubuntu 13.3.0-6ubuntu2~24.04.1) 13.3.0,vecops,0b7a801a0b816f70245d24001a70ce0561c23389+dirty,AVX-512+AMX-BF16,,A11_gsa_qk_r2048,af3,gsa_qk,2048x2048x32,4,2048,32,gemm_add,bf16xbf16_acc_fp32,TokenDynamic,raw_e2e,native,row_contiguous,default,auto,auto,auto,1.0,1.0,0.0,2048.0,,,,,6696.46657132987,6686.918828026614,6869.585809874393,0.023232807713140378,160.34453581790413,6331.478182057088,0.945495376496698,0.945495376496698,TokenDynamic,6696.46657132987,6119.257217505947,1.0,1.0943267022952794,ok,,benchmarks/ops/matmul-otherlibs/results/raw/rebench-current/x86/local-x86_MatmulOtherlibsVecopsAF3AttentionBench_meta-pack-20260904.json
meta-pack-20260904,local-x86,Native,Intel(R) Xeon(R) w9-3495X,gcc (Ubuntu 13.3.0-6ubuntu2~24.04.1) 13.3.0,LIBXSMM,3668d249637792dcc988414eb3d2a374033743df,AVX-512+AMX-BF16,,A12_gsa_pv_r128,af3,gsa_pv,32x128x128,4,128,128,gemm,bf16xbf16_acc_fp32,NA,prepared_execute,native,row_contiguous,default,auto,auto,auto,0.0,0.0,1.0,128.0,,,1.0,0.0,5.068077136287156,4.679225149215488,5.07572330068187,0.038871791988361146,827.5927708299882,11.348333384657257,,2.2391792941357993,TokenDynamic,3.2964808625167095,3.0255171919133206,1.5374204637177586,1.6751110024538092,ok,,benchmarks/ops/matmul-otherlibs/results/raw/rebench-current/x86/local-x86_MatmulOtherlibsLIBXSMMBench_meta-pack-20260904.json
meta-pack-20260904,local-x86,Native,Intel(R) Xeon(R) w9-3495X,gcc (Ubuntu 13.3.0-6ubuntu2~24.04.1) 13.3.0,oneDNN,0e2a5bfeef1bfbffc3137464606540233086ce9b,AVX-512+AMX-BF16,brg_matmul:avx10_1_512_amx,A12_gsa_pv_r128,af3,gsa_pv,32x128x128,4,128,128,gemm,bf16xbf16_acc_fp32,NA,prepared_execute,native,row_contiguous,default,auto,auto,auto,1.0,0.0,1.0,128.0,,,,,4.491197744871117,4.4827494634857805,4.500414402248796,0.0019129257045160592,933.8943057650565,11.348333384657257,,2.526794416393019,TokenDynamic,3.2964808625167095,3.0255171919133206,1.3624219075375725,1.484439670967762,ok,,benchmarks/ops/matmul-otherlibs/results/raw/rebench-current/x86/local-x86_MatmulOtherlibsOneDNNBench_meta-pack-20260904.json
meta-pack-20260904,local-x86,Native,Intel(R) Xeon(R) w9-3495X,gcc (Ubuntu 13.3.0-6ubuntu2~24.04.1) 13.3.0,OpenBLAS,e0166008be8e466242aa76b2ff75ce3f0fbf574a,AVX-512+AMX-BF16,unspecified,A12_gsa_pv_r128,af3,gsa_pv,32x128x128,4,128,128,gemm,bf16xbf16_acc_fp32,NA,raw_e2e,native,row_contiguous,default,auto,auto,auto,0.0,1.0,0.0,128.0,,,,,11.348333384657257,10.718203051561,11.440811980220301,0.032281462817327584,369.59647358180575,11.348333384657257,1.0,1.0,TokenDynamic,3.2964808625167095,3.0255171919133206,3.442560068737464,3.7508738720736314,ok,,benchmarks/ops/matmul-otherlibs/results/raw/rebench-current/x86/local-x86_MatmulOtherlibsOpenBLASBench_meta-pack-20260904.json
meta-pack-20260904,local-x86,Native,Intel(R) Xeon(R) w9-3495X,gcc (Ubuntu 13.3.0-6ubuntu2~24.04.1) 13.3.0,vecops,0b7a801a0b816f70245d24001a70ce0561c23389+dirty,AVX-512+AMX-BF16,,A12_gsa_pv_r128,af3,gsa_pv,32x128x128,4,128,128,gemm,bf16xbf16_acc_fp32,AllConst,raw_e2e,native,row_contiguous,default,auto,auto,auto,1.0,1.0,0.0,128.0,,,,,3.0255171919133206,3.0203347292417013,3.031432233137415,0.001771812021755214,1386.3097559685475,11.348333384657257,3.7508738720736314,3.7508738720736314,TokenDynamic,3.2964808625167095,3.0255171919133206,0.9178021405540572,1.0,ok,,benchmarks/ops/matmul-otherlibs/results/raw/rebench-current/x86/local-x86_MatmulOtherlibsVecopsAF3AttentionBench_meta-pack-20260904.json
meta-pack-20260904,local-x86,Native,Intel(R) Xeon(R) w9-3495X,gcc (Ubuntu 13.3.0-6ubuntu2~24.04.1) 13.3.0,vecops,0b7a801a0b816f70245d24001a70ce0561c23389+dirty,AVX-512+AMX-BF16,,A12_gsa_pv_r128,af3,gsa_pv,32x128x128,4,128,128,gemm,bf16xbf16_acc_fp32,TokenDynamic,raw_e2e,native,row_contiguous,default,auto,auto,auto,1.0,1.0,0.0,128.0,,,,,3.2964808625167095,3.2827327050479234,3.383920280584242,0.013950849090766118,1272.3580614989055,11.348333384657257,3.442560068737464,3.442560068737464,TokenDynamic,3.2964808625167095,3.0255171919133206,1.0,1.0895594549347225,ok,,benchmarks/ops/matmul-otherlibs/results/raw/rebench-current/x86/local-x86_MatmulOtherlibsVecopsAF3AttentionBench_meta-pack-20260904.json
meta-pack-20260904,local-x86,Native,Intel(R) Xeon(R) w9-3495X,gcc (Ubuntu 13.3.0-6ubuntu2~24.04.1) 13.3.0,LIBXSMM,3668d249637792dcc988414eb3d2a374033743df,AVX-512+AMX-BF16,,A12_gsa_pv_r128,af3,gsa_pv,32x128x128,4,128,128,gemm_add,bf16xbf16_acc_fp32,NA,prepared_execute,native,row_contiguous,default,auto,auto,auto,0.0,0.0,1.0,128.0,,,1.0,0.0,5.454762700867638,5.084032648083292,5.464145029048951,0.03448514188405723,768.9251082055048,9.726688274379068,,1.7831551632542941,TokenDynamic,4.910859996960447,3.419281399246203,1.1107550824588437,1.5952950529518182,ok,,benchmarks/ops/matmul-otherlibs/results/raw/rebench-current/x86/local-x86_MatmulOtherlibsLIBXSMMBench_meta-pack-20260904.json
meta-pack-20260904,local-x86,Native,Intel(R) Xeon(R) w9-3495X,gcc (Ubuntu 13.3.0-6ubuntu2~24.04.1) 13.3.0,oneDNN,0e2a5bfeef1bfbffc3137464606540233086ce9b,AVX-512+AMX-BF16,brg_matmul:avx10_1_512_amx,A12_gsa_pv_r128,af3,gsa_pv,32x128x128,4,128,128,gemm_add,bf16xbf16_acc_fp32,NA,prepared_execute,native,row_contiguous,default,auto,auto,auto,1.0,0.0,1.0,128.0,,,,,4.718373751007446,4.708409058168767,4.812912711144318,0.01760893388871053,888.9300045602472,9.726688274379068,,2.061449301743481,TokenDynamic,4.910859996960447,3.419281399246203,0.960803963853146,1.37993139495557,ok,,benchmarks/ops/matmul-otherlibs/results/raw/rebench-current/x86/local-x86_MatmulOtherlibsOneDNNBench_meta-pack-20260904.json
meta-pack-20260904,local-x86,Native,Intel(R) Xeon(R) w9-3495X,gcc (Ubuntu 13.3.0-6ubuntu2~24.04.1) 13.3.0,OpenBLAS,e0166008be8e466242aa76b2ff75ce3f0fbf574a,AVX-512+AMX-BF16,unspecified,A12_gsa_pv_r128,af3,gsa_pv,32x128x128,4,128,128,gemm_add,bf16xbf16_acc_fp32,NA,raw_e2e,native,row_contiguous,default,auto,auto,auto,0.0,1.0,0.0,128.0,,,,,9.726688274379068,8.862589959136669,10.072587173700141,0.060128808840526016,431.21604000080447,9.726688274379068,1.0,1.0,TokenDynamic,4.910859996960447,3.419281399246203,1.9806486603974365,2.8446586105850673,ok,,benchmarks/ops/matmul-otherlibs/results/raw/rebench-current/x86/local-x86_MatmulOtherlibsOpenBLASBench_meta-pack-20260904.json
meta-pack-20260904,local-x86,Native,Intel(R) Xeon(R) w9-3495X,gcc (Ubuntu 13.3.0-6ubuntu2~24.04.1) 13.3.0,vecops,0b7a801a0b816f70245d24001a70ce0561c23389+dirty,AVX-512+AMX-BF16,,A12_gsa_pv_r128,af3,gsa_pv,32x128x128,4,128,128,gemm_add,bf16xbf16_acc_fp32,AllConst,raw_e2e,native,row_contiguous,default,auto,auto,auto,1.0,1.0,0.0,128.0,,,,,3.419281399246203,3.41734368082987,3.435761704268485,0.0024980092143342034,1226.6624212106833,9.726688274379068,2.8446586105850673,2.8446586105850673,TokenDynamic,4.910859996960447,3.419281399246203,0.6962693706117768,1.0,ok,,benchmarks/ops/matmul-otherlibs/results/raw/rebench-current/x86/local-x86_MatmulOtherlibsVecopsAF3AttentionBench_meta-pack-20260904.json
meta-pack-20260904,local-x86,Native,Intel(R) Xeon(R) w9-3495X,gcc (Ubuntu 13.3.0-6ubuntu2~24.04.1) 13.3.0,vecops,0b7a801a0b816f70245d24001a70ce0561c23389+dirty,AVX-512+AMX-BF16,,A12_gsa_pv_r128,af3,gsa_pv,32x128x128,4,128,128,gemm_add,bf16xbf16_acc_fp32,TokenDynamic,raw_e2e,native,row_contiguous,default,auto,auto,auto,1.0,1.0,0.0,128.0,,,,,4.910859996960447,4.907279572648227,4.923209174578109,0.0017649837657232768,854.0874719694808,9.726688274379068,1.9806486603974365,1.9806486603974365,TokenDynamic,4.910859996960447,3.419281399246203,1.0,1.4362257514234043,ok,,benchmarks/ops/matmul-otherlibs/results/raw/rebench-current/x86/local-x86_MatmulOtherlibsVecopsAF3AttentionBench_meta-pack-20260904.json
meta-pack-20260904,local-x86,Native,Intel(R) Xeon(R) w9-3495X,gcc (Ubuntu 13.3.0-6ubuntu2~24.04.1) 13.3.0,LIBXSMM,3668d249637792dcc988414eb3d2a374033743df,AVX-512+AMX-BF16,,A13_gsa_pv_r512,af3,gsa_pv,32x512x512,4,512,128,gemm,bf16xbf16_acc_fp32,NA,prepared_execute,native,row_contiguous,default,auto,auto,auto,0.0,0.0,1.0,512.0,,,1.0,0.0,128.61978035182213,127.05619614387294,128.872275014574,0.006729597840959809,521.7616125329457,119.38512531860535,,0.9282019063634176,TokenDynamic,68.39517538042664,65.65855369041391,1.8805387900011235,1.9589188783882776,ok,,benchmarks/ops/matmul-otherlibs/results/raw/rebench-current/x86/local-x86_MatmulOtherlibsLIBXSMMBench_meta-pack-20260904.json
meta-pack-20260904,local-x86,Native,Intel(R) Xeon(R) w9-3495X,gcc (Ubuntu 13.3.0-6ubuntu2~24.04.1) 13.3.0,oneDNN,0e2a5bfeef1bfbffc3137464606540233086ce9b,AVX-512+AMX-BF16,brg_matmul:avx10_1_512_amx,A13_gsa_pv_r512,af3,gsa_pv,32x512x512,4,512,128,gemm,bf16xbf16_acc_fp32,NA,prepared_execute,native,row_contiguous,default,auto,auto,auto,1.0,0.0,1.0,512.0,,,,,95.22808564622348,94.9328766776759,95.43692997725142,0.002319876800992277,704.7171382748612,119.38512531860535,,1.2536755780445523,TokenDynamic,68.39517538042664,65.65855369041391,1.3923216822904134,1.4503530811116037,ok,,benchmarks/ops/matmul-otherlibs/results/raw/rebench-current/x86/local-x86_MatmulOtherlibsOneDNNBench_meta-pack-20260904.json
meta-pack-20260904,local-x86,Native,Intel(R) Xeon(R) w9-3495X,gcc (Ubuntu 13.3.0-6ubuntu2~24.04.1) 13.3.0,OpenBLAS,e0166008be8e466242aa76b2ff75ce3f0fbf574a,AVX-512+AMX-BF16,unspecified,A13_gsa_pv_r512,af3,gsa_pv,32x512x512,4,512,128,gemm,bf16xbf16_acc_fp32,NA,raw_e2e,native,row_contiguous,default,auto,auto,auto,0.0,1.0,0.0,512.0,,,,,119.38512531860535,112.3035834940706,119.51859951303126,0.0326535657177459,562.1208154776845,119.38512531860535,1.0,1.0,TokenDynamic,68.39517538042664,65.65855369041391,1.7455196898693974,1.8182722373312872,ok,,benchmarks/ops/matmul-otherlibs/results/raw/rebench-current/x86/local-x86_MatmulOtherlibsOpenBLASBench_meta-pack-20260904.json
meta-pack-20260904,local-x86,Native,Intel(R) Xeon(R) w9-3495X,gcc (Ubuntu 13.3.0-6ubuntu2~24.04.1) 13.3.0,vecops,0b7a801a0b816f70245d24001a70ce0561c23389+dirty,AVX-512+AMX-BF16,,A13_gsa_pv_r512,af3,gsa_pv,32x512x512,4,512,128,gemm,bf16xbf16_acc_fp32,AllConst,raw_e2e,native,row_contiguous,default,auto,auto,auto,1.0,1.0,0.0,512.0,,,,,65.65855369041391,65.37939168621085,87.0509340806519,0.146747668112729,1022.088672809097,119.38512531860535,1.8182722373312872,1.8182722373312872,TokenDynamic,68.39517538042664,65.65855369041391,0.9599880887096037,1.0,ok,,benchmarks/ops/matmul-otherlibs/results/raw/rebench-current/x86/local-x86_MatmulOtherlibsVecopsAF3AttentionBench_meta-pack-20260904.json
meta-pack-20260904,local-x86,Native,Intel(R) Xeon(R) w9-3495X,gcc (Ubuntu 13.3.0-6ubuntu2~24.04.1) 13.3.0,vecops,0b7a801a0b816f70245d24001a70ce0561c23389+dirty,AVX-512+AMX-BF16,,A13_gsa_pv_r512,af3,gsa_pv,32x512x512,4,512,128,gemm,bf16xbf16_acc_fp32,TokenDynamic,raw_e2e,native,row_contiguous,default,auto,auto,auto,1.0,1.0,0.0,512.0,,,,,68.39517538042664,68.31122013084175,68.50276971085731,0.0016644809043085743,981.1929515017407,119.38512531860535,1.7455196898693974,1.7455196898693974,TokenDynamic,68.39517538042664,65.65855369041391,1.0,1.0416795914042845,ok,,benchmarks/ops/matmul-otherlibs/results/raw/rebench-current/x86/local-x86_MatmulOtherlibsVecopsAF3AttentionBench_meta-pack-20260904.json
meta-pack-20260904,local-x86,Native,Intel(R) Xeon(R) w9-3495X,gcc (Ubuntu 13.3.0-6ubuntu2~24.04.1) 13.3.0,LIBXSMM,3668d249637792dcc988414eb3d2a374033743df,AVX-512+AMX-BF16,,A13_gsa_pv_r512,af3,gsa_pv,32x512x512,4,512,128,gemm_add,bf16xbf16_acc_fp32,NA,prepared_execute,native,row_contiguous,default,auto,auto,auto,0.0,0.0,1.0,512.0,,,1.0,0.0,127.2809991012873,125.9150750164051,127.43293078697468,0.005953402569379842,527.2496639234919,116.63068182435075,,0.9163243740060425,TokenDynamic,87.15211318380696,80.15386735141308,1.4604465049843034,1.587958302039975,ok,,benchmarks/ops/matmul-otherlibs/results/raw/rebench-current/x86/local-x86_MatmulOtherlibsLIBXSMMBench_meta-pack-20260904.json
meta-pack-20260904,local-x86,Native,Intel(R) Xeon(R) w9-3495X,gcc (Ubuntu 13.3.0-6ubuntu2~24.04.1) 13.3.0,oneDNN,0e2a5bfeef1bfbffc3137464606540233086ce9b,AVX-512+AMX-BF16,brg_matmul:avx10_1_512_amx,A13_gsa_pv_r512,af3,gsa_pv,32x512x512,4,512,128,gemm_add,bf16xbf16_acc_fp32,NA,prepared_execute,native,row_contiguous,default,auto,auto,auto,1.0,0.0,1.0,512.0,,,,,100.32484985051018,100.11062874383796,100.43055071842043,0.0015003611825075455,668.9156684509978,116.63068182435075,,1.1625303401713254,TokenDynamic,87.15211318380696,80.15386735141308,1.1511464976061043,1.2516532659698483,ok,,benchmarks/ops/matmul-otherlibs/results/raw/rebench-current/x86/local-x86_MatmulOtherlibsOneDNNBench_meta-pack-20260904.json
meta-pack-20260904,local-x86,Native,Intel(R) Xeon(R) w9-3495X,gcc (Ubuntu 13.3.0-6ubuntu2~24.04.1) 13.3.0,OpenBLAS,e0166008be8e466242aa76b2ff75ce3f0fbf574a,AVX-512+AMX-BF16,unspecified,A13_gsa_pv_r512,af3,gsa_pv,32x512x512,4,512,128,gemm_add,bf16xbf16_acc_fp32,NA,raw_e2e,native,row_contiguous,default,auto,auto,auto,0.0,1.0,0.0,512.0,,,,,116.63068182435075,109.7252269474013,116.82563809331998,0.03267505101906156,575.3963103899875,116.63068182435075,1.0,1.0,TokenDynamic,87.15211318380696,80.15386735141308,1.3382427294490544,1.455084897064478,ok,,benchmarks/ops/matmul-otherlibs/results/raw/rebench-current/x86/local-x86_MatmulOtherlibsOpenBLASBench_meta-pack-20260904.json
meta-pack-20260904,local-x86,Native,Intel(R) Xeon(R) w9-3495X,gcc (Ubuntu 13.3.0-6ubuntu2~24.04.1) 13.3.0,vecops,0b7a801a0b816f70245d24001a70ce0561c23389+dirty,AVX-512+AMX-BF16,,A13_gsa_pv_r512,af3,gsa_pv,32x512x512,4,512,128,gemm_add,bf16xbf16_acc_fp32,AllConst,raw_e2e,native,row_contiguous,default,auto,auto,auto,1.0,1.0,0.0,512.0,,,,,80.15386735141308,80.06308210072235,80.27640731393942,0.0012330209157213074,837.2504810750956,116.63068182435075,1.455084897064478,1.455084897064478,TokenDynamic,87.15211318380696,80.15386735141308,0.9197007900699513,1.0,ok,,benchmarks/ops/matmul-otherlibs/results/raw/rebench-current/x86/local-x86_MatmulOtherlibsVecopsAF3AttentionBench_meta-pack-20260904.json
meta-pack-20260904,local-x86,Native,Intel(R) Xeon(R) w9-3495X,gcc (Ubuntu 13.3.0-6ubuntu2~24.04.1) 13.3.0,vecops,0b7a801a0b816f70245d24001a70ce0561c23389+dirty,AVX-512+AMX-BF16,,A13_gsa_pv_r512,af3,gsa_pv,32x512x512,4,512,128,gemm_add,bf16xbf16_acc_fp32,TokenDynamic,raw_e2e,native,row_contiguous,default,auto,auto,auto,1.0,1.0,0.0,512.0,,,,,87.15211318380696,86.91584340856174,90.09476119564934,0.01695192086678531,770.0199289312122,116.63068182435075,1.3382427294490544,1.3382427294490544,TokenDynamic,87.15211318380696,80.15386735141308,1.0,1.0873101456441514,ok,,benchmarks/ops/matmul-otherlibs/results/raw/rebench-current/x86/local-x86_MatmulOtherlibsVecopsAF3AttentionBench_meta-pack-20260904.json
meta-pack-20260904,local-x86,Native,Intel(R) Xeon(R) w9-3495X,gcc (Ubuntu 13.3.0-6ubuntu2~24.04.1) 13.3.0,LIBXSMM,3668d249637792dcc988414eb3d2a374033743df,AVX-512+AMX-BF16,,A14_gsa_pv_r1536,af3,gsa_pv,32x1536x1536,4,1536,128,gemm,bf16xbf16_acc_fp32,NA,prepared_execute,native,row_contiguous,default,auto,auto,auto,0.0,0.0,1.0,1536.0,,,1.0,0.0,1092.9390234418038,1086.5149607031246,1094.0895700005917,0.0036772484203277792,552.6198287787281,1179.997388548641,,1.0796552810720212,TokenDynamic,644.6851106802611,629.3795425747627,1.6953067557098573,1.7365340776261025,ok,,benchmarks/ops/matmul-otherlibs/results/raw/rebench-current/x86/local-x86_MatmulOtherlibsLIBXSMMBench_meta-pack-20260904.json
meta-pack-20260904,local-x86,Native,Intel(R) Xeon(R) w9-3495X,gcc (Ubuntu 13.3.0-6ubuntu2~24.04.1) 13.3.0,oneDNN,0e2a5bfeef1bfbffc3137464606540233086ce9b,AVX-512+AMX-BF16,brg_matmul:avx10_1_512_amx,A14_gsa_pv_r1536,af3,gsa_pv,32x1536x1536,4,1536,128,gemm,bf16xbf16_acc_fp32,NA,prepared_execute,native,row_contiguous,default,auto,auto,auto,1.0,0.0,1.0,1536.0,,,,,863.8373024209781,863.3696741099687,865.510148233389,0.001258952953727334,699.182327861155,1179.997388548641,,1.3659949451610822,TokenDynamic,644.6851106802611,629.3795425747627,1.3399367972210048,1.3725220538422007,ok,,benchmarks/ops/matmul-otherlibs/results/raw/rebench-current/x86/local-x86_MatmulOtherlibsOneDNNBench_meta-pack-20260904.json
meta-pack-20260904,local-x86,Native,Intel(R) Xeon(R) w9-3495X,gcc (Ubuntu 13.3.0-6ubuntu2~24.04.1) 13.3.0,OpenBLAS,e0166008be8e466242aa76b2ff75ce3f0fbf574a,AVX-512+AMX-BF16,unspecified,A14_gsa_pv_r1536,af3,gsa_pv,32x1536x1536,4,1536,128,gemm,bf16xbf16_acc_fp32,NA,raw_e2e,native,row_contiguous,default,auto,auto,auto,0.0,1.0,0.0,1536.0,,,,,1179.997388548641,1150.8510925245187,1188.9058793510103,0.016276724479796126,511.8484005654248,1179.997388548641,1.0,1.0,TokenDynamic,644.6851106802611,629.3795425747627,1.8303468918392225,1.8748581876705528,ok,,benchmarks/ops/matmul-otherlibs/results/raw/rebench-current/x86/local-x86_MatmulOtherlibsOpenBLASBench_meta-pack-20260904.json
meta-pack-20260904,local-x86,Native,Intel(R) Xeon(R) w9-3495X,gcc (Ubuntu 13.3.0-6ubuntu2~24.04.1) 13.3.0,vecops,0b7a801a0b816f70245d24001a70ce0561c23389+dirty,AVX-512+AMX-BF16,,A14_gsa_pv_r1536,af3,gsa_pv,32x1536x1536,4,1536,128,gemm,bf16xbf16_acc_fp32,AllConst,raw_e2e,native,row_contiguous,default,auto,auto,auto,1.0,1.0,0.0,1536.0,,,,,629.3795425747627,629.0783058964719,630.1004968159685,0.0007438307105697728,959.6431646461633,1179.997388548641,1.8748581876705528,1.8748581876705528,TokenDynamic,644.6851106802611,629.3795425747627,0.9762588466028814,1.0,ok,,benchmarks/ops/matmul-otherlibs/results/raw/rebench-current/x86/local-x86_MatmulOtherlibsVecopsAF3AttentionBench_meta-pack-20260904.json
meta-pack-20260904,local-x86,Native,Intel(R) Xeon(R) w9-3495X,gcc (Ubuntu 13.3.0-6ubuntu2~24.04.1) 13.3.0,vecops,0b7a801a0b816f70245d24001a70ce0561c23389+dirty,AVX-512+AMX-BF16,,A14_gsa_pv_r1536,af3,gsa_pv,32x1536x1536,4,1536,128,gemm,bf16xbf16_acc_fp32,TokenDynamic,raw_e2e,native,row_contiguous,default,auto,auto,auto,1.0,1.0,0.0,1536.0,,,,,644.6851106802611,643.9655953760724,645.5009538961428,0.0011685077161195554,936.8601290678025,1179.997388548641,1.8303468918392225,1.8303468918392225,TokenDynamic,644.6851106802611,629.3795425747627,1.0,1.02431850270011,ok,,benchmarks/ops/matmul-otherlibs/results/raw/rebench-current/x86/local-x86_MatmulOtherlibsVecopsAF3AttentionBench_meta-pack-20260904.json
meta-pack-20260904,local-x86,Native,Intel(R) Xeon(R) w9-3495X,gcc (Ubuntu 13.3.0-6ubuntu2~24.04.1) 13.3.0,LIBXSMM,3668d249637792dcc988414eb3d2a374033743df,AVX-512+AMX-BF16,,A14_gsa_pv_r1536,af3,gsa_pv,32x1536x1536,4,1536,128,gemm_add,bf16xbf16_acc_fp32,NA,prepared_execute,native,row_contiguous,default,auto,auto,auto,0.0,0.0,1.0,1536.0,,,1.0,0.0,1084.400294664453,1077.4179813434016,1088.5062216430929,0.004722468091630735,556.9712392847422,1168.6076177284122,,1.077653356863035,TokenDynamic,675.3529758296079,654.0997430386248,1.6056793017493833,1.6578515833485337,ok,,benchmarks/ops/matmul-otherlibs/results/raw/rebench-current/x86/local-x86_MatmulOtherlibsLIBXSMMBench_meta-pack-20260904.json
meta-pack-20260904,local-x86,Native,Intel(R) Xeon(R) w9-3495X,gcc (Ubuntu 13.3.0-6ubuntu2~24.04.1) 13.3.0,oneDNN,0e2a5bfeef1bfbffc3137464606540233086ce9b,AVX-512+AMX-BF16,brg_matmul:avx10_1_512_amx,A14_gsa_pv_r1536,af3,gsa_pv,32x1536x1536,4,1536,128,gemm_add,bf16xbf16_acc_fp32,NA,prepared_execute,native,row_contiguous,default,auto,auto,auto,1.0,0.0,1.0,1536.0,,,,,879.8329497880812,878.6106100320557,881.6201823365247,0.00165528758374204,686.4709671824363,1168.6076177284122,,1.3282153367976113,TokenDynamic,675.3529758296079,654.0997430386248,1.3027749655019865,1.345105175704261,ok,,benchmarks/ops/matmul-otherlibs/results/raw/rebench-current/x86/local-x86_MatmulOtherlibsOneDNNBench_meta-pack-20260904.json
meta-pack-20260904,local-x86,Native,Intel(R) Xeon(R) w9-3495X,gcc (Ubuntu 13.3.0-6ubuntu2~24.04.1) 13.3.0,OpenBLAS,e0166008be8e466242aa76b2ff75ce3f0fbf574a,AVX-512+AMX-BF16,unspecified,A14_gsa_pv_r1536,af3,gsa_pv,32x1536x1536,4,1536,128,gemm_add,bf16xbf16_acc_fp32,NA,raw_e2e,native,row_contiguous,default,auto,auto,auto,0.0,1.0,0.0,1536.0,,,,,1168.6076177284122,1134.799380561458,1177.0359057331139,0.017680434041625583,516.8371032648588,1168.6076177284122,1.0,1.0,TokenDynamic,675.3529758296079,654.0997430386248,1.7303656895757173,1.786589323976245,ok,,benchmarks/ops/matmul-otherlibs/results/raw/rebench-current/x86/local-x86_MatmulOtherlibsOpenBLASBench_meta-pack-20260904.json
meta-pack-20260904,local-x86,Native,Intel(R) Xeon(R) w9-3495X,gcc (Ubuntu 13.3.0-6ubuntu2~24.04.1) 13.3.0,vecops,0b7a801a0b816f70245d24001a70ce0561c23389+dirty,AVX-512+AMX-BF16,,A14_gsa_pv_r1536,af3,gsa_pv,32x1536x1536,4,1536,128,gemm_add,bf16xbf16_acc_fp32,AllConst,raw_e2e,native,row_contiguous,default,auto,auto,auto,1.0,1.0,0.0,1536.0,,,,,654.0997430386248,653.1360822459944,656.3388065502447,0.002818595351883403,923.3756509278048,1168.6076177284122,1.786589323976245,1.786589323976245,TokenDynamic,675.3529758296079,654.0997430386248,0.9685301856190454,1.0,ok,,benchmarks/ops/matmul-otherlibs/results/raw/rebench-current/x86/local-x86_MatmulOtherlibsVecopsAF3AttentionBench_meta-pack-20260904.json
meta-pack-20260904,local-x86,Native,Intel(R) Xeon(R) w9-3495X,gcc (Ubuntu 13.3.0-6ubuntu2~24.04.1) 13.3.0,vecops,0b7a801a0b816f70245d24001a70ce0561c23389+dirty,AVX-512+AMX-BF16,,A14_gsa_pv_r1536,af3,gsa_pv,32x1536x1536,4,1536,128,gemm_add,bf16xbf16_acc_fp32,TokenDynamic,raw_e2e,native,row_contiguous,default,auto,auto,auto,1.0,1.0,0.0,1536.0,,,,,675.3529758296079,675.0766811599946,675.9282628103532,0.0005848912019367394,894.3171905892135,1168.6076177284122,1.7303656895757173,1.7303656895757173,TokenDynamic,675.3529758296079,654.0997430386248,1.0,1.0324923423639507,ok,,benchmarks/ops/matmul-otherlibs/results/raw/rebench-current/x86/local-x86_MatmulOtherlibsVecopsAF3AttentionBench_meta-pack-20260904.json
meta-pack-20260904,local-x86,Native,Intel(R) Xeon(R) w9-3495X,gcc (Ubuntu 13.3.0-6ubuntu2~24.04.1) 13.3.0,LIBXSMM,3668d249637792dcc988414eb3d2a374033743df,AVX-512+AMX-BF16,,A15_gsa_pv_r2048,af3,gsa_pv,32x2048x2048,4,2048,32,gemm,bf16xbf16_acc_fp32,NA,prepared_execute,native,row_contiguous,default,auto,auto,auto,0.0,0.0,1.0,2048.0,,,1.0,0.0,1833.8920658846434,1826.4850341151225,1836.0104656159435,0.002626983991068074,585.498920015253,2006.1166374100562,,1.0939120544383478,TokenDynamic,1233.914403424582,1159.0776230746758,1.4862392892042553,1.5821995260506305,ok,,benchmarks/ops/matmul-otherlibs/results/raw/rebench-current/x86/local-x86_MatmulOtherlibsLIBXSMMBench_meta-pack-20260904.json
meta-pack-20260904,local-x86,Native,Intel(R) Xeon(R) w9-3495X,gcc (Ubuntu 13.3.0-6ubuntu2~24.04.1) 13.3.0,oneDNN,0e2a5bfeef1bfbffc3137464606540233086ce9b,AVX-512+AMX-BF16,brg_matmul:avx10_1_512_amx,A15_gsa_pv_r2048,af3,gsa_pv,32x2048x2048,4,2048,32,gemm,bf16xbf16_acc_fp32,NA,prepared_execute,native,row_contiguous,default,auto,auto,auto,1.0,0.0,1.0,2048.0,,,,,1534.8568571485828,1534.2194547973943,1538.709044049668,0.0013926231817679197,699.5713111610744,2006.1166374100562,,1.3070382609730575,TokenDynamic,1233.914403424582,1159.0776230746758,1.2438924879138868,1.3242054083289785,ok,,benchmarks/ops/matmul-otherlibs/results/raw/rebench-current/x86/local-x86_MatmulOtherlibsOneDNNBench_meta-pack-20260904.json
meta-pack-20260904,local-x86,Native,Intel(R) Xeon(R) w9-3495X,gcc (Ubuntu 13.3.0-6ubuntu2~24.04.1) 13.3.0,OpenBLAS,e0166008be8e466242aa76b2ff75ce3f0fbf574a,AVX-512+AMX-BF16,unspecified,A15_gsa_pv_r2048,af3,gsa_pv,32x2048x2048,4,2048,32,gemm,bf16xbf16_acc_fp32,NA,raw_e2e,native,row_contiguous,default,auto,auto,auto,0.0,1.0,0.0,2048.0,,,,,2006.1166374100562,1965.9697505868164,2023.3055939425485,0.012934743300881481,535.2339958588977,2006.1166374100562,1.0,1.0,TokenDynamic,1233.914403424582,1159.0776230746758,1.6258150742404167,1.7307871340734255,ok,,benchmarks/ops/matmul-otherlibs/results/raw/rebench-current/x86/local-x86_MatmulOtherlibsOpenBLASBench_meta-pack-20260904.json
meta-pack-20260904,local-x86,Native,Intel(R) Xeon(R) w9-3495X,gcc (Ubuntu 13.3.0-6ubuntu2~24.04.1) 13.3.0,vecops,0b7a801a0b816f70245d24001a70ce0561c23389+dirty,AVX-512+AMX-BF16,,A15_gsa_pv_r2048,af3,gsa_pv,32x2048x2048,4,2048,32,gemm,bf16xbf16_acc_fp32,AllConst,raw_e2e,native,row_contiguous,default,auto,auto,auto,1.0,1.0,0.0,2048.0,,,,,1159.0776230746758,1157.871514680933,1161.1102408439408,0.0012730857492422058,926.3761137512895,2006.1166374100562,1.7307871340734255,1.7307871340734255,TokenDynamic,1233.914403424582,1159.0776230746758,0.9393501039114175,1.0,ok,,benchmarks/ops/matmul-otherlibs/results/raw/rebench-current/x86/local-x86_MatmulOtherlibsVecopsAF3AttentionBench_meta-pack-20260904.json
meta-pack-20260904,local-x86,Native,Intel(R) Xeon(R) w9-3495X,gcc (Ubuntu 13.3.0-6ubuntu2~24.04.1) 13.3.0,vecops,0b7a801a0b816f70245d24001a70ce0561c23389+dirty,AVX-512+AMX-BF16,,A15_gsa_pv_r2048,af3,gsa_pv,32x2048x2048,4,2048,32,gemm,bf16xbf16_acc_fp32,TokenDynamic,raw_e2e,native,row_contiguous,default,auto,auto,auto,1.0,1.0,0.0,2048.0,,,,,1233.914403424582,1230.6118069988627,1235.724412305117,0.0019163173169945633,870.1914987133288,2006.1166374100562,1.6258150742404167,1.6258150742404167,TokenDynamic,1233.914403424582,1159.0776230746758,1.0,1.0645658054819376,ok,,benchmarks/ops/matmul-otherlibs/results/raw/rebench-current/x86/local-x86_MatmulOtherlibsVecopsAF3AttentionBench_meta-pack-20260904.json
meta-pack-20260904,local-x86,Native,Intel(R) Xeon(R) w9-3495X,gcc (Ubuntu 13.3.0-6ubuntu2~24.04.1) 13.3.0,LIBXSMM,3668d249637792dcc988414eb3d2a374033743df,AVX-512+AMX-BF16,,A15_gsa_pv_r2048,af3,gsa_pv,32x2048x2048,4,2048,32,gemm_add,bf16xbf16_acc_fp32,NA,prepared_execute,native,row_contiguous,default,auto,auto,auto,0.0,0.0,1.0,2048.0,,,1.0,0.0,1815.7797272909772,1811.563036353146,1823.5022676866743,0.003136313361010267,591.3392510455833,1987.5638569439095,,1.0946062603690496,TokenDynamic,1259.8289098162709,1192.2196240331502,1.441290728560741,1.5230245255889938,ok,,benchmarks/ops/matmul-otherlibs/results/raw/rebench-current/x86/local-x86_MatmulOtherlibsLIBXSMMBench_meta-pack-20260904.json
meta-pack-20260904,local-x86,Native,Intel(R) Xeon(R) w9-3495X,gcc (Ubuntu 13.3.0-6ubuntu2~24.04.1) 13.3.0,oneDNN,0e2a5bfeef1bfbffc3137464606540233086ce9b,AVX-512+AMX-BF16,brg_matmul:avx10_1_512_amx,A15_gsa_pv_r2048,af3,gsa_pv,32x2048x2048,4,2048,32,gemm_add,bf16xbf16_acc_fp32,NA,prepared_execute,native,row_contiguous,default,auto,auto,auto,1.0,0.0,1.0,2048.0,,,,,1543.3753733804635,1540.3756746449149,1545.5492396050922,0.0016983131153018114,695.7100926446542,1987.5638569439095,,1.2878032727647697,TokenDynamic,1259.8289098162709,1192.2196240331502,1.2250674368200871,1.2945394810390651,ok,,benchmarks/ops/matmul-otherlibs/results/raw/rebench-current/x86/local-x86_MatmulOtherlibsOneDNNBench_meta-pack-20260904.json
meta-pack-20260904,local-x86,Native,Intel(R) Xeon(R) w9-3495X,gcc (Ubuntu 13.3.0-6ubuntu2~24.04.1) 13.3.0,OpenBLAS,e0166008be8e466242aa76b2ff75ce3f0fbf574a,AVX-512+AMX-BF16,unspecified,A15_gsa_pv_r2048,af3,gsa_pv,32x2048x2048,4,2048,32,gemm_add,bf16xbf16_acc_fp32,NA,raw_e2e,native,row_contiguous,default,auto,auto,auto,0.0,1.0,0.0,2048.0,,,,,1987.5638569439095,1939.4836914891912,2013.6299000919932,0.01650396377786015,540.2301014121841,1987.5638569439095,1.0,1.0,TokenDynamic,1259.8289098162709,1192.2196240331502,1.5776458544944558,1.6671121804053146,ok,,benchmarks/ops/matmul-otherlibs/results/raw/rebench-current/x86/local-x86_MatmulOtherlibsOpenBLASBench_meta-pack-20260904.json
meta-pack-20260904,local-x86,Native,Intel(R) Xeon(R) w9-3495X,gcc (Ubuntu 13.3.0-6ubuntu2~24.04.1) 13.3.0,vecops,0b7a801a0b816f70245d24001a70ce0561c23389+dirty,AVX-512+AMX-BF16,,A15_gsa_pv_r2048,af3,gsa_pv,32x2048x2048,4,2048,32,gemm_add,bf16xbf16_acc_fp32,AllConst,raw_e2e,native,row_contiguous,default,auto,auto,auto,1.0,1.0,0.0,2048.0,,,,,1192.2196240331502,1191.1770581112555,1194.0070616009718,0.0013218834858823858,900.6241822858505,1987.5638569439095,1.6671121804053146,1.6671121804053146,TokenDynamic,1259.8289098162709,1192.2196240331502,0.9463345496707323,1.0,ok,,benchmarks/ops/matmul-otherlibs/results/raw/rebench-current/x86/local-x86_MatmulOtherlibsVecopsAF3AttentionBench_meta-pack-20260904.json
meta-pack-20260904,local-x86,Native,Intel(R) Xeon(R) w9-3495X,gcc (Ubuntu 13.3.0-6ubuntu2~24.04.1) 13.3.0,vecops,0b7a801a0b816f70245d24001a70ce0561c23389+dirty,AVX-512+AMX-BF16,,A15_gsa_pv_r2048,af3,gsa_pv,32x2048x2048,4,2048,32,gemm_add,bf16xbf16_acc_fp32,TokenDynamic,raw_e2e,native,row_contiguous,default,auto,auto,auto,1.0,1.0,0.0,2048.0,,,,,1259.8289098162709,1257.3727639392018,1261.5668125920467,0.0016783029684072457,852.2917799660518,1987.5638569439095,1.5776458544944558,1.5776458544944558,TokenDynamic,1259.8289098162709,1192.2196240331502,1.0,1.0567087509886859,ok,,benchmarks/ops/matmul-otherlibs/results/raw/rebench-current/x86/local-x86_MatmulOtherlibsVecopsAF3AttentionBench_meta-pack-20260904.json
meta-pack-20260904,local-x86,Native,Intel(R) Xeon(R) w9-3495X,gcc (Ubuntu 13.3.0-6ubuntu2~24.04.1) 13.3.0,LIBXSMM,3668d249637792dcc988414eb3d2a374033743df,AVX-512+AMX-BF16,,A16_tri_mul_r128,af3,triangle_multiplication,128x128x128,128,128,0,gemm,bf16xbf16_acc_fp32,NA,prepared_execute,native,row_contiguous,default,auto,auto,auto,0.0,0.0,1.0,2.0,,,1.0,0.0,1911.4574111283641,1910.1100083925337,1928.7920219677003,0.004643301947868564,280.8699314326216,1044.2946153412854,,0.5463342312841913,TokenDynamic,1073.535000089287,948.1011757334519,1.7805264019984317,2.016090117860743,ok,,benchmarks/ops/matmul-otherlibs/results/raw/rebench-current/x86/local-x86_MatmulOtherlibsLIBXSMMBench_meta-pack-20260904.json
meta-pack-20260904,local-x86,Native,Intel(R) Xeon(R) w9-3495X,gcc (Ubuntu 13.3.0-6ubuntu2~24.04.1) 13.3.0,oneDNN,0e2a5bfeef1bfbffc3137464606540233086ce9b,AVX-512+AMX-BF16,brg_matmul:avx10_1_512_amx,A16_tri_mul_r128,af3,triangle_multiplication,128x128x128,128,128,0,gemm,bf16xbf16_acc_fp32,NA,prepared_execute,native,row_contiguous,default,auto,auto,auto,1.0,0.0,1.0,2.0,,,,,568.6070246871974,567.9906525297977,571.8689926205295,0.0054259946331147325,944.1862106704431,1044.2946153412854,,1.8365840905953874,TokenDynamic,1073.535000089287,948.1011757334519,0.5296585808938747,0.5997324328253496,ok,,benchmarks/ops/matmul-otherlibs/results/raw/rebench-current/x86/local-x86_MatmulOtherlibsOneDNNBench_meta-pack-20260904.json
meta-pack-20260904,local-x86,Native,Intel(R) Xeon(R) w9-3495X,gcc (Ubuntu 13.3.0-6ubuntu2~24.04.1) 13.3.0,OpenBLAS,e0166008be8e466242aa76b2ff75ce3f0fbf574a,AVX-512+AMX-BF16,unspecified,A16_tri_mul_r128,af3,triangle_multiplication,128x128x128,128,128,0,gemm,bf16xbf16_acc_fp32,NA,raw_e2e,native,row_contiguous,default,auto,auto,auto,0.0,1.0,0.0,2.0,,,,,1044.2946153412854,975.1976055330824,1049.6049552791185,0.037586485083607804,514.0990905373437,1044.2946153412854,1.0,1.0,TokenDynamic,1073.535000089287,948.1011757334519,0.9727625231170203,1.101459044741104,ok,,benchmarks/ops/matmul-otherlibs/results/raw/rebench-current/x86/local-x86_MatmulOtherlibsOpenBLASBench_meta-pack-20260904.json
meta-pack-20260904,local-x86,Native,Intel(R) Xeon(R) w9-3495X,gcc (Ubuntu 13.3.0-6ubuntu2~24.04.1) 13.3.0,vecops,0b7a801a0b816f70245d24001a70ce0561c23389+dirty,AVX-512+AMX-BF16,,A16_tri_mul_r128,af3,triangle_multiplication,128x128x128,128,128,0,gemm,bf16xbf16_acc_fp32,AllConst,raw_e2e,native,row_contiguous,default,auto,auto,auto,1.0,1.0,0.0,2.0,,,,,948.1011757334519,944.9020796219467,949.1409217180508,0.002139925763913581,566.2590931655329,1044.2946153412854,1.101459044741104,1.101459044741104,TokenDynamic,1073.535000089287,948.1011757334519,0.8831581417043668,1.0,ok,,benchmarks/ops/matmul-otherlibs/results/raw/rebench-current/x86/local-x86_MatmulOtherlibsVecopsAF3TriangleBench_meta-pack-20260904.json
meta-pack-20260904,local-x86,Native,Intel(R) Xeon(R) w9-3495X,gcc (Ubuntu 13.3.0-6ubuntu2~24.04.1) 13.3.0,vecops,0b7a801a0b816f70245d24001a70ce0561c23389+dirty,AVX-512+AMX-BF16,,A16_tri_mul_r128,af3,triangle_multiplication,128x128x128,128,128,0,gemm,bf16xbf16_acc_fp32,TokenDynamic,raw_e2e,native,row_contiguous,default,auto,auto,auto,1.0,1.0,0.0,2.0,,,,,1073.535000089287,798.1487567243694,1180.5150906324923,0.17364622989934028,500.0963284432719,1044.2946153412854,0.9727625231170203,0.9727625231170203,TokenDynamic,1073.535000089287,948.1011757334519,1.0,1.1323000409305466,ok,,benchmarks/ops/matmul-otherlibs/results/raw/rebench-current/x86/local-x86_MatmulOtherlibsVecopsAF3TriangleBench_meta-pack-20260904.json
meta-pack-20260904,local-x86,Native,Intel(R) Xeon(R) w9-3495X,gcc (Ubuntu 13.3.0-6ubuntu2~24.04.1) 13.3.0,LIBXSMM,3668d249637792dcc988414eb3d2a374033743df,AVX-512+AMX-BF16,,A16_tri_mul_r128,af3,triangle_multiplication,128x128x128,128,128,0,gemm_add,bf16xbf16_acc_fp32,NA,prepared_execute,native,row_contiguous,default,auto,auto,auto,0.0,0.0,1.0,2.0,,,1.0,0.0,1319.7144718054367,1305.1338000706273,1321.3504866898973,0.005871387436874425,406.80838429053006,1007.7069807896175,,0.7635795486966381,TokenDynamic,1289.448592514317,1220.3798869766456,1.0234719549634033,1.0813964453928206,ok,,benchmarks/ops/matmul-otherlibs/results/raw/rebench-current/x86/local-x86_MatmulOtherlibsLIBXSMMBench_meta-pack-20260904.json
meta-pack-20260904,local-x86,Native,Intel(R) Xeon(R) w9-3495X,gcc (Ubuntu 13.3.0-6ubuntu2~24.04.1) 13.3.0,oneDNN,0e2a5bfeef1bfbffc3137464606540233086ce9b,AVX-512+AMX-BF16,brg_matmul:avx10_1_512_amx,A16_tri_mul_r128,af3,triangle_multiplication,128x128x128,128,128,0,gemm_add,bf16xbf16_acc_fp32,NA,prepared_execute,native,row_contiguous,default,auto,auto,auto,1.0,0.0,1.0,2.0,,,,,620.17399118183,619.2108282697824,640.5814645340073,0.029895359889862232,865.6778898078519,1007.7069807896175,,1.6248778489876496,TokenDynamic,1289.448592514317,1220.3798869766456,0.48096061741596274,0.5081810981974159,ok,,benchmarks/ops/matmul-otherlibs/results/raw/rebench-current/x86/local-x86_MatmulOtherlibsOneDNNBench_meta-pack-20260904.json
meta-pack-20260904,local-x86,Native,Intel(R) Xeon(R) w9-3495X,gcc (Ubuntu 13.3.0-6ubuntu2~24.04.1) 13.3.0,OpenBLAS,e0166008be8e466242aa76b2ff75ce3f0fbf574a,AVX-512+AMX-BF16,unspecified,A16_tri_mul_r128,af3,triangle_multiplication,128x128x128,128,128,0,gemm_add,bf16xbf16_acc_fp32,NA,raw_e2e,native,row_contiguous,default,auto,auto,auto,0.0,1.0,0.0,2.0,,,,,1007.7069807896175,898.576748761862,1017.9044538138745,0.06335394887235961,532.7649031262238,1007.7069807896175,1.0,1.0,TokenDynamic,1289.448592514317,1220.3798869766456,0.7815022534746214,0.8257322097351987,ok,,benchmarks/ops/matmul-otherlibs/results/raw/rebench-current/x86/local-x86_MatmulOtherlibsOpenBLASBench_meta-pack-20260904.json
meta-pack-20260904,local-x86,Native,Intel(R) Xeon(R) w9-3495X,gcc (Ubuntu 13.3.0-6ubuntu2~24.04.1) 13.3.0,vecops,0b7a801a0b816f70245d24001a70ce0561c23389+dirty,AVX-512+AMX-BF16,,A16_tri_mul_r128,af3,triangle_multiplication,128x128x128,128,128,0,gemm_add,bf16xbf16_acc_fp32,AllConst,raw_e2e,native,row_contiguous,default,auto,auto,auto,1.0,1.0,0.0,2.0,,,,,1220.3798869766456,1217.9870051635512,1220.8574800245951,0.0011684116112113299,439.92114072777576,1007.7069807896175,0.8257322097351987,0.8257322097351987,TokenDynamic,1289.448592514317,1220.3798869766456,0.946435471767825,1.0,ok,,benchmarks/ops/matmul-otherlibs/results/raw/rebench-current/x86/local-x86_MatmulOtherlibsVecopsAF3TriangleBench_meta-pack-20260904.json
meta-pack-20260904,local-x86,Native,Intel(R) Xeon(R) w9-3495X,gcc (Ubuntu 13.3.0-6ubuntu2~24.04.1) 13.3.0,vecops,0b7a801a0b816f70245d24001a70ce0561c23389+dirty,AVX-512+AMX-BF16,,A16_tri_mul_r128,af3,triangle_multiplication,128x128x128,128,128,0,gemm_add,bf16xbf16_acc_fp32,TokenDynamic,raw_e2e,native,row_contiguous,default,auto,auto,auto,1.0,1.0,0.0,2.0,,,,,1289.448592514317,1287.8223741103689,1291.1205759371148,0.0012548126182302037,416.3569723653322,1007.7069807896175,0.7815022534746214,0.7815022534746214,TokenDynamic,1289.448592514317,1220.3798869766456,1.0,1.056596070022738,ok,,benchmarks/ops/matmul-otherlibs/results/raw/rebench-current/x86/local-x86_MatmulOtherlibsVecopsAF3TriangleBench_meta-pack-20260904.json
meta-pack-20260904,local-x86,Native,Intel(R) Xeon(R) w9-3495X,gcc (Ubuntu 13.3.0-6ubuntu2~24.04.1) 13.3.0,LIBXSMM,3668d249637792dcc988414eb3d2a374033743df,AVX-512+AMX-BF16,,A17_tri_mul_r512,af3,triangle_multiplication,512x512x512,128,512,0,gemm,bf16xbf16_acc_fp32,NA,prepared_execute,native,row_contiguous,default,auto,auto,auto,0.0,0.0,1.0,2.0,,,1.0,0.0,75602.04749461263,75125.19430310931,76315.12149819171,0.007639919470261017,454.48158491274273,40814.730998439096,,0.5398627729142856,TokenDynamic,27530.543797183782,28279.842395568263,2.746115298396187,2.6733546261368217,ok,,benchmarks/ops/matmul-otherlibs/results/raw/rebench-current/x86/local-x86_MatmulOtherlibsLIBXSMMBench_meta-pack-20260904.json
meta-pack-20260904,local-x86,Native,Intel(R) Xeon(R) w9-3495X,gcc (Ubuntu 13.3.0-6ubuntu2~24.04.1) 13.3.0,oneDNN,0e2a5bfeef1bfbffc3137464606540233086ce9b,AVX-512+AMX-BF16,brg_matmul:avx10_1_512_amx,A17_tri_mul_r512,af3,triangle_multiplication,512x512x512,128,512,0,gemm,bf16xbf16_acc_fp32,NA,prepared_execute,native,row_contiguous,default,auto,auto,auto,1.0,0.0,1.0,2.0,,,,,40212.92333103096,40157.14553340028,40344.08133593388,0.0024339855163544857,854.4451763715907,40814.730998439096,,1.0149655289284514,TokenDynamic,27530.543797183782,28279.842395568263,1.4606657836938373,1.4219641951516933,ok,,benchmarks/ops/matmul-otherlibs/results/raw/rebench-current/x86/local-x86_MatmulOtherlibsOneDNNBench_meta-pack-20260904.json
meta-pack-20260904,local-x86,Native,Intel(R) Xeon(R) w9-3495X,gcc (Ubuntu 13.3.0-6ubuntu2~24.04.1) 13.3.0,OpenBLAS,e0166008be8e466242aa76b2ff75ce3f0fbf574a,AVX-512+AMX-BF16,unspecified,A17_tri_mul_r512,af3,triangle_multiplication,512x512x512,128,512,0,gemm,bf16xbf16_acc_fp32,NA,raw_e2e,native,row_contiguous,default,auto,auto,auto,0.0,1.0,0.0,2.0,,,,,40814.730998439096,40594.167667829126,40920.14040215872,0.0038154178314188034,841.8464982487338,40814.730998439096,1.0,1.0,TokenDynamic,27530.543797183782,28279.842395568263,1.4825254197345064,1.443244641449458,ok,,benchmarks/ops/matmul-otherlibs/results/raw/rebench-current/x86/local-x86_MatmulOtherlibsOpenBLASBench_meta-pack-20260904.json
meta-pack-20260904,local-x86,Native,Intel(R) Xeon(R) w9-3495X,gcc (Ubuntu 13.3.0-6ubuntu2~24.04.1) 13.3.0,vecops,0b7a801a0b816f70245d24001a70ce0561c23389+dirty,AVX-512+AMX-BF16,,A17_tri_mul_r512,af3,triangle_multiplication,512x512x512,128,512,0,gemm,bf16xbf16_acc_fp32,AllConst,raw_e2e,native,row_contiguous,default,auto,auto,auto,1.0,1.0,0.0,2.0,,,,,28279.842395568263,28037.919240305197,28716.873559169468,0.011865342722761824,1214.9904475204755,40814.730998439096,1.443244641449458,1.443244641449458,TokenDynamic,27530.543797183782,28279.842395568263,1.0272169922942507,1.0,ok,,benchmarks/ops/matmul-otherlibs/results/raw/rebench-current/x86/local-x86_MatmulOtherlibsVecopsAF3TriangleBench_meta-pack-20260904.json
meta-pack-20260904,local-x86,Native,Intel(R) Xeon(R) w9-3495X,gcc (Ubuntu 13.3.0-6ubuntu2~24.04.1) 13.3.0,vecops,0b7a801a0b816f70245d24001a70ce0561c23389+dirty,AVX-512+AMX-BF16,,A17_tri_mul_r512,af3,triangle_multiplication,512x512x512,128,512,0,gemm,bf16xbf16_acc_fp32,TokenDynamic,raw_e2e,native,row_contiguous,default,auto,auto,auto,1.0,1.0,0.0,2.0,,,,,27530.543797183782,27389.02292214334,27983.94135897979,0.0105504058912948,1248.0588331682284,40814.730998439096,1.4825254197345064,1.4825254197345064,TokenDynamic,27530.543797183782,28279.842395568263,1.0,0.9735041451821562,ok,,benchmarks/ops/matmul-otherlibs/results/raw/rebench-current/x86/local-x86_MatmulOtherlibsVecopsAF3TriangleBench_meta-pack-20260904.json
meta-pack-20260904,local-x86,Native,Intel(R) Xeon(R) w9-3495X,gcc (Ubuntu 13.3.0-6ubuntu2~24.04.1) 13.3.0,LIBXSMM,3668d249637792dcc988414eb3d2a374033743df,AVX-512+AMX-BF16,,A17_tri_mul_r512,af3,triangle_multiplication,512x512x512,128,512,0,gemm_add,bf16xbf16_acc_fp32,NA,prepared_execute,native,row_contiguous,default,auto,auto,auto,0.0,0.0,1.0,2.0,,,1.0,0.0,76868.6140072532,76597.60109381749,77776.95068798492,0.007015809194659596,446.9930778868716,37219.55400396837,,0.48419702221320643,TokenDynamic,41871.1680007012,38866.19566280085,1.8358363923826035,1.977775614422298,ok,,benchmarks/ops/matmul-otherlibs/results/raw/rebench-current/x86/local-x86_MatmulOtherlibsLIBXSMMBench_meta-pack-20260904.json
meta-pack-20260904,local-x86,Native,Intel(R) Xeon(R) w9-3495X,gcc (Ubuntu 13.3.0-6ubuntu2~24.04.1) 13.3.0,oneDNN,0e2a5bfeef1bfbffc3137464606540233086ce9b,AVX-512+AMX-BF16,brg_matmul:avx10_1_512_amx,A17_tri_mul_r512,af3,triangle_multiplication,512x512x512,128,512,0,gemm_add,bf16xbf16_acc_fp32,NA,prepared_execute,native,row_contiguous,default,auto,auto,auto,1.0,0.0,1.0,2.0,,,,,47710.07500433674,47603.22326716657,47897.282462023824,0.0029239354324179117,720.177831723735,37219.55400396837,,0.7801193773136009,TokenDynamic,41871.1680007012,38866.19566280085,1.1394493462312243,1.2275468229065813,ok,,benchmarks/ops/matmul-otherlibs/results/raw/rebench-current/x86/local-x86_MatmulOtherlibsOneDNNBench_meta-pack-20260904.json
meta-pack-20260904,local-x86,Native,Intel(R) Xeon(R) w9-3495X,gcc (Ubuntu 13.3.0-6ubuntu2~24.04.1) 13.3.0,OpenBLAS,e0166008be8e466242aa76b2ff75ce3f0fbf574a,AVX-512+AMX-BF16,unspecified,A17_tri_mul_r512,af3,triangle_multiplication,512x512x512,128,512,0,gemm_add,bf16xbf16_acc_fp32,NA,raw_e2e,native,row_contiguous,default,auto,auto,auto,0.0,1.0,0.0,2.0,,,,,37219.55400396837,37088.859151117504,37392.88819924695,0.003932383950036571,923.1636242695585,37219.55400396837,1.0,1.0,TokenDynamic,41871.1680007012,38866.19566280085,0.8889065144622923,0.9576330631091714,ok,,benchmarks/ops/matmul-otherlibs/results/raw/rebench-current/x86/local-x86_MatmulOtherlibsOpenBLASBench_meta-pack-20260904.json
meta-pack-20260904,local-x86,Native,Intel(R) Xeon(R) w9-3495X,gcc (Ubuntu 13.3.0-6ubuntu2~24.04.1) 13.3.0,vecops,0b7a801a0b816f70245d24001a70ce0561c23389+dirty,AVX-512+AMX-BF16,,A17_tri_mul_r512,af3,triangle_multiplication,512x512x512,128,512,0,gemm_add,bf16xbf16_acc_fp32,AllConst,raw_e2e,native,row_contiguous,default,auto,auto,auto,1.0,1.0,0.0,2.0,,,,,38866.19566280085,38501.6506673613,42223.43260383544,0.060081136865039436,884.0520092602216,37219.55400396837,0.9576330631091714,0.9576330631091714,TokenDynamic,41871.1680007012,38866.19566280085,0.9282328991192692,1.0,ok,,benchmarks/ops/matmul-otherlibs/results/raw/rebench-current/x86/local-x86_MatmulOtherlibsVecopsAF3TriangleBench_meta-pack-20260904.json
meta-pack-20260904,local-x86,Native,Intel(R) Xeon(R) w9-3495X,gcc (Ubuntu 13.3.0-6ubuntu2~24.04.1) 13.3.0,vecops,0b7a801a0b816f70245d24001a70ce0561c23389+dirty,AVX-512+AMX-BF16,,A17_tri_mul_r512,af3,triangle_multiplication,512x512x512,128,512,0,gemm_add,bf16xbf16_acc_fp32,TokenDynamic,raw_e2e,native,row_contiguous,default,auto,auto,auto,1.0,1.0,0.0,2.0,,,,,41871.1680007012,41642.74873328395,43420.51420438414,0.032706755658479705,820.6061595278305,37219.55400396837,0.8889065144622923,0.8889065144622923,TokenDynamic,41871.1680007012,38866.19566280085,1.0,1.0773158341498401,ok,,benchmarks/ops/matmul-otherlibs/results/raw/rebench-current/x86/local-x86_MatmulOtherlibsVecopsAF3TriangleBench_meta-pack-20260904.json
meta-pack-20260904,local-x86,Native,Intel(R) Xeon(R) w9-3495X,gcc (Ubuntu 13.3.0-6ubuntu2~24.04.1) 13.3.0,LIBXSMM,3668d249637792dcc988414eb3d2a374033743df,AVX-512+AMX-BF16,,A18_tri_mul_r1536_ch1,af3,triangle_multiplication,1536x1536x1536,1,1536,0,gemm,bf16xbf16_acc_fp32,NA,prepared_execute,native,row_contiguous,default,auto,auto,auto,0.0,0.0,1.0,256.0,,,1.0,0.0,25367.13833008738,25269.51146719512,25594.072600749012,0.0059561767317592405,285.714423822241,4809.752129198563,,0.18960562545968485,TokenDynamic,7564.891842010088,7894.979555405574,3.353271779672531,3.213072073469637,ok,,benchmarks/ops/matmul-otherlibs/results/raw/rebench-current/x86/local-x86_MatmulOtherlibsLIBXSMMBench_meta-pack-20260904.json
meta-pack-20260904,local-x86,Native,Intel(R) Xeon(R) w9-3495X,gcc (Ubuntu 13.3.0-6ubuntu2~24.04.1) 13.3.0,oneDNN,0e2a5bfeef1bfbffc3137464606540233086ce9b,AVX-512+AMX-BF16,brg_matmul:avx10_1_512_amx,A18_tri_mul_r1536_ch1,af3,triangle_multiplication,1536x1536x1536,1,1536,0,gemm,bf16xbf16_acc_fp32,NA,prepared_execute,native,row_contiguous,default,auto,auto,auto,0.0,0.0,1.0,256.0,,,,,3814.628973093538,3810.438567873192,3817.3740484273517,0.000912721260237151,1899.990107326823,4809.752129198563,,1.260870234857471,TokenDynamic,7564.891842010088,7894.979555405574,0.5042542646690297,0.48317148212014294,ok,,benchmarks/ops/matmul-otherlibs/results/raw/rebench-current/x86/local-x86_MatmulOtherlibsOneDNNBench_meta-pack-20260904.json
meta-pack-20260904,local-x86,Native,Intel(R) Xeon(R) w9-3495X,gcc (Ubuntu 13.3.0-6ubuntu2~24.04.1) 13.3.0,OpenBLAS,e0166008be8e466242aa76b2ff75ce3f0fbf574a,AVX-512+AMX-BF16,unspecified,A18_tri_mul_r1536_ch1,af3,triangle_multiplication,1536x1536x1536,1,1536,0,gemm,bf16xbf16_acc_fp32,NA,raw_e2e,native,row_contiguous,default,auto,auto,auto,0.0,1.0,0.0,256.0,,,,,4809.752129198563,4515.420187137,4846.519618971093,0.03513824845316451,1506.8879055120196,4809.752129198563,1.0,1.0,TokenDynamic,7564.891842010088,7894.979555405574,0.6357991931211208,0.609216540137257,ok,,benchmarks/ops/matmul-otherlibs/results/raw/rebench-current/x86/local-x86_MatmulOtherlibsOpenBLASBench_meta-pack-20260904.json
meta-pack-20260904,local-x86,Native,Intel(R) Xeon(R) w9-3495X,gcc (Ubuntu 13.3.0-6ubuntu2~24.04.1) 13.3.0,vecops,0b7a801a0b816f70245d24001a70ce0561c23389+dirty,AVX-512+AMX-BF16,,A18_tri_mul_r1536_ch1,af3,triangle_multiplication,1536x1536x1536,1,1536,0,gemm,bf16xbf16_acc_fp32,AllConst,raw_e2e,native,row_contiguous,default,auto,auto,auto,0.0,1.0,0.0,256.0,,,,,7894.979555405574,7755.14166679285,7915.082322627617,0.0094054911660042,918.0210361707104,4809.752129198563,0.609216540137257,0.609216540137257,TokenDynamic,7564.891842010088,7894.979555405574,1.0436341616363118,1.0,ok,,benchmarks/ops/matmul-otherlibs/results/raw/rebench-current/x86/local-x86_MatmulOtherlibsVecopsAF3TriangleBench_meta-pack-20260904.json
meta-pack-20260904,local-x86,Native,Intel(R) Xeon(R) w9-3495X,gcc (Ubuntu 13.3.0-6ubuntu2~24.04.1) 13.3.0,vecops,0b7a801a0b816f70245d24001a70ce0561c23389+dirty,AVX-512+AMX-BF16,,A18_tri_mul_r1536_ch1,af3,triangle_multiplication,1536x1536x1536,1,1536,0,gemm,bf16xbf16_acc_fp32,TokenDynamic,raw_e2e,native,row_contiguous,default,auto,auto,auto,0.0,1.0,0.0,256.0,,,,,7564.891842010088,7539.322883760751,7578.793473504973,0.0029173662956588635,958.0781144485178,4809.752129198563,0.6357991931211208,0.6357991931211208,TokenDynamic,7564.891842010088,7894.979555405574,1.0,0.9581901750246485,ok,,benchmarks/ops/matmul-otherlibs/results/raw/rebench-current/x86/local-x86_MatmulOtherlibsVecopsAF3TriangleBench_meta-pack-20260904.json
meta-pack-20260904,local-x86,Native,Intel(R) Xeon(R) w9-3495X,gcc (Ubuntu 13.3.0-6ubuntu2~24.04.1) 13.3.0,LIBXSMM,3668d249637792dcc988414eb3d2a374033743df,AVX-512+AMX-BF16,,A18_tri_mul_r1536_ch1,af3,triangle_multiplication,1536x1536x1536,1,1536,0,gemm_add,bf16xbf16_acc_fp32,NA,prepared_execute,native,row_contiguous,default,auto,auto,auto,0.0,0.0,1.0,256.0,,,1.0,0.0,24783.965331153013,24639.115933678117,24863.80103218835,0.00390813375416422,292.43735678122886,4498.783645460442,,0.18151992973479306,TokenDynamic,8265.325529089965,8675.002938616672,2.998546789709055,2.856940280772412,ok,,benchmarks/ops/matmul-otherlibs/results/raw/rebench-current/x86/local-x86_MatmulOtherlibsLIBXSMMBench_meta-pack-20260904.json
meta-pack-20260904,local-x86,Native,Intel(R) Xeon(R) w9-3495X,gcc (Ubuntu 13.3.0-6ubuntu2~24.04.1) 13.3.0,oneDNN,0e2a5bfeef1bfbffc3137464606540233086ce9b,AVX-512+AMX-BF16,brg_matmul:avx10_1_512_amx,A18_tri_mul_r1536_ch1,af3,triangle_multiplication,1536x1536x1536,1,1536,0,gemm_add,bf16xbf16_acc_fp32,NA,prepared_execute,native,row_contiguous,default,auto,auto,auto,0.0,0.0,1.0,256.0,,,,,3830.386621474817,3828.4219782547775,3832.824443108277,0.0004947155503026348,1892.173826883666,4498.783645460442,,1.1744985793962155,TokenDynamic,8265.325529089965,8675.002938616672,0.4634284043615343,0.44154297682412263,ok,,benchmarks/ops/matmul-otherlibs/results/raw/rebench-current/x86/local-x86_MatmulOtherlibsOneDNNBench_meta-pack-20260904.json
meta-pack-20260904,local-x86,Native,Intel(R) Xeon(R) w9-3495X,gcc (Ubuntu 13.3.0-6ubuntu2~24.04.1) 13.3.0,OpenBLAS,e0166008be8e466242aa76b2ff75ce3f0fbf574a,AVX-512+AMX-BF16,unspecified,A18_tri_mul_r1536_ch1,af3,triangle_multiplication,1536x1536x1536,1,1536,0,gemm_add,bf16xbf16_acc_fp32,NA,raw_e2e,native,row_contiguous,default,auto,auto,auto,0.0,1.0,0.0,256.0,,,,,4498.783645460442,4252.111102874961,4558.534896932542,0.03129605469306555,1611.0482039547394,4498.783645460442,1.0,1.0,TokenDynamic,8265.325529089965,8675.002938616672,0.544296002574477,0.5185915990223082,ok,,benchmarks/ops/matmul-otherlibs/results/raw/rebench-current/x86/local-x86_MatmulOtherlibsOpenBLASBench_meta-pack-20260904.json
meta-pack-20260904,local-x86,Native,Intel(R) Xeon(R) w9-3495X,gcc (Ubuntu 13.3.0-6ubuntu2~24.04.1) 13.3.0,vecops,0b7a801a0b816f70245d24001a70ce0561c23389+dirty,AVX-512+AMX-BF16,,A18_tri_mul_r1536_ch1,af3,triangle_multiplication,1536x1536x1536,1,1536,0,gemm_add,bf16xbf16_acc_fp32,AllConst,raw_e2e,native,row_contiguous,default,auto,auto,auto,0.0,1.0,0.0,256.0,,,,,8675.002938616672,8407.841150255992,8727.135687513512,0.016742971861625596,835.4760641909061,4498.783645460442,0.5185915990223082,0.5185915990223082,TokenDynamic,8265.325529089965,8675.002938616672,1.04956579242824,1.0,ok,,benchmarks/ops/matmul-otherlibs/results/raw/rebench-current/x86/local-x86_MatmulOtherlibsVecopsAF3TriangleBench_meta-pack-20260904.json
meta-pack-20260904,local-x86,Native,Intel(R) Xeon(R) w9-3495X,gcc (Ubuntu 13.3.0-6ubuntu2~24.04.1) 13.3.0,vecops,0b7a801a0b816f70245d24001a70ce0561c23389+dirty,AVX-512+AMX-BF16,,A18_tri_mul_r1536_ch1,af3,triangle_multiplication,1536x1536x1536,1,1536,0,gemm_add,bf16xbf16_acc_fp32,TokenDynamic,raw_e2e,native,row_contiguous,default,auto,auto,auto,0.0,1.0,0.0,256.0,,,,,8265.325529089965,8192.009105936022,8319.106811712332,0.006807803790198606,876.8870973673554,4498.783645460442,0.544296002574477,0.544296002574477,TokenDynamic,8265.325529089965,8675.002938616672,1.0,0.9527749543803573,ok,,benchmarks/ops/matmul-otherlibs/results/raw/rebench-current/x86/local-x86_MatmulOtherlibsVecopsAF3TriangleBench_meta-pack-20260904.json
meta-pack-20260904,local-x86,Native,Intel(R) Xeon(R) w9-3495X,gcc (Ubuntu 13.3.0-6ubuntu2~24.04.1) 13.3.0,LIBXSMM,3668d249637792dcc988414eb3d2a374033743df,AVX-512+AMX-BF16,,G01_square,general,square,256x256x256,1,0,0,gemm,bf16xbf16_acc_fp32,NA,prepared_execute,native,row_contiguous,default,auto,auto,auto,0.0,0.0,1.0,1.0,,,1.0,0.0,51.12041028561377,50.86867029219108,51.1999630101874,0.0029409824628810833,656.3803344403681,28.306643545611198,,0.5537248896763493,AllDynamic,20.00813322744557,16.628275170583574,2.5549815019969406,3.074306250118405,ok,,benchmarks/ops/matmul-otherlibs/results/raw/rebench-current/x86/local-x86_MatmulOtherlibsLIBXSMMBench_meta-pack-20260904.json
meta-pack-20260904,local-x86,Native,Intel(R) Xeon(R) w9-3495X,gcc (Ubuntu 13.3.0-6ubuntu2~24.04.1) 13.3.0,oneDNN,0e2a5bfeef1bfbffc3137464606540233086ce9b,AVX-512+AMX-BF16,brg_matmul:avx10_1_512_amx,G01_square,general,square,256x256x256,1,0,0,gemm,bf16xbf16_acc_fp32,NA,prepared_execute,native,row_contiguous,default,auto,auto,auto,0.0,0.0,1.0,1.0,,,,,13.284794814089205,13.20312805115057,13.345905473867104,0.0047912750529769755,2525.777211433767,28.306643545611198,,2.1307550430203523,AllDynamic,20.00813322744557,16.628275170583574,0.6639697298629628,0.7989280113424398,ok,,benchmarks/ops/matmul-otherlibs/results/raw/rebench-current/x86/local-x86_MatmulOtherlibsOneDNNBench_meta-pack-20260904.json
meta-pack-20260904,local-x86,Native,Intel(R) Xeon(R) w9-3495X,gcc (Ubuntu 13.3.0-6ubuntu2~24.04.1) 13.3.0,OpenBLAS,e0166008be8e466242aa76b2ff75ce3f0fbf574a,AVX-512+AMX-BF16,unspecified,G01_square,general,square,256x256x256,1,0,0,gemm,bf16xbf16_acc_fp32,NA,raw_e2e,native,row_contiguous,default,auto,auto,auto,0.0,1.0,0.0,1.0,,,,,28.306643545611198,28.250335121875878,28.536977285534075,0.006502674285157684,1185.3906997462595,28.306643545611198,1.0,1.0,AllDynamic,20.00813322744557,16.628275170583574,1.4147568503183692,1.702319889178125,ok,,benchmarks/ops/matmul-otherlibs/results/raw/rebench-current/x86/local-x86_MatmulOtherlibsOpenBLASBench_meta-pack-20260904.json
meta-pack-20260904,local-x86,Native,Intel(R) Xeon(R) w9-3495X,gcc (Ubuntu 13.3.0-6ubuntu2~24.04.1) 13.3.0,vecops,0b7a801a0b816f70245d24001a70ce0561c23389+dirty,AVX-512+AMX-BF16,,G01_square,general,square,256x256x256,1,0,0,gemm,bf16xbf16_acc_fp32,AllConst,raw_e2e,native,row_contiguous,default,auto,auto,auto,0.0,1.0,0.0,1.0,,,,,16.628275170583574,16.558983457095835,16.65582175344232,0.0027170817963265647,2017.914164624833,28.306643545611198,1.702319889178125,1.702319889178125,AllDynamic,20.00813322744557,16.628275170583574,0.831075792107093,1.0,ok,,benchmarks/ops/matmul-otherlibs/results/raw/rebench-current/x86/local-x86_MatmulOtherlibsVecopsGeneralBench_meta-pack-20260904.json
meta-pack-20260904,local-x86,Native,Intel(R) Xeon(R) w9-3495X,gcc (Ubuntu 13.3.0-6ubuntu2~24.04.1) 13.3.0,vecops,0b7a801a0b816f70245d24001a70ce0561c23389+dirty,AVX-512+AMX-BF16,,G01_square,general,square,256x256x256,1,0,0,gemm,bf16xbf16_acc_fp32,AllDynamic,raw_e2e,native,row_contiguous,default,auto,auto,auto,0.0,1.0,0.0,1.0,,,,,20.00813322744557,18.967394276658684,20.641600767236536,0.04061791980640081,1677.0396127697056,28.306643545611198,1.4147568503183692,1.4147568503183692,AllDynamic,20.00813322744557,16.628275170583574,1.0,1.2032596900273318,ok,,benchmarks/ops/matmul-otherlibs/results/raw/rebench-current/x86/local-x86_MatmulOtherlibsVecopsGeneralBench_meta-pack-20260904.json
meta-pack-20260904,local-x86,Native,Intel(R) Xeon(R) w9-3495X,gcc (Ubuntu 13.3.0-6ubuntu2~24.04.1) 13.3.0,LIBXSMM,3668d249637792dcc988414eb3d2a374033743df,AVX-512+AMX-BF16,,G01_square,general,square,256x256x256,1,0,0,gemm_add,bf16xbf16_acc_fp32,NA,prepared_execute,native,row_contiguous,default,auto,auto,auto,0.0,0.0,1.0,1.0,,,1.0,0.0,56.90732236612755,56.84359382215238,56.93935406322372,0.0007174768783887825,589.6329436152193,24.262170841990876,,0.4263453248756655,AllDynamic,24.25855222488718,20.316135661543846,2.3458663913069615,2.8010898979103933,ok,,benchmarks/ops/matmul-otherlibs/results/raw/rebench-current/x86/local-x86_MatmulOtherlibsLIBXSMMBench_meta-pack-20260904.json
meta-pack-20260904,local-x86,Native,Intel(R) Xeon(R) w9-3495X,gcc (Ubuntu 13.3.0-6ubuntu2~24.04.1) 13.3.0,oneDNN,0e2a5bfeef1bfbffc3137464606540233086ce9b,AVX-512+AMX-BF16,brg_matmul:avx10_1_512_amx,G01_square,general,square,256x256x256,1,0,0,gemm_add,bf16xbf16_acc_fp32,NA,prepared_execute,native,row_contiguous,default,auto,auto,auto,0.0,0.0,1.0,1.0,,,,,14.318173079735857,13.191271365842924,16.589291003006515,0.09737220706057977,2343.4855699215373,24.262170841990876,,1.694501854872009,AllDynamic,24.25855222488718,20.316135661543846,0.5902319704407853,0.7047685307023492,ok,,benchmarks/ops/matmul-otherlibs/results/raw/rebench-current/x86/local-x86_MatmulOtherlibsOneDNNBench_meta-pack-20260904.json
meta-pack-20260904,local-x86,Native,Intel(R) Xeon(R) w9-3495X,gcc (Ubuntu 13.3.0-6ubuntu2~24.04.1) 13.3.0,OpenBLAS,e0166008be8e466242aa76b2ff75ce3f0fbf574a,AVX-512+AMX-BF16,unspecified,G01_square,general,square,256x256x256,1,0,0,gemm_add,bf16xbf16_acc_fp32,NA,raw_e2e,native,row_contiguous,default,auto,auto,auto,0.0,1.0,0.0,1.0,,,,,24.262170841990876,24.23904045488359,24.33149450913241,0.001813366179864804,1382.993806223097,24.262170841990876,1.0,1.0,AllDynamic,24.25855222488718,20.316135661543846,1.0001491687166717,1.1942315825305514,ok,,benchmarks/ops/matmul-otherlibs/results/raw/rebench-current/x86/local-x86_MatmulOtherlibsOpenBLASBench_meta-pack-20260904.json
meta-pack-20260904,local-x86,Native,Intel(R) Xeon(R) w9-3495X,gcc (Ubuntu 13.3.0-6ubuntu2~24.04.1) 13.3.0,vecops,0b7a801a0b816f70245d24001a70ce0561c23389+dirty,AVX-512+AMX-BF16,,G01_square,general,square,256x256x256,1,0,0,gemm_add,bf16xbf16_acc_fp32,AllConst,raw_e2e,native,row_contiguous,default,auto,auto,auto,0.0,1.0,0.0,1.0,,,,,20.316135661543846,20.16878960700254,20.343989170881436,0.0041041775982468675,1651.6148818357597,24.262170841990876,1.1942315825305514,1.1942315825305514,AllDynamic,24.25855222488718,20.316135661543846,0.8374834356644436,1.0,ok,,benchmarks/ops/matmul-otherlibs/results/raw/rebench-current/x86/local-x86_MatmulOtherlibsVecopsGeneralBench_meta-pack-20260904.json
meta-pack-20260904,local-x86,Native,Intel(R) Xeon(R) w9-3495X,gcc (Ubuntu 13.3.0-6ubuntu2~24.04.1) 13.3.0,vecops,0b7a801a0b816f70245d24001a70ce0561c23389+dirty,AVX-512+AMX-BF16,,G01_square,general,square,256x256x256,1,0,0,gemm_add,bf16xbf16_acc_fp32,AllDynamic,raw_e2e,native,row_contiguous,default,auto,auto,auto,0.0,1.0,0.0,1.0,,,,,24.25855222488718,24.23247536548202,24.3057930626096,0.0013596980304677304,1383.2001056343358,24.262170841990876,1.0001491687166717,1.0001491687166717,AllDynamic,24.25855222488718,20.316135661543846,1.0,1.1940534671072256,ok,,benchmarks/ops/matmul-otherlibs/results/raw/rebench-current/x86/local-x86_MatmulOtherlibsVecopsGeneralBench_meta-pack-20260904.json
meta-pack-20260904,local-x86,Native,Intel(R) Xeon(R) w9-3495X,gcc (Ubuntu 13.3.0-6ubuntu2~24.04.1) 13.3.0,LIBXSMM,3668d249637792dcc988414eb3d2a374033743df,AVX-512+AMX-BF16,CPX odd-K fallback (SPR generator SIGFPE),G02_ragged,general,ragged,1025x127x769,1,0,0,gemm,bf16xbf16_acc_fp32,NA,prepared_execute,native,row_contiguous,default,auto,auto,auto,0.0,0.0,1.0,1.0,,,1.0013003901170352,1.0,1984.698328744518,1915.9434053070893,2015.4417203803073,0.022681722496979497,100.87636347567665,275.15416698894427,,0.138637778348411,AllDynamic,280.90285951254583,268.90743465628475,7.065425863547952,7.3806004333102315,ok,,benchmarks/ops/matmul-otherlibs/results/raw/rebench-current/x86/local-x86_MatmulOtherlibsLIBXSMMBench_meta-pack-20260904.json
meta-pack-20260904,local-x86,Native,Intel(R) Xeon(R) w9-3495X,gcc (Ubuntu 13.3.0-6ubuntu2~24.04.1) 13.3.0,oneDNN,0e2a5bfeef1bfbffc3137464606540233086ce9b,AVX-512+AMX-BF16,brg_matmul:avx10_1_512_amx,G02_ragged,general,ragged,1025x127x769,1,0,0,gemm,bf16xbf16_acc_fp32,NA,prepared_execute,native,row_contiguous,default,auto,auto,auto,0.0,0.0,1.0,1.0,,,,,230.0413707087102,229.60220925015886,230.1786108904471,0.001184122776830946,870.3180188119935,275.15416698894427,,1.1961073181804247,AllDynamic,280.90285951254583,268.90743465628475,0.8189356673260778,0.8554667556988417,ok,,benchmarks/ops/matmul-otherlibs/results/raw/rebench-current/x86/local-x86_MatmulOtherlibsOneDNNBench_meta-pack-20260904.json
meta-pack-20260904,local-x86,Native,Intel(R) Xeon(R) w9-3495X,gcc (Ubuntu 13.3.0-6ubuntu2~24.04.1) 13.3.0,OpenBLAS,e0166008be8e466242aa76b2ff75ce3f0fbf574a,AVX-512+AMX-BF16,unspecified,G02_ragged,general,ragged,1025x127x769,1,0,0,gemm,bf16xbf16_acc_fp32,NA,raw_e2e,native,row_contiguous,default,auto,auto,auto,0.0,1.0,0.0,1.0,,,,,275.15416698894427,275.0499882096743,275.54271671114117,0.000887373930448854,727.625360687503,275.15416698894427,1.0,1.0,AllDynamic,280.90285951254583,268.90743465628475,0.9795349448076914,1.0232300469514501,ok,,benchmarks/ops/matmul-otherlibs/results/raw/rebench-current/x86/local-x86_MatmulOtherlibsOpenBLASBench_meta-pack-20260904.json
meta-pack-20260904,local-x86,Native,Intel(R) Xeon(R) w9-3495X,gcc (Ubuntu 13.3.0-6ubuntu2~24.04.1) 13.3.0,vecops,0b7a801a0b816f70245d24001a70ce0561c23389+dirty,AVX-512+AMX-BF16,,G02_ragged,general,ragged,1025x127x769,1,0,0,gemm,bf16xbf16_acc_fp32,AllConst,raw_e2e,native,row_contiguous,default,auto,auto,auto,0.0,1.0,0.0,1.0,,,,,268.90743465628475,268.0955072887278,269.36980693090635,0.0020893894095361993,744.5281319793396,275.15416698894427,1.0232300469514501,1.0232300469514501,AllDynamic,280.90285951254583,268.90743465628475,0.957296893035988,1.0,ok,,benchmarks/ops/matmul-otherlibs/results/raw/rebench-current/x86/local-x86_MatmulOtherlibsVecopsGeneralBench_meta-pack-20260904.json
meta-pack-20260904,local-x86,Native,Intel(R) Xeon(R) w9-3495X,gcc (Ubuntu 13.3.0-6ubuntu2~24.04.1) 13.3.0,vecops,0b7a801a0b816f70245d24001a70ce0561c23389+dirty,AVX-512+AMX-BF16,,G02_ragged,general,ragged,1025x127x769,1,0,0,gemm,bf16xbf16_acc_fp32,AllDynamic,raw_e2e,native,row_contiguous,default,auto,auto,auto,0.0,1.0,0.0,1.0,,,,,280.90285951254583,280.47496456484066,284.2860497309506,0.006557308395657204,712.7344675217098,275.15416698894427,0.9795349448076914,0.9795349448076914,AllDynamic,280.90285951254583,268.90743465628475,1.0,1.044608007478832,ok,,benchmarks/ops/matmul-otherlibs/results/raw/rebench-current/x86/local-x86_MatmulOtherlibsVecopsGeneralBench_meta-pack-20260904.json
meta-pack-20260904,local-x86,Native,Intel(R) Xeon(R) w9-3495X,gcc (Ubuntu 13.3.0-6ubuntu2~24.04.1) 13.3.0,LIBXSMM,3668d249637792dcc988414eb3d2a374033743df,AVX-512+AMX-BF16,CPX odd-K fallback (SPR generator SIGFPE),G02_ragged,general,ragged,1025x127x769,1,0,0,gemm_add,bf16xbf16_acc_fp32,NA,prepared_execute,native,row_contiguous,default,auto,auto,auto,0.0,0.0,1.0,1.0,,,1.0013003901170352,1.0,1948.0289861028618,1939.915974778582,1987.398732502774,0.013781460495514415,102.77524175886587,267.33156618967854,,0.13723182154721933,AllDynamic,308.4971933436304,300.5228741819273,6.3145760419706045,6.482132155183585,ok,,benchmarks/ops/matmul-otherlibs/results/raw/rebench-current/x86/local-x86_MatmulOtherlibsLIBXSMMBench_meta-pack-20260904.json
meta-pack-20260904,local-x86,Native,Intel(R) Xeon(R) w9-3495X,gcc (Ubuntu 13.3.0-6ubuntu2~24.04.1) 13.3.0,oneDNN,0e2a5bfeef1bfbffc3137464606540233086ce9b,AVX-512+AMX-BF16,brg_matmul:avx10_1_512_amx,G02_ragged,general,ragged,1025x127x769,1,0,0,gemm_add,bf16xbf16_acc_fp32,NA,prepared_execute,native,row_contiguous,default,auto,auto,auto,0.0,0.0,1.0,1.0,,,,,224.06632692414297,223.66594647069292,224.620122109907,0.001853365167717799,893.5262729940686,267.33156618967854,,1.1930912148177575,AllDynamic,308.4971933436304,300.5228741819273,0.7263156092138539,0.745588260241715,ok,,benchmarks/ops/matmul-otherlibs/results/raw/rebench-current/x86/local-x86_MatmulOtherlibsOneDNNBench_meta-pack-20260904.json
meta-pack-20260904,local-x86,Native,Intel(R) Xeon(R) w9-3495X,gcc (Ubuntu 13.3.0-6ubuntu2~24.04.1) 13.3.0,OpenBLAS,e0166008be8e466242aa76b2ff75ce3f0fbf574a,AVX-512+AMX-BF16,unspecified,G02_ragged,general,ragged,1025x127x769,1,0,0,gemm_add,bf16xbf16_acc_fp32,NA,raw_e2e,native,row_contiguous,default,auto,auto,auto,0.0,1.0,0.0,1.0,,,,,267.33156618967854,266.9911389753058,267.4706537417724,0.0008426007530168319,748.916982957211,267.33156618967854,1.0,1.0,AllDynamic,308.4971933436304,300.5228741819273,0.8665607725380565,0.889554803165646,ok,,benchmarks/ops/matmul-otherlibs/results/raw/rebench-current/x86/local-x86_MatmulOtherlibsOpenBLASBench_meta-pack-20260904.json
meta-pack-20260904,local-x86,Native,Intel(R) Xeon(R) w9-3495X,gcc (Ubuntu 13.3.0-6ubuntu2~24.04.1) 13.3.0,vecops,0b7a801a0b816f70245d24001a70ce0561c23389+dirty,AVX-512+AMX-BF16,,G02_ragged,general,ragged,1025x127x769,1,0,0,gemm_add,bf16xbf16_acc_fp32,AllConst,raw_e2e,native,row_contiguous,default,auto,auto,auto,0.0,1.0,0.0,1.0,,,,,300.5228741819273,300.3702720881366,301.3951300299847,0.0017343157315531745,666.2026993619113,267.33156618967854,0.889554803165646,0.889554803165646,AllDynamic,308.4971933436304,300.5228741819273,0.9741510803541716,1.0,ok,,benchmarks/ops/matmul-otherlibs/results/raw/rebench-current/x86/local-x86_MatmulOtherlibsVecopsGeneralBench_meta-pack-20260904.json
meta-pack-20260904,local-x86,Native,Intel(R) Xeon(R) w9-3495X,gcc (Ubuntu 13.3.0-6ubuntu2~24.04.1) 13.3.0,vecops,0b7a801a0b816f70245d24001a70ce0561c23389+dirty,AVX-512+AMX-BF16,,G02_ragged,general,ragged,1025x127x769,1,0,0,gemm_add,bf16xbf16_acc_fp32,AllDynamic,raw_e2e,native,row_contiguous,default,auto,auto,auto,0.0,1.0,0.0,1.0,,,,,308.4971933436304,308.02090505168746,309.4187314279255,0.0022670527711619666,648.9820793182712,267.33156618967854,0.8665607725380565,0.8665607725380565,AllDynamic,308.4971933436304,300.5228741819273,1.0,1.0265348159716976,ok,,benchmarks/ops/matmul-otherlibs/results/raw/rebench-current/x86/local-x86_MatmulOtherlibsVecopsGeneralBench_meta-pack-20260904.json
meta-pack-20260904,local-x86,Native,Intel(R) Xeon(R) w9-3495X,gcc (Ubuntu 13.3.0-6ubuntu2~24.04.1) 13.3.0,LIBXSMM,3668d249637792dcc988414eb3d2a374033743df,AVX-512+AMX-BF16,,G03_conv1x1,general,conv1x1,64x3136x576,1,0,0,gemm,bf16xbf16_acc_fp32,NA,prepared_execute,native,row_contiguous,default,auto,auto,auto,0.0,0.0,1.0,1.0,,,1.0,0.0,502.2582556998937,495.31260986247514,504.73214163383864,0.010341225115197228,460.34287217003316,307.6660132861853,,0.612565368104213,AllDynamic,234.39453432720208,219.86899055092474,2.1427899636890353,2.284352397495379,ok,,benchmarks/ops/matmul-otherlibs/results/raw/rebench-current/x86/local-x86_MatmulOtherlibsLIBXSMMBench_meta-pack-20260904.json
meta-pack-20260904,local-x86,Native,Intel(R) Xeon(R) w9-3495X,gcc (Ubuntu 13.3.0-6ubuntu2~24.04.1) 13.3.0,oneDNN,0e2a5bfeef1bfbffc3137464606540233086ce9b,AVX-512+AMX-BF16,brg_matmul:avx10_1_512_amx,G03_conv1x1,general,conv1x1,64x3136x576,1,0,0,gemm,bf16xbf16_acc_fp32,NA,prepared_execute,native,row_contiguous,default,auto,auto,auto,0.0,0.0,1.0,1.0,,,,,181.30106477632665,181.052491192192,181.67719741833244,0.0015078016561386564,1275.2876453607587,307.6660132861853,,1.6969895552778835,AllDynamic,234.39453432720208,219.86899055092474,0.7734867423283863,0.8245867883508329,ok,,benchmarks/ops/matmul-otherlibs/results/raw/rebench-current/x86/local-x86_MatmulOtherlibsOneDNNBench_meta-pack-20260904.json
meta-pack-20260904,local-x86,Native,Intel(R) Xeon(R) w9-3495X,gcc (Ubuntu 13.3.0-6ubuntu2~24.04.1) 13.3.0,OpenBLAS,e0166008be8e466242aa76b2ff75ce3f0fbf574a,AVX-512+AMX-BF16,unspecified,G03_conv1x1,general,conv1x1,64x3136x576,1,0,0,gemm,bf16xbf16_acc_fp32,NA,raw_e2e,native,row_contiguous,default,auto,auto,auto,0.0,1.0,0.0,1.0,,,,,307.6660132861853,307.381723438744,307.8834637144449,0.0008911796285671335,751.4999967998796,307.6660132861853,1.0,1.0,AllDynamic,234.39453432720208,219.86899055092474,1.312598922877187,1.399315167251498,ok,,benchmarks/ops/matmul-otherlibs/results/raw/rebench-current/x86/local-x86_MatmulOtherlibsOpenBLASBench_meta-pack-20260904.json
meta-pack-20260904,local-x86,Native,Intel(R) Xeon(R) w9-3495X,gcc (Ubuntu 13.3.0-6ubuntu2~24.04.1) 13.3.0,vecops,0b7a801a0b816f70245d24001a70ce0561c23389+dirty,AVX-512+AMX-BF16,,G03_conv1x1,general,conv1x1,64x3136x576,1,0,0,gemm,bf16xbf16_acc_fp32,AllConst,raw_e2e,native,row_contiguous,default,auto,auto,auto,0.0,1.0,0.0,1.0,,,,,219.86899055092474,219.69948083663112,220.55865442980686,0.0018323146949482299,1051.585343711524,307.6660132861853,1.399315167251498,1.399315167251498,AllDynamic,234.39453432720208,219.86899055092474,0.9380295115755537,1.0,ok,,benchmarks/ops/matmul-otherlibs/results/raw/rebench-current/x86/local-x86_MatmulOtherlibsVecopsGeneralBench_meta-pack-20260904.json
meta-pack-20260904,local-x86,Native,Intel(R) Xeon(R) w9-3495X,gcc (Ubuntu 13.3.0-6ubuntu2~24.04.1) 13.3.0,vecops,0b7a801a0b816f70245d24001a70ce0561c23389+dirty,AVX-512+AMX-BF16,,G03_conv1x1,general,conv1x1,64x3136x576,1,0,0,gemm,bf16xbf16_acc_fp32,AllDynamic,raw_e2e,native,row_contiguous,default,auto,auto,auto,0.0,1.0,0.0,1.0,,,,,234.39453432720208,234.28587604881926,234.60953403381282,0.0006582022555833135,986.4180863417316,307.6660132861853,1.312598922877187,1.312598922877187,AllDynamic,234.39453432720208,219.86899055092474,1.0,1.0660645402513595,ok,,benchmarks/ops/matmul-otherlibs/results/raw/rebench-current/x86/local-x86_MatmulOtherlibsVecopsGeneralBench_meta-pack-20260904.json
meta-pack-20260904,local-x86,Native,Intel(R) Xeon(R) w9-3495X,gcc (Ubuntu 13.3.0-6ubuntu2~24.04.1) 13.3.0,LIBXSMM,3668d249637792dcc988414eb3d2a374033743df,AVX-512+AMX-BF16,,G03_conv1x1,general,conv1x1,64x3136x576,1,0,0,gemm_add,bf16xbf16_acc_fp32,NA,prepared_execute,native,row_contiguous,default,auto,auto,auto,0.0,0.0,1.0,1.0,,,1.0,0.0,452.4604123321592,452.26595455980197,454.15200905378475,0.0026001228891337756,511.00825994532295,289.06609259886903,,0.6388759872027445,AllDynamic,285.5665478765274,263.5634282959696,1.584430724455138,1.7167040786253054,ok,,benchmarks/ops/matmul-otherlibs/results/raw/rebench-current/x86/local-x86_MatmulOtherlibsLIBXSMMBench_meta-pack-20260904.json
meta-pack-20260904,local-x86,Native,Intel(R) Xeon(R) w9-3495X,gcc (Ubuntu 13.3.0-6ubuntu2~24.04.1) 13.3.0,oneDNN,0e2a5bfeef1bfbffc3137464606540233086ce9b,AVX-512+AMX-BF16,brg_matmul:avx10_1_512_amx,G03_conv1x1,general,conv1x1,64x3136x576,1,0,0,gemm_add,bf16xbf16_acc_fp32,NA,prepared_execute,native,row_contiguous,default,auto,auto,auto,0.0,0.0,1.0,1.0,,,,,160.8148901574143,159.97987618036908,160.8950219669079,0.0028300656238340336,1437.746266988574,289.06609259886903,,1.7975082550870476,AllDynamic,285.5665478765274,263.5634282959696,0.5631433070618169,0.6101563149225188,ok,,benchmarks/ops/matmul-otherlibs/results/raw/rebench-current/x86/local-x86_MatmulOtherlibsOneDNNBench_meta-pack-20260904.json
meta-pack-20260904,local-x86,Native,Intel(R) Xeon(R) w9-3495X,gcc (Ubuntu 13.3.0-6ubuntu2~24.04.1) 13.3.0,OpenBLAS,e0166008be8e466242aa76b2ff75ce3f0fbf574a,AVX-512+AMX-BF16,unspecified,G03_conv1x1,general,conv1x1,64x3136x576,1,0,0,gemm_add,bf16xbf16_acc_fp32,NA,raw_e2e,native,row_contiguous,default,auto,auto,auto,0.0,1.0,0.0,1.0,,,,,289.06609259886903,287.83607693320073,289.5148489681751,0.002749253286190538,799.8551677966833,289.06609259886903,1.0,1.0,AllDynamic,285.5665478765274,263.5634282959696,1.012254743240636,1.0967610129667198,ok,,benchmarks/ops/matmul-otherlibs/results/raw/rebench-current/x86/local-x86_MatmulOtherlibsOpenBLASBench_meta-pack-20260904.json
meta-pack-20260904,local-x86,Native,Intel(R) Xeon(R) w9-3495X,gcc (Ubuntu 13.3.0-6ubuntu2~24.04.1) 13.3.0,vecops,0b7a801a0b816f70245d24001a70ce0561c23389+dirty,AVX-512+AMX-BF16,,G03_conv1x1,general,conv1x1,64x3136x576,1,0,0,gemm_add,bf16xbf16_acc_fp32,AllConst,raw_e2e,native,row_contiguous,default,auto,auto,auto,0.0,1.0,0.0,1.0,,,,,263.5634282959696,263.0061037807708,263.9984267869226,0.0017001812409618243,877.2499640593562,289.06609259886903,1.0967610129667198,1.0967610129667198,AllDynamic,285.5665478765274,263.5634282959696,0.9229492398736021,1.0,ok,,benchmarks/ops/matmul-otherlibs/results/raw/rebench-current/x86/local-x86_MatmulOtherlibsVecopsGeneralBench_meta-pack-20260904.json
meta-pack-20260904,local-x86,Native,Intel(R) Xeon(R) w9-3495X,gcc (Ubuntu 13.3.0-6ubuntu2~24.04.1) 13.3.0,vecops,0b7a801a0b816f70245d24001a70ce0561c23389+dirty,AVX-512+AMX-BF16,,G03_conv1x1,general,conv1x1,64x3136x576,1,0,0,gemm_add,bf16xbf16_acc_fp32,AllDynamic,raw_e2e,native,row_contiguous,default,auto,auto,auto,0.0,1.0,0.0,1.0,,,,,285.5665478765274,285.1135727295997,289.0941840923693,0.010015815836388787,809.6571875077275,289.06609259886903,1.012254743240636,1.012254743240636,AllDynamic,285.5665478765274,263.5634282959696,1.0,1.0834832044901517,ok,,benchmarks/ops/matmul-otherlibs/results/raw/rebench-current/x86/local-x86_MatmulOtherlibsVecopsGeneralBench_meta-pack-20260904.json
meta-pack-20260904,local-x86,Native,Intel(R) Xeon(R) w9-3495X,gcc (Ubuntu 13.3.0-6ubuntu2~24.04.1) 13.3.0,LIBXSMM,3668d249637792dcc988414eb3d2a374033743df,AVX-512+AMX-BF16,,G04_rank_reduce,general,rank_reduce,64x1024x4096,1,0,0,gemm,bf16xbf16_acc_fp32,NA,prepared_execute,native,row_contiguous,default,auto,auto,auto,0.0,0.0,1.0,1.0,,,1.0,0.0,898.7707628059583,896.5317268470802,900.0434103654699,0.0017928427566224914,597.3390927002247,659.8862065133495,,0.7342096937523732,AllDynamic,561.2526786509886,526.3380369999343,1.6013656539978014,1.7075922688940501,ok,,benchmarks/ops/matmul-otherlibs/results/raw/rebench-current/x86/local-x86_MatmulOtherlibsLIBXSMMBench_meta-pack-20260904.json
meta-pack-20260904,local-x86,Native,Intel(R) Xeon(R) w9-3495X,gcc (Ubuntu 13.3.0-6ubuntu2~24.04.1) 13.3.0,oneDNN,0e2a5bfeef1bfbffc3137464606540233086ce9b,AVX-512+AMX-BF16,brg_matmul:avx10_1_512_amx,G04_rank_reduce,general,rank_reduce,64x1024x4096,1,0,0,gemm,bf16xbf16_acc_fp32,NA,prepared_execute,native,row_contiguous,default,auto,auto,auto,0.0,0.0,1.0,1.0,,,,,335.80711246223046,334.8535688902568,338.24911099328307,0.004596071659844296,1598.74788852301,659.8862065133495,,1.965075133980581,AllDynamic,561.2526786509886,526.3380369999343,0.5983171666447403,0.6380065449502605,ok,,benchmarks/ops/matmul-otherlibs/results/raw/rebench-current/x86/local-x86_MatmulOtherlibsOneDNNBench_meta-pack-20260904.json
meta-pack-20260904,local-x86,Native,Intel(R) Xeon(R) w9-3495X,gcc (Ubuntu 13.3.0-6ubuntu2~24.04.1) 13.3.0,OpenBLAS,e0166008be8e466242aa76b2ff75ce3f0fbf574a,AVX-512+AMX-BF16,unspecified,G04_rank_reduce,general,rank_reduce,64x1024x4096,1,0,0,gemm,bf16xbf16_acc_fp32,NA,raw_e2e,native,row_contiguous,default,auto,auto,auto,0.0,1.0,0.0,1.0,,,,,659.8862065133495,657.8797878131288,661.046484467779,0.0021327201721230266,813.5810488245735,659.8862065133495,1.0,1.0,AllDynamic,561.2526786509886,526.3380369999343,1.1757381864072947,1.2537307967986207,ok,,benchmarks/ops/matmul-otherlibs/results/raw/rebench-current/x86/local-x86_MatmulOtherlibsOpenBLASBench_meta-pack-20260904.json
meta-pack-20260904,local-x86,Native,Intel(R) Xeon(R) w9-3495X,gcc (Ubuntu 13.3.0-6ubuntu2~24.04.1) 13.3.0,vecops,0b7a801a0b816f70245d24001a70ce0561c23389+dirty,AVX-512+AMX-BF16,,G04_rank_reduce,general,rank_reduce,64x1024x4096,1,0,0,gemm,bf16xbf16_acc_fp32,AllConst,raw_e2e,native,row_contiguous,default,auto,auto,auto,0.0,1.0,0.0,1.0,,,,,526.3380369999343,519.3246503714128,531.4849110975586,0.011225476390583142,1020.0116166030901,659.8862065133495,1.2537307967986207,1.2537307967986207,AllDynamic,561.2526786509886,526.3380369999343,0.9377915812625176,1.0,ok,,benchmarks/ops/matmul-otherlibs/results/raw/rebench-current/x86/local-x86_MatmulOtherlibsVecopsGeneralBench_meta-pack-20260904.json
meta-pack-20260904,local-x86,Native,Intel(R) Xeon(R) w9-3495X,gcc (Ubuntu 13.3.0-6ubuntu2~24.04.1) 13.3.0,vecops,0b7a801a0b816f70245d24001a70ce0561c23389+dirty,AVX-512+AMX-BF16,,G04_rank_reduce,general,rank_reduce,64x1024x4096,1,0,0,gemm,bf16xbf16_acc_fp32,AllDynamic,raw_e2e,native,row_contiguous,default,auto,auto,auto,0.0,1.0,0.0,1.0,,,,,561.2526786509886,560.7512979637307,561.3374103741519,0.0005740432079097136,956.5583068403487,659.8862065133495,1.1757381864072947,1.1757381864072947,AllDynamic,561.2526786509886,526.3380369999343,1.0,1.0663350151360214,ok,,benchmarks/ops/matmul-otherlibs/results/raw/rebench-current/x86/local-x86_MatmulOtherlibsVecopsGeneralBench_meta-pack-20260904.json
meta-pack-20260904,local-x86,Native,Intel(R) Xeon(R) w9-3495X,gcc (Ubuntu 13.3.0-6ubuntu2~24.04.1) 13.3.0,LIBXSMM,3668d249637792dcc988414eb3d2a374033743df,AVX-512+AMX-BF16,,G04_rank_reduce,general,rank_reduce,64x1024x4096,1,0,0,gemm_add,bf16xbf16_acc_fp32,NA,prepared_execute,native,row_contiguous,default,auto,auto,auto,0.0,0.0,1.0,1.0,,,1.0,0.0,888.4819682770043,887.5691670485287,889.7738126725478,0.0011977401427022763,604.256395930163,653.1568038196816,,0.7351379399250174,AllDynamic,552.1692755434104,536.5174341325959,1.6090753463285619,1.6560169563053253,ok,,benchmarks/ops/matmul-otherlibs/results/raw/rebench-current/x86/local-x86_MatmulOtherlibsLIBXSMMBench_meta-pack-20260904.json
meta-pack-20260904,local-x86,Native,Intel(R) Xeon(R) w9-3495X,gcc (Ubuntu 13.3.0-6ubuntu2~24.04.1) 13.3.0,oneDNN,0e2a5bfeef1bfbffc3137464606540233086ce9b,AVX-512+AMX-BF16,brg_matmul:avx10_1_512_amx,G04_rank_reduce,general,rank_reduce,64x1024x4096,1,0,0,gemm_add,bf16xbf16_acc_fp32,NA,prepared_execute,native,row_contiguous,default,auto,auto,auto,0.0,0.0,1.0,1.0,,,,,334.54833411098167,334.29722146904606,335.6808267377077,0.0025306087911709965,1604.7633697733515,653.1568038196816,,1.9523540762962104,AllDynamic,552.1692755434104,536.5174341325959,0.6058800243489465,0.6235553829706506,ok,,benchmarks/ops/matmul-otherlibs/results/raw/rebench-current/x86/local-x86_MatmulOtherlibsOneDNNBench_meta-pack-20260904.json
meta-pack-20260904,local-x86,Native,Intel(R) Xeon(R) w9-3495X,gcc (Ubuntu 13.3.0-6ubuntu2~24.04.1) 13.3.0,OpenBLAS,e0166008be8e466242aa76b2ff75ce3f0fbf574a,AVX-512+AMX-BF16,unspecified,G04_rank_reduce,general,rank_reduce,64x1024x4096,1,0,0,gemm_add,bf16xbf16_acc_fp32,NA,raw_e2e,native,row_contiguous,default,auto,auto,auto,0.0,1.0,0.0,1.0,,,,,653.1568038196816,614.4699457789135,654.9375047134756,0.03013231713956725,821.9632848656892,653.1568038196816,1.0,1.0,AllDynamic,552.1692755434104,536.5174341325959,1.182892335284113,1.2174008937391945,ok,,benchmarks/ops/matmul-otherlibs/results/raw/rebench-current/x86/local-x86_MatmulOtherlibsOpenBLASBench_meta-pack-20260904.json
meta-pack-20260904,local-x86,Native,Intel(R) Xeon(R) w9-3495X,gcc (Ubuntu 13.3.0-6ubuntu2~24.04.1) 13.3.0,vecops,0b7a801a0b816f70245d24001a70ce0561c23389+dirty,AVX-512+AMX-BF16,,G04_rank_reduce,general,rank_reduce,64x1024x4096,1,0,0,gemm_add,bf16xbf16_acc_fp32,AllConst,raw_e2e,native,row_contiguous,default,auto,auto,auto,0.0,1.0,0.0,1.0,,,,,536.5174341325959,533.5389139661348,560.6713356646933,0.0306293719937899,1000.658837616294,653.1568038196816,1.2174008937391945,1.2174008937391945,AllDynamic,552.1692755434104,536.5174341325959,0.9716539074083559,1.0,ok,,benchmarks/ops/matmul-otherlibs/results/raw/rebench-current/x86/local-x86_MatmulOtherlibsVecopsGeneralBench_meta-pack-20260904.json
meta-pack-20260904,local-x86,Native,Intel(R) Xeon(R) w9-3495X,gcc (Ubuntu 13.3.0-6ubuntu2~24.04.1) 13.3.0,vecops,0b7a801a0b816f70245d24001a70ce0561c23389+dirty,AVX-512+AMX-BF16,,G04_rank_reduce,general,rank_reduce,64x1024x4096,1,0,0,gemm_add,bf16xbf16_acc_fp32,AllDynamic,raw_e2e,native,row_contiguous,default,auto,auto,auto,0.0,1.0,0.0,1.0,,,,,552.1692755434104,551.79269134166,552.4514527628419,0.0007100747672272933,972.2940695525756,653.1568038196816,1.182892335284113,1.182892335284113,AllDynamic,552.1692755434104,536.5174341325959,1.0,1.0291730341179302,ok,,benchmarks/ops/matmul-otherlibs/results/raw/rebench-current/x86/local-x86_MatmulOtherlibsVecopsGeneralBench_meta-pack-20260904.json
meta-pack-20260904,local-x86,Native,Intel(R) Xeon(R) w9-3495X,gcc (Ubuntu 13.3.0-6ubuntu2~24.04.1) 13.3.0,LIBXSMM,3668d249637792dcc988414eb3d2a374033743df,AVX-512+AMX-BF16,,G05_rank_expand,general,rank_expand,1024x64x4096,1,0,0,gemm,bf16xbf16_acc_fp32,NA,prepared_execute,native,row_contiguous,default,auto,auto,auto,0.0,0.0,1.0,1.0,,,1.0,0.0,1962.1316528678615,1950.2100555756547,1996.95440282489,0.013273546616583587,273.61615170689834,618.794070792681,,0.31536827301483494,AllDynamic,960.5900833978213,921.6710394340272,2.0426315936214583,2.128885002259323,ok,,benchmarks/ops/matmul-otherlibs/results/raw/rebench-current/x86/local-x86_MatmulOtherlibsLIBXSMMBench_meta-pack-20260904.json
meta-pack-20260904,local-x86,Native,Intel(R) Xeon(R) w9-3495X,gcc (Ubuntu 13.3.0-6ubuntu2~24.04.1) 13.3.0,oneDNN,0e2a5bfeef1bfbffc3137464606540233086ce9b,AVX-512+AMX-BF16,brg_matmul:avx10_1_512_amx,G05_rank_expand,general,rank_expand,1024x64x4096,1,0,0,gemm,bf16xbf16_acc_fp32,NA,prepared_execute,native,row_contiguous,default,auto,auto,auto,0.0,0.0,1.0,1.0,,,,,680.3505674235147,674.835277879118,681.8143720850528,0.00467612959567969,789.1092294273059,618.794070792681,,0.9095223851080952,AllDynamic,960.5900833978213,921.6710394340272,0.7082631594706486,0.7381707120159696,ok,,benchmarks/ops/matmul-otherlibs/results/raw/rebench-current/x86/local-x86_MatmulOtherlibsOneDNNBench_meta-pack-20260904.json
meta-pack-20260904,local-x86,Native,Intel(R) Xeon(R) w9-3495X,gcc (Ubuntu 13.3.0-6ubuntu2~24.04.1) 13.3.0,OpenBLAS,e0166008be8e466242aa76b2ff75ce3f0fbf574a,AVX-512+AMX-BF16,unspecified,G05_rank_expand,general,rank_expand,1024x64x4096,1,0,0,gemm,bf16xbf16_acc_fp32,NA,raw_e2e,native,row_contiguous,default,auto,auto,auto,0.0,1.0,0.0,1.0,,,,,618.794070792681,618.0880876387822,631.3161797248716,0.010039951981024952,867.6083649480728,618.794070792681,1.0,1.0,AllDynamic,960.5900833978213,921.6710394340272,0.6441811980859394,0.6713827866097056,ok,,benchmarks/ops/matmul-otherlibs/results/raw/rebench-current/x86/local-x86_MatmulOtherlibsOpenBLASBench_meta-pack-20260904.json
meta-pack-20260904,local-x86,Native,Intel(R) Xeon(R) w9-3495X,gcc (Ubuntu 13.3.0-6ubuntu2~24.04.1) 13.3.0,vecops,0b7a801a0b816f70245d24001a70ce0561c23389+dirty,AVX-512+AMX-BF16,,G05_rank_expand,general,rank_expand,1024x64x4096,1,0,0,gemm,bf16xbf16_acc_fp32,AllConst,raw_e2e,native,row_contiguous,default,auto,auto,auto,0.0,1.0,0.0,1.0,,,,,921.6710394340272,920.9160934245263,922.8634697424958,0.0010179043992044059,582.4973217447275,618.794070792681,0.6713827866097056,0.6713827866097056,AllDynamic,960.5900833978213,921.6710394340272,0.9594842330392077,1.0,ok,,benchmarks/ops/matmul-otherlibs/results/raw/rebench-current/x86/local-x86_MatmulOtherlibsVecopsGeneralBench_meta-pack-20260904.json
meta-pack-20260904,local-x86,Native,Intel(R) Xeon(R) w9-3495X,gcc (Ubuntu 13.3.0-6ubuntu2~24.04.1) 13.3.0,vecops,0b7a801a0b816f70245d24001a70ce0561c23389+dirty,AVX-512+AMX-BF16,,G05_rank_expand,general,rank_expand,1024x64x4096,1,0,0,gemm,bf16xbf16_acc_fp32,AllDynamic,raw_e2e,native,row_contiguous,default,auto,auto,auto,0.0,1.0,0.0,1.0,,,,,960.5900833978213,952.15881814915,969.7013986119097,0.008501656656404228,558.8969960016326,618.794070792681,0.6441811980859394,0.6441811980859394,AllDynamic,960.5900833978213,921.6710394340272,1.0,1.0422266104701448,ok,,benchmarks/ops/matmul-otherlibs/results/raw/rebench-current/x86/local-x86_MatmulOtherlibsVecopsGeneralBench_meta-pack-20260904.json
meta-pack-20260904,local-x86,Native,Intel(R) Xeon(R) w9-3495X,gcc (Ubuntu 13.3.0-6ubuntu2~24.04.1) 13.3.0,LIBXSMM,3668d249637792dcc988414eb3d2a374033743df,AVX-512+AMX-BF16,,G05_rank_expand,general,rank_expand,1024x64x4096,1,0,0,gemm_add,bf16xbf16_acc_fp32,NA,prepared_execute,native,row_contiguous,default,auto,auto,auto,0.0,0.0,1.0,1.0,,,1.0,0.0,2008.2052316233192,1959.450107128562,2036.1684202014105,0.016542706529839683,267.3386681529676,614.8952368101545,,0.3061914325923293,AllDynamic,1021.6326714513727,911.2259675068298,1.9656822728372434,2.20384987174794,ok,,benchmarks/ops/matmul-otherlibs/results/raw/rebench-current/x86/local-x86_MatmulOtherlibsLIBXSMMBench_meta-pack-20260904.json
meta-pack-20260904,local-x86,Native,Intel(R) Xeon(R) w9-3495X,gcc (Ubuntu 13.3.0-6ubuntu2~24.04.1) 13.3.0,oneDNN,0e2a5bfeef1bfbffc3137464606540233086ce9b,AVX-512+AMX-BF16,brg_matmul:avx10_1_512_amx,G05_rank_expand,general,rank_expand,1024x64x4096,1,0,0,gemm_add,bf16xbf16_acc_fp32,NA,prepared_execute,native,row_contiguous,default,auto,auto,auto,0.0,0.0,1.0,1.0,,,,,640.4622591534544,636.0776326883669,642.7629400224594,0.0050518530562559845,838.2553449903845,614.8952368101545,,0.9600803607427334,AllDynamic,1021.6326714513727,911.2259675068298,0.6269007218059969,0.7028577784123059,ok,,benchmarks/ops/matmul-otherlibs/results/raw/rebench-current/x86/local-x86_MatmulOtherlibsOneDNNBench_meta-pack-20260904.json
meta-pack-20260904,local-x86,Native,Intel(R) Xeon(R) w9-3495X,gcc (Ubuntu 13.3.0-6ubuntu2~24.04.1) 13.3.0,OpenBLAS,e0166008be8e466242aa76b2ff75ce3f0fbf574a,AVX-512+AMX-BF16,unspecified,G05_rank_expand,general,rank_expand,1024x64x4096,1,0,0,gemm_add,bf16xbf16_acc_fp32,NA,raw_e2e,native,row_contiguous,default,auto,auto,auto,0.0,1.0,0.0,1.0,,,,,614.8952368101545,614.4507306632013,626.7595851360902,0.009431282026651317,873.1095638097387,614.8952368101545,1.0,1.0,AllDynamic,1021.6326714513727,911.2259675068298,0.6018750711413814,0.6747999494489229,ok,,benchmarks/ops/matmul-otherlibs/results/raw/rebench-current/x86/local-x86_MatmulOtherlibsOpenBLASBench_meta-pack-20260904.json
meta-pack-20260904,local-x86,Native,Intel(R) Xeon(R) w9-3495X,gcc (Ubuntu 13.3.0-6ubuntu2~24.04.1) 13.3.0,vecops,0b7a801a0b816f70245d24001a70ce0561c23389+dirty,AVX-512+AMX-BF16,,G05_rank_expand,general,rank_expand,1024x64x4096,1,0,0,gemm_add,bf16xbf16_acc_fp32,AllConst,raw_e2e,native,row_contiguous,default,auto,auto,auto,0.0,1.0,0.0,1.0,,,,,911.2259675068298,909.1479584344892,912.5560090813617,0.0018708524480912,589.1742895221828,614.8952368101545,0.6747999494489229,0.6747999494489229,AllDynamic,1021.6326714513727,911.2259675068298,0.8919311147443094,1.0,ok,,benchmarks/ops/matmul-otherlibs/results/raw/rebench-current/x86/local-x86_MatmulOtherlibsVecopsGeneralBench_meta-pack-20260904.json
meta-pack-20260904,local-x86,Native,Intel(R) Xeon(R) w9-3495X,gcc (Ubuntu 13.3.0-6ubuntu2~24.04.1) 13.3.0,vecops,0b7a801a0b816f70245d24001a70ce0561c23389+dirty,AVX-512+AMX-BF16,,G05_rank_expand,general,rank_expand,1024x64x4096,1,0,0,gemm_add,bf16xbf16_acc_fp32,AllDynamic,raw_e2e,native,row_contiguous,default,auto,auto,auto,0.0,1.0,0.0,1.0,,,,,1021.6326714513727,1020.6257956303031,1022.5950088521915,0.000867800322643882,525.502880832207,614.8952368101545,0.6018750711413814,0.6018750711413814,AllDynamic,1021.6326714513727,911.2259675068298,1.0,1.1211628156807498,ok,,benchmarks/ops/matmul-otherlibs/results/raw/rebench-current/x86/local-x86_MatmulOtherlibsVecopsGeneralBench_meta-pack-20260904.json
meta-pack-20260904,local-x86,Native,Intel(R) Xeon(R) w9-3495X,gcc (Ubuntu 13.3.0-6ubuntu2~24.04.1) 13.3.0,LIBXSMM,3668d249637792dcc988414eb3d2a374033743df,AVX-512+AMX-BF16,,L01_qkv_decode,llm,qkv,4096x1x4096,1,1,0,bias,bf16xbf16_acc_fp32,NA,prepared_execute,separate,row_contiguous,default,auto,auto,auto,0.0,0.0,1.0,1.0,,,1.0,0.0,3174.0556362571874,3172.2545771944256,3177.6740365206606,0.0009321538436542798,10.571469389732258,1664.0864643185134,,0.524277660829155,TokenDynamic,941.7089524355773,941.3328790965322,3.370527197440364,3.371873761918915,ok,,benchmarks/ops/matmul-otherlibs/results/raw/rebench-current/x86/local-x86_MatmulOtherlibsLIBXSMMBench_meta-pack-20260904.json
meta-pack-20260904,local-x86,Native,Intel(R) Xeon(R) w9-3495X,gcc (Ubuntu 13.3.0-6ubuntu2~24.04.1) 13.3.0,oneDNN,0e2a5bfeef1bfbffc3137464606540233086ce9b,AVX-512+AMX-BF16,brg_matmul:avx512_core_bf16,L01_qkv_decode,llm,qkv,4096x1x4096,1,1,0,bias,bf16xbf16_acc_fp32,NA,prepared_execute,separate,row_contiguous,default,auto,auto,auto,0.0,0.0,1.0,1.0,,,,,937.0947466231883,936.0471306911983,944.9005679925905,0.006887301460331347,35.806872379674594,1664.0864643185134,,1.775793184536604,TokenDynamic,941.7089524355773,941.3328790965322,0.9951001784569902,0.9954977324520826,ok,,benchmarks/ops/matmul-otherlibs/results/raw/rebench-current/x86/local-x86_MatmulOtherlibsOneDNNBench_meta-pack-20260904.json
meta-pack-20260904,local-x86,Native,Intel(R) Xeon(R) w9-3495X,gcc (Ubuntu 13.3.0-6ubuntu2~24.04.1) 13.3.0,OpenBLAS,e0166008be8e466242aa76b2ff75ce3f0fbf574a,AVX-512+AMX-BF16,unspecified,L01_qkv_decode,llm,qkv,4096x1x4096,1,1,0,bias,bf16xbf16_acc_fp32,NA,raw_e2e,separate,row_contiguous,default,auto,auto,auto,0.0,1.0,0.0,1.0,,,,,1664.0864643185134,1663.443821321596,1666.6897691764113,0.0009832602759053046,20.16387532708008,1664.0864643185134,1.0,1.0,TokenDynamic,941.7089524355773,941.3328790965322,1.7670921148350813,1.767798088510052,ok,,benchmarks/ops/matmul-otherlibs/results/raw/rebench-current/x86/local-x86_MatmulOtherlibsOpenBLASBench_meta-pack-20260904.json
meta-pack-20260904,local-x86,Native,Intel(R) Xeon(R) w9-3495X,gcc (Ubuntu 13.3.0-6ubuntu2~24.04.1) 13.3.0,vecops,0b7a801a0b816f70245d24001a70ce0561c23389+dirty,AVX-512+AMX-BF16,,L01_qkv_decode,llm,qkv,4096x1x4096,1,1,0,bias,bf16xbf16_acc_fp32,AllConst,raw_e2e,native_fused,row_contiguous,default,auto,auto,auto,0.0,1.0,0.0,1.0,,,,,941.3328790965322,940.4772014010249,942.360791932454,0.0009915739272193188,35.64566026016716,1664.0864643185134,1.767798088510052,1.767798088510052,TokenDynamic,941.7089524355773,941.3328790965322,0.9996006480154273,1.0,ok,,benchmarks/ops/matmul-otherlibs/results/raw/rebench-current/x86/local-x86_MatmulOtherlibsVecopsBiasBench_meta-pack-20260904.json
meta-pack-20260904,local-x86,Native,Intel(R) Xeon(R) w9-3495X,gcc (Ubuntu 13.3.0-6ubuntu2~24.04.1) 13.3.0,vecops,0b7a801a0b816f70245d24001a70ce0561c23389+dirty,AVX-512+AMX-BF16,,L01_qkv_decode,llm,qkv,4096x1x4096,1,1,0,bias,bf16xbf16_acc_fp32,TokenDynamic,raw_e2e,native_fused,row_contiguous,default,auto,auto,auto,0.0,1.0,0.0,1.0,,,,,941.7089524355773,940.7132529403355,942.6652217049431,0.0010509729953430543,35.63142509500086,1664.0864643185134,1.7670921148350813,1.7670921148350813,TokenDynamic,941.7089524355773,941.3328790965322,1.0,1.0003995115302953,ok,,benchmarks/ops/matmul-otherlibs/results/raw/rebench-current/x86/local-x86_MatmulOtherlibsVecopsBiasBench_meta-pack-20260904.json
meta-pack-20260904,local-x86,Native,Intel(R) Xeon(R) w9-3495X,gcc (Ubuntu 13.3.0-6ubuntu2~24.04.1) 13.3.0,LIBXSMM,3668d249637792dcc988414eb3d2a374033743df,AVX-512+AMX-BF16,,L01_qkv_decode,llm,qkv,4096x1x4096,1,1,0,bias_relu,bf16xbf16_acc_fp32,NA,prepared_execute,separate,row_contiguous,default,auto,auto,auto,0.0,0.0,1.0,1.0,,,1.0,0.0,3174.116045887455,3171.947164016522,3174.647991148628,0.0003881181181534639,10.571268194014145,1668.012428646242,,0.5255045513560863,TokenDynamic,1191.5785763156205,1183.2357732532153,2.663790797331949,2.682572753155078,ok,,benchmarks/ops/matmul-otherlibs/results/raw/rebench-current/x86/local-x86_MatmulOtherlibsLIBXSMMBench_meta-pack-20260904.json
meta-pack-20260904,local-x86,Native,Intel(R) Xeon(R) w9-3495X,gcc (Ubuntu 13.3.0-6ubuntu2~24.04.1) 13.3.0,oneDNN,0e2a5bfeef1bfbffc3137464606540233086ce9b,AVX-512+AMX-BF16,brg_matmul:avx512_core_bf16,L01_qkv_decode,llm,qkv,4096x1x4096,1,1,0,bias_relu,bf16xbf16_acc_fp32,NA,prepared_execute,separate,row_contiguous,default,auto,auto,auto,0.0,0.0,1.0,1.0,,,,,937.026583756814,935.8573436968328,938.320539590134,0.001236265500731861,35.80947710733078,1668.012428646242,,1.780112173508132,TokenDynamic,1191.5785763156205,1183.2357732532153,0.7863741446695985,0.7919187409120769,ok,,benchmarks/ops/matmul-otherlibs/results/raw/rebench-current/x86/local-x86_MatmulOtherlibsOneDNNBench_meta-pack-20260904.json
meta-pack-20260904,local-x86,Native,Intel(R) Xeon(R) w9-3495X,gcc (Ubuntu 13.3.0-6ubuntu2~24.04.1) 13.3.0,OpenBLAS,e0166008be8e466242aa76b2ff75ce3f0fbf574a,AVX-512+AMX-BF16,unspecified,L01_qkv_decode,llm,qkv,4096x1x4096,1,1,0,bias_relu,bf16xbf16_acc_fp32,NA,raw_e2e,separate,row_contiguous,default,auto,auto,auto,0.0,1.0,0.0,1.0,,,,,1668.012428646242,1665.0019238503385,1669.4289952283725,0.0013965086426451457,20.116416055264505,1668.012428646242,1.0,1.0,TokenDynamic,1191.5785763156205,1183.2357732532153,1.3998341878583973,1.4097041911268207,ok,,benchmarks/ops/matmul-otherlibs/results/raw/rebench-current/x86/local-x86_MatmulOtherlibsOpenBLASBench_meta-pack-20260904.json
meta-pack-20260904,local-x86,Native,Intel(R) Xeon(R) w9-3495X,gcc (Ubuntu 13.3.0-6ubuntu2~24.04.1) 13.3.0,vecops,0b7a801a0b816f70245d24001a70ce0561c23389+dirty,AVX-512+AMX-BF16,,L01_qkv_decode,llm,qkv,4096x1x4096,1,1,0,bias_relu,bf16xbf16_acc_fp32,AllConst,raw_e2e,native_fused,row_contiguous,default,auto,auto,auto,0.0,1.0,0.0,1.0,,,,,1183.2357732532153,1181.7653461930756,1185.2520588441055,0.0013684287044934036,28.358196023557237,1668.012428646242,1.4097041911268207,1.4097041911268207,TokenDynamic,1191.5785763156205,1183.2357732532153,0.9929985288186355,1.0,ok,,benchmarks/ops/matmul-otherlibs/results/raw/rebench-current/x86/local-x86_MatmulOtherlibsVecopsBiasReluBench_meta-pack-20260904.json
meta-pack-20260904,local-x86,Native,Intel(R) Xeon(R) w9-3495X,gcc (Ubuntu 13.3.0-6ubuntu2~24.04.1) 13.3.0,vecops,0b7a801a0b816f70245d24001a70ce0561c23389+dirty,AVX-512+AMX-BF16,,L01_qkv_decode,llm,qkv,4096x1x4096,1,1,0,bias_relu,bf16xbf16_acc_fp32,TokenDynamic,raw_e2e,native_fused,row_contiguous,default,auto,auto,auto,0.0,1.0,0.0,1.0,,,,,1191.5785763156205,1188.5879204166517,1193.1992135448697,0.0016328075534673158,28.159646931342813,1668.012428646242,1.3998341878583973,1.3998341878583973,TokenDynamic,1191.5785763156205,1183.2357732532153,1.0,1.0070508374163396,ok,,benchmarks/ops/matmul-otherlibs/results/raw/rebench-current/x86/local-x86_MatmulOtherlibsVecopsBiasReluBench_meta-pack-20260904.json
meta-pack-20260904,local-x86,Native,Intel(R) Xeon(R) w9-3495X,gcc (Ubuntu 13.3.0-6ubuntu2~24.04.1) 13.3.0,LIBXSMM,3668d249637792dcc988414eb3d2a374033743df,AVX-512+AMX-BF16,,L01_qkv_decode,llm,qkv,4096x1x4096,1,1,0,gemm,bf16xbf16_acc_fp32,NA,prepared_execute,native,row_contiguous,default,auto,auto,auto,0.0,0.0,1.0,1.0,,,1.0,0.0,3172.582658986688,3169.2265229966406,3175.8679499034765,0.0009661955995337741,10.576377546839764,1667.30674689198,,0.5255361092544433,TokenDynamic,941.2984025817765,940.8381544116058,3.370432426406955,3.372081206645792,ok,,benchmarks/ops/matmul-otherlibs/results/raw/rebench-current/x86/local-x86_MatmulOtherlibsLIBXSMMBench_meta-pack-20260904.json
meta-pack-20260904,local-x86,Native,Intel(R) Xeon(R) w9-3495X,gcc (Ubuntu 13.3.0-6ubuntu2~24.04.1) 13.3.0,oneDNN,0e2a5bfeef1bfbffc3137464606540233086ce9b,AVX-512+AMX-BF16,brg_matmul:avx512_core_bf16,L01_qkv_decode,llm,qkv,4096x1x4096,1,1,0,gemm,bf16xbf16_acc_fp32,NA,prepared_execute,native,row_contiguous,default,auto,auto,auto,0.0,0.0,1.0,1.0,,,,,934.6231067320332,934.1959160131713,938.0988520570099,0.001981538483564381,35.901564767989875,1667.30674689198,,1.7839348662390984,TokenDynamic,941.2984025817765,940.8381544116058,0.9929084168936924,0.9933941372908505,ok,,benchmarks/ops/matmul-otherlibs/results/raw/rebench-current/x86/local-x86_MatmulOtherlibsOneDNNBench_meta-pack-20260904.json
meta-pack-20260904,local-x86,Native,Intel(R) Xeon(R) w9-3495X,gcc (Ubuntu 13.3.0-6ubuntu2~24.04.1) 13.3.0,OpenBLAS,e0166008be8e466242aa76b2ff75ce3f0fbf574a,AVX-512+AMX-BF16,unspecified,L01_qkv_decode,llm,qkv,4096x1x4096,1,1,0,gemm,bf16xbf16_acc_fp32,NA,raw_e2e,native,row_contiguous,default,auto,auto,auto,0.0,1.0,0.0,1.0,,,,,1667.30674689198,1665.767101383016,1668.1780240565806,0.0007154799198075507,20.1249302580636,1667.30674689198,1.0,1.0,TokenDynamic,941.2984025817765,940.8381544116058,1.7712839438789238,1.7721504374306578,ok,,benchmarks/ops/matmul-otherlibs/results/raw/rebench-current/x86/local-x86_MatmulOtherlibsOpenBLASBench_meta-pack-20260904.json
meta-pack-20260904,local-x86,Native,Intel(R) Xeon(R) w9-3495X,gcc (Ubuntu 13.3.0-6ubuntu2~24.04.1) 13.3.0,vecops,0b7a801a0b816f70245d24001a70ce0561c23389+dirty,AVX-512+AMX-BF16,,L01_qkv_decode,llm,qkv,4096x1x4096,1,1,0,gemm,bf16xbf16_acc_fp32,AllConst,raw_e2e,native,row_contiguous,default,auto,auto,auto,0.0,1.0,0.0,1.0,,,,,940.8381544116058,940.0148577159958,941.8006698075908,0.000971234765838714,35.6644039600889,1667.30674689198,1.7721504374306578,1.7721504374306578,TokenDynamic,941.2984025817765,940.8381544116058,0.999511049664051,1.0,ok,,benchmarks/ops/matmul-otherlibs/results/raw/rebench-current/x86/local-x86_MatmulOtherlibsVecopsLLMBench_meta-pack-20260904.json
meta-pack-20260904,local-x86,Native,Intel(R) Xeon(R) w9-3495X,gcc (Ubuntu 13.3.0-6ubuntu2~24.04.1) 13.3.0,vecops,0b7a801a0b816f70245d24001a70ce0561c23389+dirty,AVX-512+AMX-BF16,,L01_qkv_decode,llm,qkv,4096x1x4096,1,1,0,gemm,bf16xbf16_acc_fp32,TokenDynamic,raw_e2e,native,row_contiguous,default,auto,auto,auto,0.0,1.0,0.0,1.0,,,,,941.2984025817765,941.07649528934,941.6816523689278,0.00034664879194431245,35.646965837791186,1667.30674689198,1.7712839438789238,1.7712839438789238,TokenDynamic,941.2984025817765,940.8381544116058,1.0,1.0004891895253318,ok,,benchmarks/ops/matmul-otherlibs/results/raw/rebench-current/x86/local-x86_MatmulOtherlibsVecopsLLMBench_meta-pack-20260904.json
meta-pack-20260904,local-x86,Native,Intel(R) Xeon(R) w9-3495X,gcc (Ubuntu 13.3.0-6ubuntu2~24.04.1) 13.3.0,LIBXSMM,3668d249637792dcc988414eb3d2a374033743df,AVX-512+AMX-BF16,,L01_qkv_decode,llm,qkv,4096x1x4096,1,1,0,gemm_add,bf16xbf16_acc_fp32,NA,prepared_execute,native,row_contiguous,default,auto,auto,auto,0.0,0.0,1.0,1.0,,,1.0,0.0,3174.595432276626,3172.2842861199747,3181.8951181114903,0.0018537713868153234,10.569671857663074,1663.598071553722,,0.5240346705723983,TokenDynamic,941.8857315533339,940.0582012498514,3.370467696799233,3.3770200909431485,ok,,benchmarks/ops/matmul-otherlibs/results/raw/rebench-current/x86/local-x86_MatmulOtherlibsLIBXSMMBench_meta-pack-20260904.json
meta-pack-20260904,local-x86,Native,Intel(R) Xeon(R) w9-3495X,gcc (Ubuntu 13.3.0-6ubuntu2~24.04.1) 13.3.0,oneDNN,0e2a5bfeef1bfbffc3137464606540233086ce9b,AVX-512+AMX-BF16,brg_matmul:avx512_core_bf16,L01_qkv_decode,llm,qkv,4096x1x4096,1,1,0,gemm_add,bf16xbf16_acc_fp32,NA,prepared_execute,native,row_contiguous,default,auto,auto,auto,0.0,0.0,1.0,1.0,,,,,936.326133281303,934.8183854017408,962.7747999814649,0.014846466763886882,35.83626559947692,1663.598071553722,,1.7767292959385155,TokenDynamic,941.8857315533339,940.0582012498514,0.9940973749938199,0.9960299607369134,ok,,benchmarks/ops/matmul-otherlibs/results/raw/rebench-current/x86/local-x86_MatmulOtherlibsOneDNNBench_meta-pack-20260904.json
meta-pack-20260904,local-x86,Native,Intel(R) Xeon(R) w9-3495X,gcc (Ubuntu 13.3.0-6ubuntu2~24.04.1) 13.3.0,OpenBLAS,e0166008be8e466242aa76b2ff75ce3f0fbf574a,AVX-512+AMX-BF16,unspecified,L01_qkv_decode,llm,qkv,4096x1x4096,1,1,0,gemm_add,bf16xbf16_acc_fp32,NA,raw_e2e,native,row_contiguous,default,auto,auto,auto,0.0,1.0,0.0,1.0,,,,,1663.598071553722,1661.9585902801537,1666.1741807530193,0.0011318212457199234,20.16979496054702,1663.598071553722,1.0,1.0,TokenDynamic,941.8857315533339,940.0582012498514,1.766241929167096,1.7696756108737635,ok,,benchmarks/ops/matmul-otherlibs/results/raw/rebench-current/x86/local-x86_MatmulOtherlibsOpenBLASBench_meta-pack-20260904.json
meta-pack-20260904,local-x86,Native,Intel(R) Xeon(R) w9-3495X,gcc (Ubuntu 13.3.0-6ubuntu2~24.04.1) 13.3.0,vecops,0b7a801a0b816f70245d24001a70ce0561c23389+dirty,AVX-512+AMX-BF16,,L01_qkv_decode,llm,qkv,4096x1x4096,1,1,0,gemm_add,bf16xbf16_acc_fp32,AllConst,raw_e2e,native,row_contiguous,default,auto,auto,auto,0.0,1.0,0.0,1.0,,,,,940.0582012498514,939.4872228883759,940.9221584186733,0.0007896076930702566,35.6939942180046,1663.598071553722,1.7696756108737635,1.7696756108737635,TokenDynamic,941.8857315533339,940.0582012498514,0.998059711234325,1.0,ok,,benchmarks/ops/matmul-otherlibs/results/raw/rebench-current/x86/local-x86_MatmulOtherlibsVecopsLLMBench_meta-pack-20260904.json
meta-pack-20260904,local-x86,Native,Intel(R) Xeon(R) w9-3495X,gcc (Ubuntu 13.3.0-6ubuntu2~24.04.1) 13.3.0,vecops,0b7a801a0b816f70245d24001a70ce0561c23389+dirty,AVX-512+AMX-BF16,,L01_qkv_decode,llm,qkv,4096x1x4096,1,1,0,gemm_add,bf16xbf16_acc_fp32,TokenDynamic,raw_e2e,native,row_contiguous,default,auto,auto,auto,0.0,1.0,0.0,1.0,,,,,941.8857315533339,941.1352388513894,942.7524899170054,0.0008205382800669846,35.62473756202134,1663.598071553722,1.766241929167096,1.766241929167096,TokenDynamic,941.8857315533339,940.0582012498514,1.0,1.0019440608050147,ok,,benchmarks/ops/matmul-otherlibs/results/raw/rebench-current/x86/local-x86_MatmulOtherlibsVecopsLLMBench_meta-pack-20260904.json
meta-pack-20260904,local-x86,Native,Intel(R) Xeon(R) w9-3495X,gcc (Ubuntu 13.3.0-6ubuntu2~24.04.1) 13.3.0,LIBXSMM,3668d249637792dcc988414eb3d2a374033743df,AVX-512+AMX-BF16,,L02_qkv_batch4,llm,qkv,4096x4x4096,1,4,0,bias,bf16xbf16_acc_fp32,NA,prepared_execute,separate,row_contiguous,default,auto,auto,auto,0.0,0.0,1.0,1.0,,,1.0,0.0,3178.7454314656893,3177.0210639065635,3185.2104363761932,0.0012710279511692808,42.223490648671884,1689.6545663279628,,0.5315476192596144,TokenDynamic,1220.996175553617,1207.5533274488912,2.6034032662095776,2.632385137127807,ok,,benchmarks/ops/matmul-otherlibs/results/raw/rebench-current/x86/local-x86_MatmulOtherlibsLIBXSMMBench_meta-pack-20260904.json
meta-pack-20260904,local-x86,Native,Intel(R) Xeon(R) w9-3495X,gcc (Ubuntu 13.3.0-6ubuntu2~24.04.1) 13.3.0,oneDNN,0e2a5bfeef1bfbffc3137464606540233086ce9b,AVX-512+AMX-BF16,brg_matmul:avx10_1_512_amx,L02_qkv_batch4,llm,qkv,4096x4x4096,1,4,0,bias,bf16xbf16_acc_fp32,NA,prepared_execute,separate,row_contiguous,default,auto,auto,auto,0.0,0.0,1.0,1.0,,,,,1006.6712827698423,1005.0332954868783,1007.1336305227833,0.000944421846780177,133.32825749305348,1689.6545663279628,,1.6784571043676755,TokenDynamic,1220.996175553617,1207.5533274488912,0.8244671874696112,0.8336454050410862,ok,,benchmarks/ops/matmul-otherlibs/results/raw/rebench-current/x86/local-x86_MatmulOtherlibsOneDNNBench_meta-pack-20260904.json
meta-pack-20260904,local-x86,Native,Intel(R) Xeon(R) w9-3495X,gcc (Ubuntu 13.3.0-6ubuntu2~24.04.1) 13.3.0,OpenBLAS,e0166008be8e466242aa76b2ff75ce3f0fbf574a,AVX-512+AMX-BF16,unspecified,L02_qkv_batch4,llm,qkv,4096x4x4096,1,4,0,bias,bf16xbf16_acc_fp32,NA,raw_e2e,separate,row_contiguous,default,auto,auto,auto,0.0,1.0,0.0,1.0,,,,,1689.6545663279628,1687.5330145549342,1693.12377826378,0.0016637476400033508,79.43501037119576,1689.6545663279628,1.0,1.0,TokenDynamic,1220.996175553617,1207.5533274488912,1.383832808126405,1.3992380526146795,ok,,benchmarks/ops/matmul-otherlibs/results/raw/rebench-current/x86/local-x86_MatmulOtherlibsOpenBLASBench_meta-pack-20260904.json
meta-pack-20260904,local-x86,Native,Intel(R) Xeon(R) w9-3495X,gcc (Ubuntu 13.3.0-6ubuntu2~24.04.1) 13.3.0,vecops,0b7a801a0b816f70245d24001a70ce0561c23389+dirty,AVX-512+AMX-BF16,,L02_qkv_batch4,llm,qkv,4096x4x4096,1,4,0,bias,bf16xbf16_acc_fp32,AllConst,raw_e2e,native_fused,row_contiguous,default,auto,auto,auto,0.0,1.0,0.0,1.0,,,,,1207.5533274488912,1205.6025929833315,1213.6039845966575,0.00400572038625055,111.14848922121881,1689.6545663279628,1.3992380526146795,1.3992380526146795,TokenDynamic,1220.996175553617,1207.5533274488912,0.9889902619075522,1.0,ok,,benchmarks/ops/matmul-otherlibs/results/raw/rebench-current/x86/local-x86_MatmulOtherlibsVecopsBiasBench_meta-pack-20260904.json
meta-pack-20260904,local-x86,Native,Intel(R) Xeon(R) w9-3495X,gcc (Ubuntu 13.3.0-6ubuntu2~24.04.1) 13.3.0,vecops,0b7a801a0b816f70245d24001a70ce0561c23389+dirty,AVX-512+AMX-BF16,,L02_qkv_batch4,llm,qkv,4096x4x4096,1,4,0,bias,bf16xbf16_acc_fp32,TokenDynamic,raw_e2e,native_fused,row_contiguous,default,auto,auto,auto,0.0,1.0,0.0,1.0,,,,,1220.996175553617,1220.5790139105695,1223.04162635517,0.0009875872399613243,109.92477346552195,1689.6545663279628,1.383832808126405,1.383832808126405,TokenDynamic,1220.996175553617,1207.5533274488912,1.0,1.0111323018198504,ok,,benchmarks/ops/matmul-otherlibs/results/raw/rebench-current/x86/local-x86_MatmulOtherlibsVecopsBiasBench_meta-pack-20260904.json
meta-pack-20260904,local-x86,Native,Intel(R) Xeon(R) w9-3495X,gcc (Ubuntu 13.3.0-6ubuntu2~24.04.1) 13.3.0,LIBXSMM,3668d249637792dcc988414eb3d2a374033743df,AVX-512+AMX-BF16,,L02_qkv_batch4,llm,qkv,4096x4x4096,1,4,0,bias_relu,bf16xbf16_acc_fp32,NA,prepared_execute,separate,row_contiguous,default,auto,auto,auto,0.0,0.0,1.0,1.0,,,1.0,0.0,3180.467613591728,3178.4596999800256,3182.3158092182975,0.0005469711660635115,42.20062717394781,1688.67622879446,,0.5309521850113809,TokenDynamic,1228.2422631917718,1213.4745602138696,2.5894464869876774,2.6209594480754377,ok,,benchmarks/ops/matmul-otherlibs/results/raw/rebench-current/x86/local-x86_MatmulOtherlibsLIBXSMMBench_meta-pack-20260904.json
meta-pack-20260904,local-x86,Native,Intel(R) Xeon(R) w9-3495X,gcc (Ubuntu 13.3.0-6ubuntu2~24.04.1) 13.3.0,oneDNN,0e2a5bfeef1bfbffc3137464606540233086ce9b,AVX-512+AMX-BF16,brg_matmul:avx10_1_512_amx,L02_qkv_batch4,llm,qkv,4096x4x4096,1,4,0,bias_relu,bf16xbf16_acc_fp32,NA,prepared_execute,separate,row_contiguous,default,auto,auto,auto,0.0,0.0,1.0,1.0,,,,,1007.642036552004,1006.9849722879347,1008.1125561820928,0.0005821671252578051,133.19981018187013,1688.67622879446,,1.6758691753004373,TokenDynamic,1228.2422631917718,1213.4745602138696,0.820393554878575,0.8303775535058695,ok,,benchmarks/ops/matmul-otherlibs/results/raw/rebench-current/x86/local-x86_MatmulOtherlibsOneDNNBench_meta-pack-20260904.json
meta-pack-20260904,local-x86,Native,Intel(R) Xeon(R) w9-3495X,gcc (Ubuntu 13.3.0-6ubuntu2~24.04.1) 13.3.0,OpenBLAS,e0166008be8e466242aa76b2ff75ce3f0fbf574a,AVX-512+AMX-BF16,unspecified,L02_qkv_batch4,llm,qkv,4096x4x4096,1,4,0,bias_relu,bf16xbf16_acc_fp32,NA,raw_e2e,separate,row_contiguous,default,auto,auto,auto,0.0,1.0,0.0,1.0,,,,,1688.67622879446,1687.0700963913093,1691.8651156508954,0.0013798566381073877,79.48103118370865,1688.67622879446,1.0,1.0,TokenDynamic,1228.2422631917718,1213.4745602138696,1.3748722702361516,1.3916041457818762,ok,,benchmarks/ops/matmul-otherlibs/results/raw/rebench-current/x86/local-x86_MatmulOtherlibsOpenBLASBench_meta-pack-20260904.json
meta-pack-20260904,local-x86,Native,Intel(R) Xeon(R) w9-3495X,gcc (Ubuntu 13.3.0-6ubuntu2~24.04.1) 13.3.0,vecops,0b7a801a0b816f70245d24001a70ce0561c23389+dirty,AVX-512+AMX-BF16,,L02_qkv_batch4,llm,qkv,4096x4x4096,1,4,0,bias_relu,bf16xbf16_acc_fp32,AllConst,raw_e2e,native_fused,row_contiguous,default,auto,auto,auto,0.0,1.0,0.0,1.0,,,,,1213.4745602138696,1211.5947999549903,1215.9159293113246,0.0018541365503314496,110.60613250626754,1688.67622879446,1.3916041457818762,1.3916041457818762,TokenDynamic,1228.2422631917718,1213.4745602138696,0.9879765552607462,1.0,ok,,benchmarks/ops/matmul-otherlibs/results/raw/rebench-current/x86/local-x86_MatmulOtherlibsVecopsBiasReluBench_meta-pack-20260904.json
meta-pack-20260904,local-x86,Native,Intel(R) Xeon(R) w9-3495X,gcc (Ubuntu 13.3.0-6ubuntu2~24.04.1) 13.3.0,vecops,0b7a801a0b816f70245d24001a70ce0561c23389+dirty,AVX-512+AMX-BF16,,L02_qkv_batch4,llm,qkv,4096x4x4096,1,4,0,bias_relu,bf16xbf16_acc_fp32,TokenDynamic,raw_e2e,native_fused,row_contiguous,default,auto,auto,auto,0.0,1.0,0.0,1.0,,,,,1228.2422631917718,1227.497124611482,1235.8309245635671,0.0034461317312429337,109.27626578425586,1688.67622879446,1.3748722702361516,1.3748722702361516,TokenDynamic,1228.2422631917718,1213.4745602138696,1.0,1.0121697672634353,ok,,benchmarks/ops/matmul-otherlibs/results/raw/rebench-current/x86/local-x86_MatmulOtherlibsVecopsBiasReluBench_meta-pack-20260904.json
meta-pack-20260904,local-x86,Native,Intel(R) Xeon(R) w9-3495X,gcc (Ubuntu 13.3.0-6ubuntu2~24.04.1) 13.3.0,LIBXSMM,3668d249637792dcc988414eb3d2a374033743df,AVX-512+AMX-BF16,,L02_qkv_batch4,llm,qkv,4096x4x4096,1,4,0,gemm,bf16xbf16_acc_fp32,NA,prepared_execute,native,row_contiguous,default,auto,auto,auto,0.0,0.0,1.0,1.0,,,1.0,0.0,3176.250181488947,3173.246936586855,3180.18409545237,0.0009186506901314665,42.256661261198914,1688.7097350175839,,0.531667733498864,TokenDynamic,1207.8998878333266,1194.9144103803123,2.6295641000400733,2.658140326952809,ok,,benchmarks/ops/matmul-otherlibs/results/raw/rebench-current/x86/local-x86_MatmulOtherlibsLIBXSMMBench_meta-pack-20260904.json
meta-pack-20260904,local-x86,Native,Intel(R) Xeon(R) w9-3495X,gcc (Ubuntu 13.3.0-6ubuntu2~24.04.1) 13.3.0,oneDNN,0e2a5bfeef1bfbffc3137464606540233086ce9b,AVX-512+AMX-BF16,brg_matmul:avx10_1_512_amx,L02_qkv_batch4,llm,qkv,4096x4x4096,1,4,0,gemm,bf16xbf16_acc_fp32,NA,prepared_execute,native,row_contiguous,default,auto,auto,auto,0.0,0.0,1.0,1.0,,,,,991.5322857393352,991.1775028532637,992.2178429301961,0.0005462029897870956,135.36395126046818,1688.7097350175839,,1.703131364762771,TokenDynamic,1207.8998878333266,1194.9144103803123,0.8208729015762214,0.8297935627236719,ok,,benchmarks/ops/matmul-otherlibs/results/raw/rebench-current/x86/local-x86_MatmulOtherlibsOneDNNBench_meta-pack-20260904.json
meta-pack-20260904,local-x86,Native,Intel(R) Xeon(R) w9-3495X,gcc (Ubuntu 13.3.0-6ubuntu2~24.04.1) 13.3.0,OpenBLAS,e0166008be8e466242aa76b2ff75ce3f0fbf574a,AVX-512+AMX-BF16,unspecified,L02_qkv_batch4,llm,qkv,4096x4x4096,1,4,0,gemm,bf16xbf16_acc_fp32,NA,raw_e2e,native,row_contiguous,default,auto,auto,auto,0.0,1.0,0.0,1.0,,,,,1688.7097350175839,1684.35709391081,1689.9284458556492,0.001917317986556166,79.47945417546991,1688.7097350175839,1.0,1.0,TokenDynamic,1207.8998878333266,1194.9144103803123,1.3980543851582858,1.4132474429529296,ok,,benchmarks/ops/matmul-otherlibs/results/raw/rebench-current/x86/local-x86_MatmulOtherlibsOpenBLASBench_meta-pack-20260904.json
meta-pack-20260904,local-x86,Native,Intel(R) Xeon(R) w9-3495X,gcc (Ubuntu 13.3.0-6ubuntu2~24.04.1) 13.3.0,vecops,0b7a801a0b816f70245d24001a70ce0561c23389+dirty,AVX-512+AMX-BF16,,L02_qkv_batch4,llm,qkv,4096x4x4096,1,4,0,gemm,bf16xbf16_acc_fp32,AllConst,raw_e2e,native,row_contiguous,default,auto,auto,auto,0.0,1.0,0.0,1.0,,,,,1194.9144103803123,1185.8559349396578,1199.240736717072,0.004923777607873229,112.3241353807774,1688.7097350175839,1.4132474429529296,1.4132474429529296,TokenDynamic,1207.8998878333266,1194.9144103803123,0.9892495416351872,1.0,ok,,benchmarks/ops/matmul-otherlibs/results/raw/rebench-current/x86/local-x86_MatmulOtherlibsVecopsLLMBench_meta-pack-20260904.json
meta-pack-20260904,local-x86,Native,Intel(R) Xeon(R) w9-3495X,gcc (Ubuntu 13.3.0-6ubuntu2~24.04.1) 13.3.0,vecops,0b7a801a0b816f70245d24001a70ce0561c23389+dirty,AVX-512+AMX-BF16,,L02_qkv_batch4,llm,qkv,4096x4x4096,1,4,0,gemm,bf16xbf16_acc_fp32,TokenDynamic,raw_e2e,native,row_contiguous,default,auto,auto,auto,0.0,1.0,0.0,1.0,,,,,1207.8998878333266,1198.242150010252,1209.6886138194882,0.00443709828631575,111.11659944000274,1688.7097350175839,1.3980543851582858,1.3980543851582858,TokenDynamic,1207.8998878333266,1194.9144103803123,1.0,1.0108672866777808,ok,,benchmarks/ops/matmul-otherlibs/results/raw/rebench-current/x86/local-x86_MatmulOtherlibsVecopsLLMBench_meta-pack-20260904.json
meta-pack-20260904,local-x86,Native,Intel(R) Xeon(R) w9-3495X,gcc (Ubuntu 13.3.0-6ubuntu2~24.04.1) 13.3.0,LIBXSMM,3668d249637792dcc988414eb3d2a374033743df,AVX-512+AMX-BF16,,L02_qkv_batch4,llm,qkv,4096x4x4096,1,4,0,gemm_add,bf16xbf16_acc_fp32,NA,prepared_execute,native,row_contiguous,default,auto,auto,auto,0.0,0.0,1.0,1.0,,,1.0,0.0,3179.90697724533,3177.7966272784397,3182.9878179864454,0.0007679473858416371,42.20806739330133,1685.4588915060936,,0.5300340241292726,TokenDynamic,1222.3671490159047,1201.0917414264786,2.601433603484345,2.6475138139478904,ok,,benchmarks/ops/matmul-otherlibs/results/raw/rebench-current/x86/local-x86_MatmulOtherlibsLIBXSMMBench_meta-pack-20260904.json
meta-pack-20260904,local-x86,Native,Intel(R) Xeon(R) w9-3495X,gcc (Ubuntu 13.3.0-6ubuntu2~24.04.1) 13.3.0,oneDNN,0e2a5bfeef1bfbffc3137464606540233086ce9b,AVX-512+AMX-BF16,brg_matmul:avx10_1_512_amx,L02_qkv_batch4,llm,qkv,4096x4x4096,1,4,0,gemm_add,bf16xbf16_acc_fp32,NA,prepared_execute,native,row_contiguous,default,auto,auto,auto,0.0,0.0,1.0,1.0,,,,,992.7364965778585,992.1510864448807,994.2530411219633,0.0009318237410846401,135.19975186031004,1685.4588915060936,,1.6977908007977685,TokenDynamic,1222.3671490159047,1201.0917414264786,0.8121426507388424,0.8265284510230945,ok,,benchmarks/ops/matmul-otherlibs/results/raw/rebench-current/x86/local-x86_MatmulOtherlibsOneDNNBench_meta-pack-20260904.json
meta-pack-20260904,local-x86,Native,Intel(R) Xeon(R) w9-3495X,gcc (Ubuntu 13.3.0-6ubuntu2~24.04.1) 13.3.0,OpenBLAS,e0166008be8e466242aa76b2ff75ce3f0fbf574a,AVX-512+AMX-BF16,unspecified,L02_qkv_batch4,llm,qkv,4096x4x4096,1,4,0,gemm_add,bf16xbf16_acc_fp32,NA,raw_e2e,native,row_contiguous,default,auto,auto,auto,0.0,1.0,0.0,1.0,,,,,1685.4588915060936,1683.4583999561034,1688.9230096404135,0.0017114968250482932,79.63275086470108,1685.4588915060936,1.0,1.0,TokenDynamic,1222.3671490159047,1201.0917414264786,1.3788483213599219,1.4032724007446387,ok,,benchmarks/ops/matmul-otherlibs/results/raw/rebench-current/x86/local-x86_MatmulOtherlibsOpenBLASBench_meta-pack-20260904.json
meta-pack-20260904,local-x86,Native,Intel(R) Xeon(R) w9-3495X,gcc (Ubuntu 13.3.0-6ubuntu2~24.04.1) 13.3.0,vecops,0b7a801a0b816f70245d24001a70ce0561c23389+dirty,AVX-512+AMX-BF16,,L02_qkv_batch4,llm,qkv,4096x4x4096,1,4,0,gemm_add,bf16xbf16_acc_fp32,AllConst,raw_e2e,native,row_contiguous,default,auto,auto,auto,0.0,1.0,0.0,1.0,,,,,1201.0917414264786,1199.4422569465503,1202.6863999600555,0.001654399027100682,111.7464414838088,1685.4588915060936,1.4032724007446387,1.4032724007446387,TokenDynamic,1222.3671490159047,1201.0917414264786,0.9825949121697566,1.0,ok,,benchmarks/ops/matmul-otherlibs/results/raw/rebench-current/x86/local-x86_MatmulOtherlibsVecopsLLMBench_meta-pack-20260904.json
meta-pack-20260904,local-x86,Native,Intel(R) Xeon(R) w9-3495X,gcc (Ubuntu 13.3.0-6ubuntu2~24.04.1) 13.3.0,vecops,0b7a801a0b816f70245d24001a70ce0561c23389+dirty,AVX-512+AMX-BF16,,L02_qkv_batch4,llm,qkv,4096x4x4096,1,4,0,gemm_add,bf16xbf16_acc_fp32,TokenDynamic,raw_e2e,native,row_contiguous,default,auto,auto,auto,0.0,1.0,0.0,1.0,,,,,1222.3671490159047,1212.8467666467225,1227.0710859427293,0.005080587224169207,109.80148485506595,1685.4588915060936,1.3788483213599219,1.3788483213599219,TokenDynamic,1222.3671490159047,1201.0917414264786,1.0,1.017713390955597,ok,,benchmarks/ops/matmul-otherlibs/results/raw/rebench-current/x86/local-x86_MatmulOtherlibsVecopsLLMBench_meta-pack-20260904.json
meta-pack-20260904,local-x86,Native,Intel(R) Xeon(R) w9-3495X,gcc (Ubuntu 13.3.0-6ubuntu2~24.04.1) 13.3.0,LIBXSMM,3668d249637792dcc988414eb3d2a374033743df,AVX-512+AMX-BF16,,L03_qkv_prefill,llm,qkv,4096x128x4096,1,128,0,bias,bf16xbf16_acc_fp32,NA,prepared_execute,separate,row_contiguous,default,auto,auto,auto,0.0,0.0,1.0,1.0,,,1.0,0.0,15743.955109630608,15723.750312786755,15789.601022455221,0.002510106723021736,272.8010379915756,3653.402526795521,,0.23205112701069172,TokenDynamic,6497.261590663004,6300.671680946834,2.4231678053806105,2.498774084236156,ok,,benchmarks/ops/matmul-otherlibs/results/raw/rebench-current/x86/local-x86_MatmulOtherlibsLIBXSMMBench_meta-pack-20260904.json
meta-pack-20260904,local-x86,Native,Intel(R) Xeon(R) w9-3495X,gcc (Ubuntu 13.3.0-6ubuntu2~24.04.1) 13.3.0,oneDNN,0e2a5bfeef1bfbffc3137464606540233086ce9b,AVX-512+AMX-BF16,brg_matmul:avx10_1_512_amx,L03_qkv_prefill,llm,qkv,4096x128x4096,1,128,0,bias,bf16xbf16_acc_fp32,NA,prepared_execute,separate,row_contiguous,default,auto,auto,auto,0.0,0.0,1.0,1.0,,,,,4263.0567578739965,4258.7015031709925,4279.276376209137,0.0023389584268653928,1007.4853655342646,3653.402526795521,,0.8569912938755917,TokenDynamic,6497.261590663004,6300.671680946834,0.6561313098429485,0.6766035390743237,ok,,benchmarks/ops/matmul-otherlibs/results/raw/rebench-current/x86/local-x86_MatmulOtherlibsOneDNNBench_meta-pack-20260904.json
meta-pack-20260904,local-x86,Native,Intel(R) Xeon(R) w9-3495X,gcc (Ubuntu 13.3.0-6ubuntu2~24.04.1) 13.3.0,OpenBLAS,e0166008be8e466242aa76b2ff75ce3f0fbf574a,AVX-512+AMX-BF16,unspecified,L03_qkv_prefill,llm,qkv,4096x128x4096,1,128,0,bias,bf16xbf16_acc_fp32,NA,raw_e2e,separate,row_contiguous,default,auto,auto,auto,0.0,1.0,0.0,1.0,,,,,3653.402526795521,3646.8986846126713,3669.562036827157,0.0029175457497978793,1175.6074685170838,3653.402526795521,1.0,1.0,TokenDynamic,6497.261590663004,6300.671680946834,0.5622988201745952,0.5798433423921091,ok,,benchmarks/ops/matmul-otherlibs/results/raw/rebench-current/x86/local-x86_MatmulOtherlibsOpenBLASBench_meta-pack-20260904.json
meta-pack-20260904,local-x86,Native,Intel(R) Xeon(R) w9-3495X,gcc (Ubuntu 13.3.0-6ubuntu2~24.04.1) 13.3.0,vecops,0b7a801a0b816f70245d24001a70ce0561c23389+dirty,AVX-512+AMX-BF16,,L03_qkv_prefill,llm,qkv,4096x128x4096,1,128,0,bias,bf16xbf16_acc_fp32,AllConst,raw_e2e,native_fused,row_contiguous,default,auto,auto,auto,0.0,1.0,0.0,1.0,,,,,6300.671680946834,6298.425963508303,6308.178908974779,0.000814016172475611,681.6681638860721,3653.402526795521,0.5798433423921091,0.5798433423921091,TokenDynamic,6497.261590663004,6300.671680946834,0.9697426512734715,1.0,ok,,benchmarks/ops/matmul-otherlibs/results/raw/rebench-current/x86/local-x86_MatmulOtherlibsVecopsBiasBench_meta-pack-20260904.json
meta-pack-20260904,local-x86,Native,Intel(R) Xeon(R) w9-3495X,gcc (Ubuntu 13.3.0-6ubuntu2~24.04.1) 13.3.0,vecops,0b7a801a0b816f70245d24001a70ce0561c23389+dirty,AVX-512+AMX-BF16,,L03_qkv_prefill,llm,qkv,4096x128x4096,1,128,0,bias,bf16xbf16_acc_fp32,TokenDynamic,raw_e2e,native_fused,row_contiguous,default,auto,auto,auto,0.0,1.0,0.0,1.0,,,,,6497.261590663004,6491.239772665061,6878.905936239541,0.05375479447999568,661.0426925355988,3653.402526795521,0.5622988201745952,0.5622988201745952,TokenDynamic,6497.261590663004,6300.671680946834,1.0,1.0312014210025664,ok,,benchmarks/ops/matmul-otherlibs/results/raw/rebench-current/x86/local-x86_MatmulOtherlibsVecopsBiasBench_meta-pack-20260904.json
meta-pack-20260904,local-x86,Native,Intel(R) Xeon(R) w9-3495X,gcc (Ubuntu 13.3.0-6ubuntu2~24.04.1) 13.3.0,LIBXSMM,3668d249637792dcc988414eb3d2a374033743df,AVX-512+AMX-BF16,,L03_qkv_prefill,llm,qkv,4096x128x4096,1,128,0,bias_relu,bf16xbf16_acc_fp32,NA,prepared_execute,separate,row_contiguous,default,auto,auto,auto,0.0,0.0,1.0,1.0,,,1.0,0.0,15775.722445040528,15723.420645291402,15867.219688758876,0.004201548546198344,272.2517026375692,3658.581922839706,,0.2319121634895312,TokenDynamic,6552.56428511902,6352.425953743726,2.4075646965978574,2.4834169748556136,ok,,benchmarks/ops/matmul-otherlibs/results/raw/rebench-current/x86/local-x86_MatmulOtherlibsLIBXSMMBench_meta-pack-20260904.json
meta-pack-20260904,local-x86,Native,Intel(R) Xeon(R) w9-3495X,gcc (Ubuntu 13.3.0-6ubuntu2~24.04.1) 13.3.0,oneDNN,0e2a5bfeef1bfbffc3137464606540233086ce9b,AVX-512+AMX-BF16,brg_matmul:avx10_1_512_amx,L03_qkv_prefill,llm,qkv,4096x128x4096,1,128,0,bias_relu,bf16xbf16_acc_fp32,NA,prepared_execute,separate,row_contiguous,default,auto,auto,auto,0.0,0.0,1.0,1.0,,,,,4318.630374655186,4313.484637168586,4332.142062958154,0.002456989149583275,994.5206983227698,3658.581922839706,,0.84716255049538,TokenDynamic,6552.56428511902,6352.425953743726,0.6590748578328129,0.6798395457266295,ok,,benchmarks/ops/matmul-otherlibs/results/raw/rebench-current/x86/local-x86_MatmulOtherlibsOneDNNBench_meta-pack-20260904.json
meta-pack-20260904,local-x86,Native,Intel(R) Xeon(R) w9-3495X,gcc (Ubuntu 13.3.0-6ubuntu2~24.04.1) 13.3.0,OpenBLAS,e0166008be8e466242aa76b2ff75ce3f0fbf574a,AVX-512+AMX-BF16,unspecified,L03_qkv_prefill,llm,qkv,4096x128x4096,1,128,0,bias_relu,bf16xbf16_acc_fp32,NA,raw_e2e,separate,row_contiguous,default,auto,auto,auto,0.0,1.0,0.0,1.0,,,,,3658.581922839706,3653.131179714528,3669.924097649084,0.002018310655728698,1173.943179784354,3658.581922839706,1.0,1.0,TokenDynamic,6552.56428511902,6352.425953743726,0.5583435375290259,0.575934603485392,ok,,benchmarks/ops/matmul-otherlibs/results/raw/rebench-current/x86/local-x86_MatmulOtherlibsOpenBLASBench_meta-pack-20260904.json
meta-pack-20260904,local-x86,Native,Intel(R) Xeon(R) w9-3495X,gcc (Ubuntu 13.3.0-6ubuntu2~24.04.1) 13.3.0,vecops,0b7a801a0b816f70245d24001a70ce0561c23389+dirty,AVX-512+AMX-BF16,,L03_qkv_prefill,llm,qkv,4096x128x4096,1,128,0,bias_relu,bf16xbf16_acc_fp32,AllConst,raw_e2e,native_fused,row_contiguous,default,auto,auto,auto,0.0,1.0,0.0,1.0,,,,,6352.425953743726,6346.386735888452,6362.135472855616,0.001064203420804789,676.1144997634821,3658.581922839706,0.575934603485392,0.575934603485392,TokenDynamic,6552.56428511902,6352.425953743726,0.9694564871603303,1.0,ok,,benchmarks/ops/matmul-otherlibs/results/raw/rebench-current/x86/local-x86_MatmulOtherlibsVecopsBiasReluBench_meta-pack-20260904.json
meta-pack-20260904,local-x86,Native,Intel(R) Xeon(R) w9-3495X,gcc (Ubuntu 13.3.0-6ubuntu2~24.04.1) 13.3.0,vecops,0b7a801a0b816f70245d24001a70ce0561c23389+dirty,AVX-512+AMX-BF16,,L03_qkv_prefill,llm,qkv,4096x128x4096,1,128,0,bias_relu,bf16xbf16_acc_fp32,TokenDynamic,raw_e2e,native_fused,row_contiguous,default,auto,auto,auto,0.0,1.0,0.0,1.0,,,,,6552.56428511902,6547.571447057028,6565.412362327887,0.001362358031839449,655.4635878588693,3658.581922839706,0.5583435375290259,0.5583435375290259,TokenDynamic,6552.56428511902,6352.425953743726,1.0,1.0315058109819202,ok,,benchmarks/ops/matmul-otherlibs/results/raw/rebench-current/x86/local-x86_MatmulOtherlibsVecopsBiasReluBench_meta-pack-20260904.json
meta-pack-20260904,local-x86,Native,Intel(R) Xeon(R) w9-3495X,gcc (Ubuntu 13.3.0-6ubuntu2~24.04.1) 13.3.0,LIBXSMM,3668d249637792dcc988414eb3d2a374033743df,AVX-512+AMX-BF16,,L03_qkv_prefill,llm,qkv,4096x128x4096,1,128,0,gemm,bf16xbf16_acc_fp32,NA,prepared_execute,native,row_contiguous,default,auto,auto,auto,0.0,0.0,1.0,1.0,,,1.0,0.0,15613.074333588078,15577.897666177403,15715.240821009502,0.0050349158430372095,275.08786573572684,3604.3466668790925,,0.2308543845926063,TokenDynamic,6257.452454354445,6314.093591010367,2.495116734402549,2.4727340684048538,ok,,benchmarks/ops/matmul-otherlibs/results/raw/rebench-current/x86/local-x86_MatmulOtherlibsLIBXSMMBench_meta-pack-20260904.json
meta-pack-20260904,local-x86,Native,Intel(R) Xeon(R) w9-3495X,gcc (Ubuntu 13.3.0-6ubuntu2~24.04.1) 13.3.0,oneDNN,0e2a5bfeef1bfbffc3137464606540233086ce9b,AVX-512+AMX-BF16,brg_matmul:avx10_1_512_amx,L03_qkv_prefill,llm,qkv,4096x128x4096,1,128,0,gemm,bf16xbf16_acc_fp32,NA,prepared_execute,native,row_contiguous,default,auto,auto,auto,0.0,0.0,1.0,1.0,,,,,4253.1958183231345,4250.93856333247,4259.136436810491,0.0010308945712224837,1009.8211978618315,3604.3466668790925,,0.8474443267698271,TokenDynamic,6257.452454354445,6314.093591010367,0.6797008605895862,0.6736035437261467,ok,,benchmarks/ops/matmul-otherlibs/results/raw/rebench-current/x86/local-x86_MatmulOtherlibsOneDNNBench_meta-pack-20260904.json
meta-pack-20260904,local-x86,Native,Intel(R) Xeon(R) w9-3495X,gcc (Ubuntu 13.3.0-6ubuntu2~24.04.1) 13.3.0,OpenBLAS,e0166008be8e466242aa76b2ff75ce3f0fbf574a,AVX-512+AMX-BF16,unspecified,L03_qkv_prefill,llm,qkv,4096x128x4096,1,128,0,gemm,bf16xbf16_acc_fp32,NA,raw_e2e,native,row_contiguous,default,auto,auto,auto,0.0,1.0,0.0,1.0,,,,,3604.3466668790925,3596.936153600183,3611.6524512927313,0.0020499738365642914,1191.6077150589117,3604.3466668790925,1.0,1.0,TokenDynamic,6257.452454354445,6314.093591010367,0.5760086382072139,0.5708415016227741,ok,,benchmarks/ops/matmul-otherlibs/results/raw/rebench-current/x86/local-x86_MatmulOtherlibsOpenBLASBench_meta-pack-20260904.json
meta-pack-20260904,local-x86,Native,Intel(R) Xeon(R) w9-3495X,gcc (Ubuntu 13.3.0-6ubuntu2~24.04.1) 13.3.0,vecops,0b7a801a0b816f70245d24001a70ce0561c23389+dirty,AVX-512+AMX-BF16,,L03_qkv_prefill,llm,qkv,4096x128x4096,1,128,0,gemm,bf16xbf16_acc_fp32,AllConst,raw_e2e,native,row_contiguous,default,auto,auto,auto,0.0,1.0,0.0,1.0,,,,,6314.093591010367,6311.188954383729,6336.4302718334575,0.0019061881103794656,680.219137409512,3604.3466668790925,0.5708415016227741,0.5708415016227741,TokenDynamic,6257.452454354445,6314.093591010367,1.0090517885783545,1.0,ok,,benchmarks/ops/matmul-otherlibs/results/raw/rebench-current/x86/local-x86_MatmulOtherlibsVecopsLLMBench_meta-pack-20260904.json
meta-pack-20260904,local-x86,Native,Intel(R) Xeon(R) w9-3495X,gcc (Ubuntu 13.3.0-6ubuntu2~24.04.1) 13.3.0,vecops,0b7a801a0b816f70245d24001a70ce0561c23389+dirty,AVX-512+AMX-BF16,,L03_qkv_prefill,llm,qkv,4096x128x4096,1,128,0,gemm,bf16xbf16_acc_fp32,TokenDynamic,raw_e2e,native,row_contiguous,default,auto,auto,auto,0.0,1.0,0.0,1.0,,,,,6257.452454354445,6246.91279081162,6266.262772789393,0.0013989085819138775,686.3763372282937,3604.3466668790925,0.5760086382072139,0.5760086382072139,TokenDynamic,6257.452454354445,6314.093591010367,1.0,0.9910294112940352,ok,,benchmarks/ops/matmul-otherlibs/results/raw/rebench-current/x86/local-x86_MatmulOtherlibsVecopsLLMBench_meta-pack-20260904.json
meta-pack-20260904,local-x86,Native,Intel(R) Xeon(R) w9-3495X,gcc (Ubuntu 13.3.0-6ubuntu2~24.04.1) 13.3.0,LIBXSMM,3668d249637792dcc988414eb3d2a374033743df,AVX-512+AMX-BF16,,L03_qkv_prefill,llm,qkv,4096x128x4096,1,128,0,gemm_add,bf16xbf16_acc_fp32,NA,prepared_execute,native,row_contiguous,default,auto,auto,auto,0.0,0.0,1.0,1.0,,,1.0,0.0,15674.704333327505,15599.377176517413,15773.049134683486,0.00544533530102102,274.0062718036763,3492.5422747619446,,0.22281391728302732,TokenDynamic,6523.058817203326,6558.968904539055,2.4029684190472813,2.389812264924753,ok,,benchmarks/ops/matmul-otherlibs/results/raw/rebench-current/x86/local-x86_MatmulOtherlibsLIBXSMMBench_meta-pack-20260904.json
meta-pack-20260904,local-x86,Native,Intel(R) Xeon(R) w9-3495X,gcc (Ubuntu 13.3.0-6ubuntu2~24.04.1) 13.3.0,oneDNN,0e2a5bfeef1bfbffc3137464606540233086ce9b,AVX-512+AMX-BF16,brg_matmul:avx10_1_512_amx,L03_qkv_prefill,llm,qkv,4096x128x4096,1,128,0,gemm_add,bf16xbf16_acc_fp32,NA,prepared_execute,native,row_contiguous,default,auto,auto,auto,0.0,0.0,1.0,1.0,,,,,4191.993000197478,4190.457854807998,4195.039375565212,0.0005295751550412019,1024.5645199783662,3492.5422747619446,,0.833146017800463,TokenDynamic,6523.058817203326,6558.968904539055,0.6426422201102794,0.6391237801564298,ok,,benchmarks/ops/matmul-otherlibs/results/raw/rebench-current/x86/local-x86_MatmulOtherlibsOneDNNBench_meta-pack-20260904.json
meta-pack-20260904,local-x86,Native,Intel(R) Xeon(R) w9-3495X,gcc (Ubuntu 13.3.0-6ubuntu2~24.04.1) 13.3.0,OpenBLAS,e0166008be8e466242aa76b2ff75ce3f0fbf574a,AVX-512+AMX-BF16,unspecified,L03_qkv_prefill,llm,qkv,4096x128x4096,1,128,0,gemm_add,bf16xbf16_acc_fp32,NA,raw_e2e,native,row_contiguous,default,auto,auto,auto,0.0,1.0,0.0,1.0,,,,,3492.5422747619446,3489.9484303605273,3505.582489742664,0.002236170121025311,1229.753846370478,3492.5422747619446,1.0,1.0,TokenDynamic,6523.058817203326,6558.968904539055,0.5354148065553279,0.532483432318908,ok,,benchmarks/ops/matmul-otherlibs/results/raw/rebench-current/x86/local-x86_MatmulOtherlibsOpenBLASBench_meta-pack-20260904.json
meta-pack-20260904,local-x86,Native,Intel(R) Xeon(R) w9-3495X,gcc (Ubuntu 13.3.0-6ubuntu2~24.04.1) 13.3.0,vecops,0b7a801a0b816f70245d24001a70ce0561c23389+dirty,AVX-512+AMX-BF16,,L03_qkv_prefill,llm,qkv,4096x128x4096,1,128,0,gemm_add,bf16xbf16_acc_fp32,AllConst,raw_e2e,native,row_contiguous,default,auto,auto,auto,0.0,1.0,0.0,1.0,,,,,6558.968904539055,6550.5803803846775,6574.041666629324,0.0019320160067758517,654.8235490227313,3492.5422747619446,0.532483432318908,0.532483432318908,TokenDynamic,6523.058817203326,6558.968904539055,1.0055050994237587,1.0,ok,,benchmarks/ops/matmul-otherlibs/results/raw/rebench-current/x86/local-x86_MatmulOtherlibsVecopsLLMBench_meta-pack-20260904.json
meta-pack-20260904,local-x86,Native,Intel(R) Xeon(R) w9-3495X,gcc (Ubuntu 13.3.0-6ubuntu2~24.04.1) 13.3.0,vecops,0b7a801a0b816f70245d24001a70ce0561c23389+dirty,AVX-512+AMX-BF16,,L03_qkv_prefill,llm,qkv,4096x128x4096,1,128,0,gemm_add,bf16xbf16_acc_fp32,TokenDynamic,raw_e2e,native,row_contiguous,default,auto,auto,auto,0.0,1.0,0.0,1.0,,,,,6523.058817203326,6514.686299487949,6530.745908755555,0.0010850923858509072,658.4284177651198,3492.5422747619446,0.5354148065553279,0.5354148065553279,TokenDynamic,6523.058817203326,6558.968904539055,1.0,0.9945250407711373,ok,,benchmarks/ops/matmul-otherlibs/results/raw/rebench-current/x86/local-x86_MatmulOtherlibsVecopsLLMBench_meta-pack-20260904.json
meta-pack-20260904,local-x86,Native,Intel(R) Xeon(R) w9-3495X,gcc (Ubuntu 13.3.0-6ubuntu2~24.04.1) 13.3.0,LIBXSMM,3668d249637792dcc988414eb3d2a374033743df,AVX-512+AMX-BF16,,L04_mlp_up_decode,llm,mlp_up,11008x1x4096,1,1,0,bias,bf16xbf16_acc_fp32,NA,prepared_execute,separate,row_contiguous,default,auto,auto,auto,0.0,0.0,1.0,1.0,,,1.0,0.0,10172.844692043815,10110.394922174655,10180.148060988779,0.004017882153447902,8.864534820877378,4877.756642859562,,0.4794879692476242,TokenDynamic,3429.7384099306487,3406.795024269874,2.9660701418477906,2.9860454237994563,ok,,benchmarks/ops/matmul-otherlibs/results/raw/rebench-current/x86/local-x86_MatmulOtherlibsLIBXSMMBench_meta-pack-20260904.json
meta-pack-20260904,local-x86,Native,Intel(R) Xeon(R) w9-3495X,gcc (Ubuntu 13.3.0-6ubuntu2~24.04.1) 13.3.0,oneDNN,0e2a5bfeef1bfbffc3137464606540233086ce9b,AVX-512+AMX-BF16,brg_matmul:avx512_core_bf16,L04_mlp_up_decode,llm,mlp_up,11008x1x4096,1,1,0,bias,bf16xbf16_acc_fp32,NA,prepared_execute,separate,row_contiguous,default,auto,auto,auto,0.0,0.0,1.0,1.0,,,,,2916.073860454395,2878.5692372218555,2981.9609998010615,0.02029649854253622,30.92429763968604,4877.756642859562,,1.6727136815730343,TokenDynamic,3429.7384099306487,3406.795024269874,0.8502321494872723,0.8559581189007262,ok,,benchmarks/ops/matmul-otherlibs/results/raw/rebench-current/x86/local-x86_MatmulOtherlibsOneDNNBench_meta-pack-20260904.json
meta-pack-20260904,local-x86,Native,Intel(R) Xeon(R) w9-3495X,gcc (Ubuntu 13.3.0-6ubuntu2~24.04.1) 13.3.0,OpenBLAS,e0166008be8e466242aa76b2ff75ce3f0fbf574a,AVX-512+AMX-BF16,unspecified,L04_mlp_up_decode,llm,mlp_up,11008x1x4096,1,1,0,bias,bf16xbf16_acc_fp32,NA,raw_e2e,separate,row_contiguous,default,auto,auto,auto,0.0,1.0,0.0,1.0,,,,,4877.756642859562,4859.745521389414,4931.444842700979,0.00717601375263515,18.487502063476015,4877.756642859562,1.0,1.0,TokenDynamic,3429.7384099306487,3406.795024269874,1.4221949489606098,1.4317728563387628,ok,,benchmarks/ops/matmul-otherlibs/results/raw/rebench-current/x86/local-x86_MatmulOtherlibsOpenBLASBench_meta-pack-20260904.json
meta-pack-20260904,local-x86,Native,Intel(R) Xeon(R) w9-3495X,gcc (Ubuntu 13.3.0-6ubuntu2~24.04.1) 13.3.0,vecops,0b7a801a0b816f70245d24001a70ce0561c23389+dirty,AVX-512+AMX-BF16,,L04_mlp_up_decode,llm,mlp_up,11008x1x4096,1,1,0,bias,bf16xbf16_acc_fp32,AllConst,raw_e2e,native_fused,row_contiguous,default,auto,auto,auto,0.0,1.0,0.0,1.0,,,,,3406.795024269874,3379.6639948311017,3410.321731466755,0.004160780097432081,26.469903635991827,4877.756642859562,1.4317728563387628,1.4317728563387628,TokenDynamic,3429.7384099306487,3406.795024269874,0.9933104560994088,1.0,ok,,benchmarks/ops/matmul-otherlibs/results/raw/rebench-current/x86/local-x86_MatmulOtherlibsVecopsBiasBench_meta-pack-20260904.json
meta-pack-20260904,local-x86,Native,Intel(R) Xeon(R) w9-3495X,gcc (Ubuntu 13.3.0-6ubuntu2~24.04.1) 13.3.0,vecops,0b7a801a0b816f70245d24001a70ce0561c23389+dirty,AVX-512+AMX-BF16,,L04_mlp_up_decode,llm,mlp_up,11008x1x4096,1,1,0,bias,bf16xbf16_acc_fp32,TokenDynamic,raw_e2e,native_fused,row_contiguous,default,auto,auto,auto,0.0,1.0,0.0,1.0,,,,,3429.7384099306487,3412.09752801567,3522.9097796568217,0.020726820579302252,26.292832053574443,4877.756642859562,1.4221949489606098,1.4221949489606098,TokenDynamic,3429.7384099306487,3406.795024269874,1.0,1.0067345952713114,ok,,benchmarks/ops/matmul-otherlibs/results/raw/rebench-current/x86/local-x86_MatmulOtherlibsVecopsBiasBench_meta-pack-20260904.json
meta-pack-20260904,local-x86,Native,Intel(R) Xeon(R) w9-3495X,gcc (Ubuntu 13.3.0-6ubuntu2~24.04.1) 13.3.0,LIBXSMM,3668d249637792dcc988414eb3d2a374033743df,AVX-512+AMX-BF16,,L04_mlp_up_decode,llm,mlp_up,11008x1x4096,1,1,0,bias_relu,bf16xbf16_acc_fp32,NA,prepared_execute,separate,row_contiguous,default,auto,auto,auto,0.0,0.0,1.0,1.0,,,1.0,0.0,10120.651075759757,10088.692261622502,10263.109475804062,0.008484347002623004,8.910250469555919,4852.723499685193,,0.47948728430210197,TokenDynamic,3426.2105749803595,3367.931618759896,2.9538905605116734,3.0050049173760467,ok,,benchmarks/ops/matmul-otherlibs/results/raw/rebench-current/x86/local-x86_MatmulOtherlibsLIBXSMMBench_meta-pack-20260904.json
meta-pack-20260904,local-x86,Native,Intel(R) Xeon(R) w9-3495X,gcc (Ubuntu 13.3.0-6ubuntu2~24.04.1) 13.3.0,oneDNN,0e2a5bfeef1bfbffc3137464606540233086ce9b,AVX-512+AMX-BF16,brg_matmul:avx512_core_bf16,L04_mlp_up_decode,llm,mlp_up,11008x1x4096,1,1,0,bias_relu,bf16xbf16_acc_fp32,NA,prepared_execute,separate,row_contiguous,default,auto,auto,auto,0.0,0.0,1.0,1.0,,,,,2837.109390858804,2821.705286876987,2861.4344433425804,0.008837489816793035,31.785004938672074,4852.723499685193,,1.710446384380073,TokenDynamic,3426.2105749803595,3367.931618759896,0.8280604267515191,0.8423892501426303,ok,,benchmarks/ops/matmul-otherlibs/results/raw/rebench-current/x86/local-x86_MatmulOtherlibsOneDNNBench_meta-pack-20260904.json
meta-pack-20260904,local-x86,Native,Intel(R) Xeon(R) w9-3495X,gcc (Ubuntu 13.3.0-6ubuntu2~24.04.1) 13.3.0,OpenBLAS,e0166008be8e466242aa76b2ff75ce3f0fbf574a,AVX-512+AMX-BF16,unspecified,L04_mlp_up_decode,llm,mlp_up,11008x1x4096,1,1,0,bias_relu,bf16xbf16_acc_fp32,NA,raw_e2e,separate,row_contiguous,default,auto,auto,auto,0.0,1.0,0.0,1.0,,,,,4852.723499685193,4849.321328219958,5025.021613982972,0.027595296430828517,18.582871248660677,4852.723499685193,1.0,1.0,TokenDynamic,3426.2105749803595,3367.931618759896,1.4163529629853562,1.440861647147103,ok,,benchmarks/ops/matmul-otherlibs/results/raw/rebench-current/x86/local-x86_MatmulOtherlibsOpenBLASBench_meta-pack-20260904.json
meta-pack-20260904,local-x86,Native,Intel(R) Xeon(R) w9-3495X,gcc (Ubuntu 13.3.0-6ubuntu2~24.04.1) 13.3.0,vecops,0b7a801a0b816f70245d24001a70ce0561c23389+dirty,AVX-512+AMX-BF16,,L04_mlp_up_decode,llm,mlp_up,11008x1x4096,1,1,0,bias_relu,bf16xbf16_acc_fp32,AllConst,raw_e2e,native_fused,row_contiguous,default,auto,auto,auto,0.0,1.0,0.0,1.0,,,,,3367.931618759896,3356.2983663397886,3383.0054568603546,0.004184188524636797,26.775346476067767,4852.723499685193,1.440861647147103,1.440861647147103,TokenDynamic,3426.2105749803595,3367.931618759896,0.9829902584954816,1.0,ok,,benchmarks/ops/matmul-otherlibs/results/raw/rebench-current/x86/local-x86_MatmulOtherlibsVecopsBiasReluBench_meta-pack-20260904.json
meta-pack-20260904,local-x86,Native,Intel(R) Xeon(R) w9-3495X,gcc (Ubuntu 13.3.0-6ubuntu2~24.04.1) 13.3.0,vecops,0b7a801a0b816f70245d24001a70ce0561c23389+dirty,AVX-512+AMX-BF16,,L04_mlp_up_decode,llm,mlp_up,11008x1x4096,1,1,0,bias_relu,bf16xbf16_acc_fp32,TokenDynamic,raw_e2e,native_fused,row_contiguous,default,auto,auto,auto,0.0,1.0,0.0,1.0,,,,,3426.2105749803595,3410.9930046543013,3436.533045169199,0.0036159386354120706,26.319904753815937,4852.723499685193,1.4163529629853562,1.4163529629853562,TokenDynamic,3426.2105749803595,3367.931618759896,1.0,1.0173040794224684,ok,,benchmarks/ops/matmul-otherlibs/results/raw/rebench-current/x86/local-x86_MatmulOtherlibsVecopsBiasReluBench_meta-pack-20260904.json
meta-pack-20260904,local-x86,Native,Intel(R) Xeon(R) w9-3495X,gcc (Ubuntu 13.3.0-6ubuntu2~24.04.1) 13.3.0,LIBXSMM,3668d249637792dcc988414eb3d2a374033743df,AVX-512+AMX-BF16,,L04_mlp_up_decode,llm,mlp_up,11008x1x4096,1,1,0,bias_silu,bf16xbf16_acc_fp32,NA,prepared_execute,separate,row_contiguous,default,auto,auto,auto,0.0,0.0,1.0,1.0,,,1.0,0.0,10345.449536823882,10189.840108012924,11034.064692033167,0.04048922243419913,8.71663775257127,4922.52735628946,,0.47581570416713925,TokenDynamic,3493.9030771895955,3370.551125408383,2.9610007227634636,3.069364371552265,ok,,benchmarks/ops/matmul-otherlibs/results/raw/rebench-current/x86/local-x86_MatmulOtherlibsLIBXSMMBench_meta-pack-20260904.json
meta-pack-20260904,local-x86,Native,Intel(R) Xeon(R) w9-3495X,gcc (Ubuntu 13.3.0-6ubuntu2~24.04.1) 13.3.0,oneDNN,0e2a5bfeef1bfbffc3137464606540233086ce9b,AVX-512+AMX-BF16,brg_matmul:avx512_core_bf16,L04_mlp_up_decode,llm,mlp_up,11008x1x4096,1,1,0,bias_silu,bf16xbf16_acc_fp32,NA,prepared_execute,separate,row_contiguous,default,auto,auto,auto,0.0,0.0,1.0,1.0,,,,,2883.5330867087064,2858.7754781651515,2913.1038958439603,0.008811276780646832,31.273279441689898,4922.52735628946,,1.7071166545579965,TokenDynamic,3493.9030771895955,3370.551125408383,0.8253042580185553,0.8555078915645676,ok,,benchmarks/ops/matmul-otherlibs/results/raw/rebench-current/x86/local-x86_MatmulOtherlibsOneDNNBench_meta-pack-20260904.json
meta-pack-20260904,local-x86,Native,Intel(R) Xeon(R) w9-3495X,gcc (Ubuntu 13.3.0-6ubuntu2~24.04.1) 13.3.0,OpenBLAS,e0166008be8e466242aa76b2ff75ce3f0fbf574a,AVX-512+AMX-BF16,unspecified,L04_mlp_up_decode,llm,mlp_up,11008x1x4096,1,1,0,bias_silu,bf16xbf16_acc_fp32,NA,raw_e2e,separate,row_contiguous,default,auto,auto,auto,0.0,1.0,0.0,1.0,,,,,4922.52735628946,4910.582049550222,4945.499921242507,0.004178864625225142,18.319357003629676,4922.52735628946,1.0,1.0,TokenDynamic,3493.9030771895955,3370.551125408383,1.4088906439411057,1.4604517697956698,ok,,benchmarks/ops/matmul-otherlibs/results/raw/rebench-current/x86/local-x86_MatmulOtherlibsOpenBLASBench_meta-pack-20260904.json
meta-pack-20260904,local-x86,Native,Intel(R) Xeon(R) w9-3495X,gcc (Ubuntu 13.3.0-6ubuntu2~24.04.1) 13.3.0,vecops,0b7a801a0b816f70245d24001a70ce0561c23389+dirty,AVX-512+AMX-BF16,,L04_mlp_up_decode,llm,mlp_up,11008x1x4096,1,1,0,bias_silu,bf16xbf16_acc_fp32,AllConst,raw_e2e,native_fused,row_contiguous,default,auto,auto,auto,0.0,1.0,0.0,1.0,,,,,3370.551125408383,3361.875469709048,3422.172860300634,0.008859729402987427,26.754537357469662,4922.52735628946,1.4604517697956698,1.4604517697956698,TokenDynamic,3493.9030771895955,3370.551125408383,0.9646950848217479,1.0,ok,,benchmarks/ops/matmul-otherlibs/results/raw/rebench-current/x86/local-x86_MatmulOtherlibsVecopsBiasSiluBench_meta-pack-20260904.json
meta-pack-20260904,local-x86,Native,Intel(R) Xeon(R) w9-3495X,gcc (Ubuntu 13.3.0-6ubuntu2~24.04.1) 13.3.0,vecops,0b7a801a0b816f70245d24001a70ce0561c23389+dirty,AVX-512+AMX-BF16,,L04_mlp_up_decode,llm,mlp_up,11008x1x4096,1,1,0,bias_silu,bf16xbf16_acc_fp32,TokenDynamic,raw_e2e,native_fused,row_contiguous,default,auto,auto,auto,0.0,1.0,0.0,1.0,,,,,3493.9030771895955,3482.8514614417104,3502.486087232589,0.002579056344072821,25.809970685430823,4922.52735628946,1.4088906439411057,1.4088906439411057,TokenDynamic,3493.9030771895955,3370.551125408383,1.0,1.0365969680303446,ok,,benchmarks/ops/matmul-otherlibs/results/raw/rebench-current/x86/local-x86_MatmulOtherlibsVecopsBiasSiluBench_meta-pack-20260904.json
meta-pack-20260904,local-x86,Native,Intel(R) Xeon(R) w9-3495X,gcc (Ubuntu 13.3.0-6ubuntu2~24.04.1) 13.3.0,LIBXSMM,3668d249637792dcc988414eb3d2a374033743df,AVX-512+AMX-BF16,,L04_mlp_up_decode,llm,mlp_up,11008x1x4096,1,1,0,gemm,bf16xbf16_acc_fp32,NA,prepared_execute,native,row_contiguous,default,auto,auto,auto,0.0,0.0,1.0,1.0,,,1.0,0.0,10171.893923632944,10075.678906510939,10227.76110867898,0.007314565490822081,8.865363390241946,4856.820068731583,,0.4774745101743004,TokenDynamic,3470.7724737113736,3383.8422685043843,2.930729110213299,3.0060189324748854,ok,,benchmarks/ops/matmul-otherlibs/results/raw/rebench-current/x86/local-x86_MatmulOtherlibsLIBXSMMBench_meta-pack-20260904.json
meta-pack-20260904,local-x86,Native,Intel(R) Xeon(R) w9-3495X,gcc (Ubuntu 13.3.0-6ubuntu2~24.04.1) 13.3.0,oneDNN,0e2a5bfeef1bfbffc3137464606540233086ce9b,AVX-512+AMX-BF16,brg_matmul:avx512_core_bf16,L04_mlp_up_decode,llm,mlp_up,11008x1x4096,1,1,0,gemm,bf16xbf16_acc_fp32,NA,prepared_execute,native,row_contiguous,default,auto,auto,auto,0.0,0.0,1.0,1.0,,,,,2855.8943481387005,2843.4651435616065,2891.039808341505,0.007307468275937292,31.575935593966307,4856.820068731583,,1.7006301622806759,TokenDynamic,3470.7724737113736,3383.8422685043843,0.8228411311228447,0.843979748914529,ok,,benchmarks/ops/matmul-otherlibs/results/raw/rebench-current/x86/local-x86_MatmulOtherlibsOneDNNBench_meta-pack-20260904.json
meta-pack-20260904,local-x86,Native,Intel(R) Xeon(R) w9-3495X,gcc (Ubuntu 13.3.0-6ubuntu2~24.04.1) 13.3.0,OpenBLAS,e0166008be8e466242aa76b2ff75ce3f0fbf574a,AVX-512+AMX-BF16,unspecified,L04_mlp_up_decode,llm,mlp_up,11008x1x4096,1,1,0,gemm,bf16xbf16_acc_fp32,NA,raw_e2e,native,row_contiguous,default,auto,auto,auto,0.0,1.0,0.0,1.0,,,,,4856.820068731583,4847.616620827466,4870.595882951828,0.002643730457022697,18.56719720390032,4856.820068731583,1.0,1.0,TokenDynamic,3470.7724737113736,3383.8422685043843,1.3993484463526582,1.4352974173581194,ok,,benchmarks/ops/matmul-otherlibs/results/raw/rebench-current/x86/local-x86_MatmulOtherlibsOpenBLASBench_meta-pack-20260904.json
meta-pack-20260904,local-x86,Native,Intel(R) Xeon(R) w9-3495X,gcc (Ubuntu 13.3.0-6ubuntu2~24.04.1) 13.3.0,vecops,0b7a801a0b816f70245d24001a70ce0561c23389+dirty,AVX-512+AMX-BF16,,L04_mlp_up_decode,llm,mlp_up,11008x1x4096,1,1,0,gemm,bf16xbf16_acc_fp32,AllConst,raw_e2e,native,row_contiguous,default,auto,auto,auto,0.0,1.0,0.0,1.0,,,,,3383.8422685043843,3368.6116242656353,3402.450956154342,0.004935381775722647,26.649450194337025,4856.820068731583,1.4352974173581194,1.4352974173581194,TokenDynamic,3470.7724737113736,3383.8422685043843,0.9749536433559319,1.0,ok,,benchmarks/ops/matmul-otherlibs/results/raw/rebench-current/x86/local-x86_MatmulOtherlibsVecopsLLMBench_meta-pack-20260904.json
meta-pack-20260904,local-x86,Native,Intel(R) Xeon(R) w9-3495X,gcc (Ubuntu 13.3.0-6ubuntu2~24.04.1) 13.3.0,vecops,0b7a801a0b816f70245d24001a70ce0561c23389+dirty,AVX-512+AMX-BF16,,L04_mlp_up_decode,llm,mlp_up,11008x1x4096,1,1,0,gemm,bf16xbf16_acc_fp32,TokenDynamic,raw_e2e,native,row_contiguous,default,auto,auto,auto,0.0,1.0,0.0,1.0,,,,,3470.7724737113736,3462.271426044601,3547.9502891815314,0.01163113855946192,25.98197856040133,4856.820068731583,1.3993484463526582,1.3993484463526582,TokenDynamic,3470.7724737113736,3383.8422685043843,1.0,1.0256897923452595,ok,,benchmarks/ops/matmul-otherlibs/results/raw/rebench-current/x86/local-x86_MatmulOtherlibsVecopsLLMBench_meta-pack-20260904.json
meta-pack-20260904,local-x86,Native,Intel(R) Xeon(R) w9-3495X,gcc (Ubuntu 13.3.0-6ubuntu2~24.04.1) 13.3.0,LIBXSMM,3668d249637792dcc988414eb3d2a374033743df,AVX-512+AMX-BF16,,L04_mlp_up_decode,llm,mlp_up,11008x1x4096,1,1,0,gemm_add,bf16xbf16_acc_fp32,NA,prepared_execute,native,row_contiguous,default,auto,auto,auto,0.0,0.0,1.0,1.0,,,1.0,0.0,10161.748999962583,10126.001049745053,10499.107231832266,0.017088121572700593,8.874214074794805,4946.129137634075,,0.48673994384749,TokenDynamic,3457.8860765740947,3395.0605384933833,2.938717116450045,2.993098027192185,ok,,benchmarks/ops/matmul-otherlibs/results/raw/rebench-current/x86/local-x86_MatmulOtherlibsLIBXSMMBench_meta-pack-20260904.json
meta-pack-20260904,local-x86,Native,Intel(R) Xeon(R) w9-3495X,gcc (Ubuntu 13.3.0-6ubuntu2~24.04.1) 13.3.0,oneDNN,0e2a5bfeef1bfbffc3137464606540233086ce9b,AVX-512+AMX-BF16,brg_matmul:avx512_core_bf16,L04_mlp_up_decode,llm,mlp_up,11008x1x4096,1,1,0,gemm_add,bf16xbf16_acc_fp32,NA,prepared_execute,native,row_contiguous,default,auto,auto,auto,0.0,0.0,1.0,1.0,,,,,2875.1298179320825,2869.7605228940533,2897.984413853423,0.004710765800885655,31.36468323536764,4946.129137634075,,1.720315064309529,TokenDynamic,3457.8860765740947,3395.0605384933833,0.8314703707013451,0.8468567159064477,ok,,benchmarks/ops/matmul-otherlibs/results/raw/rebench-current/x86/local-x86_MatmulOtherlibsOneDNNBench_meta-pack-20260904.json
meta-pack-20260904,local-x86,Native,Intel(R) Xeon(R) w9-3495X,gcc (Ubuntu 13.3.0-6ubuntu2~24.04.1) 13.3.0,OpenBLAS,e0166008be8e466242aa76b2ff75ce3f0fbf574a,AVX-512+AMX-BF16,unspecified,L04_mlp_up_decode,llm,mlp_up,11008x1x4096,1,1,0,gemm_add,bf16xbf16_acc_fp32,NA,raw_e2e,native,row_contiguous,default,auto,auto,auto,0.0,1.0,0.0,1.0,,,,,4946.129137634075,4876.215075311283,5080.104462103918,0.019188311847465275,18.231941279870302,4946.129137634075,1.0,1.0,TokenDynamic,3457.8860765740947,3395.0605384933833,1.4303910042445525,1.4568603656855572,ok,,benchmarks/ops/matmul-otherlibs/results/raw/rebench-current/x86/local-x86_MatmulOtherlibsOpenBLASBench_meta-pack-20260904.json
meta-pack-20260904,local-x86,Native,Intel(R) Xeon(R) w9-3495X,gcc (Ubuntu 13.3.0-6ubuntu2~24.04.1) 13.3.0,vecops,0b7a801a0b816f70245d24001a70ce0561c23389+dirty,AVX-512+AMX-BF16,,L04_mlp_up_decode,llm,mlp_up,11008x1x4096,1,1,0,gemm_add,bf16xbf16_acc_fp32,AllConst,raw_e2e,native,row_contiguous,default,auto,auto,auto,0.0,1.0,0.0,1.0,,,,,3395.0605384933833,3387.3410974569524,3422.993948707023,0.0047630316757470365,26.561392640149457,4946.129137634075,1.4568603656855572,1.4568603656855572,TokenDynamic,3457.8860765740947,3395.0605384933833,0.981831229632945,1.0,ok,,benchmarks/ops/matmul-otherlibs/results/raw/rebench-current/x86/local-x86_MatmulOtherlibsVecopsLLMBench_meta-pack-20260904.json
meta-pack-20260904,local-x86,Native,Intel(R) Xeon(R) w9-3495X,gcc (Ubuntu 13.3.0-6ubuntu2~24.04.1) 13.3.0,vecops,0b7a801a0b816f70245d24001a70ce0561c23389+dirty,AVX-512+AMX-BF16,,L04_mlp_up_decode,llm,mlp_up,11008x1x4096,1,1,0,gemm_add,bf16xbf16_acc_fp32,TokenDynamic,raw_e2e,native,row_contiguous,default,auto,auto,auto,0.0,1.0,0.0,1.0,,,,,3457.8860765740947,3448.9296002086635,3504.9058664112517,0.011178711268744026,26.078804796641396,4946.129137634075,1.4303910042445525,1.4303910042445525,TokenDynamic,3457.8860765740947,3395.0605384933833,1.0,1.0185049831566748,ok,,benchmarks/ops/matmul-otherlibs/results/raw/rebench-current/x86/local-x86_MatmulOtherlibsVecopsLLMBench_meta-pack-20260904.json
meta-pack-20260904,local-x86,Native,Intel(R) Xeon(R) w9-3495X,gcc (Ubuntu 13.3.0-6ubuntu2~24.04.1) 13.3.0,LIBXSMM,3668d249637792dcc988414eb3d2a374033743df,AVX-512+AMX-BF16,,L05_mlp_up_prefill,llm,mlp_up,11008x128x4096,1,128,0,bias,bf16xbf16_acc_fp32,NA,prepared_execute,separate,row_contiguous,default,auto,auto,auto,0.0,0.0,1.0,1.0,,,1.0,0.0,59894.34699586127,57468.6857056804,61078.200201154694,0.026496632551925598,192.7180975659958,10115.627428084346,,0.1688911881580968,TokenDynamic,18777.43114268274,17923.048002558062,3.189698662226282,3.3417500743909665,ok,,benchmarks/ops/matmul-otherlibs/results/raw/rebench-current/x86/local-x86_MatmulOtherlibsLIBXSMMBench_meta-pack-20260904.json
meta-pack-20260904,local-x86,Native,Intel(R) Xeon(R) w9-3495X,gcc (Ubuntu 13.3.0-6ubuntu2~24.04.1) 13.3.0,oneDNN,0e2a5bfeef1bfbffc3137464606540233086ce9b,AVX-512+AMX-BF16,brg_matmul:avx10_1_512_amx,L05_mlp_up_prefill,llm,mlp_up,11008x128x4096,1,128,0,bias,bf16xbf16_acc_fp32,NA,prepared_execute,separate,row_contiguous,default,auto,auto,auto,0.0,0.0,1.0,1.0,,,,,13446.802887806874,13249.237133034814,13567.486556065787,0.010645517935305153,858.3991826389133,10115.627428084346,,0.7522700758302087,TokenDynamic,18777.43114268274,17923.048002558062,0.716115148319789,0.7502520154991318,ok,,benchmarks/ops/matmul-otherlibs/results/raw/rebench-current/x86/local-x86_MatmulOtherlibsOneDNNBench_meta-pack-20260904.json
meta-pack-20260904,local-x86,Native,Intel(R) Xeon(R) w9-3495X,gcc (Ubuntu 13.3.0-6ubuntu2~24.04.1) 13.3.0,OpenBLAS,e0166008be8e466242aa76b2ff75ce3f0fbf574a,AVX-512+AMX-BF16,unspecified,L05_mlp_up_prefill,llm,mlp_up,11008x128x4096,1,128,0,bias,bf16xbf16_acc_fp32,NA,raw_e2e,separate,row_contiguous,default,auto,auto,auto,0.0,1.0,0.0,1.0,,,,,10115.627428084346,9974.571542365344,10179.351200349629,0.008866468295428526,1141.078463996564,10115.627428084346,1.0,1.0,TokenDynamic,18777.43114268274,17923.048002558062,0.5387119969296887,0.5643921405912988,ok,,benchmarks/ops/matmul-otherlibs/results/raw/rebench-current/x86/local-x86_MatmulOtherlibsOpenBLASBench_meta-pack-20260904.json
meta-pack-20260904,local-x86,Native,Intel(R) Xeon(R) w9-3495X,gcc (Ubuntu 13.3.0-6ubuntu2~24.04.1) 13.3.0,vecops,0b7a801a0b816f70245d24001a70ce0561c23389+dirty,AVX-512+AMX-BF16,,L05_mlp_up_prefill,llm,mlp_up,11008x128x4096,1,128,0,bias,bf16xbf16_acc_fp32,AllConst,raw_e2e,native_fused,row_contiguous,default,auto,auto,auto,0.0,1.0,0.0,1.0,,,,,17923.048002558062,17885.419697995527,17990.39510151488,0.002941950787665517,644.0157168776522,10115.627428084346,0.5643921405912988,0.5643921405912988,TokenDynamic,18777.43114268274,17923.048002558062,0.9544994662138533,1.0,ok,,benchmarks/ops/matmul-otherlibs/results/raw/rebench-current/x86/local-x86_MatmulOtherlibsVecopsBiasBench_meta-pack-20260904.json
meta-pack-20260904,local-x86,Native,Intel(R) Xeon(R) w9-3495X,gcc (Ubuntu 13.3.0-6ubuntu2~24.04.1) 13.3.0,vecops,0b7a801a0b816f70245d24001a70ce0561c23389+dirty,AVX-512+AMX-BF16,,L05_mlp_up_prefill,llm,mlp_up,11008x128x4096,1,128,0,bias,bf16xbf16_acc_fp32,TokenDynamic,raw_e2e,native_fused,row_contiguous,default,auto,auto,auto,0.0,1.0,0.0,1.0,,,,,18777.43114268274,18732.973687084657,18829.081685648165,0.002314567782260532,614.7126579930509,10115.627428084346,0.5387119969296887,0.5387119969296887,TokenDynamic,18777.43114268274,17923.048002558062,1.0,1.0476695225054766,ok,,benchmarks/ops/matmul-otherlibs/results/raw/rebench-current/x86/local-x86_MatmulOtherlibsVecopsBiasBench_meta-pack-20260904.json
meta-pack-20260904,local-x86,Native,Intel(R) Xeon(R) w9-3495X,gcc (Ubuntu 13.3.0-6ubuntu2~24.04.1) 13.3.0,LIBXSMM,3668d249637792dcc988414eb3d2a374033743df,AVX-512+AMX-BF16,,L05_mlp_up_prefill,llm,mlp_up,11008x128x4096,1,128,0,bias_relu,bf16xbf16_acc_fp32,NA,prepared_execute,separate,row_contiguous,default,auto,auto,auto,0.0,0.0,1.0,1.0,,,1.0,0.0,59016.323502874,56718.48979545757,63400.925195310265,0.06267278670809855,195.58528764398358,10053.003844894612,,0.17034276702114537,TokenDynamic,19644.8942837638,18190.282873547403,3.0041558203573575,3.2443873420295444,ok,,benchmarks/ops/matmul-otherlibs/results/raw/rebench-current/x86/local-x86_MatmulOtherlibsLIBXSMMBench_meta-pack-20260904.json
meta-pack-20260904,local-x86,Native,Intel(R) Xeon(R) w9-3495X,gcc (Ubuntu 13.3.0-6ubuntu2~24.04.1) 13.3.0,oneDNN,0e2a5bfeef1bfbffc3137464606540233086ce9b,AVX-512+AMX-BF16,brg_matmul:avx10_1_512_amx,L05_mlp_up_prefill,llm,mlp_up,11008x128x4096,1,128,0,bias_relu,bf16xbf16_acc_fp32,NA,prepared_execute,separate,row_contiguous,default,auto,auto,auto,0.0,0.0,1.0,1.0,,,,,13579.590779651578,13496.987356726702,14126.937844169635,0.021347758549724108,850.0053348659274,10053.003844894612,,0.7403024147059423,TokenDynamic,19644.8942837638,18190.282873547403,0.6912529323649708,0.7465299398614209,ok,,benchmarks/ops/matmul-otherlibs/results/raw/rebench-current/x86/local-x86_MatmulOtherlibsOneDNNBench_meta-pack-20260904.json
meta-pack-20260904,local-x86,Native,Intel(R) Xeon(R) w9-3495X,gcc (Ubuntu 13.3.0-6ubuntu2~24.04.1) 13.3.0,OpenBLAS,e0166008be8e466242aa76b2ff75ce3f0fbf574a,AVX-512+AMX-BF16,unspecified,L05_mlp_up_prefill,llm,mlp_up,11008x128x4096,1,128,0,bias_relu,bf16xbf16_acc_fp32,NA,raw_e2e,separate,row_contiguous,default,auto,auto,auto,0.0,1.0,0.0,1.0,,,,,10053.003844894612,10028.58984597529,10104.231737428703,0.0033606148863181916,1148.1866301943114,10053.003844894612,1.0,1.0,TokenDynamic,19644.8942837638,18190.282873547403,0.5117362150023512,0.5526579171296918,ok,,benchmarks/ops/matmul-otherlibs/results/raw/rebench-current/x86/local-x86_MatmulOtherlibsOpenBLASBench_meta-pack-20260904.json
meta-pack-20260904,local-x86,Native,Intel(R) Xeon(R) w9-3495X,gcc (Ubuntu 13.3.0-6ubuntu2~24.04.1) 13.3.0,vecops,0b7a801a0b816f70245d24001a70ce0561c23389+dirty,AVX-512+AMX-BF16,,L05_mlp_up_prefill,llm,mlp_up,11008x128x4096,1,128,0,bias_relu,bf16xbf16_acc_fp32,AllConst,raw_e2e,native_fused,row_contiguous,default,auto,auto,auto,0.0,1.0,0.0,1.0,,,,,18190.282873547403,15207.15247534099,18271.3722497283,0.08549742935866203,634.5544315193476,10053.003844894612,0.5526579171296918,0.5526579171296918,TokenDynamic,19644.8942837638,18190.282873547403,0.9259547346396967,1.0,ok,,benchmarks/ops/matmul-otherlibs/results/raw/rebench-current/x86/local-x86_MatmulOtherlibsVecopsBiasReluBench_meta-pack-20260904.json
meta-pack-20260904,local-x86,Native,Intel(R) Xeon(R) w9-3495X,gcc (Ubuntu 13.3.0-6ubuntu2~24.04.1) 13.3.0,vecops,0b7a801a0b816f70245d24001a70ce0561c23389+dirty,AVX-512+AMX-BF16,,L05_mlp_up_prefill,llm,mlp_up,11008x128x4096,1,128,0,bias_relu,bf16xbf16_acc_fp32,TokenDynamic,raw_e2e,native_fused,row_contiguous,default,auto,auto,auto,0.0,1.0,0.0,1.0,,,,,19644.8942837638,16709.238800519546,19678.74057258346,0.07797913507742378,587.5686802519413,10053.003844894612,0.5117362150023512,0.5117362150023512,TokenDynamic,19644.8942837638,18190.282873547403,1.0,1.0799663985617132,ok,,benchmarks/ops/matmul-otherlibs/results/raw/rebench-current/x86/local-x86_MatmulOtherlibsVecopsBiasReluBench_meta-pack-20260904.json
meta-pack-20260904,local-x86,Native,Intel(R) Xeon(R) w9-3495X,gcc (Ubuntu 13.3.0-6ubuntu2~24.04.1) 13.3.0,LIBXSMM,3668d249637792dcc988414eb3d2a374033743df,AVX-512+AMX-BF16,,L05_mlp_up_prefill,llm,mlp_up,11008x128x4096,1,128,0,bias_silu,bf16xbf16_acc_fp32,NA,prepared_execute,separate,row_contiguous,default,auto,auto,auto,0.0,0.0,1.0,1.0,,,1.0,0.0,60270.98749473225,59484.35109457932,61932.7750056982,0.018741641710439096,191.51377947820825,12969.052456107669,,0.2151790271769013,TokenDynamic,15646.893140261194,15498.440221158993,3.8519460032387074,3.888842143769298,ok,,benchmarks/ops/matmul-otherlibs/results/raw/rebench-current/x86/local-x86_MatmulOtherlibsLIBXSMMBench_meta-pack-20260904.json
meta-pack-20260904,local-x86,Native,Intel(R) Xeon(R) w9-3495X,gcc (Ubuntu 13.3.0-6ubuntu2~24.04.1) 13.3.0,oneDNN,0e2a5bfeef1bfbffc3137464606540233086ce9b,AVX-512+AMX-BF16,brg_matmul:avx10_1_512_amx,L05_mlp_up_prefill,llm,mlp_up,11008x128x4096,1,128,0,bias_silu,bf16xbf16_acc_fp32,NA,prepared_execute,separate,row_contiguous,default,auto,auto,auto,0.0,0.0,1.0,1.0,,,,,16749.04462561244,16637.889650155557,16783.01285210182,0.004256711214311529,689.1571946944963,12969.052456107669,,0.7743159532977509,TokenDynamic,15646.893140261194,15498.440221158993,1.0704389986862817,1.080692275261744,ok,,benchmarks/ops/matmul-otherlibs/results/raw/rebench-current/x86/local-x86_MatmulOtherlibsOneDNNBench_meta-pack-20260904.json
meta-pack-20260904,local-x86,Native,Intel(R) Xeon(R) w9-3495X,gcc (Ubuntu 13.3.0-6ubuntu2~24.04.1) 13.3.0,OpenBLAS,e0166008be8e466242aa76b2ff75ce3f0fbf574a,AVX-512+AMX-BF16,unspecified,L05_mlp_up_prefill,llm,mlp_up,11008x128x4096,1,128,0,bias_silu,bf16xbf16_acc_fp32,NA,raw_e2e,separate,row_contiguous,default,auto,auto,auto,0.0,1.0,0.0,1.0,,,,,12969.052456107669,12926.924309100617,13130.91998189603,0.009977372231823982,890.0206585689341,12969.052456107669,1.0,1.0,TokenDynamic,15646.893140261194,15498.440221158993,0.8288579937148581,0.8367972693408129,ok,,benchmarks/ops/matmul-otherlibs/results/raw/rebench-current/x86/local-x86_MatmulOtherlibsOpenBLASBench_meta-pack-20260904.json
meta-pack-20260904,local-x86,Native,Intel(R) Xeon(R) w9-3495X,gcc (Ubuntu 13.3.0-6ubuntu2~24.04.1) 13.3.0,vecops,0b7a801a0b816f70245d24001a70ce0561c23389+dirty,AVX-512+AMX-BF16,,L05_mlp_up_prefill,llm,mlp_up,11008x128x4096,1,128,0,bias_silu,bf16xbf16_acc_fp32,AllConst,raw_e2e,native_fused,row_contiguous,default,auto,auto,auto,0.0,1.0,0.0,1.0,,,,,15498.440221158993,15407.061000587419,19296.421776784377,0.11280689163682985,744.766856747396,12969.052456107669,0.8367972693408129,0.8367972693408129,TokenDynamic,15646.893140261194,15498.440221158993,0.9905123069627021,1.0,ok,,benchmarks/ops/matmul-otherlibs/results/raw/rebench-current/x86/local-x86_MatmulOtherlibsVecopsBiasSiluBench_meta-pack-20260904.json
meta-pack-20260904,local-x86,Native,Intel(R) Xeon(R) w9-3495X,gcc (Ubuntu 13.3.0-6ubuntu2~24.04.1) 13.3.0,vecops,0b7a801a0b816f70245d24001a70ce0561c23389+dirty,AVX-512+AMX-BF16,,L05_mlp_up_prefill,llm,mlp_up,11008x128x4096,1,128,0,bias_silu,bf16xbf16_acc_fp32,TokenDynamic,raw_e2e,native_fused,row_contiguous,default,auto,auto,auto,0.0,1.0,0.0,1.0,,,,,15646.893140261194,15580.260085906568,19296.410856934795,0.10792037383213873,737.7007374262234,12969.052456107669,0.8288579937148581,0.8288579937148581,TokenDynamic,15646.893140261194,15498.440221158993,1.0,1.009578571584225,ok,,benchmarks/ops/matmul-otherlibs/results/raw/rebench-current/x86/local-x86_MatmulOtherlibsVecopsBiasSiluBench_meta-pack-20260904.json
meta-pack-20260904,local-x86,Native,Intel(R) Xeon(R) w9-3495X,gcc (Ubuntu 13.3.0-6ubuntu2~24.04.1) 13.3.0,LIBXSMM,3668d249637792dcc988414eb3d2a374033743df,AVX-512+AMX-BF16,,L05_mlp_up_prefill,llm,mlp_up,11008x128x4096,1,128,0,gemm,bf16xbf16_acc_fp32,NA,prepared_execute,native,row_contiguous,default,auto,auto,auto,0.0,0.0,1.0,1.0,,,1.0,0.0,57967.690998339094,57105.28639319819,60568.20259836968,0.02683959642502011,199.1234152888844,9799.947642022744,,0.16905878901237475,TokenDynamic,19047.931568431002,18735.09628681599,3.0432538457042533,3.0940695532550495,ok,,benchmarks/ops/matmul-otherlibs/results/raw/rebench-current/x86/local-x86_MatmulOtherlibsLIBXSMMBench_meta-pack-20260904.json
meta-pack-20260904,local-x86,Native,Intel(R) Xeon(R) w9-3495X,gcc (Ubuntu 13.3.0-6ubuntu2~24.04.1) 13.3.0,oneDNN,0e2a5bfeef1bfbffc3137464606540233086ce9b,AVX-512+AMX-BF16,brg_matmul:avx10_1_512_amx,L05_mlp_up_prefill,llm,mlp_up,11008x128x4096,1,128,0,gemm,bf16xbf16_acc_fp32,NA,prepared_execute,native,row_contiguous,default,auto,auto,auto,0.0,0.0,1.0,1.0,,,,,13272.010601940563,13155.166740179993,13608.183020260183,0.01658316652133132,869.7042938100338,9799.947642022744,,0.7383920896348476,TokenDynamic,19047.931568431002,18735.09628681599,0.696769124472122,0.7084036504941884,ok,,benchmarks/ops/matmul-otherlibs/results/raw/rebench-current/x86/local-x86_MatmulOtherlibsOneDNNBench_meta-pack-20260904.json
meta-pack-20260904,local-x86,Native,Intel(R) Xeon(R) w9-3495X,gcc (Ubuntu 13.3.0-6ubuntu2~24.04.1) 13.3.0,OpenBLAS,e0166008be8e466242aa76b2ff75ce3f0fbf574a,AVX-512+AMX-BF16,unspecified,L05_mlp_up_prefill,llm,mlp_up,11008x128x4096,1,128,0,gemm,bf16xbf16_acc_fp32,NA,raw_e2e,native,row_contiguous,default,auto,auto,auto,0.0,1.0,0.0,1.0,,,,,9799.947642022744,9768.352272554434,9846.72717126419,0.0034874035413218433,1177.8353343954745,9799.947642022744,1.0,1.0,TokenDynamic,19047.931568431002,18735.09628681599,0.5144888098120134,0.523079651793358,ok,,benchmarks/ops/matmul-otherlibs/results/raw/rebench-current/x86/local-x86_MatmulOtherlibsOpenBLASBench_meta-pack-20260904.json
meta-pack-20260904,local-x86,Native,Intel(R) Xeon(R) w9-3495X,gcc (Ubuntu 13.3.0-6ubuntu2~24.04.1) 13.3.0,vecops,0b7a801a0b816f70245d24001a70ce0561c23389+dirty,AVX-512+AMX-BF16,,L05_mlp_up_prefill,llm,mlp_up,11008x128x4096,1,128,0,gemm,bf16xbf16_acc_fp32,AllConst,raw_e2e,native,row_contiguous,default,auto,auto,auto,0.0,1.0,0.0,1.0,,,,,18735.09628681599,18596.31934120054,18810.86014327593,0.005462755522772728,616.1016965854983,9799.947642022744,0.523079651793358,0.523079651793358,TokenDynamic,19047.931568431002,18735.09628681599,0.9835764171825624,1.0,ok,,benchmarks/ops/matmul-otherlibs/results/raw/rebench-current/x86/local-x86_MatmulOtherlibsVecopsLLMBench_meta-pack-20260904.json
meta-pack-20260904,local-x86,Native,Intel(R) Xeon(R) w9-3495X,gcc (Ubuntu 13.3.0-6ubuntu2~24.04.1) 13.3.0,vecops,0b7a801a0b816f70245d24001a70ce0561c23389+dirty,AVX-512+AMX-BF16,,L05_mlp_up_prefill,llm,mlp_up,11008x128x4096,1,128,0,gemm,bf16xbf16_acc_fp32,TokenDynamic,raw_e2e,native,row_contiguous,default,auto,auto,auto,0.0,1.0,0.0,1.0,,,,,19047.931568431002,18866.9014572432,19056.49045698478,0.0048718256416118415,605.9830993476625,9799.947642022744,0.5144888098120134,0.5144888098120134,TokenDynamic,19047.931568431002,18735.09628681599,1.0,1.0166978208612227,ok,,benchmarks/ops/matmul-otherlibs/results/raw/rebench-current/x86/local-x86_MatmulOtherlibsVecopsLLMBench_meta-pack-20260904.json
meta-pack-20260904,local-x86,Native,Intel(R) Xeon(R) w9-3495X,gcc (Ubuntu 13.3.0-6ubuntu2~24.04.1) 13.3.0,LIBXSMM,3668d249637792dcc988414eb3d2a374033743df,AVX-512+AMX-BF16,,L05_mlp_up_prefill,llm,mlp_up,11008x128x4096,1,128,0,gemm_add,bf16xbf16_acc_fp32,NA,prepared_execute,native,row_contiguous,default,auto,auto,auto,0.0,0.0,1.0,1.0,,,1.0,0.0,58603.017998393625,57139.87699709833,59213.819095748484,0.0199807915212928,196.96467865044764,9608.348067073772,,0.16395654004265015,TokenDynamic,20559.191999685332,19294.97385780061,2.850453364086029,3.037216760711053,ok,,benchmarks/ops/matmul-otherlibs/results/raw/rebench-current/x86/local-x86_MatmulOtherlibsLIBXSMMBench_meta-pack-20260904.json
meta-pack-20260904,local-x86,Native,Intel(R) Xeon(R) w9-3495X,gcc (Ubuntu 13.3.0-6ubuntu2~24.04.1) 13.3.0,oneDNN,0e2a5bfeef1bfbffc3137464606540233086ce9b,AVX-512+AMX-BF16,brg_matmul:avx10_1_512_amx,L05_mlp_up_prefill,llm,mlp_up,11008x128x4096,1,128,0,gemm_add,bf16xbf16_acc_fp32,NA,prepared_execute,native,row_contiguous,default,auto,auto,auto,0.0,0.0,1.0,1.0,,,,,12941.331299953163,12777.590920450166,16576.46824140102,0.23524279640141985,891.9271395240283,9608.348067073772,,0.7424543769394534,TokenDynamic,20559.191999685332,19294.97385780061,0.6294669216645885,0.6707099680635854,ok,,benchmarks/ops/matmul-otherlibs/results/raw/rebench-current/x86/local-x86_MatmulOtherlibsOneDNNBench_meta-pack-20260904.json
meta-pack-20260904,local-x86,Native,Intel(R) Xeon(R) w9-3495X,gcc (Ubuntu 13.3.0-6ubuntu2~24.04.1) 13.3.0,OpenBLAS,e0166008be8e466242aa76b2ff75ce3f0fbf574a,AVX-512+AMX-BF16,unspecified,L05_mlp_up_prefill,llm,mlp_up,11008x128x4096,1,128,0,gemm_add,bf16xbf16_acc_fp32,NA,raw_e2e,native,row_contiguous,default,auto,auto,auto,0.0,1.0,0.0,1.0,,,,,9608.348067073772,9561.9611593429,9660.754053620622,0.00459217019953406,1201.3224882594561,9608.348067073772,1.0,1.0,TokenDynamic,20559.191999685332,19294.97385780061,0.46735047112847783,0.49797155144572997,ok,,benchmarks/ops/matmul-otherlibs/results/raw/rebench-current/x86/local-x86_MatmulOtherlibsOpenBLASBench_meta-pack-20260904.json
meta-pack-20260904,local-x86,Native,Intel(R) Xeon(R) w9-3495X,gcc (Ubuntu 13.3.0-6ubuntu2~24.04.1) 13.3.0,vecops,0b7a801a0b816f70245d24001a70ce0561c23389+dirty,AVX-512+AMX-BF16,,L05_mlp_up_prefill,llm,mlp_up,11008x128x4096,1,128,0,gemm_add,bf16xbf16_acc_fp32,AllConst,raw_e2e,native,row_contiguous,default,auto,auto,auto,0.0,1.0,0.0,1.0,,,,,19294.97385780061,19246.40771384085,19451.76134218595,0.0074293626037937105,598.2244232652062,9608.348067073772,0.49797155144572997,0.49797155144572997,TokenDynamic,20559.191999685332,19294.97385780061,0.9385083741664522,1.0,ok,,benchmarks/ops/matmul-otherlibs/results/raw/rebench-current/x86/local-x86_MatmulOtherlibsVecopsLLMBench_meta-pack-20260904.json
meta-pack-20260904,local-x86,Native,Intel(R) Xeon(R) w9-3495X,gcc (Ubuntu 13.3.0-6ubuntu2~24.04.1) 13.3.0,vecops,0b7a801a0b816f70245d24001a70ce0561c23389+dirty,AVX-512+AMX-BF16,,L05_mlp_up_prefill,llm,mlp_up,11008x128x4096,1,128,0,gemm_add,bf16xbf16_acc_fp32,TokenDynamic,raw_e2e,native,row_contiguous,default,auto,auto,auto,0.0,1.0,0.0,1.0,,,,,20559.191999685332,20435.663467893995,20921.046565248012,0.011754896239819932,561.4386308652921,9608.348067073772,0.46735047112847783,0.46735047112847783,TokenDynamic,20559.191999685332,19294.97385780061,1.0,1.0655205936634955,ok,,benchmarks/ops/matmul-otherlibs/results/raw/rebench-current/x86/local-x86_MatmulOtherlibsVecopsLLMBench_meta-pack-20260904.json
meta-pack-20260904,local-x86,Native,Intel(R) Xeon(R) w9-3495X,gcc (Ubuntu 13.3.0-6ubuntu2~24.04.1) 13.3.0,LIBXSMM,3668d249637792dcc988414eb3d2a374033743df,AVX-512+AMX-BF16,,L06_mlp_down_decode,llm,mlp_down,4096x1x11008,1,1,0,bias,bf16xbf16_acc_fp32,NA,prepared_execute,separate,row_contiguous,default,auto,auto,auto,0.0,0.0,1.0,1.0,,,1.0,0.0,11245.005897944793,11044.205580838025,11540.241880575193,0.021274529478140663,8.019340925066247,4829.1536895076515,,0.42944874670010247,TokenDynamic,3165.8421164963306,3155.120613386812,3.5519793736238983,3.5640494535243863,ok,,benchmarks/ops/matmul-otherlibs/results/raw/rebench-current/x86/local-x86_MatmulOtherlibsLIBXSMMBench_meta-pack-20260904.json
meta-pack-20260904,local-x86,Native,Intel(R) Xeon(R) w9-3495X,gcc (Ubuntu 13.3.0-6ubuntu2~24.04.1) 13.3.0,oneDNN,0e2a5bfeef1bfbffc3137464606540233086ce9b,AVX-512+AMX-BF16,brg_matmul:avx512_core_bf16,L06_mlp_down_decode,llm,mlp_down,4096x1x11008,1,1,0,bias,bf16xbf16_acc_fp32,NA,prepared_execute,separate,row_contiguous,default,auto,auto,auto,0.0,0.0,1.0,1.0,,,,,2805.0989575158965,2772.185072535649,2848.61368956936,0.012206203138575367,32.14772005043925,4829.1536895076515,,1.7215626837579348,TokenDynamic,3165.8421164963306,3155.120613386812,0.8860514372777148,0.8890623533104206,ok,,benchmarks/ops/matmul-otherlibs/results/raw/rebench-current/x86/local-x86_MatmulOtherlibsOneDNNBench_meta-pack-20260904.json
meta-pack-20260904,local-x86,Native,Intel(R) Xeon(R) w9-3495X,gcc (Ubuntu 13.3.0-6ubuntu2~24.04.1) 13.3.0,OpenBLAS,e0166008be8e466242aa76b2ff75ce3f0fbf574a,AVX-512+AMX-BF16,unspecified,L06_mlp_down_decode,llm,mlp_down,4096x1x11008,1,1,0,bias,bf16xbf16_acc_fp32,NA,raw_e2e,separate,row_contiguous,default,auto,auto,auto,0.0,1.0,0.0,1.0,,,,,4829.1536895076515,4813.977697029196,4845.645310806817,0.00358879932955897,18.67356928314988,4829.1536895076515,1.0,1.0,TokenDynamic,3165.8421164963306,3155.120613386812,1.525393090307398,1.5305765709932326,ok,,benchmarks/ops/matmul-otherlibs/results/raw/rebench-current/x86/local-x86_MatmulOtherlibsOpenBLASBench_meta-pack-20260904.json
meta-pack-20260904,local-x86,Native,Intel(R) Xeon(R) w9-3495X,gcc (Ubuntu 13.3.0-6ubuntu2~24.04.1) 13.3.0,vecops,0b7a801a0b816f70245d24001a70ce0561c23389+dirty,AVX-512+AMX-BF16,,L06_mlp_down_decode,llm,mlp_down,4096x1x11008,1,1,0,bias,bf16xbf16_acc_fp32,AllConst,raw_e2e,native_fused,row_contiguous,default,auto,auto,auto,0.0,1.0,0.0,1.0,,,,,3155.120613386812,3131.6043543153105,3177.7248406962667,0.007319838224117983,28.581327641608105,4829.1536895076515,1.5305765709932326,1.5305765709932326,TokenDynamic,3165.8421164963306,3155.120613386812,0.9966133803534762,1.0,ok,,benchmarks/ops/matmul-otherlibs/results/raw/rebench-current/x86/local-x86_MatmulOtherlibsVecopsBiasBench_meta-pack-20260904.json
meta-pack-20260904,local-x86,Native,Intel(R) Xeon(R) w9-3495X,gcc (Ubuntu 13.3.0-6ubuntu2~24.04.1) 13.3.0,vecops,0b7a801a0b816f70245d24001a70ce0561c23389+dirty,AVX-512+AMX-BF16,,L06_mlp_down_decode,llm,mlp_down,4096x1x11008,1,1,0,bias,bf16xbf16_acc_fp32,TokenDynamic,raw_e2e,native_fused,row_contiguous,default,auto,auto,auto,0.0,1.0,0.0,1.0,,,,,3165.8421164963306,3150.933749194062,3187.2780046014245,0.005212064718370133,28.4845335558933,4829.1536895076515,1.525393090307398,1.525393090307398,TokenDynamic,3165.8421164963306,3155.120613386812,1.0,1.0033981278129365,ok,,benchmarks/ops/matmul-otherlibs/results/raw/rebench-current/x86/local-x86_MatmulOtherlibsVecopsBiasBench_meta-pack-20260904.json
meta-pack-20260904,local-x86,Native,Intel(R) Xeon(R) w9-3495X,gcc (Ubuntu 13.3.0-6ubuntu2~24.04.1) 13.3.0,LIBXSMM,3668d249637792dcc988414eb3d2a374033743df,AVX-512+AMX-BF16,,L06_mlp_down_decode,llm,mlp_down,4096x1x11008,1,1,0,bias_relu,bf16xbf16_acc_fp32,NA,prepared_execute,separate,row_contiguous,default,auto,auto,auto,0.0,0.0,1.0,1.0,,,1.0,0.0,10420.036000701099,10376.254322293858,10554.481815779582,0.010310286154154752,8.65424418820938,4841.427276601438,,0.4646267322181698,TokenDynamic,3148.6748892348264,3089.0381140951913,3.309340077099328,3.3732299880518717,ok,,benchmarks/ops/matmul-otherlibs/results/raw/rebench-current/x86/local-x86_MatmulOtherlibsLIBXSMMBench_meta-pack-20260904.json
meta-pack-20260904,local-x86,Native,Intel(R) Xeon(R) w9-3495X,gcc (Ubuntu 13.3.0-6ubuntu2~24.04.1) 13.3.0,oneDNN,0e2a5bfeef1bfbffc3137464606540233086ce9b,AVX-512+AMX-BF16,brg_matmul:avx512_core_bf16,L06_mlp_down_decode,llm,mlp_down,4096x1x11008,1,1,0,bias_relu,bf16xbf16_acc_fp32,NA,prepared_execute,separate,row_contiguous,default,auto,auto,auto,0.0,0.0,1.0,1.0,,,,,2824.846587432346,2816.2118085437332,2896.915560679349,0.018438410103326926,31.922985269783158,4841.427276601438,,1.7138726393641328,TokenDynamic,3148.6748892348264,3089.0381140951913,0.8971541003138703,0.9144745008300975,ok,,benchmarks/ops/matmul-otherlibs/results/raw/rebench-current/x86/local-x86_MatmulOtherlibsOneDNNBench_meta-pack-20260904.json
meta-pack-20260904,local-x86,Native,Intel(R) Xeon(R) w9-3495X,gcc (Ubuntu 13.3.0-6ubuntu2~24.04.1) 13.3.0,OpenBLAS,e0166008be8e466242aa76b2ff75ce3f0fbf574a,AVX-512+AMX-BF16,unspecified,L06_mlp_down_decode,llm,mlp_down,4096x1x11008,1,1,0,bias_relu,bf16xbf16_acc_fp32,NA,raw_e2e,separate,row_contiguous,default,auto,auto,auto,0.0,1.0,0.0,1.0,,,,,4841.427276601438,4833.873089579544,4860.606599912241,0.002998014750108375,18.626229590564538,4841.427276601438,1.0,1.0,TokenDynamic,3148.6748892348264,3089.0381140951913,1.5376078658212868,1.567292826368877,ok,,benchmarks/ops/matmul-otherlibs/results/raw/rebench-current/x86/local-x86_MatmulOtherlibsOpenBLASBench_meta-pack-20260904.json
meta-pack-20260904,local-x86,Native,Intel(R) Xeon(R) w9-3495X,gcc (Ubuntu 13.3.0-6ubuntu2~24.04.1) 13.3.0,vecops,0b7a801a0b816f70245d24001a70ce0561c23389+dirty,AVX-512+AMX-BF16,,L06_mlp_down_decode,llm,mlp_down,4096x1x11008,1,1,0,bias_relu,bf16xbf16_acc_fp32,AllConst,raw_e2e,native_fused,row_contiguous,default,auto,auto,auto,0.0,1.0,0.0,1.0,,,,,3089.0381140951913,3060.679827599829,3104.7116412082687,0.006358298720667307,29.192756019591506,4841.427276601438,1.567292826368877,1.567292826368877,TokenDynamic,3148.6748892348264,3089.0381140951913,0.9810597228238678,1.0,ok,,benchmarks/ops/matmul-otherlibs/results/raw/rebench-current/x86/local-x86_MatmulOtherlibsVecopsBiasReluBench_meta-pack-20260904.json
meta-pack-20260904,local-x86,Native,Intel(R) Xeon(R) w9-3495X,gcc (Ubuntu 13.3.0-6ubuntu2~24.04.1) 13.3.0,vecops,0b7a801a0b816f70245d24001a70ce0561c23389+dirty,AVX-512+AMX-BF16,,L06_mlp_down_decode,llm,mlp_down,4096x1x11008,1,1,0,bias_relu,bf16xbf16_acc_fp32,TokenDynamic,raw_e2e,native_fused,row_contiguous,default,auto,auto,auto,0.0,1.0,0.0,1.0,,,,,3148.6748892348264,3076.184826851305,3227.0705376544765,0.023063007649730363,28.639837129045244,4841.427276601438,1.5376078658212868,1.5376078658212868,TokenDynamic,3148.6748892348264,3089.0381140951913,1.0,1.0193059369735564,ok,,benchmarks/ops/matmul-otherlibs/results/raw/rebench-current/x86/local-x86_MatmulOtherlibsVecopsBiasReluBench_meta-pack-20260904.json
meta-pack-20260904,local-x86,Native,Intel(R) Xeon(R) w9-3495X,gcc (Ubuntu 13.3.0-6ubuntu2~24.04.1) 13.3.0,LIBXSMM,3668d249637792dcc988414eb3d2a374033743df,AVX-512+AMX-BF16,,L06_mlp_down_decode,llm,mlp_down,4096x1x11008,1,1,0,gemm,bf16xbf16_acc_fp32,NA,prepared_execute,native,row_contiguous,default,auto,auto,auto,0.0,0.0,1.0,1.0,,,1.0,0.0,10450.75741664429,10393.355148941435,10592.859651660547,0.009018694149169462,8.628803866060434,4841.756276336724,,0.4632923799977934,TokenDynamic,3211.078707486528,3162.4258210798967,3.254593975625288,3.304664838929121,ok,,benchmarks/ops/matmul-otherlibs/results/raw/rebench-current/x86/local-x86_MatmulOtherlibsLIBXSMMBench_meta-pack-20260904.json
meta-pack-20260904,local-x86,Native,Intel(R) Xeon(R) w9-3495X,gcc (Ubuntu 13.3.0-6ubuntu2~24.04.1) 13.3.0,oneDNN,0e2a5bfeef1bfbffc3137464606540233086ce9b,AVX-512+AMX-BF16,brg_matmul:avx512_core_bf16,L06_mlp_down_decode,llm,mlp_down,4096x1x11008,1,1,0,gemm,bf16xbf16_acc_fp32,NA,prepared_execute,native,row_contiguous,default,auto,auto,auto,0.0,0.0,1.0,1.0,,,,,2856.6540005902593,2842.8063952808525,2866.415445698129,0.004940922926198316,31.56753879936701,4841.756276336724,,1.6949046945609412,TokenDynamic,3211.078707486528,3162.4258210798967,0.8896244099934584,0.903310990426576,ok,,benchmarks/ops/matmul-otherlibs/results/raw/rebench-current/x86/local-x86_MatmulOtherlibsOneDNNBench_meta-pack-20260904.json
meta-pack-20260904,local-x86,Native,Intel(R) Xeon(R) w9-3495X,gcc (Ubuntu 13.3.0-6ubuntu2~24.04.1) 13.3.0,OpenBLAS,e0166008be8e466242aa76b2ff75ce3f0fbf574a,AVX-512+AMX-BF16,unspecified,L06_mlp_down_decode,llm,mlp_down,4096x1x11008,1,1,0,gemm,bf16xbf16_acc_fp32,NA,raw_e2e,native,row_contiguous,default,auto,auto,auto,0.0,1.0,0.0,1.0,,,,,4841.756276336724,4810.9084064670815,4895.374565666285,0.008064133599368235,18.624963929045265,4841.756276336724,1.0,1.0,TokenDynamic,3211.078707486528,3162.4258210798967,1.50782858889392,1.5310260383224972,ok,,benchmarks/ops/matmul-otherlibs/results/raw/rebench-current/x86/local-x86_MatmulOtherlibsOpenBLASBench_meta-pack-20260904.json
meta-pack-20260904,local-x86,Native,Intel(R) Xeon(R) w9-3495X,gcc (Ubuntu 13.3.0-6ubuntu2~24.04.1) 13.3.0,vecops,0b7a801a0b816f70245d24001a70ce0561c23389+dirty,AVX-512+AMX-BF16,,L06_mlp_down_decode,llm,mlp_down,4096x1x11008,1,1,0,gemm,bf16xbf16_acc_fp32,AllConst,raw_e2e,native,row_contiguous,default,auto,auto,auto,0.0,1.0,0.0,1.0,,,,,3162.4258210798967,3126.179599889721,3205.7314512666126,0.01177954170123417,28.51530473818558,4841.756276336724,1.5310260383224972,1.5310260383224972,TokenDynamic,3211.078707486528,3162.4258210798967,0.9848484291919726,1.0,ok,,benchmarks/ops/matmul-otherlibs/results/raw/rebench-current/x86/local-x86_MatmulOtherlibsVecopsLLMBench_meta-pack-20260904.json
meta-pack-20260904,local-x86,Native,Intel(R) Xeon(R) w9-3495X,gcc (Ubuntu 13.3.0-6ubuntu2~24.04.1) 13.3.0,vecops,0b7a801a0b816f70245d24001a70ce0561c23389+dirty,AVX-512+AMX-BF16,,L06_mlp_down_decode,llm,mlp_down,4096x1x11008,1,1,0,gemm,bf16xbf16_acc_fp32,TokenDynamic,raw_e2e,native,row_contiguous,default,auto,auto,auto,0.0,1.0,0.0,1.0,,,,,3211.078707486528,3193.558975713465,3266.1746586843324,0.014201778873647293,28.083253079332483,4841.756276336724,1.50782858889392,1.50782858889392,TokenDynamic,3211.078707486528,3162.4258210798967,1.0,1.015384672766812,ok,,benchmarks/ops/matmul-otherlibs/results/raw/rebench-current/x86/local-x86_MatmulOtherlibsVecopsLLMBench_meta-pack-20260904.json
meta-pack-20260904,local-x86,Native,Intel(R) Xeon(R) w9-3495X,gcc (Ubuntu 13.3.0-6ubuntu2~24.04.1) 13.3.0,LIBXSMM,3668d249637792dcc988414eb3d2a374033743df,AVX-512+AMX-BF16,,L06_mlp_down_decode,llm,mlp_down,4096x1x11008,1,1,0,gemm_add,bf16xbf16_acc_fp32,NA,prepared_execute,native,row_contiguous,default,auto,auto,auto,0.0,0.0,1.0,1.0,,,1.0,0.0,10978.471334965434,10474.839383581033,11412.837051708875,0.0407293801485058,8.214033925906673,4854.214740960204,,0.44215761856570784,TokenDynamic,3214.9993661200497,3133.412889049699,3.4147662517938713,3.5036784885042658,ok,,benchmarks/ops/matmul-otherlibs/results/raw/rebench-current/x86/local-x86_MatmulOtherlibsLIBXSMMBench_meta-pack-20260904.json
meta-pack-20260904,local-x86,Native,Intel(R) Xeon(R) w9-3495X,gcc (Ubuntu 13.3.0-6ubuntu2~24.04.1) 13.3.0,oneDNN,0e2a5bfeef1bfbffc3137464606540233086ce9b,AVX-512+AMX-BF16,brg_matmul:avx512_core_bf16,L06_mlp_down_decode,llm,mlp_down,4096x1x11008,1,1,0,gemm_add,bf16xbf16_acc_fp32,NA,prepared_execute,native,row_contiguous,default,auto,auto,auto,0.0,0.0,1.0,1.0,,,,,2834.534159443468,2788.325495467606,2875.5367636966344,0.014838917408506446,31.81388225630184,4854.214740960204,,1.7125264568740564,TokenDynamic,3214.9993661200497,3133.412889049699,0.8816593214026859,0.904615593224015,ok,,benchmarks/ops/matmul-otherlibs/results/raw/rebench-current/x86/local-x86_MatmulOtherlibsOneDNNBench_meta-pack-20260904.json
meta-pack-20260904,local-x86,Native,Intel(R) Xeon(R) w9-3495X,gcc (Ubuntu 13.3.0-6ubuntu2~24.04.1) 13.3.0,OpenBLAS,e0166008be8e466242aa76b2ff75ce3f0fbf574a,AVX-512+AMX-BF16,unspecified,L06_mlp_down_decode,llm,mlp_down,4096x1x11008,1,1,0,gemm_add,bf16xbf16_acc_fp32,NA,raw_e2e,native,row_contiguous,default,auto,auto,auto,0.0,1.0,0.0,1.0,,,,,4854.214740960204,4822.490348359915,4878.145022559221,0.005764571601430027,18.577162489140754,4854.214740960204,1.0,1.0,TokenDynamic,3214.9993661200497,3133.412889049699,1.5098649138517264,1.549178136696945,ok,,benchmarks/ops/matmul-otherlibs/results/raw/rebench-current/x86/local-x86_MatmulOtherlibsOpenBLASBench_meta-pack-20260904.json
meta-pack-20260904,local-x86,Native,Intel(R) Xeon(R) w9-3495X,gcc (Ubuntu 13.3.0-6ubuntu2~24.04.1) 13.3.0,vecops,0b7a801a0b816f70245d24001a70ce0561c23389+dirty,AVX-512+AMX-BF16,,L06_mlp_down_decode,llm,mlp_down,4096x1x11008,1,1,0,gemm_add,bf16xbf16_acc_fp32,AllConst,raw_e2e,native,row_contiguous,default,auto,auto,auto,0.0,1.0,0.0,1.0,,,,,3133.412889049699,3115.0665955566287,3168.640639762291,0.007643416814876555,28.779333970043453,4854.214740960204,1.549178136696945,1.549178136696945,TokenDynamic,3214.9993661200497,3133.412889049699,0.9746231747570104,1.0,ok,,benchmarks/ops/matmul-otherlibs/results/raw/rebench-current/x86/local-x86_MatmulOtherlibsVecopsLLMBench_meta-pack-20260904.json
meta-pack-20260904,local-x86,Native,Intel(R) Xeon(R) w9-3495X,gcc (Ubuntu 13.3.0-6ubuntu2~24.04.1) 13.3.0,vecops,0b7a801a0b816f70245d24001a70ce0561c23389+dirty,AVX-512+AMX-BF16,,L06_mlp_down_decode,llm,mlp_down,4096x1x11008,1,1,0,gemm_add,bf16xbf16_acc_fp32,TokenDynamic,raw_e2e,native,row_contiguous,default,auto,auto,auto,0.0,1.0,0.0,1.0,,,,,3214.9993661200497,3189.1096340742233,3270.1014146413204,0.011923476077043468,28.049005841276028,4854.214740960204,1.5098649138517264,1.5098649138517264,TokenDynamic,3214.9993661200497,3133.412889049699,1.0,1.0260375762656335,ok,,benchmarks/ops/matmul-otherlibs/results/raw/rebench-current/x86/local-x86_MatmulOtherlibsVecopsLLMBench_meta-pack-20260904.json
meta-pack-20260904,local-x86,Native,Intel(R) Xeon(R) w9-3495X,gcc (Ubuntu 13.3.0-6ubuntu2~24.04.1) 13.3.0,LIBXSMM,3668d249637792dcc988414eb3d2a374033743df,AVX-512+AMX-BF16,,L07_mlp_down_prefill,llm,mlp_down,4096x128x11008,1,128,0,bias,bf16xbf16_acc_fp32,NA,prepared_execute,separate,row_contiguous,default,auto,auto,auto,0.0,0.0,1.0,1.0,,,1.0,0.0,51035.53566732444,50856.707406152665,51493.73999835613,0.0062983900345891675,226.17034301827155,10125.633358256891,,0.19840358734080732,TokenDynamic,15537.980445919353,15977.906221653231,3.2845668615014634,3.1941316314750408,ok,,benchmarks/ops/matmul-otherlibs/results/raw/rebench-current/x86/local-x86_MatmulOtherlibsLIBXSMMBench_meta-pack-20260904.json
meta-pack-20260904,local-x86,Native,Intel(R) Xeon(R) w9-3495X,gcc (Ubuntu 13.3.0-6ubuntu2~24.04.1) 13.3.0,oneDNN,0e2a5bfeef1bfbffc3137464606540233086ce9b,AVX-512+AMX-BF16,brg_matmul:avx10_1_512_amx,L07_mlp_down_prefill,llm,mlp_down,4096x128x11008,1,128,0,bias,bf16xbf16_acc_fp32,NA,prepared_execute,separate,row_contiguous,default,auto,auto,auto,0.0,0.0,1.0,1.0,,,,,14774.791220487614,14706.021222001358,14858.57371072699,0.004625805829008572,781.2445154550925,10125.633358256891,,0.6853317388482674,TokenDynamic,15537.980445919353,15977.906221653231,0.9508823409780921,0.9247013354268435,ok,,benchmarks/ops/matmul-otherlibs/results/raw/rebench-current/x86/local-x86_MatmulOtherlibsOneDNNBench_meta-pack-20260904.json
meta-pack-20260904,local-x86,Native,Intel(R) Xeon(R) w9-3495X,gcc (Ubuntu 13.3.0-6ubuntu2~24.04.1) 13.3.0,OpenBLAS,e0166008be8e466242aa76b2ff75ce3f0fbf574a,AVX-512+AMX-BF16,unspecified,L07_mlp_down_prefill,llm,mlp_down,4096x128x11008,1,128,0,bias,bf16xbf16_acc_fp32,NA,raw_e2e,separate,row_contiguous,default,auto,auto,auto,0.0,1.0,0.0,1.0,,,,,10125.633358256891,10073.88062841658,10200.20194368304,0.0055226933975652615,1139.9508751309418,10125.633358256891,1.0,1.0,TokenDynamic,15537.980445919353,15977.906221653231,0.651669848182627,0.6337271741233936,ok,,benchmarks/ops/matmul-otherlibs/results/raw/rebench-current/x86/local-x86_MatmulOtherlibsOpenBLASBench_meta-pack-20260904.json
meta-pack-20260904,local-x86,Native,Intel(R) Xeon(R) w9-3495X,gcc (Ubuntu 13.3.0-6ubuntu2~24.04.1) 13.3.0,vecops,0b7a801a0b816f70245d24001a70ce0561c23389+dirty,AVX-512+AMX-BF16,,L07_mlp_down_prefill,llm,mlp_down,4096x128x11008,1,128,0,bias,bf16xbf16_acc_fp32,AllConst,raw_e2e,native_fused,row_contiguous,default,auto,auto,auto,0.0,1.0,0.0,1.0,,,,,15977.906221653231,15952.161845052615,16197.666622853529,0.008695979611281483,722.4178467362212,10125.633358256891,0.6337271741233936,0.6337271741233936,TokenDynamic,15537.980445919353,15977.906221653231,1.028312931481994,1.0,ok,,benchmarks/ops/matmul-otherlibs/results/raw/rebench-current/x86/local-x86_MatmulOtherlibsVecopsBiasBench_meta-pack-20260904.json
meta-pack-20260904,local-x86,Native,Intel(R) Xeon(R) w9-3495X,gcc (Ubuntu 13.3.0-6ubuntu2~24.04.1) 13.3.0,vecops,0b7a801a0b816f70245d24001a70ce0561c23389+dirty,AVX-512+AMX-BF16,,L07_mlp_down_prefill,llm,mlp_down,4096x128x11008,1,128,0,bias,bf16xbf16_acc_fp32,TokenDynamic,raw_e2e,native_fused,row_contiguous,default,auto,auto,auto,0.0,1.0,0.0,1.0,,,,,15537.980445919353,15516.861555321764,15819.955222670817,0.011649466998259486,742.8716137322335,10125.633358256891,0.651669848182627,0.651669848182627,TokenDynamic,15537.980445919353,15977.906221653231,1.0,0.9724666192409058,ok,,benchmarks/ops/matmul-otherlibs/results/raw/rebench-current/x86/local-x86_MatmulOtherlibsVecopsBiasBench_meta-pack-20260904.json
meta-pack-20260904,local-x86,Native,Intel(R) Xeon(R) w9-3495X,gcc (Ubuntu 13.3.0-6ubuntu2~24.04.1) 13.3.0,LIBXSMM,3668d249637792dcc988414eb3d2a374033743df,AVX-512+AMX-BF16,,L07_mlp_down_prefill,llm,mlp_down,4096x128x11008,1,128,0,bias_relu,bf16xbf16_acc_fp32,NA,prepared_execute,separate,row_contiguous,default,auto,auto,auto,0.0,0.0,1.0,1.0,,,1.0,0.0,51285.619333308816,50864.82240003534,54662.68287273124,0.05202866693051584,225.06747033672397,10128.676213623423,,0.19749544502517266,TokenDynamic,15035.372777169365,15298.05322449344,3.4109975251949893,3.3524278273000334,ok,,benchmarks/ops/matmul-otherlibs/results/raw/rebench-current/x86/local-x86_MatmulOtherlibsLIBXSMMBench_meta-pack-20260904.json
meta-pack-20260904,local-x86,Native,Intel(R) Xeon(R) w9-3495X,gcc (Ubuntu 13.3.0-6ubuntu2~24.04.1) 13.3.0,oneDNN,0e2a5bfeef1bfbffc3137464606540233086ce9b,AVX-512+AMX-BF16,brg_matmul:avx10_1_512_amx,L07_mlp_down_prefill,llm,mlp_down,4096x128x11008,1,128,0,bias_relu,bf16xbf16_acc_fp32,NA,prepared_execute,separate,row_contiguous,default,auto,auto,auto,0.0,0.0,1.0,1.0,,,,,14924.512375728227,14836.82959806174,15073.319699877176,0.009255201718163129,773.4071517654381,10128.676213623423,,0.6786604452213605,TokenDynamic,15035.372777169365,15298.05322449344,0.9926266941908168,0.9755824585466114,ok,,benchmarks/ops/matmul-otherlibs/results/raw/rebench-current/x86/local-x86_MatmulOtherlibsOneDNNBench_meta-pack-20260904.json
meta-pack-20260904,local-x86,Native,Intel(R) Xeon(R) w9-3495X,gcc (Ubuntu 13.3.0-6ubuntu2~24.04.1) 13.3.0,OpenBLAS,e0166008be8e466242aa76b2ff75ce3f0fbf574a,AVX-512+AMX-BF16,unspecified,L07_mlp_down_prefill,llm,mlp_down,4096x128x11008,1,128,0,bias_relu,bf16xbf16_acc_fp32,NA,raw_e2e,separate,row_contiguous,default,auto,auto,auto,0.0,1.0,0.0,1.0,,,,,10128.676213623423,10050.640129234775,10214.710442648668,0.007791676970023583,1139.6084112625333,10128.676213623423,1.0,1.0,TokenDynamic,15035.372777169365,15298.05322449344,0.673656474218147,0.6620892256673928,ok,,benchmarks/ops/matmul-otherlibs/results/raw/rebench-current/x86/local-x86_MatmulOtherlibsOpenBLASBench_meta-pack-20260904.json
meta-pack-20260904,local-x86,Native,Intel(R) Xeon(R) w9-3495X,gcc (Ubuntu 13.3.0-6ubuntu2~24.04.1) 13.3.0,vecops,0b7a801a0b816f70245d24001a70ce0561c23389+dirty,AVX-512+AMX-BF16,,L07_mlp_down_prefill,llm,mlp_down,4096x128x11008,1,128,0,bias_relu,bf16xbf16_acc_fp32,AllConst,raw_e2e,native_fused,row_contiguous,default,auto,auto,auto,0.0,1.0,0.0,1.0,,,,,15298.05322449344,14221.415177194607,15385.283688212641,0.03644193212325727,754.5224505768583,10128.676213623423,0.6620892256673928,0.6620892256673928,TokenDynamic,15035.372777169365,15298.05322449344,1.0174708303689646,1.0,ok,,benchmarks/ops/matmul-otherlibs/results/raw/rebench-current/x86/local-x86_MatmulOtherlibsVecopsBiasReluBench_meta-pack-20260904.json
meta-pack-20260904,local-x86,Native,Intel(R) Xeon(R) w9-3495X,gcc (Ubuntu 13.3.0-6ubuntu2~24.04.1) 13.3.0,vecops,0b7a801a0b816f70245d24001a70ce0561c23389+dirty,AVX-512+AMX-BF16,,L07_mlp_down_prefill,llm,mlp_down,4096x128x11008,1,128,0,bias_relu,bf16xbf16_acc_fp32,TokenDynamic,raw_e2e,native_fused,row_contiguous,default,auto,auto,auto,0.0,1.0,0.0,1.0,,,,,15035.372777169365,14523.38668750599,15077.151665981446,0.017447101050059442,767.7045843204621,10128.676213623423,0.673656474218147,0.673656474218147,TokenDynamic,15035.372777169365,15298.05322449344,1.0,0.9828291584903429,ok,,benchmarks/ops/matmul-otherlibs/results/raw/rebench-current/x86/local-x86_MatmulOtherlibsVecopsBiasReluBench_meta-pack-20260904.json
meta-pack-20260904,local-x86,Native,Intel(R) Xeon(R) w9-3495X,gcc (Ubuntu 13.3.0-6ubuntu2~24.04.1) 13.3.0,LIBXSMM,3668d249637792dcc988414eb3d2a374033743df,AVX-512+AMX-BF16,,L07_mlp_down_prefill,llm,mlp_down,4096x128x11008,1,128,0,gemm,bf16xbf16_acc_fp32,NA,prepared_execute,native,row_contiguous,default,auto,auto,auto,0.0,0.0,1.0,1.0,,,1.0,0.0,52778.86466744046,51235.846996617816,60038.86092997467,0.09598640955110063,218.69975189369248,10028.512427067782,,0.19001000666189816,TokenDynamic,15735.126249637688,15207.440776672836,3.354206622184282,3.4705947859681685,ok,,benchmarks/ops/matmul-otherlibs/results/raw/rebench-current/x86/local-x86_MatmulOtherlibsLIBXSMMBench_meta-pack-20260904.json
meta-pack-20260904,local-x86,Native,Intel(R) Xeon(R) w9-3495X,gcc (Ubuntu 13.3.0-6ubuntu2~24.04.1) 13.3.0,oneDNN,0e2a5bfeef1bfbffc3137464606540233086ce9b,AVX-512+AMX-BF16,brg_matmul:avx10_1_512_amx,L07_mlp_down_prefill,llm,mlp_down,4096x128x11008,1,128,0,gemm,bf16xbf16_acc_fp32,NA,prepared_execute,native,row_contiguous,default,auto,auto,auto,0.0,0.0,1.0,1.0,,,,,14832.370248768711,14743.42174915364,15011.062825215049,0.008648101051422769,778.211736519873,10028.512427067782,,0.6761233881618001,TokenDynamic,15735.126249637688,15207.440776672836,0.9426279785400665,0.9753363808275054,ok,,benchmarks/ops/matmul-otherlibs/results/raw/rebench-current/x86/local-x86_MatmulOtherlibsOneDNNBench_meta-pack-20260904.json
meta-pack-20260904,local-x86,Native,Intel(R) Xeon(R) w9-3495X,gcc (Ubuntu 13.3.0-6ubuntu2~24.04.1) 13.3.0,OpenBLAS,e0166008be8e466242aa76b2ff75ce3f0fbf574a,AVX-512+AMX-BF16,unspecified,L07_mlp_down_prefill,llm,mlp_down,4096x128x11008,1,128,0,gemm,bf16xbf16_acc_fp32,NA,raw_e2e,native,row_contiguous,default,auto,auto,auto,0.0,1.0,0.0,1.0,,,,,10028.512427067782,9982.983843240489,10044.261315072488,0.0029674535132883277,1150.990706941264,10028.512427067782,1.0,1.0,TokenDynamic,15735.126249637688,15207.440776672836,0.6373328226266183,0.6594477384025607,ok,,benchmarks/ops/matmul-otherlibs/results/raw/rebench-current/x86/local-x86_MatmulOtherlibsOpenBLASBench_meta-pack-20260904.json
meta-pack-20260904,local-x86,Native,Intel(R) Xeon(R) w9-3495X,gcc (Ubuntu 13.3.0-6ubuntu2~24.04.1) 13.3.0,vecops,0b7a801a0b816f70245d24001a70ce0561c23389+dirty,AVX-512+AMX-BF16,,L07_mlp_down_prefill,llm,mlp_down,4096x128x11008,1,128,0,gemm,bf16xbf16_acc_fp32,AllConst,raw_e2e,native,row_contiguous,default,auto,auto,auto,0.0,1.0,0.0,1.0,,,,,15207.440776672836,14976.111977982026,15973.579179262742,0.03138389419699601,759.0182186147812,10028.512427067782,0.6594477384025607,0.6594477384025607,TokenDynamic,15735.126249637688,15207.440776672836,0.966464490681986,1.0,ok,,benchmarks/ops/matmul-otherlibs/results/raw/rebench-current/x86/local-x86_MatmulOtherlibsVecopsLLMBench_meta-pack-20260904.json
meta-pack-20260904,local-x86,Native,Intel(R) Xeon(R) w9-3495X,gcc (Ubuntu 13.3.0-6ubuntu2~24.04.1) 13.3.0,vecops,0b7a801a0b816f70245d24001a70ce0561c23389+dirty,AVX-512+AMX-BF16,,L07_mlp_down_prefill,llm,mlp_down,4096x128x11008,1,128,0,gemm,bf16xbf16_acc_fp32,TokenDynamic,raw_e2e,native,row_contiguous,default,auto,auto,auto,0.0,1.0,0.0,1.0,,,,,15735.126249637688,15138.693924382098,15765.228925738485,0.018867018310458297,733.5641560718827,10028.512427067782,0.6373328226266183,0.6373328226266183,TokenDynamic,15735.126249637688,15207.440776672836,1.0,1.0346991634367753,ok,,benchmarks/ops/matmul-otherlibs/results/raw/rebench-current/x86/local-x86_MatmulOtherlibsVecopsLLMBench_meta-pack-20260904.json
meta-pack-20260904,local-x86,Native,Intel(R) Xeon(R) w9-3495X,gcc (Ubuntu 13.3.0-6ubuntu2~24.04.1) 13.3.0,LIBXSMM,3668d249637792dcc988414eb3d2a374033743df,AVX-512+AMX-BF16,,L07_mlp_down_prefill,llm,mlp_down,4096x128x11008,1,128,0,gemm_add,bf16xbf16_acc_fp32,NA,prepared_execute,native,row_contiguous,default,auto,auto,auto,0.0,0.0,1.0,1.0,,,1.0,0.0,54706.352665865175,52420.38020320858,60533.09466806242,0.09394597202595448,210.9942272792434,9927.742357831448,,0.18147330015707677,TokenDynamic,16318.713747750735,16465.44274990447,3.3523691579800854,3.322495088459287,ok,,benchmarks/ops/matmul-otherlibs/results/raw/rebench-current/x86/local-x86_MatmulOtherlibsLIBXSMMBench_meta-pack-20260904.json
meta-pack-20260904,local-x86,Native,Intel(R) Xeon(R) w9-3495X,gcc (Ubuntu 13.3.0-6ubuntu2~24.04.1) 13.3.0,oneDNN,0e2a5bfeef1bfbffc3137464606540233086ce9b,AVX-512+AMX-BF16,brg_matmul:avx10_1_512_amx,L07_mlp_down_prefill,llm,mlp_down,4096x128x11008,1,128,0,gemm_add,bf16xbf16_acc_fp32,NA,prepared_execute,native,row_contiguous,default,auto,auto,auto,0.0,0.0,1.0,1.0,,,,,14471.405749645783,14443.793375539826,14557.818577304713,0.003966624486084442,797.6228990941348,9927.742357831448,,0.686024739377821,TokenDynamic,16318.713747750735,16465.44274990447,0.8867981860175975,0.8788956342962442,ok,,benchmarks/ops/matmul-otherlibs/results/raw/rebench-current/x86/local-x86_MatmulOtherlibsOneDNNBench_meta-pack-20260904.json
meta-pack-20260904,local-x86,Native,Intel(R) Xeon(R) w9-3495X,gcc (Ubuntu 13.3.0-6ubuntu2~24.04.1) 13.3.0,OpenBLAS,e0166008be8e466242aa76b2ff75ce3f0fbf574a,AVX-512+AMX-BF16,unspecified,L07_mlp_down_prefill,llm,mlp_down,4096x128x11008,1,128,0,gemm_add,bf16xbf16_acc_fp32,NA,raw_e2e,native,row_contiguous,default,auto,auto,auto,0.0,1.0,0.0,1.0,,,,,9927.742357831448,9886.529813437457,10002.646214395229,0.0053962588895752495,1162.6736665758233,9927.742357831448,1.0,1.0,TokenDynamic,16318.713747750735,16465.44274990447,0.6083654944434468,0.6029441484583856,ok,,benchmarks/ops/matmul-otherlibs/results/raw/rebench-current/x86/local-x86_MatmulOtherlibsOpenBLASBench_meta-pack-20260904.json
meta-pack-20260904,local-x86,Native,Intel(R) Xeon(R) w9-3495X,gcc (Ubuntu 13.3.0-6ubuntu2~24.04.1) 13.3.0,vecops,0b7a801a0b816f70245d24001a70ce0561c23389+dirty,AVX-512+AMX-BF16,,L07_mlp_down_prefill,llm,mlp_down,4096x128x11008,1,128,0,gemm_add,bf16xbf16_acc_fp32,AllConst,raw_e2e,native,row_contiguous,default,auto,auto,auto,0.0,1.0,0.0,1.0,,,,,16465.44274990447,16344.316200411415,17276.565525389746,0.028386225506154914,701.0272838285488,9927.742357831448,0.6029441484583856,0.6029441484583856,TokenDynamic,16318.713747750735,16465.44274990447,1.0089914563379088,1.0,ok,,benchmarks/ops/matmul-otherlibs/results/raw/rebench-current/x86/local-x86_MatmulOtherlibsVecopsLLMBench_meta-pack-20260904.json
meta-pack-20260904,local-x86,Native,Intel(R) Xeon(R) w9-3495X,gcc (Ubuntu 13.3.0-6ubuntu2~24.04.1) 13.3.0,vecops,0b7a801a0b816f70245d24001a70ce0561c23389+dirty,AVX-512+AMX-BF16,,L07_mlp_down_prefill,llm,mlp_down,4096x128x11008,1,128,0,gemm_add,bf16xbf16_acc_fp32,TokenDynamic,raw_e2e,native,row_contiguous,default,auto,auto,auto,0.0,1.0,0.0,1.0,,,,,16318.713747750735,15929.544476239242,16337.345923238898,0.013392931114492402,707.330540042776,9927.742357831448,0.6083654944434468,0.6083654944434468,TokenDynamic,16318.713747750735,16465.44274990447,1.0,0.9910886695011839,ok,,benchmarks/ops/matmul-otherlibs/results/raw/rebench-current/x86/local-x86_MatmulOtherlibsVecopsLLMBench_meta-pack-20260904.json
meta-pack-20260904,local-x86,Native,Intel(R) Xeon(R) w9-3495X,gcc (Ubuntu 13.3.0-6ubuntu2~24.04.1) 13.3.0,LIBXSMM,3668d249637792dcc988414eb3d2a374033743df,AVX-512+AMX-BF16,,L08_attention,llm,attention,128x128x128,1,128,0,gemm,bf16xbf16_acc_fp32,NA,prepared_execute,native,row_contiguous,default,auto,auto,auto,0.0,0.0,1.0,1.0,,,1.0,0.0,7.54377734176945,7.529742421471566,7.81317221784495,0.017816097836943677,555.9952010747171,5.844129573698301,,0.7746953958118171,TokenDynamic,3.159694251312911,3.9535507437886843,2.3875023156543933,1.9081018129389822,ok,,benchmarks/ops/matmul-otherlibs/results/raw/rebench-current/x86/local-x86_MatmulOtherlibsLIBXSMMBench_meta-pack-20260904.json
meta-pack-20260904,local-x86,Native,Intel(R) Xeon(R) w9-3495X,gcc (Ubuntu 13.3.0-6ubuntu2~24.04.1) 13.3.0,oneDNN,0e2a5bfeef1bfbffc3137464606540233086ce9b,AVX-512+AMX-BF16,brg_matmul:avx10_1_512_amx,L08_attention,llm,attention,128x128x128,1,128,0,gemm,bf16xbf16_acc_fp32,NA,prepared_execute,native,row_contiguous,default,auto,auto,auto,0.0,0.0,1.0,1.0,,,,,3.140224890369601,3.137652490175671,3.1449050028450336,0.0009981753321055423,1335.669942895821,5.844129573698301,,1.861054471487376,TokenDynamic,3.159694251312911,3.9535507437886843,0.9938382136387975,0.7942796473026488,ok,,benchmarks/ops/matmul-otherlibs/results/raw/rebench-current/x86/local-x86_MatmulOtherlibsOneDNNBench_meta-pack-20260904.json
meta-pack-20260904,local-x86,Native,Intel(R) Xeon(R) w9-3495X,gcc (Ubuntu 13.3.0-6ubuntu2~24.04.1) 13.3.0,OpenBLAS,e0166008be8e466242aa76b2ff75ce3f0fbf574a,AVX-512+AMX-BF16,unspecified,L08_attention,llm,attention,128x128x128,1,128,0,gemm,bf16xbf16_acc_fp32,NA,raw_e2e,native,row_contiguous,default,auto,auto,auto,0.0,1.0,0.0,1.0,,,,,5.844129573698301,5.315483806570225,5.863498081122732,0.05096537885584918,717.6952439378832,5.844129573698301,1.0,1.0,TokenDynamic,3.159694251312911,3.9535507437886843,1.8495870514275101,1.4781976892240105,ok,,benchmarks/ops/matmul-otherlibs/results/raw/rebench-current/x86/local-x86_MatmulOtherlibsOpenBLASBench_meta-pack-20260904.json
meta-pack-20260904,local-x86,Native,Intel(R) Xeon(R) w9-3495X,gcc (Ubuntu 13.3.0-6ubuntu2~24.04.1) 13.3.0,vecops,0b7a801a0b816f70245d24001a70ce0561c23389+dirty,AVX-512+AMX-BF16,,L08_attention,llm,attention,128x128x128,1,128,0,gemm,bf16xbf16_acc_fp32,AllConst,raw_e2e,native,row_contiguous,default,auto,auto,auto,0.0,1.0,0.0,1.0,,,,,3.9535507437886843,3.1826002630513766,4.26261613108314,0.13733602887552818,1060.8954511560416,5.844129573698301,1.4781976892240105,1.4781976892240105,TokenDynamic,3.159694251312911,3.9535507437886843,1.251244718423598,1.0,ok,,benchmarks/ops/matmul-otherlibs/results/raw/rebench-current/x86/local-x86_MatmulOtherlibsVecopsLLMBench_meta-pack-20260904.json
meta-pack-20260904,local-x86,Native,Intel(R) Xeon(R) w9-3495X,gcc (Ubuntu 13.3.0-6ubuntu2~24.04.1) 13.3.0,vecops,0b7a801a0b816f70245d24001a70ce0561c23389+dirty,AVX-512+AMX-BF16,,L08_attention,llm,attention,128x128x128,1,128,0,gemm,bf16xbf16_acc_fp32,TokenDynamic,raw_e2e,native,row_contiguous,default,auto,auto,auto,0.0,1.0,0.0,1.0,,,,,3.159694251312911,3.0640048903667476,4.157433862994432,0.15125235951613225,1327.439830058617,5.844129573698301,1.8495870514275101,1.8495870514275101,TokenDynamic,3.159694251312911,3.9535507437886843,1.0,0.7992041726736454,ok,,benchmarks/ops/matmul-otherlibs/results/raw/rebench-current/x86/local-x86_MatmulOtherlibsVecopsLLMBench_meta-pack-20260904.json
meta-pack-20260904,local-x86,Native,Intel(R) Xeon(R) w9-3495X,gcc (Ubuntu 13.3.0-6ubuntu2~24.04.1) 13.3.0,LIBXSMM,3668d249637792dcc988414eb3d2a374033743df,AVX-512+AMX-BF16,,L08_attention,llm,attention,128x128x128,1,128,0,gemm_add,bf16xbf16_acc_fp32,NA,prepared_execute,native,row_contiguous,default,auto,auto,auto,0.0,0.0,1.0,1.0,,,1.0,0.0,6.152025190970305,6.136331970569619,6.160198463856234,0.00196088257224745,681.7761419696769,4.8207024245714525,,0.7835960151215059,TokenDynamic,4.655505483819748,4.761360765646296,1.3214516044179792,1.2920728954961351,ok,,benchmarks/ops/matmul-otherlibs/results/raw/rebench-current/x86/local-x86_MatmulOtherlibsLIBXSMMBench_meta-pack-20260904.json
meta-pack-20260904,local-x86,Native,Intel(R) Xeon(R) w9-3495X,gcc (Ubuntu 13.3.0-6ubuntu2~24.04.1) 13.3.0,oneDNN,0e2a5bfeef1bfbffc3137464606540233086ce9b,AVX-512+AMX-BF16,brg_matmul:avx10_1_512_amx,L08_attention,llm,attention,128x128x128,1,128,0,gemm_add,bf16xbf16_acc_fp32,NA,prepared_execute,native,row_contiguous,default,auto,auto,auto,0.0,0.0,1.0,1.0,,,,,3.3998460217137145,3.384460603027965,3.402842365429357,0.002765237765475014,1233.67469385741,4.8207024245714525,,1.4179178685691025,TokenDynamic,4.655505483819748,4.761360765646296,0.7302850428444152,0.7140492369836687,ok,,benchmarks/ops/matmul-otherlibs/results/raw/rebench-current/x86/local-x86_MatmulOtherlibsOneDNNBench_meta-pack-20260904.json
meta-pack-20260904,local-x86,Native,Intel(R) Xeon(R) w9-3495X,gcc (Ubuntu 13.3.0-6ubuntu2~24.04.1) 13.3.0,OpenBLAS,e0166008be8e466242aa76b2ff75ce3f0fbf574a,AVX-512+AMX-BF16,unspecified,L08_attention,llm,attention,128x128x128,1,128,0,gemm_add,bf16xbf16_acc_fp32,NA,raw_e2e,native,row_contiguous,default,auto,auto,auto,0.0,1.0,0.0,1.0,,,,,4.8207024245714525,4.276677602544127,4.847446967060347,0.06470582490824962,870.0607568352162,4.8207024245714525,1.0,1.0,TokenDynamic,4.655505483819748,4.761360765646296,1.0354842113978489,1.0124631721572774,ok,,benchmarks/ops/matmul-otherlibs/results/raw/rebench-current/x86/local-x86_MatmulOtherlibsOpenBLASBench_meta-pack-20260904.json
meta-pack-20260904,local-x86,Native,Intel(R) Xeon(R) w9-3495X,gcc (Ubuntu 13.3.0-6ubuntu2~24.04.1) 13.3.0,vecops,0b7a801a0b816f70245d24001a70ce0561c23389+dirty,AVX-512+AMX-BF16,,L08_attention,llm,attention,128x128x128,1,128,0,gemm_add,bf16xbf16_acc_fp32,AllConst,raw_e2e,native,row_contiguous,default,auto,auto,auto,0.0,1.0,0.0,1.0,,,,,4.761360765646296,4.45620063135764,5.110041893076196,0.060875033669346816,880.9044738349446,4.8207024245714525,1.0124631721572774,1.0124631721572774,TokenDynamic,4.655505483819748,4.761360765646296,1.022737655920383,1.0,ok,,benchmarks/ops/matmul-otherlibs/results/raw/rebench-current/x86/local-x86_MatmulOtherlibsVecopsLLMBench_meta-pack-20260904.json
meta-pack-20260904,local-x86,Native,Intel(R) Xeon(R) w9-3495X,gcc (Ubuntu 13.3.0-6ubuntu2~24.04.1) 13.3.0,vecops,0b7a801a0b816f70245d24001a70ce0561c23389+dirty,AVX-512+AMX-BF16,,L08_attention,llm,attention,128x128x128,1,128,0,gemm_add,bf16xbf16_acc_fp32,TokenDynamic,raw_e2e,native,row_contiguous,default,auto,auto,auto,0.0,1.0,0.0,1.0,,,,,4.655505483819748,4.385113330056501,5.111420199268421,0.06876433335059656,900.9341766597296,4.8207024245714525,1.0354842113978489,1.0354842113978489,TokenDynamic,4.655505483819748,4.761360765646296,1.0,0.9777678510331951,ok,,benchmarks/ops/matmul-otherlibs/results/raw/rebench-current/x86/local-x86_MatmulOtherlibsVecopsLLMBench_meta-pack-20260904.json
