run_id,host,arch,cpu,compiler,library,version,backend_isa,implementation,case,model,subgraph,shape,batch,tokens,chunk,op,dtype,extent,phase,epilogue,orientation,tuning,mc,nc,kc,native_batch,packing_included,weights_prepacked,call_multiplicity,selected_kc,selected_outer_block,padding_ratio,isa_fallback,median_us,p10_us,p90_us,cv,logical_gflops,openblas_raw_e2e_us,speedup_vs_openblas,speedup_vs_openblas_raw_e2e,vecops_dynamic_extent,vecops_dynamic_us,vecops_const_us,vecops_dynamic_speedup_vs_row,vecops_const_speedup_vs_row,status,error,source_json
arm-optimized-v3,920f-4,Native,"HiSilicon CPU part 0xd22, 2.0 GHz",BiSheng clang 19.1.7,ACL,2a8ca9840a3112d12d6cc68e49e6c833f9759fd6,"SVE+SVE2+SME,VL=SVL=512b",sme_interleaved_nomerge_bf16fp32_mopa_2VLx2VL,A01_gsa_proj_r128,af3,gsa_projection,128x16384x128,1,128,128,bias,bf16xbf16_acc_fp32,NA,prepared_execute,native_fused,row_contiguous,default,auto,auto,auto,1.0,0.0,1.0,5.0,128.0,32.0,,,4455.889109522104,4451.401252299548,4462.497774511576,0.001565577051206759,120.48569854503843,5967056.050896645,,1339.139261375518,TokenDynamic,3280.1739871501923,1606.48999735713,1.358430719522098,2.773679958700384,ok,,benchmarks/ops/matmul-otherlibs/results/raw/arm/920f-4_MatmulOtherlibsACLBench_baseline-common-v2.json
arm-optimized-v3,920f-4,Native,"HiSilicon CPU part 0xd22, 2.0 GHz",BiSheng clang 19.1.7,LIBXSMM,3668d249637792dcc988414eb3d2a374033743df,"SVE+SVE2+SME,VL=SVL=512b",,A01_gsa_proj_r128,af3,gsa_projection,128x16384x128,1,128,128,bias,bf16xbf16_acc_fp32,NA,prepared_execute,separate,row_contiguous,default,auto,auto,auto,0.0,0.0,1.0,5.0,,,1.0,0.0,1075705.1459513605,1075668.2964973154,1075897.6454846559,0.00014311041311794096,0.4990874256022899,5967056.050896645,,5.5471111887443305,TokenDynamic,3280.1739871501923,1606.48999735713,327.9414903493978,669.5996537301977,ok,,benchmarks/ops/matmul-otherlibs/results/raw/arm/920f-4_MatmulOtherlibsLIBXSMMBench_baseline-common-v2.json
arm-optimized-v3,920f-4,Native,"HiSilicon CPU part 0xd22, 2.0 GHz",BiSheng clang 19.1.7,oneDNN,0e2a5bfeef1bfbffc3137464606540233086ce9b,"SVE+SVE2+SME,VL=SVL=512b",brg:sve_512,A01_gsa_proj_r128,af3,gsa_projection,128x16384x128,1,128,128,bias,bf16xbf16_acc_fp32,NA,prepared_execute,separate,row_contiguous,default,auto,auto,auto,0.0,0.0,1.0,5.0,,,,,5445.1050236821175,5437.59223073721,5486.77947372198,0.006066926704187207,98.59698016200142,5967056.050896645,,1095.8569256138187,TokenDynamic,3280.1739871501923,1606.48999735713,1.6600049402906254,3.3894422203935117,ok,,benchmarks/ops/matmul-otherlibs/results/raw/arm-v3/920f-4_MatmulOtherlibsOneDNNBench_optimized-prepared-v3.json
arm-optimized-v3,920f-4,Native,"HiSilicon CPU part 0xd22, 2.0 GHz",BiSheng clang 19.1.7,KUPL-MMA,bd7059eae348f1d77f73a9fbb1cadfe7a6405fb8,"SVE+SVE2+SME,VL=SVL=512b",KP36_16x64x2_BF16BF16F32+vecops_transpose_pack,A01_gsa_proj_r128,af3,gsa_projection,128x16384x128,1,128,128,bias,bf16xbf16_acc_fp32,NA,raw_e2e,native_accumulate,row_contiguous,default,auto,auto,auto,0.0,1.0,0.0,5.0,,,1.0,,10518.777649849653,10516.953747719524,10541.803296655415,0.0016445365603761,51.039287060856694,5967056.050896645,567.276564780503,567.276564780503,TokenDynamic,3280.1739871501923,1606.48999735713,3.206774302538855,6.547677027030552,ok,,benchmarks/ops/matmul-otherlibs/results/raw/arm-v3/920f-4_MatmulOtherlibsKUPLBench_vecops-pack-v3.json
arm-optimized-v3,920f-4,Native,"HiSilicon CPU part 0xd22, 2.0 GHz",BiSheng clang 19.1.7,OpenBLAS,e0166008be8e466242aa76b2ff75ce3f0fbf574a,"SVE+SVE2+SME,VL=SVL=512b",ARMV8SVE,A01_gsa_proj_r128,af3,gsa_projection,128x16384x128,1,128,128,bias,bf16xbf16_acc_fp32,NA,raw_e2e,separate,row_contiguous,default,auto,auto,auto,0.0,1.0,0.0,5.0,,,1.0,,5967056.050896645,5966862.344741822,5967495.908588172,6.800842943055195e-05,0.08997249354132121,5967056.050896645,1.0,1.0,TokenDynamic,3280.1739871501923,1606.48999735713,1819.1279103706354,3714.343731186109,ok,,benchmarks/ops/matmul-otherlibs/results/raw/arm/920f-4_MatmulOtherlibsOpenBLASARMV8SVEBench-Native_baseline-common-v2.json
arm-optimized-v3,920f-4,Native,"HiSilicon CPU part 0xd22, 2.0 GHz",BiSheng clang 19.1.7,vecops,c4d4daf287d3552c42830f35a16f09783c323b88+benchmark-worktree,"SVE+SVE2+SME,VL=SVL=512b",,A01_gsa_proj_r128,af3,gsa_projection,128x16384x128,1,128,128,bias,bf16xbf16_acc_fp32,AllConst,raw_e2e,native_fused,row_contiguous,default,auto,auto,auto,0.0,1.0,0.0,5.0,,,,,1606.48999735713,1584.032457321882,1608.8183037936687,0.010706122365423183,334.1887673643891,5967056.050896645,3714.343731186109,3714.343731186109,TokenDynamic,3280.1739871501923,1606.48999735713,0.48975755665718357,1.0,ok,,benchmarks/ops/matmul-otherlibs/results/raw/arm/920f-4_MatmulOtherlibsVecopsBiasBench_baseline-common-v2.json
arm-optimized-v3,920f-4,Native,"HiSilicon CPU part 0xd22, 2.0 GHz",BiSheng clang 19.1.7,vecops,c4d4daf287d3552c42830f35a16f09783c323b88+benchmark-worktree,"SVE+SVE2+SME,VL=SVL=512b",,A01_gsa_proj_r128,af3,gsa_projection,128x16384x128,1,128,128,bias,bf16xbf16_acc_fp32,TokenDynamic,raw_e2e,native_fused,row_contiguous,default,auto,auto,auto,0.0,1.0,0.0,5.0,,,,,3280.1739871501923,3225.53887963295,3787.922114133835,0.11174992146794625,163.67147416665915,5967056.050896645,1819.1279103706354,1819.1279103706354,TokenDynamic,3280.1739871501923,1606.48999735713,1.0,2.0418265862510654,ok,,benchmarks/ops/matmul-otherlibs/results/raw/arm/920f-4_MatmulOtherlibsVecopsBiasBench_baseline-common-v2.json
arm-optimized-v3,920f-4,Native,"HiSilicon CPU part 0xd22, 2.0 GHz",BiSheng clang 19.1.7,ACL,2a8ca9840a3112d12d6cc68e49e6c833f9759fd6,"SVE+SVE2+SME,VL=SVL=512b",sme_interleaved_nomerge_bf16fp32_mopa_2VLx2VL,A01_gsa_proj_r128,af3,gsa_projection,128x16384x128,1,128,128,bias_relu,bf16xbf16_acc_fp32,NA,prepared_execute,native_fused,row_contiguous,default,auto,auto,auto,1.0,0.0,1.0,5.0,128.0,32.0,,,4452.708642929792,4358.056094497441,4461.524914950133,0.016233606949465528,120.57175868725822,5966487.990226597,,1339.9682010859726,TokenDynamic,4081.2278166413307,1429.5200817286968,1.0910218304339045,3.1148276263074246,ok,,benchmarks/ops/matmul-otherlibs/results/raw/arm/920f-4_MatmulOtherlibsACLBench_baseline-common-v2.json
arm-optimized-v3,920f-4,Native,"HiSilicon CPU part 0xd22, 2.0 GHz",BiSheng clang 19.1.7,LIBXSMM,3668d249637792dcc988414eb3d2a374033743df,"SVE+SVE2+SME,VL=SVL=512b",,A01_gsa_proj_r128,af3,gsa_projection,128x16384x128,1,128,128,bias_relu,bf16xbf16_acc_fp32,NA,prepared_execute,separate,row_contiguous,default,auto,auto,auto,0.0,0.0,1.0,5.0,,,1.0,0.0,1075937.04899773,1075819.8983035984,1076038.2234118881,0.00012693657508113697,0.49897985435124903,5966487.990226597,,5.545387618898868,TokenDynamic,4081.2278166413307,1429.5200817286968,263.6307251975898,752.6561275701813,ok,,benchmarks/ops/matmul-otherlibs/results/raw/arm/920f-4_MatmulOtherlibsLIBXSMMBench_baseline-common-v2.json
arm-optimized-v3,920f-4,Native,"HiSilicon CPU part 0xd22, 2.0 GHz",BiSheng clang 19.1.7,oneDNN,0e2a5bfeef1bfbffc3137464606540233086ce9b,"SVE+SVE2+SME,VL=SVL=512b",brg:sve_512,A01_gsa_proj_r128,af3,gsa_projection,128x16384x128,1,128,128,bias_relu,bf16xbf16_acc_fp32,NA,prepared_execute,separate,row_contiguous,default,auto,auto,auto,0.0,0.0,1.0,5.0,,,,,6082.420703023672,6079.636048525572,6091.229151934385,0.001243186828034158,88.26599444742659,5966487.990226597,,980.9397083073449,TokenDynamic,4081.2278166413307,1429.5200817286968,1.4903408915871876,4.254869015668737,ok,,benchmarks/ops/matmul-otherlibs/results/raw/arm-v3/920f-4_MatmulOtherlibsOneDNNBench_optimized-prepared-v3.json
arm-optimized-v3,920f-4,Native,"HiSilicon CPU part 0xd22, 2.0 GHz",BiSheng clang 19.1.7,KUPL-MMA,bd7059eae348f1d77f73a9fbb1cadfe7a6405fb8,"SVE+SVE2+SME,VL=SVL=512b",KP36_16x64x2_BF16BF16F32+vecops_transpose_pack,A01_gsa_proj_r128,af3,gsa_projection,128x16384x128,1,128,128,bias_relu,bf16xbf16_acc_fp32,NA,raw_e2e,separate,row_contiguous,default,auto,auto,auto,0.0,1.0,0.0,5.0,,,1.0,,11026.137042790651,10997.807327657936,11065.219435840845,0.003835764387213312,48.69075270119453,5966487.990226597,541.1222413680896,541.1222413680896,TokenDynamic,4081.2278166413307,1429.5200817286968,2.7016715405670917,7.7131739411851505,ok,,benchmarks/ops/matmul-otherlibs/results/raw/arm-v3/920f-4_MatmulOtherlibsKUPLBench_vecops-pack-v3.json
arm-optimized-v3,920f-4,Native,"HiSilicon CPU part 0xd22, 2.0 GHz",BiSheng clang 19.1.7,OpenBLAS,e0166008be8e466242aa76b2ff75ce3f0fbf574a,"SVE+SVE2+SME,VL=SVL=512b",ARMV8SVE,A01_gsa_proj_r128,af3,gsa_projection,128x16384x128,1,128,128,bias_relu,bf16xbf16_acc_fp32,NA,raw_e2e,separate,row_contiguous,default,auto,auto,auto,0.0,1.0,0.0,5.0,,,1.0,,5966487.990226597,5965919.469948858,5967564.986180515,0.00017508612670461416,0.08998105969196975,5966487.990226597,1.0,1.0,TokenDynamic,4081.2278166413307,1429.5200817286968,1461.9345594720442,4173.76997111605,ok,,benchmarks/ops/matmul-otherlibs/results/raw/arm/920f-4_MatmulOtherlibsOpenBLASARMV8SVEBench-Native_baseline-common-v2.json
arm-optimized-v3,920f-4,Native,"HiSilicon CPU part 0xd22, 2.0 GHz",BiSheng clang 19.1.7,vecops,c4d4daf287d3552c42830f35a16f09783c323b88+benchmark-worktree,"SVE+SVE2+SME,VL=SVL=512b",,A01_gsa_proj_r128,af3,gsa_projection,128x16384x128,1,128,128,bias_relu,bf16xbf16_acc_fp32,AllConst,raw_e2e,native_fused,row_contiguous,default,auto,auto,auto,0.0,1.0,0.0,5.0,,,,,1429.5200817286968,1392.0786790549757,1448.0165205895898,0.025058090683718,375.56024491154415,5966487.990226597,4173.76997111605,4173.76997111605,TokenDynamic,4081.2278166413307,1429.5200817286968,0.3502671612449041,1.0,ok,,benchmarks/ops/matmul-otherlibs/results/raw/arm/920f-4_MatmulOtherlibsVecopsBiasReluBench_baseline-common-v2.json
arm-optimized-v3,920f-4,Native,"HiSilicon CPU part 0xd22, 2.0 GHz",BiSheng clang 19.1.7,vecops,c4d4daf287d3552c42830f35a16f09783c323b88+benchmark-worktree,"SVE+SVE2+SME,VL=SVL=512b",,A01_gsa_proj_r128,af3,gsa_projection,128x16384x128,1,128,128,bias_relu,bf16xbf16_acc_fp32,TokenDynamic,raw_e2e,native_fused,row_contiguous,default,auto,auto,auto,0.0,1.0,0.0,5.0,,,,,4081.2278166413307,3755.24926930666,4088.3408859372134,0.06024338587227736,131.54642086160752,5966487.990226597,1461.9345594720442,1461.9345594720442,TokenDynamic,4081.2278166413307,1429.5200817286968,1.0,2.8549636124775275,ok,,benchmarks/ops/matmul-otherlibs/results/raw/arm/920f-4_MatmulOtherlibsVecopsBiasReluBench_baseline-common-v2.json
arm-optimized-v3,920f-4,Native,"HiSilicon CPU part 0xd22, 2.0 GHz",BiSheng clang 19.1.7,ACL,2a8ca9840a3112d12d6cc68e49e6c833f9759fd6,"SVE+SVE2+SME,VL=SVL=512b",sme_interleaved_nomerge_bf16fp32_mopa_2VLx2VL,A01_gsa_proj_r128,af3,gsa_projection,128x16384x128,1,128,128,gemm,bf16xbf16_acc_fp32,NA,prepared_execute,native,row_contiguous,default,auto,auto,auto,1.0,0.0,1.0,5.0,128.0,32.0,,,4432.518035173416,4408.124461770057,4658.7228775024405,0.038242372213839075,121.12097632536664,5966714.032925665,,1346.1229002517134,TokenDynamic,3596.340771764517,1408.538781106472,1.2325077951382888,3.1468910154475616,ok,,benchmarks/ops/matmul-otherlibs/results/raw/arm/920f-4_MatmulOtherlibsACLBench_baseline-common-v2.json
arm-optimized-v3,920f-4,Native,"HiSilicon CPU part 0xd22, 2.0 GHz",BiSheng clang 19.1.7,LIBXSMM,3668d249637792dcc988414eb3d2a374033743df,"SVE+SVE2+SME,VL=SVL=512b",,A01_gsa_proj_r128,af3,gsa_projection,128x16384x128,1,128,128,gemm,bf16xbf16_acc_fp32,NA,prepared_execute,native,row_contiguous,default,auto,auto,auto,0.0,0.0,1.0,5.0,,,1.0,0.0,1079500.7590204477,1079112.3535484073,1085454.2117565873,0.004107269487787333,0.4973325933435779,5966714.032925665,,5.5272902617872495,TokenDynamic,3596.340771764517,1408.538781106472,300.1664268013176,766.3976125474161,ok,,benchmarks/ops/matmul-otherlibs/results/raw/arm/920f-4_MatmulOtherlibsLIBXSMMBench_baseline-common-v2.json
arm-optimized-v3,920f-4,Native,"HiSilicon CPU part 0xd22, 2.0 GHz",BiSheng clang 19.1.7,oneDNN,0e2a5bfeef1bfbffc3137464606540233086ce9b,"SVE+SVE2+SME,VL=SVL=512b",brg:sve_512,A01_gsa_proj_r128,af3,gsa_projection,128x16384x128,1,128,128,gemm,bf16xbf16_acc_fp32,NA,prepared_execute,native,row_contiguous,default,auto,auto,auto,0.0,0.0,1.0,5.0,,,,,5402.111914008856,5366.342421621083,5446.274485439063,0.009258763820707267,99.38167156585122,5966714.032925665,,1104.5150726057107,TokenDynamic,3596.340771764517,1408.538781106472,1.5021134694525489,3.83525962257514,ok,,benchmarks/ops/matmul-otherlibs/results/raw/arm-v3/920f-4_MatmulOtherlibsOneDNNBench_optimized-prepared-v3.json
arm-optimized-v3,920f-4,Native,"HiSilicon CPU part 0xd22, 2.0 GHz",BiSheng clang 19.1.7,KUPL-MMA,bd7059eae348f1d77f73a9fbb1cadfe7a6405fb8,"SVE+SVE2+SME,VL=SVL=512b",KP36_16x64x2_BF16BF16F32+vecops_transpose_pack,A01_gsa_proj_r128,af3,gsa_projection,128x16384x128,1,128,128,gemm,bf16xbf16_acc_fp32,NA,raw_e2e,native_accumulate,row_contiguous,default,auto,auto,auto,0.0,1.0,0.0,5.0,,,1.0,,7595.994975417852,7593.602966517209,7606.011908501386,0.0010829047903882446,70.67815523014706,5966714.032925665,785.5078962315189,785.5078962315189,TokenDynamic,3596.340771764517,1408.538781106472,2.1121454994074256,5.3928191948331365,ok,,benchmarks/ops/matmul-otherlibs/results/raw/arm-v3/920f-4_MatmulOtherlibsKUPLBench_vecops-pack-v3.json
arm-optimized-v3,920f-4,Native,"HiSilicon CPU part 0xd22, 2.0 GHz",BiSheng clang 19.1.7,OpenBLAS,e0166008be8e466242aa76b2ff75ce3f0fbf574a,"SVE+SVE2+SME,VL=SVL=512b",ARMV8SVE,A01_gsa_proj_r128,af3,gsa_projection,128x16384x128,1,128,128,gemm,bf16xbf16_acc_fp32,NA,raw_e2e,native,row_contiguous,default,auto,auto,auto,0.0,1.0,0.0,5.0,,,1.0,,5966714.032925665,5966661.221720277,5968318.930454553,0.0001973660199257406,0.08997765085395848,5966714.032925665,1.0,1.0,TokenDynamic,3596.340771764517,1408.538781106472,1659.1069677743978,4236.102060490331,ok,,benchmarks/ops/matmul-otherlibs/results/raw/arm/920f-4_MatmulOtherlibsOpenBLASARMV8SVEBench-Native_baseline-common-v2.json
arm-optimized-v3,920f-4,Native,"HiSilicon CPU part 0xd22, 2.0 GHz",BiSheng clang 19.1.7,vecops,c4d4daf287d3552c42830f35a16f09783c323b88+benchmark-worktree,"SVE+SVE2+SME,VL=SVL=512b",,A01_gsa_proj_r128,af3,gsa_projection,128x16384x128,1,128,128,gemm,bf16xbf16_acc_fp32,AllConst,raw_e2e,native,row_contiguous,default,auto,auto,auto,0.0,1.0,0.0,5.0,,,,,1408.538781106472,1392.2179117798808,1423.203758895397,0.013762393896705107,381.15451218053306,5966714.032925665,4236.102060490331,4236.102060490331,TokenDynamic,3596.340771764517,1408.538781106472,0.39165887508913216,1.0,ok,,benchmarks/ops/matmul-otherlibs/results/raw/arm/920f-4_MatmulOtherlibsVecopsAF3ProjectionBench_baseline-common-v2.json
arm-optimized-v3,920f-4,Native,"HiSilicon CPU part 0xd22, 2.0 GHz",BiSheng clang 19.1.7,vecops,c4d4daf287d3552c42830f35a16f09783c323b88+benchmark-worktree,"SVE+SVE2+SME,VL=SVL=512b",,A01_gsa_proj_r128,af3,gsa_projection,128x16384x128,1,128,128,gemm,bf16xbf16_acc_fp32,TokenDynamic,raw_e2e,native,row_contiguous,default,auto,auto,auto,0.0,1.0,0.0,5.0,,,,,3596.340771764517,3576.1001519858833,3869.2041300237174,0.05527806481840982,149.2825474757745,5966714.032925665,1659.1069677743978,1659.1069677743978,TokenDynamic,3596.340771764517,1408.538781106472,1.0,2.5532422820047778,ok,,benchmarks/ops/matmul-otherlibs/results/raw/arm/920f-4_MatmulOtherlibsVecopsAF3ProjectionBench_baseline-common-v2.json
arm-optimized-v3,920f-4,Native,"HiSilicon CPU part 0xd22, 2.0 GHz",BiSheng clang 19.1.7,ACL,2a8ca9840a3112d12d6cc68e49e6c833f9759fd6,"SVE+SVE2+SME,VL=SVL=512b",a64_hybrid_bf16fp32_mmla_6x16,A01_gsa_proj_r128,af3,gsa_projection,128x16384x128,1,128,128,gemm_add,bf16xbf16_acc_fp32,NA,prepared_execute,native,row_contiguous,default,auto,auto,auto,1.0,0.0,1.0,5.0,128.0,48.0,,,21231.54792934656,21127.766557037834,21360.091306269165,0.006848627680994266,25.286470576077452,5965573.449153453,,280.97684959219333,TokenDynamic,3981.253132224083,2149.9302238225937,5.332880684601381,9.875459070293312,ok,,benchmarks/ops/matmul-otherlibs/results/raw/arm/920f-4_MatmulOtherlibsACLBench_baseline-common-v2.json
arm-optimized-v3,920f-4,Native,"HiSilicon CPU part 0xd22, 2.0 GHz",BiSheng clang 19.1.7,LIBXSMM,3668d249637792dcc988414eb3d2a374033743df,"SVE+SVE2+SME,VL=SVL=512b",,A01_gsa_proj_r128,af3,gsa_projection,128x16384x128,1,128,128,gemm_add,bf16xbf16_acc_fp32,NA,prepared_execute,native,row_contiguous,default,auto,auto,auto,0.0,0.0,1.0,5.0,,,1.0,0.0,1074889.3907293677,1074885.391257703,1075081.378035247,0.0001302554488376948,0.49946619310820944,5965573.449153453,,5.549941696889858,TokenDynamic,3981.253132224083,2149.9302238225937,269.98770362759944,499.9647797025736,ok,,benchmarks/ops/matmul-otherlibs/results/raw/arm/920f-4_MatmulOtherlibsLIBXSMMBench_baseline-common-v2.json
arm-optimized-v3,920f-4,Native,"HiSilicon CPU part 0xd22, 2.0 GHz",BiSheng clang 19.1.7,oneDNN,0e2a5bfeef1bfbffc3137464606540233086ce9b,"SVE+SVE2+SME,VL=SVL=512b",brg:sve_512,A01_gsa_proj_r128,af3,gsa_projection,128x16384x128,1,128,128,gemm_add,bf16xbf16_acc_fp32,NA,prepared_execute,native,row_contiguous,default,auto,auto,auto,0.0,0.0,1.0,5.0,,,,,6201.506592333317,6182.75385349989,6224.55570846796,0.004219065747559051,86.57104592353619,5965573.449153453,,961.9555119925957,TokenDynamic,3981.253132224083,2149.9302238225937,1.5576770394574018,2.8845152850156164,ok,,benchmarks/ops/matmul-otherlibs/results/raw/arm-v3/920f-4_MatmulOtherlibsOneDNNBench_optimized-prepared-v3.json
arm-optimized-v3,920f-4,Native,"HiSilicon CPU part 0xd22, 2.0 GHz",BiSheng clang 19.1.7,KUPL-MMA,bd7059eae348f1d77f73a9fbb1cadfe7a6405fb8,"SVE+SVE2+SME,VL=SVL=512b",KP36_16x64x2_BF16BF16F32+vecops_transpose_pack,A01_gsa_proj_r128,af3,gsa_projection,128x16384x128,1,128,128,gemm_add,bf16xbf16_acc_fp32,NA,raw_e2e,native_accumulate,row_contiguous,default,auto,auto,auto,0.0,1.0,0.0,5.0,,,1.0,,11098.991148173809,11068.293638527395,11112.839914858341,0.002569202147431362,48.37114516379581,5965573.449153453,537.4879004327352,537.4879004327352,TokenDynamic,3981.253132224083,2149.9302238225937,2.7878134797154885,5.162489007871014,ok,,benchmarks/ops/matmul-otherlibs/results/raw/arm-v3/920f-4_MatmulOtherlibsKUPLBench_vecops-pack-v3.json
arm-optimized-v3,920f-4,Native,"HiSilicon CPU part 0xd22, 2.0 GHz",BiSheng clang 19.1.7,OpenBLAS,e0166008be8e466242aa76b2ff75ce3f0fbf574a,"SVE+SVE2+SME,VL=SVL=512b",ARMV8SVE,A01_gsa_proj_r128,af3,gsa_projection,128x16384x128,1,128,128,gemm_add,bf16xbf16_acc_fp32,NA,raw_e2e,native,row_contiguous,default,auto,auto,auto,0.0,1.0,0.0,5.0,,,1.0,,5965573.449153453,5965050.875488669,5965855.584759265,8.555428346304313e-05,0.08999485406992766,5965573.449153453,1.0,1.0,TokenDynamic,3981.253132224083,2149.9302238225937,1498.4160140103554,2774.7753778476654,ok,,benchmarks/ops/matmul-otherlibs/results/raw/arm/920f-4_MatmulOtherlibsOpenBLASARMV8SVEBench-Native_baseline-common-v2.json
arm-optimized-v3,920f-4,Native,"HiSilicon CPU part 0xd22, 2.0 GHz",BiSheng clang 19.1.7,vecops,c4d4daf287d3552c42830f35a16f09783c323b88+benchmark-worktree,"SVE+SVE2+SME,VL=SVL=512b",,A01_gsa_proj_r128,af3,gsa_projection,128x16384x128,1,128,128,gemm_add,bf16xbf16_acc_fp32,AllConst,raw_e2e,native,row_contiguous,default,auto,auto,auto,0.0,1.0,0.0,5.0,,,,,2149.9302238225937,2118.824422359466,2205.71719110012,0.025475898590901807,249.715505206229,5965573.449153453,2774.7753778476654,2774.7753778476654,TokenDynamic,3981.253132224083,2149.9302238225937,0.5400134461235724,1.0,ok,,benchmarks/ops/matmul-otherlibs/results/raw/arm/920f-4_MatmulOtherlibsVecopsAF3ProjectionBench_baseline-common-v2.json
arm-optimized-v3,920f-4,Native,"HiSilicon CPU part 0xd22, 2.0 GHz",BiSheng clang 19.1.7,vecops,c4d4daf287d3552c42830f35a16f09783c323b88+benchmark-worktree,"SVE+SVE2+SME,VL=SVL=512b",,A01_gsa_proj_r128,af3,gsa_projection,128x16384x128,1,128,128,gemm_add,bf16xbf16_acc_fp32,TokenDynamic,raw_e2e,native,row_contiguous,default,auto,auto,auto,0.0,1.0,0.0,5.0,,,,,3981.253132224083,3974.596410989762,3990.3499186038966,0.0024823111672371656,134.84973051690463,5965573.449153453,1498.4160140103554,1498.4160140103554,TokenDynamic,3981.253132224083,2149.9302238225937,1.0,1.8518057414651263,ok,,benchmarks/ops/matmul-otherlibs/results/raw/arm/920f-4_MatmulOtherlibsVecopsAF3ProjectionBench_baseline-common-v2.json
arm-optimized-v3,920f-4,Native,"HiSilicon CPU part 0xd22, 2.0 GHz",BiSheng clang 19.1.7,ACL,2a8ca9840a3112d12d6cc68e49e6c833f9759fd6,"SVE+SVE2+SME,VL=SVL=512b",sme_interleaved_nomerge_bf16fp32_mopa_4VLx1VL_lhs2VL,A05_pair_bias_r128,af3,pair_bias_projection,4x16384x128,1,128,0,gemm,bf16xbf16_acc_fp32,NA,prepared_execute,native,row_contiguous,default,auto,auto,auto,1.0,0.0,1.0,1.0,128.0,16.0,,,788.8241671025753,775.4071615636349,794.1040210425853,0.015340299600614336,21.268638436401204,187063.20691853762,,237.14183048630244,TokenDynamic,681.3677027821541,629.3351761996746,1.1577070117671502,1.2534245612425425,ok,,benchmarks/ops/matmul-otherlibs/results/raw/arm/920f-4_MatmulOtherlibsACLBench_baseline-common-v2.json
arm-optimized-v3,920f-4,Native,"HiSilicon CPU part 0xd22, 2.0 GHz",BiSheng clang 19.1.7,LIBXSMM,3668d249637792dcc988414eb3d2a374033743df,"SVE+SVE2+SME,VL=SVL=512b",,A05_pair_bias_r128,af3,pair_bias_projection,4x16384x128,1,128,0,gemm,bf16xbf16_acc_fp32,NA,prepared_execute,native,row_contiguous,default,auto,auto,auto,0.0,0.0,1.0,1.0,,,1.0,0.0,33586.33862808347,33557.889331132166,33631.09314814209,0.0013731718836024625,0.499525005859722,187063.20691853762,,5.569621892697864,TokenDynamic,681.3677027821541,629.3351761996746,49.29253102391565,53.367966543518364,ok,,benchmarks/ops/matmul-otherlibs/results/raw/arm/920f-4_MatmulOtherlibsLIBXSMMBench_baseline-common-v2.json
arm-optimized-v3,920f-4,Native,"HiSilicon CPU part 0xd22, 2.0 GHz",BiSheng clang 19.1.7,oneDNN,0e2a5bfeef1bfbffc3137464606540233086ce9b,"SVE+SVE2+SME,VL=SVL=512b",brg:sve_512,A05_pair_bias_r128,af3,pair_bias_projection,4x16384x128,1,128,0,gemm,bf16xbf16_acc_fp32,NA,prepared_execute,native,row_contiguous,default,auto,auto,auto,0.0,0.0,1.0,1.0,,,,,1042.308285832405,1039.259880781174,1091.4552956819532,0.034496319438423434,16.096212826900278,187063.20691853762,,179.4701332237283,TokenDynamic,681.3677027821541,629.3351761996746,1.5297295154678772,1.6562053501069562,ok,,benchmarks/ops/matmul-otherlibs/results/raw/arm-v3/920f-4_MatmulOtherlibsOneDNNBench_optimized-prepared-v3.json
arm-optimized-v3,920f-4,Native,"HiSilicon CPU part 0xd22, 2.0 GHz",BiSheng clang 19.1.7,KUPL-MMA,bd7059eae348f1d77f73a9fbb1cadfe7a6405fb8,"SVE+SVE2+SME,VL=SVL=512b",KP36_16x64x2_BF16BF16F32+vecops_transpose_pack,A05_pair_bias_r128,af3,pair_bias_projection,4x16384x128,1,128,0,gemm,bf16xbf16_acc_fp32,NA,raw_e2e,native_accumulate,row_contiguous,default,auto,auto,auto,0.0,1.0,0.0,1.0,,,16.0,,4236.306995153427,4160.125926136971,4257.547855377198,0.015197843335260596,3.960339989333652,187063.20691853762,44.157141381053925,44.157141381053925,TokenDynamic,681.3677027821541,629.3351761996746,6.217358084123711,6.731400302037682,ok,,benchmarks/ops/matmul-otherlibs/results/raw/arm-v3/920f-4_MatmulOtherlibsKUPLBench_vecops-pack-v3.json
arm-optimized-v3,920f-4,Native,"HiSilicon CPU part 0xd22, 2.0 GHz",BiSheng clang 19.1.7,OpenBLAS,e0166008be8e466242aa76b2ff75ce3f0fbf574a,"SVE+SVE2+SME,VL=SVL=512b",ARMV8SVE,A05_pair_bias_r128,af3,pair_bias_projection,4x16384x128,1,128,0,gemm,bf16xbf16_acc_fp32,NA,raw_e2e,native,row_contiguous,default,auto,auto,auto,0.0,1.0,0.0,1.0,,,1.0,,187063.20691853762,186945.52090018988,187083.5354551673,0.0004980073688644616,0.08968741783255192,187063.20691853762,1.0,1.0,TokenDynamic,681.3677027821541,629.3351761996746,274.54075993728924,297.239394829547,ok,,benchmarks/ops/matmul-otherlibs/results/raw/arm/920f-4_MatmulOtherlibsOpenBLASARMV8SVEBench-Native_baseline-common-v2.json
arm-optimized-v3,920f-4,Native,"HiSilicon CPU part 0xd22, 2.0 GHz",BiSheng clang 19.1.7,vecops,c4d4daf287d3552c42830f35a16f09783c323b88+benchmark-worktree,"SVE+SVE2+SME,VL=SVL=512b",,A05_pair_bias_r128,af3,pair_bias_projection,4x16384x128,1,128,0,gemm,bf16xbf16_acc_fp32,AllConst,raw_e2e,native,row_contiguous,default,auto,auto,auto,0.0,1.0,0.0,1.0,,,,,629.3351761996746,628.7350319325923,636.4471279084684,0.008484005286401752,26.658633800372456,187063.20691853762,297.239394829547,297.239394829547,TokenDynamic,681.3677027821541,629.3351761996746,0.9236351732404974,1.0,ok,,benchmarks/ops/matmul-otherlibs/results/raw/arm/920f-4_MatmulOtherlibsVecopsAF3ProjectionBench_baseline-common-v2.json
arm-optimized-v3,920f-4,Native,"HiSilicon CPU part 0xd22, 2.0 GHz",BiSheng clang 19.1.7,vecops,c4d4daf287d3552c42830f35a16f09783c323b88+benchmark-worktree,"SVE+SVE2+SME,VL=SVL=512b",,A05_pair_bias_r128,af3,pair_bias_projection,4x16384x128,1,128,0,gemm,bf16xbf16_acc_fp32,TokenDynamic,raw_e2e,native,row_contiguous,default,auto,auto,auto,0.0,1.0,0.0,1.0,,,,,681.3677027821541,677.6718422770499,683.1524893641472,0.0051341118006478885,24.62285184856199,187063.20691853762,274.54075993728924,274.54075993728924,TokenDynamic,681.3677027821541,629.3351761996746,1.0,1.0826785607260743,ok,,benchmarks/ops/matmul-otherlibs/results/raw/arm/920f-4_MatmulOtherlibsVecopsAF3ProjectionBench_baseline-common-v2.json
arm-optimized-v3,920f-4,Native,"HiSilicon CPU part 0xd22, 2.0 GHz",BiSheng clang 19.1.7,ACL,2a8ca9840a3112d12d6cc68e49e6c833f9759fd6,"SVE+SVE2+SME,VL=SVL=512b",a64_hybrid_bf16fp32_mmla_6x16,A05_pair_bias_r128,af3,pair_bias_projection,4x16384x128,1,128,0,gemm_add,bf16xbf16_acc_fp32,NA,prepared_execute,native,row_contiguous,default,auto,auto,auto,1.0,0.0,1.0,1.0,128.0,4.0,,,2657.7282696962357,2649.8001068830495,2683.242410421372,0.008196270485693774,6.312615247877672,187054.7547005117,,70.3814444965403,TokenDynamic,705.7688198983669,651.8559530377388,3.7657207215231714,4.077171125477729,ok,,benchmarks/ops/matmul-otherlibs/results/raw/arm/920f-4_MatmulOtherlibsACLBench_baseline-common-v2.json
arm-optimized-v3,920f-4,Native,"HiSilicon CPU part 0xd22, 2.0 GHz",BiSheng clang 19.1.7,LIBXSMM,3668d249637792dcc988414eb3d2a374033743df,"SVE+SVE2+SME,VL=SVL=512b",,A05_pair_bias_r128,af3,pair_bias_projection,4x16384x128,1,128,0,gemm_add,bf16xbf16_acc_fp32,NA,prepared_execute,native,row_contiguous,default,auto,auto,auto,0.0,0.0,1.0,1.0,,,1.0,0.0,33809.0811856091,33805.10592833162,33885.96596196293,0.0016836986338930363,0.4962340120364245,187054.7547005117,,5.532677852840671,TokenDynamic,705.7688198983669,651.8559530377388,47.90390313711751,51.8658777726185,ok,,benchmarks/ops/matmul-otherlibs/results/raw/arm/920f-4_MatmulOtherlibsLIBXSMMBench_baseline-common-v2.json
arm-optimized-v3,920f-4,Native,"HiSilicon CPU part 0xd22, 2.0 GHz",BiSheng clang 19.1.7,oneDNN,0e2a5bfeef1bfbffc3137464606540233086ce9b,"SVE+SVE2+SME,VL=SVL=512b",brg:sve_512,A05_pair_bias_r128,af3,pair_bias_projection,4x16384x128,1,128,0,gemm_add,bf16xbf16_acc_fp32,NA,prepared_execute,native,row_contiguous,default,auto,auto,auto,0.0,0.0,1.0,1.0,,,,,1072.0002464950085,1067.5041936337946,1113.8184927403927,0.029355859326699093,15.650384461061893,187054.7547005117,,174.49133553103403,TokenDynamic,705.7688198983669,651.8559530377388,1.5189113152510478,1.6445354859449226,ok,,benchmarks/ops/matmul-otherlibs/results/raw/arm-v3/920f-4_MatmulOtherlibsOneDNNBench_optimized-prepared-v3.json
arm-optimized-v3,920f-4,Native,"HiSilicon CPU part 0xd22, 2.0 GHz",BiSheng clang 19.1.7,KUPL-MMA,bd7059eae348f1d77f73a9fbb1cadfe7a6405fb8,"SVE+SVE2+SME,VL=SVL=512b",KP36_16x64x2_BF16BF16F32+vecops_transpose_pack,A05_pair_bias_r128,af3,pair_bias_projection,4x16384x128,1,128,0,gemm_add,bf16xbf16_acc_fp32,NA,raw_e2e,native_accumulate,row_contiguous,default,auto,auto,auto,0.0,1.0,0.0,1.0,,,16.0,,5228.712689131498,5151.7161540687075,5230.37677630782,0.010808940363744354,3.2086704696690336,187054.7547005117,35.77453301064472,35.77453301064472,TokenDynamic,705.7688198983669,651.8559530377388,7.408534553686362,8.02127013608601,ok,,benchmarks/ops/matmul-otherlibs/results/raw/arm-v3/920f-4_MatmulOtherlibsKUPLBench_vecops-pack-v3.json
arm-optimized-v3,920f-4,Native,"HiSilicon CPU part 0xd22, 2.0 GHz",BiSheng clang 19.1.7,OpenBLAS,e0166008be8e466242aa76b2ff75ce3f0fbf574a,"SVE+SVE2+SME,VL=SVL=512b",ARMV8SVE,A05_pair_bias_r128,af3,pair_bias_projection,4x16384x128,1,128,0,gemm_add,bf16xbf16_acc_fp32,NA,raw_e2e,native,row_contiguous,default,auto,auto,auto,0.0,1.0,0.0,1.0,,,1.0,,187054.7547005117,186968.310829252,187295.43266817927,0.0011323848760159416,0.08969147042993666,187054.7547005117,1.0,1.0,TokenDynamic,705.7688198983669,651.8559530377388,265.0368639513548,286.9571932707076,ok,,benchmarks/ops/matmul-otherlibs/results/raw/arm/920f-4_MatmulOtherlibsOpenBLASARMV8SVEBench-Native_baseline-common-v2.json
arm-optimized-v3,920f-4,Native,"HiSilicon CPU part 0xd22, 2.0 GHz",BiSheng clang 19.1.7,vecops,c4d4daf287d3552c42830f35a16f09783c323b88+benchmark-worktree,"SVE+SVE2+SME,VL=SVL=512b",,A05_pair_bias_r128,af3,pair_bias_projection,4x16384x128,1,128,0,gemm_add,bf16xbf16_acc_fp32,AllConst,raw_e2e,native,row_contiguous,default,auto,auto,auto,0.0,1.0,0.0,1.0,,,,,651.8559530377388,648.7438455224038,652.2079929709435,0.0036624534318520055,25.737612614897287,187054.7547005117,286.9571932707076,286.9571932707076,TokenDynamic,705.7688198983669,651.8559530377388,0.9236111523481702,1.0,ok,,benchmarks/ops/matmul-otherlibs/results/raw/arm/920f-4_MatmulOtherlibsVecopsAF3ProjectionBench_baseline-common-v2.json
arm-optimized-v3,920f-4,Native,"HiSilicon CPU part 0xd22, 2.0 GHz",BiSheng clang 19.1.7,vecops,c4d4daf287d3552c42830f35a16f09783c323b88+benchmark-worktree,"SVE+SVE2+SME,VL=SVL=512b",,A05_pair_bias_r128,af3,pair_bias_projection,4x16384x128,1,128,0,gemm_add,bf16xbf16_acc_fp32,TokenDynamic,raw_e2e,native,row_contiguous,default,auto,auto,auto,0.0,1.0,0.0,1.0,,,,,705.7688198983669,695.4888813197613,709.4248197972775,0.012847594167731891,23.771546045936084,187054.7547005117,265.0368639513548,265.0368639513548,TokenDynamic,705.7688198983669,651.8559530377388,1.0,1.0827067185769903,ok,,benchmarks/ops/matmul-otherlibs/results/raw/arm/920f-4_MatmulOtherlibsVecopsAF3ProjectionBench_baseline-common-v2.json
arm-optimized-v3,920f-4,Native,"HiSilicon CPU part 0xd22, 2.0 GHz",BiSheng clang 19.1.7,ACL,2a8ca9840a3112d12d6cc68e49e6c833f9759fd6,"SVE+SVE2+SME,VL=SVL=512b",sme_interleaved_nomerge_bf16fp32_mopa_2VLx2VL,A08_gsa_qk_r128,af3,gsa_qk,128x128x32,4,128,128,gemm,bf16xbf16_acc_fp32,NA,prepared_execute,native,row_contiguous,default,auto,auto,auto,1.0,0.0,1.0,128.0,32.0,32.0,,,29.720831662416458,28.63304689526558,36.47366538643838,0.16550668300761326,141.12337257721884,58311.20302900672,,1961.9640423031728,TokenDynamic,44.912099838256836,41.31300374865532,0.6617555573988055,0.7194062151286647,ok,,benchmarks/ops/matmul-otherlibs/results/raw/arm/920f-4_MatmulOtherlibsACLBench_baseline-common-v2.json
arm-optimized-v3,920f-4,Native,"HiSilicon CPU part 0xd22, 2.0 GHz",BiSheng clang 19.1.7,LIBXSMM,3668d249637792dcc988414eb3d2a374033743df,"SVE+SVE2+SME,VL=SVL=512b",,A08_gsa_qk_r128,af3,gsa_qk,128x128x32,4,128,128,gemm,bf16xbf16_acc_fp32,NA,prepared_execute,native,row_contiguous,default,auto,auto,auto,0.0,0.0,1.0,128.0,,,1.0,0.0,8730.477653443813,8712.164871394636,8735.11787503958,0.0017387601145594928,0.4804209078234706,58311.20302900672,,6.679039262646226,TokenDynamic,44.912099838256836,41.31300374865532,194.39032431984074,211.32517273639243,ok,,benchmarks/ops/matmul-otherlibs/results/raw/arm/920f-4_MatmulOtherlibsLIBXSMMBench_baseline-common-v2.json
arm-optimized-v3,920f-4,Native,"HiSilicon CPU part 0xd22, 2.0 GHz",BiSheng clang 19.1.7,oneDNN,0e2a5bfeef1bfbffc3137464606540233086ce9b,"SVE+SVE2+SME,VL=SVL=512b",brg:sve_512,A08_gsa_qk_r128,af3,gsa_qk,128x128x32,4,128,128,gemm,bf16xbf16_acc_fp32,NA,prepared_execute,native,row_contiguous,default,auto,auto,auto,1.0,0.0,1.0,128.0,,,,,61.79371848702431,60.969684273004525,76.60174742341042,0.16261649375933337,67.87589584660999,58311.20302900672,,943.6428889006112,TokenDynamic,44.912099838256836,41.31300374865532,1.375881303915063,1.4957449926171396,ok,,benchmarks/ops/matmul-otherlibs/results/raw/arm-v3/920f-4_MatmulOtherlibsOneDNNBench_optimized-prepared-v3.json
arm-optimized-v3,920f-4,Native,"HiSilicon CPU part 0xd22, 2.0 GHz",BiSheng clang 19.1.7,KUPL-MMA,bd7059eae348f1d77f73a9fbb1cadfe7a6405fb8,"SVE+SVE2+SME,VL=SVL=512b",KP36_16x64x2_BF16BF16F32+vecops_transpose_pack,A08_gsa_qk_r128,af3,gsa_qk,128x128x32,4,128,128,gemm,bf16xbf16_acc_fp32,NA,raw_e2e,native_accumulate,row_contiguous,default,auto,auto,auto,0.0,1.0,0.0,128.0,,,1.0,,171.89886420965195,170.779787003994,178.57979983091354,0.03026102429386777,24.39983544559391,58311.20302900672,339.2180820804551,339.2180820804551,TokenDynamic,44.912099838256836,41.31300374865532,3.8274510617120105,4.1608900010144385,ok,,benchmarks/ops/matmul-otherlibs/results/raw/arm-v3/920f-4_MatmulOtherlibsKUPLBench_vecops-pack-v3.json
arm-optimized-v3,920f-4,Native,"HiSilicon CPU part 0xd22, 2.0 GHz",BiSheng clang 19.1.7,OpenBLAS,e0166008be8e466242aa76b2ff75ce3f0fbf574a,"SVE+SVE2+SME,VL=SVL=512b",ARMV8SVE,A08_gsa_qk_r128,af3,gsa_qk,128x128x32,4,128,128,gemm,bf16xbf16_acc_fp32,NA,raw_e2e,native,row_contiguous,default,auto,auto,auto,0.0,1.0,0.0,128.0,,,1.0,,58311.20302900672,58275.86455270648,58314.18698653579,0.00045705796889953073,0.07192964271228561,58311.20302900672,1.0,1.0,TokenDynamic,44.912099838256836,41.31300374865532,1298.3406084107498,1411.4491258918608,ok,,benchmarks/ops/matmul-otherlibs/results/raw/arm/920f-4_MatmulOtherlibsOpenBLASARMV8SVEBench-Native_baseline-common-v2.json
arm-optimized-v3,920f-4,Native,"HiSilicon CPU part 0xd22, 2.0 GHz",BiSheng clang 19.1.7,vecops,c4d4daf287d3552c42830f35a16f09783c323b88+benchmark-worktree,"SVE+SVE2+SME,VL=SVL=512b",,A08_gsa_qk_r128,af3,gsa_qk,128x128x32,4,128,128,gemm,bf16xbf16_acc_fp32,AllConst,raw_e2e,native,row_contiguous,default,auto,auto,auto,1.0,1.0,0.0,128.0,,,,,41.31300374865532,38.72020170092583,52.42517217993736,0.2028532841284715,101.52503133196939,58311.20302900672,1411.4491258918608,1411.4491258918608,TokenDynamic,44.912099838256836,41.31300374865532,0.9198635534173856,1.0,ok,,benchmarks/ops/matmul-otherlibs/results/raw/arm/920f-4_MatmulOtherlibsVecopsAF3AttentionBench_baseline-common-v2.json
arm-optimized-v3,920f-4,Native,"HiSilicon CPU part 0xd22, 2.0 GHz",BiSheng clang 19.1.7,vecops,c4d4daf287d3552c42830f35a16f09783c323b88+benchmark-worktree,"SVE+SVE2+SME,VL=SVL=512b",,A08_gsa_qk_r128,af3,gsa_qk,128x128x32,4,128,128,gemm,bf16xbf16_acc_fp32,TokenDynamic,raw_e2e,native,row_contiguous,default,auto,auto,auto,1.0,1.0,0.0,128.0,,,,,44.912099838256836,41.87971353530884,53.2727688550949,0.15648889057500268,93.38917608183677,58311.20302900672,1298.3406084107498,1298.3406084107498,TokenDynamic,44.912099838256836,41.31300374865532,1.0,1.0871177538069636,ok,,benchmarks/ops/matmul-otherlibs/results/raw/arm/920f-4_MatmulOtherlibsVecopsAF3AttentionBench_baseline-common-v2.json
arm-optimized-v3,920f-4,Native,"HiSilicon CPU part 0xd22, 2.0 GHz",BiSheng clang 19.1.7,ACL,2a8ca9840a3112d12d6cc68e49e6c833f9759fd6,"SVE+SVE2+SME,VL=SVL=512b",a64_hybrid_bf16fp32_mmla_6x16,A08_gsa_qk_r128,af3,gsa_qk,128x128x32,4,128,128,gemm_add,bf16xbf16_acc_fp32,NA,prepared_execute,native,row_contiguous,default,auto,auto,auto,1.0,0.0,1.0,128.0,32.0,48.0,,,186.50107085704803,185.35666167736056,189.85234200954437,0.015582418812630004,22.48943655243089,58260.41987165809,,312.38651662388764,TokenDynamic,52.14288830757141,50.39293318986893,3.5767307280131457,3.7009369975419983,ok,,benchmarks/ops/matmul-otherlibs/results/raw/arm/920f-4_MatmulOtherlibsACLBench_baseline-common-v2.json
arm-optimized-v3,920f-4,Native,"HiSilicon CPU part 0xd22, 2.0 GHz",BiSheng clang 19.1.7,LIBXSMM,3668d249637792dcc988414eb3d2a374033743df,"SVE+SVE2+SME,VL=SVL=512b",,A08_gsa_qk_r128,af3,gsa_qk,128x128x32,4,128,128,gemm_add,bf16xbf16_acc_fp32,NA,prepared_execute,native,row_contiguous,default,auto,auto,auto,0.0,0.0,1.0,128.0,,,1.0,0.0,8680.29473349452,8679.967653006317,8729.610126465559,0.004104141346159568,0.4831983393162335,58260.41987165809,,6.711802036726875,TokenDynamic,52.14288830757141,50.39293318986893,166.471306351361,172.252222365965,ok,,benchmarks/ops/matmul-otherlibs/results/raw/arm/920f-4_MatmulOtherlibsLIBXSMMBench_baseline-common-v2.json
arm-optimized-v3,920f-4,Native,"HiSilicon CPU part 0xd22, 2.0 GHz",BiSheng clang 19.1.7,oneDNN,0e2a5bfeef1bfbffc3137464606540233086ce9b,"SVE+SVE2+SME,VL=SVL=512b",brg:sve_512,A08_gsa_qk_r128,af3,gsa_qk,128x128x32,4,128,128,gemm_add,bf16xbf16_acc_fp32,NA,prepared_execute,native,row_contiguous,default,auto,auto,auto,1.0,0.0,1.0,128.0,,,,,113.01692575216293,108.73619467020036,130.56900352239606,0.12198943851583069,37.11217565055497,58260.41987165809,,515.5017222767015,TokenDynamic,52.14288830757141,50.39293318986893,2.1674465956990785,2.242713781441165,ok,,benchmarks/ops/matmul-otherlibs/results/raw/arm-v3/920f-4_MatmulOtherlibsOneDNNBench_optimized-prepared-v3.json
arm-optimized-v3,920f-4,Native,"HiSilicon CPU part 0xd22, 2.0 GHz",BiSheng clang 19.1.7,KUPL-MMA,bd7059eae348f1d77f73a9fbb1cadfe7a6405fb8,"SVE+SVE2+SME,VL=SVL=512b",KP36_16x64x2_BF16BF16F32+vecops_transpose_pack,A08_gsa_qk_r128,af3,gsa_qk,128x128x32,4,128,128,gemm_add,bf16xbf16_acc_fp32,NA,raw_e2e,native_accumulate,row_contiguous,default,auto,auto,auto,0.0,1.0,0.0,128.0,,,1.0,,271.8046307563782,271.2529152631759,283.7575972080231,0.03193622473420391,15.43131913657279,58260.41987165809,214.3466787505825,214.3466787505825,TokenDynamic,52.14288830757141,50.39293318986893,5.2126884332356935,5.39370529856401,ok,,benchmarks/ops/matmul-otherlibs/results/raw/arm-v3/920f-4_MatmulOtherlibsKUPLBench_vecops-pack-v3.json
arm-optimized-v3,920f-4,Native,"HiSilicon CPU part 0xd22, 2.0 GHz",BiSheng clang 19.1.7,OpenBLAS,e0166008be8e466242aa76b2ff75ce3f0fbf574a,"SVE+SVE2+SME,VL=SVL=512b",ARMV8SVE,A08_gsa_qk_r128,af3,gsa_qk,128x128x32,4,128,128,gemm_add,bf16xbf16_acc_fp32,NA,raw_e2e,native,row_contiguous,default,auto,auto,auto,0.0,1.0,0.0,128.0,,,1.0,,58260.41987165809,58257.94814154506,58329.88014444709,0.0008757142903370101,0.07199234075620524,58260.41987165809,1.0,1.0,TokenDynamic,52.14288830757141,50.39293318986893,1117.3224530256484,1156.1228169066144,ok,,benchmarks/ops/matmul-otherlibs/results/raw/arm/920f-4_MatmulOtherlibsOpenBLASARMV8SVEBench-Native_baseline-common-v2.json
arm-optimized-v3,920f-4,Native,"HiSilicon CPU part 0xd22, 2.0 GHz",BiSheng clang 19.1.7,vecops,c4d4daf287d3552c42830f35a16f09783c323b88+benchmark-worktree,"SVE+SVE2+SME,VL=SVL=512b",,A08_gsa_qk_r128,af3,gsa_qk,128x128x32,4,128,128,gemm_add,bf16xbf16_acc_fp32,AllConst,raw_e2e,native,row_contiguous,default,auto,auto,auto,1.0,1.0,0.0,128.0,,,,,50.39293318986893,49.336813390254974,61.369873583316796,0.15275505042738668,83.23198779076486,58260.41987165809,1156.1228169066144,1156.1228169066144,TokenDynamic,52.14288830757141,50.39293318986893,0.9664392369793527,1.0,ok,,benchmarks/ops/matmul-otherlibs/results/raw/arm/920f-4_MatmulOtherlibsVecopsAF3AttentionBench_baseline-common-v2.json
arm-optimized-v3,920f-4,Native,"HiSilicon CPU part 0xd22, 2.0 GHz",BiSheng clang 19.1.7,vecops,c4d4daf287d3552c42830f35a16f09783c323b88+benchmark-worktree,"SVE+SVE2+SME,VL=SVL=512b",,A08_gsa_qk_r128,af3,gsa_qk,128x128x32,4,128,128,gemm_add,bf16xbf16_acc_fp32,TokenDynamic,raw_e2e,native,row_contiguous,default,auto,auto,auto,1.0,1.0,0.0,128.0,,,,,52.14288830757141,49.670785665512085,59.039518237113946,0.11242114636267699,80.4386587727816,58260.41987165809,1117.3224530256484,1117.3224530256484,TokenDynamic,52.14288830757141,50.39293318986893,1.0,1.0347262008168696,ok,,benchmarks/ops/matmul-otherlibs/results/raw/arm/920f-4_MatmulOtherlibsVecopsAF3AttentionBench_baseline-common-v2.json
arm-optimized-v3,920f-4,Native,"HiSilicon CPU part 0xd22, 2.0 GHz",BiSheng clang 19.1.7,ACL,2a8ca9840a3112d12d6cc68e49e6c833f9759fd6,"SVE+SVE2+SME,VL=SVL=512b",sme_interleaved_nomerge_bf16fp32_mopa_2VLx2VL,A12_gsa_pv_r128,af3,gsa_pv,32x128x128,4,128,128,gemm,bf16xbf16_acc_fp32,NA,prepared_execute,native,row_contiguous,default,auto,auto,auto,1.0,0.0,1.0,128.0,128.0,32.0,,,21.452084183692932,20.3154981136322,31.795725226402286,0.31267292287681514,195.5196504024701,46614.65808749199,,2172.9663974993487,TokenDynamic,27.851667255163193,27.54107117652893,0.7702262125695942,0.7789124847829028,ok,,benchmarks/ops/matmul-otherlibs/results/raw/arm/920f-4_MatmulOtherlibsACLBench_baseline-common-v2.json
arm-optimized-v3,920f-4,Native,"HiSilicon CPU part 0xd22, 2.0 GHz",BiSheng clang 19.1.7,LIBXSMM,3668d249637792dcc988414eb3d2a374033743df,"SVE+SVE2+SME,VL=SVL=512b",,A12_gsa_pv_r128,af3,gsa_pv,32x128x128,4,128,128,gemm,bf16xbf16_acc_fp32,NA,prepared_execute,native,row_contiguous,default,auto,auto,auto,0.0,0.0,1.0,128.0,,,1.0,0.0,8318.365085870028,8318.005222827194,8323.349896818401,0.000448795724119526,0.5042221586456508,46614.65808749199,,5.603824502326049,TokenDynamic,27.851667255163193,27.54107117652893,298.66668338599925,302.03491478425536,ok,,benchmarks/ops/matmul-otherlibs/results/raw/arm/920f-4_MatmulOtherlibsLIBXSMMBench_baseline-common-v2.json
arm-optimized-v3,920f-4,Native,"HiSilicon CPU part 0xd22, 2.0 GHz",BiSheng clang 19.1.7,oneDNN,0e2a5bfeef1bfbffc3137464606540233086ce9b,"SVE+SVE2+SME,VL=SVL=512b",brg:sve_512,A12_gsa_pv_r128,af3,gsa_pv,32x128x128,4,128,128,gemm,bf16xbf16_acc_fp32,NA,prepared_execute,native,row_contiguous,default,auto,auto,auto,1.0,0.0,1.0,128.0,,,,,61.993952840566635,54.04120311141015,77.94676348567008,0.23293931806905557,67.65666339726279,46614.65808749199,,751.9226626405571,TokenDynamic,27.851667255163193,27.54107117652893,2.225861463610373,2.2509637494927635,ok,,benchmarks/ops/matmul-otherlibs/results/raw/arm-v3/920f-4_MatmulOtherlibsOneDNNBench_optimized-prepared-v3.json
arm-optimized-v3,920f-4,Native,"HiSilicon CPU part 0xd22, 2.0 GHz",BiSheng clang 19.1.7,KUPL-MMA,bd7059eae348f1d77f73a9fbb1cadfe7a6405fb8,"SVE+SVE2+SME,VL=SVL=512b",KP36_16x64x2_BF16BF16F32+vecops_transpose_pack,A12_gsa_pv_r128,af3,gsa_pv,32x128x128,4,128,128,gemm,bf16xbf16_acc_fp32,NA,raw_e2e,native_accumulate,row_contiguous,default,auto,auto,auto,0.0,1.0,0.0,128.0,,,2.0,,122.94715270400047,120.95449492335318,134.1558061540127,0.07016324123523225,34.1146899928454,46614.65808749199,379.1438602870161,379.1438602870161,TokenDynamic,27.851667255163193,27.54107117652893,4.41435521893966,4.464138374137698,ok,,benchmarks/ops/matmul-otherlibs/results/raw/arm-v3/920f-4_MatmulOtherlibsKUPLBench_vecops-pack-v3.json
arm-optimized-v3,920f-4,Native,"HiSilicon CPU part 0xd22, 2.0 GHz",BiSheng clang 19.1.7,OpenBLAS,e0166008be8e466242aa76b2ff75ce3f0fbf574a,"SVE+SVE2+SME,VL=SVL=512b",ARMV8SVE,A12_gsa_pv_r128,af3,gsa_pv,32x128x128,4,128,128,gemm,bf16xbf16_acc_fp32,NA,raw_e2e,native,row_contiguous,default,auto,auto,auto,0.0,1.0,0.0,128.0,,,1.0,,46614.65808749199,46599.36092793941,46735.64061522484,0.002000110368427739,0.08997822084477433,46614.65808749199,1.0,1.0,TokenDynamic,27.851667255163193,27.54107117652893,1673.675678386919,1692.5506560259705,ok,,benchmarks/ops/matmul-otherlibs/results/raw/arm/920f-4_MatmulOtherlibsOpenBLASARMV8SVEBench-Native_baseline-common-v2.json
arm-optimized-v3,920f-4,Native,"HiSilicon CPU part 0xd22, 2.0 GHz",BiSheng clang 19.1.7,vecops,c4d4daf287d3552c42830f35a16f09783c323b88+benchmark-worktree,"SVE+SVE2+SME,VL=SVL=512b",,A12_gsa_pv_r128,af3,gsa_pv,32x128x128,4,128,128,gemm,bf16xbf16_acc_fp32,AllConst,raw_e2e,native,row_contiguous,default,auto,auto,auto,1.0,1.0,0.0,128.0,,,,,27.54107117652893,26.613846421241764,28.637796640396115,0.045866312396614005,152.29269671887243,46614.65808749199,1692.5506560259705,1692.5506560259705,TokenDynamic,27.851667255163193,27.54107117652893,0.9888482051796492,1.0,ok,,benchmarks/ops/matmul-otherlibs/results/raw/arm/920f-4_MatmulOtherlibsVecopsAF3AttentionBench_baseline-common-v2.json
arm-optimized-v3,920f-4,Native,"HiSilicon CPU part 0xd22, 2.0 GHz",BiSheng clang 19.1.7,vecops,c4d4daf287d3552c42830f35a16f09783c323b88+benchmark-worktree,"SVE+SVE2+SME,VL=SVL=512b",,A12_gsa_pv_r128,af3,gsa_pv,32x128x128,4,128,128,gemm,bf16xbf16_acc_fp32,TokenDynamic,raw_e2e,native,row_contiguous,default,auto,auto,auto,1.0,1.0,0.0,128.0,,,,,27.851667255163193,26.37198194861412,73.51739332079886,0.7241953657399202,150.59435981242567,46614.65808749199,1673.675678386919,1673.675678386919,TokenDynamic,27.851667255163193,27.54107117652893,1.0,1.0112775598539159,ok,,benchmarks/ops/matmul-otherlibs/results/raw/arm/920f-4_MatmulOtherlibsVecopsAF3AttentionBench_baseline-common-v2.json
arm-optimized-v3,920f-4,Native,"HiSilicon CPU part 0xd22, 2.0 GHz",BiSheng clang 19.1.7,ACL,2a8ca9840a3112d12d6cc68e49e6c833f9759fd6,"SVE+SVE2+SME,VL=SVL=512b",a64_hybrid_bf16fp32_mmla_6x16,A12_gsa_pv_r128,af3,gsa_pv,32x128x128,4,128,128,gemm_add,bf16xbf16_acc_fp32,NA,prepared_execute,native,row_contiguous,default,auto,auto,auto,1.0,0.0,1.0,128.0,128.0,32.0,,,158.96884724497795,158.00883993506434,162.39387914538386,0.01800908181000892,26.38443992448655,46610.6878593564,,293.20642797093,TokenDynamic,27.64211967587471,27.89171412587166,5.7509644379306275,5.699500809723358,ok,,benchmarks/ops/matmul-otherlibs/results/raw/arm/920f-4_MatmulOtherlibsACLBench_baseline-common-v2.json
arm-optimized-v3,920f-4,Native,"HiSilicon CPU part 0xd22, 2.0 GHz",BiSheng clang 19.1.7,LIBXSMM,3668d249637792dcc988414eb3d2a374033743df,"SVE+SVE2+SME,VL=SVL=512b",,A12_gsa_pv_r128,af3,gsa_pv,32x128x128,4,128,128,gemm_add,bf16xbf16_acc_fp32,NA,prepared_execute,native,row_contiguous,default,auto,auto,auto,0.0,0.0,1.0,128.0,,,1.0,0.0,8327.106013894081,8321.825787425043,8349.499478936197,0.002203605479910564,0.5036928787746487,46610.6878593564,,5.597465407740068,TokenDynamic,27.64211967587471,27.89171412587166,301.2470140327825,298.55124630615893,ok,,benchmarks/ops/matmul-otherlibs/results/raw/arm/920f-4_MatmulOtherlibsLIBXSMMBench_baseline-common-v2.json
arm-optimized-v3,920f-4,Native,"HiSilicon CPU part 0xd22, 2.0 GHz",BiSheng clang 19.1.7,oneDNN,0e2a5bfeef1bfbffc3137464606540233086ce9b,"SVE+SVE2+SME,VL=SVL=512b",brg:sve_512,A12_gsa_pv_r128,af3,gsa_pv,32x128x128,4,128,128,gemm_add,bf16xbf16_acc_fp32,NA,prepared_execute,native,row_contiguous,default,auto,auto,auto,1.0,0.0,1.0,128.0,,,,,61.314087361097336,59.305410832166665,79.77811619639398,0.20692328288309086,68.40685689894504,46610.6878593564,,760.1954112902613,TokenDynamic,27.64211967587471,27.89171412587166,2.218139856134499,2.198290398517455,ok,,benchmarks/ops/matmul-otherlibs/results/raw/arm-v3/920f-4_MatmulOtherlibsOneDNNBench_optimized-prepared-v3.json
arm-optimized-v3,920f-4,Native,"HiSilicon CPU part 0xd22, 2.0 GHz",BiSheng clang 19.1.7,KUPL-MMA,bd7059eae348f1d77f73a9fbb1cadfe7a6405fb8,"SVE+SVE2+SME,VL=SVL=512b",KP36_16x64x2_BF16BF16F32+vecops_transpose_pack,A12_gsa_pv_r128,af3,gsa_pv,32x128x128,4,128,128,gemm_add,bf16xbf16_acc_fp32,NA,raw_e2e,native_accumulate,row_contiguous,default,auto,auto,auto,0.0,1.0,0.0,128.0,,,2.0,,184.5201477408409,174.8720183968544,222.94651716947556,0.16177433955940507,22.730872760252243,46610.6878593564,252.60486960383997,252.60486960383997,TokenDynamic,27.64211967587471,27.89171412587166,6.675325550445579,6.615590096332037,ok,,benchmarks/ops/matmul-otherlibs/results/raw/arm-v3/920f-4_MatmulOtherlibsKUPLBench_vecops-pack-v3.json
arm-optimized-v3,920f-4,Native,"HiSilicon CPU part 0xd22, 2.0 GHz",BiSheng clang 19.1.7,OpenBLAS,e0166008be8e466242aa76b2ff75ce3f0fbf574a,"SVE+SVE2+SME,VL=SVL=512b",ARMV8SVE,A12_gsa_pv_r128,af3,gsa_pv,32x128x128,4,128,128,gemm_add,bf16xbf16_acc_fp32,NA,raw_e2e,native,row_contiguous,default,auto,auto,auto,0.0,1.0,0.0,128.0,,,1.0,,46610.6878593564,46595.12732177973,46613.953076303005,0.0002698129891268255,0.08998588505400175,46610.6878593564,1.0,1.0,TokenDynamic,27.64211967587471,27.89171412587166,1686.2197402334866,1671.1302736364091,ok,,benchmarks/ops/matmul-otherlibs/results/raw/arm/920f-4_MatmulOtherlibsOpenBLASARMV8SVEBench-Native_baseline-common-v2.json
arm-optimized-v3,920f-4,Native,"HiSilicon CPU part 0xd22, 2.0 GHz",BiSheng clang 19.1.7,vecops,c4d4daf287d3552c42830f35a16f09783c323b88+benchmark-worktree,"SVE+SVE2+SME,VL=SVL=512b",,A12_gsa_pv_r128,af3,gsa_pv,32x128x128,4,128,128,gemm_add,bf16xbf16_acc_fp32,AllConst,raw_e2e,native,row_contiguous,default,auto,auto,auto,1.0,1.0,0.0,128.0,,,,,27.89171412587166,27.435738593339924,30.475202947854996,0.07119715843322019,150.3781367137084,46610.6878593564,1671.1302736364091,1671.1302736364091,TokenDynamic,27.64211967587471,27.89171412587166,1.0090294974815115,1.0,ok,,benchmarks/ops/matmul-otherlibs/results/raw/arm/920f-4_MatmulOtherlibsVecopsAF3AttentionBench_baseline-common-v2.json
arm-optimized-v3,920f-4,Native,"HiSilicon CPU part 0xd22, 2.0 GHz",BiSheng clang 19.1.7,vecops,c4d4daf287d3552c42830f35a16f09783c323b88+benchmark-worktree,"SVE+SVE2+SME,VL=SVL=512b",,A12_gsa_pv_r128,af3,gsa_pv,32x128x128,4,128,128,gemm_add,bf16xbf16_acc_fp32,TokenDynamic,raw_e2e,native,row_contiguous,default,auto,auto,auto,1.0,1.0,0.0,128.0,,,,,27.64211967587471,27.29007974267006,32.634008675813675,0.12632467274773804,151.7359757204392,46610.6878593564,1686.2197402334866,1686.2197402334866,TokenDynamic,27.64211967587471,27.89171412587166,1.0,0.9910513047398033,ok,,benchmarks/ops/matmul-otherlibs/results/raw/arm/920f-4_MatmulOtherlibsVecopsAF3AttentionBench_baseline-common-v2.json
arm-optimized-v3,920f-4,Native,"HiSilicon CPU part 0xd22, 2.0 GHz",BiSheng clang 19.1.7,ACL,2a8ca9840a3112d12d6cc68e49e6c833f9759fd6,"SVE+SVE2+SME,VL=SVL=512b",sme_interleaved_nomerge_bf16fp32_mopa_2VLx2VL,A16_tri_mul_r128,af3,triangle_multiplication,128x128x128,128,128,0,gemm,bf16xbf16_acc_fp32,NA,prepared_execute,native,row_contiguous,default,auto,auto,auto,1.0,0.0,1.0,2.0,128.0,32.0,,,2430.2457459270954,2390.2197368443008,2441.870886832475,0.014004910216583429,220.9121908349204,5994001.389946789,,2466.417809800623,TokenDynamic,3843.3047011494637,3991.642966866493,0.6323323116172008,0.6088334468037053,ok,,benchmarks/ops/matmul-otherlibs/results/raw/arm/920f-4_MatmulOtherlibsACLBench_baseline-common-v2.json
arm-optimized-v3,920f-4,Native,"HiSilicon CPU part 0xd22, 2.0 GHz",BiSheng clang 19.1.7,LIBXSMM,3668d249637792dcc988414eb3d2a374033743df,"SVE+SVE2+SME,VL=SVL=512b",,A16_tri_mul_r128,af3,triangle_multiplication,128x128x128,128,128,0,gemm,bf16xbf16_acc_fp32,NA,prepared_execute,native,row_contiguous,default,auto,auto,auto,0.0,0.0,1.0,2.0,,,1.0,0.0,1098837.6010209322,1098342.4529433248,1100259.616225958,0.0011317339191415298,0.48858076161681413,5994001.389946789,,5.454856463209622,TokenDynamic,3843.3047011494637,3991.642966866493,285.90957170070055,275.2845407623062,ok,,benchmarks/ops/matmul-otherlibs/results/raw/arm/920f-4_MatmulOtherlibsLIBXSMMBench_baseline-common-v2.json
arm-optimized-v3,920f-4,Native,"HiSilicon CPU part 0xd22, 2.0 GHz",BiSheng clang 19.1.7,oneDNN,0e2a5bfeef1bfbffc3137464606540233086ce9b,"SVE+SVE2+SME,VL=SVL=512b",brg:sve_512,A16_tri_mul_r128,af3,triangle_multiplication,128x128x128,128,128,0,gemm,bf16xbf16_acc_fp32,NA,prepared_execute,native,row_contiguous,default,auto,auto,auto,1.0,0.0,1.0,2.0,,,,,5684.7077794373035,5677.164066582918,5729.102436453105,0.006154226751303505,94.44125060253172,5994001.389946789,,1054.408005215019,TokenDynamic,3843.3047011494637,3991.642966866493,1.4791197215607468,1.4241523669888478,ok,,benchmarks/ops/matmul-otherlibs/results/raw/arm-v3/920f-4_MatmulOtherlibsOneDNNBench_optimized-prepared-v3.json
arm-optimized-v3,920f-4,Native,"HiSilicon CPU part 0xd22, 2.0 GHz",BiSheng clang 19.1.7,KUPL-MMA,bd7059eae348f1d77f73a9fbb1cadfe7a6405fb8,"SVE+SVE2+SME,VL=SVL=512b",KP36_16x64x2_BF16BF16F32+vecops_transpose_pack,A16_tri_mul_r128,af3,triangle_multiplication,128x128x128,128,128,0,gemm,bf16xbf16_acc_fp32,NA,raw_e2e,native_accumulate,row_contiguous,default,auto,auto,auto,0.0,1.0,0.0,2.0,,,1.0,,8428.712375462055,8424.624241888525,8448.392711579798,0.0018831867482828897,63.69548373283638,5994001.389946789,711.1408152206881,711.1408152206881,TokenDynamic,3843.3047011494637,3991.642966866493,2.1930898096477174,2.1115897502423007,ok,,benchmarks/ops/matmul-otherlibs/results/raw/arm-v3/920f-4_MatmulOtherlibsKUPLBench_vecops-pack-v3.json
arm-optimized-v3,920f-4,Native,"HiSilicon CPU part 0xd22, 2.0 GHz",BiSheng clang 19.1.7,OpenBLAS,e0166008be8e466242aa76b2ff75ce3f0fbf574a,"SVE+SVE2+SME,VL=SVL=512b",ARMV8SVE,A16_tri_mul_r128,af3,triangle_multiplication,128x128x128,128,128,0,gemm,bf16xbf16_acc_fp32,NA,raw_e2e,native,row_contiguous,default,auto,auto,auto,0.0,1.0,0.0,2.0,,,1.0,,5994001.389946789,5990093.298908323,5994521.801825613,0.0005049139277800654,0.08956803261681694,5994001.389946789,1.0,1.0,TokenDynamic,3843.3047011494637,3991.642966866493,1559.5956750850617,1501.637656398959,ok,,benchmarks/ops/matmul-otherlibs/results/raw/arm/920f-4_MatmulOtherlibsOpenBLASARMV8SVEBench-Native_baseline-common-v2.json
arm-optimized-v3,920f-4,Native,"HiSilicon CPU part 0xd22, 2.0 GHz",BiSheng clang 19.1.7,vecops,c4d4daf287d3552c42830f35a16f09783c323b88+benchmark-worktree,"SVE+SVE2+SME,VL=SVL=512b",,A16_tri_mul_r128,af3,triangle_multiplication,128x128x128,128,128,0,gemm,bf16xbf16_acc_fp32,AllConst,raw_e2e,native,row_contiguous,default,auto,auto,auto,1.0,1.0,0.0,2.0,,,,,3991.642966866493,3984.0910583734517,3995.563089847565,0.001826707649789227,134.4987305869825,5994001.389946789,1501.637656398959,1501.637656398959,TokenDynamic,3843.3047011494637,3991.642966866493,1.038596540543003,1.0,ok,,benchmarks/ops/matmul-otherlibs/results/raw/arm/920f-4_MatmulOtherlibsVecopsAF3TriangleBench_baseline-common-v2.json
arm-optimized-v3,920f-4,Native,"HiSilicon CPU part 0xd22, 2.0 GHz",BiSheng clang 19.1.7,vecops,c4d4daf287d3552c42830f35a16f09783c323b88+benchmark-worktree,"SVE+SVE2+SME,VL=SVL=512b",,A16_tri_mul_r128,af3,triangle_multiplication,128x128x128,128,128,0,gemm,bf16xbf16_acc_fp32,TokenDynamic,raw_e2e,native,row_contiguous,default,auto,auto,auto,1.0,1.0,0.0,2.0,,,,,3843.3047011494637,3794.2225113511086,3971.216268837452,0.029467317206790616,139.68991629506542,5994001.389946789,1559.5956750850617,1559.5956750850617,TokenDynamic,3843.3047011494637,3991.642966866493,1.0,0.962837792120101,ok,,benchmarks/ops/matmul-otherlibs/results/raw/arm/920f-4_MatmulOtherlibsVecopsAF3TriangleBench_baseline-common-v2.json
arm-optimized-v3,920f-4,Native,"HiSilicon CPU part 0xd22, 2.0 GHz",BiSheng clang 19.1.7,ACL,2a8ca9840a3112d12d6cc68e49e6c833f9759fd6,"SVE+SVE2+SME,VL=SVL=512b",a64_hybrid_bf16fp32_mmla_6x16,A16_tri_mul_r128,af3,triangle_multiplication,128x128x128,128,128,0,gemm_add,bf16xbf16_acc_fp32,NA,prepared_execute,native,row_contiguous,default,auto,auto,auto,1.0,0.0,1.0,2.0,128.0,48.0,,,20673.186983913183,20621.375646442175,20682.739000767466,0.001998126472414881,25.96943143878907,5966527.971904725,,288.61190954967765,TokenDynamic,4759.766161441803,4840.52998945117,4.343319878061188,4.270851958146252,ok,,benchmarks/ops/matmul-otherlibs/results/raw/arm/920f-4_MatmulOtherlibsACLBench_baseline-common-v2.json
arm-optimized-v3,920f-4,Native,"HiSilicon CPU part 0xd22, 2.0 GHz",BiSheng clang 19.1.7,LIBXSMM,3668d249637792dcc988414eb3d2a374033743df,"SVE+SVE2+SME,VL=SVL=512b",,A16_tri_mul_r128,af3,triangle_multiplication,128x128x128,128,128,0,gemm_add,bf16xbf16_acc_fp32,NA,prepared_execute,native,row_contiguous,default,auto,auto,auto,0.0,0.0,1.0,2.0,,,1.0,0.0,1095749.9081268907,1095350.7257625463,1099749.6442869306,0.002771342086664613,0.4899575240829762,5966527.971904725,,5.445154891323783,TokenDynamic,4759.766161441803,4840.52998945117,230.21086981192622,226.36982117966988,ok,,benchmarks/ops/matmul-otherlibs/results/raw/arm/920f-4_MatmulOtherlibsLIBXSMMBench_baseline-common-v2.json
arm-optimized-v3,920f-4,Native,"HiSilicon CPU part 0xd22, 2.0 GHz",BiSheng clang 19.1.7,oneDNN,0e2a5bfeef1bfbffc3137464606540233086ce9b,"SVE+SVE2+SME,VL=SVL=512b",brg:sve_512,A16_tri_mul_r128,af3,triangle_multiplication,128x128x128,128,128,0,gemm_add,bf16xbf16_acc_fp32,NA,prepared_execute,native,row_contiguous,default,auto,auto,auto,1.0,0.0,1.0,2.0,,,,,6400.908343493938,6399.300135672092,6419.085897505283,0.0021435798259692297,83.87417584969648,5966527.971904725,,932.1376985454369,TokenDynamic,4759.766161441803,4840.52998945117,1.3447947076364377,1.3223569231970997,ok,,benchmarks/ops/matmul-otherlibs/results/raw/arm-v3/920f-4_MatmulOtherlibsOneDNNBench_optimized-prepared-v3.json
arm-optimized-v3,920f-4,Native,"HiSilicon CPU part 0xd22, 2.0 GHz",BiSheng clang 19.1.7,KUPL-MMA,bd7059eae348f1d77f73a9fbb1cadfe7a6405fb8,"SVE+SVE2+SME,VL=SVL=512b",KP36_16x64x2_BF16BF16F32+vecops_transpose_pack,A16_tri_mul_r128,af3,triangle_multiplication,128x128x128,128,128,0,gemm_add,bf16xbf16_acc_fp32,NA,raw_e2e,native_accumulate,row_contiguous,default,auto,auto,auto,0.0,1.0,0.0,2.0,,,1.0,,12021.463364362717,11989.293619990349,12042.063847184181,0.0027665425080481954,44.65936431595661,5966527.971904725,496.32293432697435,496.32293432697435,TokenDynamic,4759.766161441803,4840.52998945117,2.525641587552536,2.4835014741279884,ok,,benchmarks/ops/matmul-otherlibs/results/raw/arm-v3/920f-4_MatmulOtherlibsKUPLBench_vecops-pack-v3.json
arm-optimized-v3,920f-4,Native,"HiSilicon CPU part 0xd22, 2.0 GHz",BiSheng clang 19.1.7,OpenBLAS,e0166008be8e466242aa76b2ff75ce3f0fbf574a,"SVE+SVE2+SME,VL=SVL=512b",ARMV8SVE,A16_tri_mul_r128,af3,triangle_multiplication,128x128x128,128,128,0,gemm_add,bf16xbf16_acc_fp32,NA,raw_e2e,native,row_contiguous,default,auto,auto,auto,0.0,1.0,0.0,2.0,,,1.0,,5966527.971904725,5965430.303197354,5967038.456629962,0.00017216518606399817,0.08998045672927801,5966527.971904725,1.0,1.0,TokenDynamic,4759.766161441803,4840.52998945117,1253.5338437923126,1232.6187390445696,ok,,benchmarks/ops/matmul-otherlibs/results/raw/arm/920f-4_MatmulOtherlibsOpenBLASARMV8SVEBench-Native_baseline-common-v2.json
arm-optimized-v3,920f-4,Native,"HiSilicon CPU part 0xd22, 2.0 GHz",BiSheng clang 19.1.7,vecops,c4d4daf287d3552c42830f35a16f09783c323b88+benchmark-worktree,"SVE+SVE2+SME,VL=SVL=512b",,A16_tri_mul_r128,af3,triangle_multiplication,128x128x128,128,128,0,gemm_add,bf16xbf16_acc_fp32,AllConst,raw_e2e,native,row_contiguous,default,auto,auto,auto,1.0,1.0,0.0,2.0,,,,,4840.52998945117,4807.0005141198635,4842.642974108457,0.005177730824168405,110.91159711229712,5966527.971904725,1232.6187390445696,1232.6187390445696,TokenDynamic,4759.766161441803,4840.52998945117,1.0169680243251493,1.0,ok,,benchmarks/ops/matmul-otherlibs/results/raw/arm/920f-4_MatmulOtherlibsVecopsAF3TriangleBench_baseline-common-v2.json
arm-optimized-v3,920f-4,Native,"HiSilicon CPU part 0xd22, 2.0 GHz",BiSheng clang 19.1.7,vecops,c4d4daf287d3552c42830f35a16f09783c323b88+benchmark-worktree,"SVE+SVE2+SME,VL=SVL=512b",,A16_tri_mul_r128,af3,triangle_multiplication,128x128x128,128,128,0,gemm_add,bf16xbf16_acc_fp32,TokenDynamic,raw_e2e,native,row_contiguous,default,auto,auto,auto,1.0,1.0,0.0,2.0,,,,,4759.766161441803,4754.061996936799,4763.031005859374,0.0011923965349118061,112.79354779003974,5966527.971904725,1253.5338437923126,1253.5338437923126,TokenDynamic,4759.766161441803,4840.52998945117,1.0,0.9833150857064468,ok,,benchmarks/ops/matmul-otherlibs/results/raw/arm/920f-4_MatmulOtherlibsVecopsAF3TriangleBench_baseline-common-v2.json
arm-optimized-v3,920f-4,Native,"HiSilicon CPU part 0xd22, 2.0 GHz",BiSheng clang 19.1.7,ACL,2a8ca9840a3112d12d6cc68e49e6c833f9759fd6,"SVE+SVE2+SME,VL=SVL=512b",sme_interleaved_nomerge_bf16fp32_mopa_2VLx2VL,G01_square,general,square,256x256x256,1,0,0,gemm,bf16xbf16_acc_fp32,NA,prepared_execute,native,row_contiguous,default,auto,auto,auto,1.0,0.0,1.0,1.0,256.0,32.0,,,88.54502812027931,86.06398478150368,105.99354282021523,0.14323996944229167,378.9533157572637,396853.7342734635,,4481.942608165175,AllDynamic,224.85293447971344,106.31605982780457,0.3937908496732026,0.8328471565226532,ok,,benchmarks/ops/matmul-otherlibs/results/raw/arm/920f-4_MatmulOtherlibsACLBench_baseline-common-v2.json
arm-optimized-v3,920f-4,Native,"HiSilicon CPU part 0xd22, 2.0 GHz",BiSheng clang 19.1.7,LIBXSMM,3668d249637792dcc988414eb3d2a374033743df,"SVE+SVE2+SME,VL=SVL=512b",,G01_square,general,square,256x256x256,1,0,0,gemm,bf16xbf16_acc_fp32,NA,prepared_execute,native,row_contiguous,default,auto,auto,auto,0.0,0.0,1.0,1.0,,,1.0,0.0,66878.89201566577,66873.31600114702,66891.35683700442,0.00017263716212810077,0.5017193166438849,396853.7342734635,,5.933916102864027,AllDynamic,224.85293447971344,106.31605982780457,297.43393018381835,629.0572856442062,ok,,benchmarks/ops/matmul-otherlibs/results/raw/arm/920f-4_MatmulOtherlibsLIBXSMMBench_baseline-common-v2.json
arm-optimized-v3,920f-4,Native,"HiSilicon CPU part 0xd22, 2.0 GHz",BiSheng clang 19.1.7,oneDNN,0e2a5bfeef1bfbffc3137464606540233086ce9b,"SVE+SVE2+SME,VL=SVL=512b",brg:sve_512,G01_square,general,square,256x256x256,1,0,0,gemm,bf16xbf16_acc_fp32,NA,prepared_execute,native,row_contiguous,default,auto,auto,auto,0.0,0.0,1.0,1.0,,,,,405.5728204548359,405.50874546170235,501.56237557530403,0.15553564579211132,82.73343357271789,396853.7342734635,,978.5017985879965,AllDynamic,224.85293447971344,106.31605982780457,1.803724827489086,3.814784155015943,ok,,benchmarks/ops/matmul-otherlibs/results/raw/arm-v3/920f-4_MatmulOtherlibsOneDNNBench_optimized-prepared-v3.json
arm-optimized-v3,920f-4,Native,"HiSilicon CPU part 0xd22, 2.0 GHz",BiSheng clang 19.1.7,KUPL-MMA,bd7059eae348f1d77f73a9fbb1cadfe7a6405fb8,"SVE+SVE2+SME,VL=SVL=512b",KP36_16x64x2_BF16BF16F32+vecops_transpose_pack,G01_square,general,square,256x256x256,1,0,0,gemm,bf16xbf16_acc_fp32,NA,raw_e2e,native_accumulate,row_contiguous,default,auto,auto,auto,0.0,1.0,0.0,1.0,,,1.0,,283.56583788990974,281.1257727444172,307.05565586686134,0.06122357450471661,118.33030469991598,396853.7342734635,1399.5117931925781,1399.5117931925781,AllDynamic,224.85293447971344,106.31605982780457,1.2611169097972945,2.6671966431900205,ok,,benchmarks/ops/matmul-otherlibs/results/raw/arm-v3/920f-4_MatmulOtherlibsKUPLBench_vecops-pack-v3.json
arm-optimized-v3,920f-4,Native,"HiSilicon CPU part 0xd22, 2.0 GHz",BiSheng clang 19.1.7,OpenBLAS,e0166008be8e466242aa76b2ff75ce3f0fbf574a,"SVE+SVE2+SME,VL=SVL=512b",ARMV8SVE,G01_square,general,square,256x256x256,1,0,0,gemm,bf16xbf16_acc_fp32,NA,raw_e2e,native,row_contiguous,default,auto,auto,auto,0.0,1.0,0.0,1.0,,,1.0,,396853.7342734635,396847.02986851335,396938.1869770586,0.00016001094264549195,0.08455113081253848,396853.7342734635,1.0,1.0,AllDynamic,224.85293447971344,106.31605982780457,1764.9479878558943,3732.7731569080906,ok,,benchmarks/ops/matmul-otherlibs/results/raw/arm/920f-4_MatmulOtherlibsOpenBLASARMV8SVEBench-Native_baseline-common-v2.json
arm-optimized-v3,920f-4,Native,"HiSilicon CPU part 0xd22, 2.0 GHz",BiSheng clang 19.1.7,vecops,c4d4daf287d3552c42830f35a16f09783c323b88+benchmark-worktree,"SVE+SVE2+SME,VL=SVL=512b",,G01_square,general,square,256x256x256,1,0,0,gemm,bf16xbf16_acc_fp32,AllConst,raw_e2e,native,row_contiguous,default,auto,auto,auto,0.0,1.0,0.0,1.0,,,,,106.31605982780457,101.75630450248718,110.32484471797942,0.05051563933430414,315.61019148326824,396853.7342734635,3732.7731569080906,3732.7731569080906,AllDynamic,224.85293447971344,106.31605982780457,0.4728248713934243,1.0,ok,,benchmarks/ops/matmul-otherlibs/results/raw/arm/920f-4_MatmulOtherlibsVecopsGeneralBench_baseline-common-v2.json
arm-optimized-v3,920f-4,Native,"HiSilicon CPU part 0xd22, 2.0 GHz",BiSheng clang 19.1.7,vecops,c4d4daf287d3552c42830f35a16f09783c323b88+benchmark-worktree,"SVE+SVE2+SME,VL=SVL=512b",,G01_square,general,square,256x256x256,1,0,0,gemm,bf16xbf16_acc_fp32,AllDynamic,raw_e2e,native,row_contiguous,default,auto,auto,auto,0.0,1.0,0.0,1.0,,,,,224.85293447971344,221.68420255184174,238.8209104537964,0.049693446409645035,149.2283481985303,396853.7342734635,1764.9479878558943,1764.9479878558943,AllDynamic,224.85293447971344,106.31605982780457,1.0,2.1149479659413433,ok,,benchmarks/ops/matmul-otherlibs/results/raw/arm/920f-4_MatmulOtherlibsVecopsGeneralBench_baseline-common-v2.json
arm-optimized-v3,920f-4,Native,"HiSilicon CPU part 0xd22, 2.0 GHz",BiSheng clang 19.1.7,ACL,2a8ca9840a3112d12d6cc68e49e6c833f9759fd6,"SVE+SVE2+SME,VL=SVL=512b",a64_interleaved_bf16fp32_mmla_8x12,G01_square,general,square,256x256x256,1,0,0,gemm_add,bf16xbf16_acc_fp32,NA,prepared_execute,native,row_contiguous,default,auto,auto,auto,1.0,0.0,1.0,1.0,256.0,264.0,,,1252.2698380053043,1252.221781760454,1252.8621591627598,0.0003559487951589141,26.7948895530756,396965.63966572285,,316.99688646820334,AllDynamic,268.8048407435417,116.17597192525864,4.658658060403219,10.779077783923746,ok,,benchmarks/ops/matmul-otherlibs/results/raw/arm/920f-4_MatmulOtherlibsACLBench_baseline-common-v2.json
arm-optimized-v3,920f-4,Native,"HiSilicon CPU part 0xd22, 2.0 GHz",BiSheng clang 19.1.7,LIBXSMM,3668d249637792dcc988414eb3d2a374033743df,"SVE+SVE2+SME,VL=SVL=512b",,G01_square,general,square,256x256x256,1,0,0,gemm_add,bf16xbf16_acc_fp32,NA,prepared_execute,native,row_contiguous,default,auto,auto,auto,0.0,0.0,1.0,1.0,,,1.0,0.0,66930.51476031542,66859.3591079116,67180.19228428604,0.003143264675463737,0.5013323462423923,396965.63966572285,,5.931011304593948,AllDynamic,268.8048407435417,116.17597192525864,248.992966700967,576.1132328066504,ok,,benchmarks/ops/matmul-otherlibs/results/raw/arm/920f-4_MatmulOtherlibsLIBXSMMBench_baseline-common-v2.json
arm-optimized-v3,920f-4,Native,"HiSilicon CPU part 0xd22, 2.0 GHz",BiSheng clang 19.1.7,oneDNN,0e2a5bfeef1bfbffc3137464606540233086ce9b,"SVE+SVE2+SME,VL=SVL=512b",brg:sve_512,G01_square,general,square,256x256x256,1,0,0,gemm_add,bf16xbf16_acc_fp32,NA,prepared_execute,native,row_contiguous,default,auto,auto,auto,0.0,0.0,1.0,1.0,,,,,463.0358889698982,451.5068605542183,467.30879694223404,0.02221112486968607,72.4661582380742,396965.63966572285,,857.3107379405086,AllDynamic,268.8048407435417,116.17597192525864,1.7225727322807638,3.985642480940814,ok,,benchmarks/ops/matmul-otherlibs/results/raw/arm-v3/920f-4_MatmulOtherlibsOneDNNBench_optimized-prepared-v3.json
arm-optimized-v3,920f-4,Native,"HiSilicon CPU part 0xd22, 2.0 GHz",BiSheng clang 19.1.7,KUPL-MMA,bd7059eae348f1d77f73a9fbb1cadfe7a6405fb8,"SVE+SVE2+SME,VL=SVL=512b",KP36_16x64x2_BF16BF16F32+vecops_transpose_pack,G01_square,general,square,256x256x256,1,0,0,gemm_add,bf16xbf16_acc_fp32,NA,raw_e2e,native_accumulate,row_contiguous,default,auto,auto,auto,0.0,1.0,0.0,1.0,,,1.0,,434.0638406574726,433.0397583544255,446.560699492693,0.02144304995563672,77.30298830968137,396965.63966572285,914.5328462846445,914.5328462846445,AllDynamic,268.8048407435417,116.17597192525864,1.6147917554490745,3.7362617541665664,ok,,benchmarks/ops/matmul-otherlibs/results/raw/arm-v3/920f-4_MatmulOtherlibsKUPLBench_vecops-pack-v3.json
arm-optimized-v3,920f-4,Native,"HiSilicon CPU part 0xd22, 2.0 GHz",BiSheng clang 19.1.7,OpenBLAS,e0166008be8e466242aa76b2ff75ce3f0fbf574a,"SVE+SVE2+SME,VL=SVL=512b",ARMV8SVE,G01_square,general,square,256x256x256,1,0,0,gemm_add,bf16xbf16_acc_fp32,NA,raw_e2e,native,row_contiguous,default,auto,auto,auto,0.0,1.0,0.0,1.0,,,1.0,,396965.63966572285,396747.99665808683,405874.4262903929,0.016249454850288086,0.08452729568296023,396965.63966572285,1.0,1.0,AllDynamic,268.8048407435417,116.17597192525864,1476.7801002678198,3416.934096502409,ok,,benchmarks/ops/matmul-otherlibs/results/raw/arm/920f-4_MatmulOtherlibsOpenBLASARMV8SVEBench-Native_baseline-common-v2.json
arm-optimized-v3,920f-4,Native,"HiSilicon CPU part 0xd22, 2.0 GHz",BiSheng clang 19.1.7,vecops,c4d4daf287d3552c42830f35a16f09783c323b88+benchmark-worktree,"SVE+SVE2+SME,VL=SVL=512b",,G01_square,general,square,256x256x256,1,0,0,gemm_add,bf16xbf16_acc_fp32,AllConst,raw_e2e,native,row_contiguous,default,auto,auto,auto,0.0,1.0,0.0,1.0,,,,,116.17597192525864,115.27258902788162,123.35311621427535,0.04659071960369928,288.8241987042477,396965.63966572285,3416.934096502409,3416.934096502409,AllDynamic,268.8048407435417,116.17597192525864,0.4321944932386783,1.0,ok,,benchmarks/ops/matmul-otherlibs/results/raw/arm/920f-4_MatmulOtherlibsVecopsGeneralBench_baseline-common-v2.json
arm-optimized-v3,920f-4,Native,"HiSilicon CPU part 0xd22, 2.0 GHz",BiSheng clang 19.1.7,vecops,c4d4daf287d3552c42830f35a16f09783c323b88+benchmark-worktree,"SVE+SVE2+SME,VL=SVL=512b",,G01_square,general,square,256x256x256,1,0,0,gemm_add,bf16xbf16_acc_fp32,AllDynamic,raw_e2e,native,row_contiguous,default,auto,auto,auto,0.0,1.0,0.0,1.0,,,,,268.8048407435417,266.45306497812265,314.7674724459648,0.11865463183247138,124.82822819404964,396965.63966572285,1476.7801002678198,1476.7801002678198,AllDynamic,268.8048407435417,116.17597192525864,1.0,2.313773117529641,ok,,benchmarks/ops/matmul-otherlibs/results/raw/arm/920f-4_MatmulOtherlibsVecopsGeneralBench_baseline-common-v2.json
arm-optimized-v3,920f-4,Native,"HiSilicon CPU part 0xd22, 2.0 GHz",BiSheng clang 19.1.7,ACL,2a8ca9840a3112d12d6cc68e49e6c833f9759fd6,"SVE+SVE2+SME,VL=SVL=512b",sme_interleaved_nomerge_bf16fp32_mopa_2VLx2VL,G03_conv1x1,general,conv1x1,64x3136x576,1,0,0,gemm,bf16xbf16_acc_fp32,NA,prepared_execute,native,row_contiguous,default,auto,auto,auto,1.0,0.0,1.0,1.0,192.0,64.0,,,1307.0730492472649,1237.4615296721456,1335.5465605854986,0.04889777142707356,176.89218527851443,3144230.751786381,,2405.55090138009,AllDynamic,1574.8580917716026,632.2949193418026,0.8299624303145315,2.0671889165389516,ok,,benchmarks/ops/matmul-otherlibs/results/raw/arm/920f-4_MatmulOtherlibsACLBench_baseline-common-v2.json
arm-optimized-v3,920f-4,Native,"HiSilicon CPU part 0xd22, 2.0 GHz",BiSheng clang 19.1.7,LIBXSMM,3668d249637792dcc988414eb3d2a374033743df,"SVE+SVE2+SME,VL=SVL=512b",,G03_conv1x1,general,conv1x1,64x3136x576,1,0,0,gemm,bf16xbf16_acc_fp32,NA,prepared_execute,native,row_contiguous,default,auto,auto,auto,0.0,0.0,1.0,1.0,,,1.0,0.0,451224.7168458998,451108.989585191,451400.4544354975,0.00040653335772272784,0.5124076748636137,3144230.751786381,,6.96821480384503,AllDynamic,1574.8580917716026,632.2949193418026,286.51769908887746,713.6301479626143,ok,,benchmarks/ops/matmul-otherlibs/results/raw/arm/920f-4_MatmulOtherlibsLIBXSMMBench_baseline-common-v2.json
arm-optimized-v3,920f-4,Native,"HiSilicon CPU part 0xd22, 2.0 GHz",BiSheng clang 19.1.7,oneDNN,0e2a5bfeef1bfbffc3137464606540233086ce9b,"SVE+SVE2+SME,VL=SVL=512b",brg:sve_512,G03_conv1x1,general,conv1x1,64x3136x576,1,0,0,gemm,bf16xbf16_acc_fp32,NA,prepared_execute,native,row_contiguous,default,auto,auto,auto,0.0,0.0,1.0,1.0,,,,,2529.4418446719646,2528.521325439215,2530.3690694272523,0.00045655971650779677,91.40791613257471,3144230.751786381,,1243.0531891489866,AllDynamic,1574.8580917716026,632.2949193418026,1.6061395359289317,4.000414628200756,ok,,benchmarks/ops/matmul-otherlibs/results/raw/arm-v3/920f-4_MatmulOtherlibsOneDNNBench_optimized-prepared-v3.json
arm-optimized-v3,920f-4,Native,"HiSilicon CPU part 0xd22, 2.0 GHz",BiSheng clang 19.1.7,KUPL-MMA,bd7059eae348f1d77f73a9fbb1cadfe7a6405fb8,"SVE+SVE2+SME,VL=SVL=512b",KP36_16x64x2_BF16BF16F32+vecops_transpose_pack,G03_conv1x1,general,conv1x1,64x3136x576,1,0,0,gemm,bf16xbf16_acc_fp32,NA,raw_e2e,native_accumulate,row_contiguous,default,auto,auto,auto,0.0,1.0,0.0,1.0,,,1.0,,2176.521811634302,2160.184923559427,2209.363225847483,0.014339160128384393,106.22958463549178,3144230.751786381,1444.6125625662569,1444.6125625662569,AllDynamic,1574.8580917716026,632.2949193418026,1.3820431332869305,3.4422573154628333,ok,,benchmarks/ops/matmul-otherlibs/results/raw/arm-v3/920f-4_MatmulOtherlibsKUPLBench_vecops-pack-v3.json
arm-optimized-v3,920f-4,Native,"HiSilicon CPU part 0xd22, 2.0 GHz",BiSheng clang 19.1.7,OpenBLAS,e0166008be8e466242aa76b2ff75ce3f0fbf574a,"SVE+SVE2+SME,VL=SVL=512b",ARMV8SVE,G03_conv1x1,general,conv1x1,64x3136x576,1,0,0,gemm,bf16xbf16_acc_fp32,NA,raw_e2e,native,row_contiguous,default,auto,auto,auto,0.0,1.0,0.0,1.0,,,1.0,,3144230.751786381,3144158.6685366924,3144466.885644943,6.409252380547349e-05,0.0735349998942153,3144230.751786381,1.0,1.0,AllDynamic,1574.8580917716026,632.2949193418026,1996.5168723547317,4972.728161503208,ok,,benchmarks/ops/matmul-otherlibs/results/raw/arm/920f-4_MatmulOtherlibsOpenBLASARMV8SVEBench-Native_baseline-common-v2.json
arm-optimized-v3,920f-4,Native,"HiSilicon CPU part 0xd22, 2.0 GHz",BiSheng clang 19.1.7,vecops,c4d4daf287d3552c42830f35a16f09783c323b88+benchmark-worktree,"SVE+SVE2+SME,VL=SVL=512b",,G03_conv1x1,general,conv1x1,64x3136x576,1,0,0,gemm,bf16xbf16_acc_fp32,AllConst,raw_e2e,native,row_contiguous,default,auto,auto,auto,0.0,1.0,0.0,1.0,,,,,632.2949193418026,630.4549984633924,653.0485115945339,0.024499143070238715,365.6695648300998,3144230.751786381,4972.728161503208,4972.728161503208,AllDynamic,1574.8580917716026,632.2949193418026,0.4014932663745697,1.0,ok,,benchmarks/ops/matmul-otherlibs/results/raw/arm/920f-4_MatmulOtherlibsVecopsGeneralBench_baseline-common-v2.json
arm-optimized-v3,920f-4,Native,"HiSilicon CPU part 0xd22, 2.0 GHz",BiSheng clang 19.1.7,vecops,c4d4daf287d3552c42830f35a16f09783c323b88+benchmark-worktree,"SVE+SVE2+SME,VL=SVL=512b",,G03_conv1x1,general,conv1x1,64x3136x576,1,0,0,gemm,bf16xbf16_acc_fp32,AllDynamic,raw_e2e,native,row_contiguous,default,auto,auto,auto,0.0,1.0,0.0,1.0,,,,,1574.8580917716026,1555.0090000033379,1576.5620395541193,0.009556332378058524,146.81386799740423,3144230.751786381,1996.5168723547317,1996.5168723547317,AllDynamic,1574.8580917716026,632.2949193418026,1.0,2.4907017968940446,ok,,benchmarks/ops/matmul-otherlibs/results/raw/arm/920f-4_MatmulOtherlibsVecopsGeneralBench_baseline-common-v2.json
arm-optimized-v3,920f-4,Native,"HiSilicon CPU part 0xd22, 2.0 GHz",BiSheng clang 19.1.7,ACL,2a8ca9840a3112d12d6cc68e49e6c833f9759fd6,"SVE+SVE2+SME,VL=SVL=512b",a64_hybrid_bf16fp32_mmla_6x16,G03_conv1x1,general,conv1x1,64x3136x576,1,0,0,gemm_add,bf16xbf16_acc_fp32,NA,prepared_execute,native,row_contiguous,default,auto,auto,auto,1.0,0.0,1.0,1.0,576.0,64.0,,,8535.068016499281,8513.786550611256,8542.244043201206,0.002169009371196993,27.089533153460778,3144272.3842337728,,368.3945316142212,AllDynamic,1691.414974629879,699.8302415013313,5.046111181773682,12.195911966006465,ok,,benchmarks/ops/matmul-otherlibs/results/raw/arm/920f-4_MatmulOtherlibsACLBench_baseline-common-v2.json
arm-optimized-v3,920f-4,Native,"HiSilicon CPU part 0xd22, 2.0 GHz",BiSheng clang 19.1.7,LIBXSMM,3668d249637792dcc988414eb3d2a374033743df,"SVE+SVE2+SME,VL=SVL=512b",,G03_conv1x1,general,conv1x1,64x3136x576,1,0,0,gemm_add,bf16xbf16_acc_fp32,NA,prepared_execute,native,row_contiguous,default,auto,auto,auto,0.0,0.0,1.0,1.0,,,1.0,0.0,451352.6037335396,451258.4783136845,452365.1320487261,0.001697794077406344,0.5122624885454249,3144272.3842337728,,6.966332659266157,AllDynamic,1691.414974629879,699.8302415013313,266.84912366482155,644.9458411017823,ok,,benchmarks/ops/matmul-otherlibs/results/raw/arm/920f-4_MatmulOtherlibsLIBXSMMBench_baseline-common-v2.json
arm-optimized-v3,920f-4,Native,"HiSilicon CPU part 0xd22, 2.0 GHz",BiSheng clang 19.1.7,oneDNN,0e2a5bfeef1bfbffc3137464606540233086ce9b,"SVE+SVE2+SME,VL=SVL=512b",brg:sve_512,G03_conv1x1,general,conv1x1,64x3136x576,1,0,0,gemm_add,bf16xbf16_acc_fp32,NA,prepared_execute,native,row_contiguous,default,auto,auto,auto,0.0,0.0,1.0,1.0,,,,,2499.4201958179474,2441.385015845299,2500.2919137477875,0.017046905408045775,92.50585731317382,3144272.3842337728,,1258.0007113228892,AllDynamic,1691.414974629879,699.8302415013313,1.4777096296932566,3.5714664037038366,ok,,benchmarks/ops/matmul-otherlibs/results/raw/arm-v3/920f-4_MatmulOtherlibsOneDNNBench_optimized-prepared-v3.json
arm-optimized-v3,920f-4,Native,"HiSilicon CPU part 0xd22, 2.0 GHz",BiSheng clang 19.1.7,KUPL-MMA,bd7059eae348f1d77f73a9fbb1cadfe7a6405fb8,"SVE+SVE2+SME,VL=SVL=512b",KP36_16x64x2_BF16BF16F32+vecops_transpose_pack,G03_conv1x1,general,conv1x1,64x3136x576,1,0,0,gemm_add,bf16xbf16_acc_fp32,NA,raw_e2e,native_accumulate,row_contiguous,default,auto,auto,auto,0.0,1.0,0.0,1.0,,,1.0,,2502.359915524721,2496.3759817183013,2508.3527900278564,0.0029913741418621503,92.39718338099946,3144272.3842337728,1256.5228385919252,1256.5228385919252,AllDynamic,1691.414974629879,699.8302415013313,1.4794476536263939,3.575667021985875,ok,,benchmarks/ops/matmul-otherlibs/results/raw/arm-v3/920f-4_MatmulOtherlibsKUPLBench_vecops-pack-v3.json
arm-optimized-v3,920f-4,Native,"HiSilicon CPU part 0xd22, 2.0 GHz",BiSheng clang 19.1.7,OpenBLAS,e0166008be8e466242aa76b2ff75ce3f0fbf574a,"SVE+SVE2+SME,VL=SVL=512b",ARMV8SVE,G03_conv1x1,general,conv1x1,64x3136x576,1,0,0,gemm_add,bf16xbf16_acc_fp32,NA,raw_e2e,native,row_contiguous,default,auto,auto,auto,0.0,1.0,0.0,1.0,,,1.0,,3144272.3842337728,3144185.04294008,3144309.530593455,2.5406752434442386e-05,0.07353402623747045,3144272.3842337728,1.0,1.0,AllDynamic,1691.414974629879,699.8302415013313,1858.9597652828,4492.907276325228,ok,,benchmarks/ops/matmul-otherlibs/results/raw/arm/920f-4_MatmulOtherlibsOpenBLASARMV8SVEBench-Native_baseline-common-v2.json
arm-optimized-v3,920f-4,Native,"HiSilicon CPU part 0xd22, 2.0 GHz",BiSheng clang 19.1.7,vecops,c4d4daf287d3552c42830f35a16f09783c323b88+benchmark-worktree,"SVE+SVE2+SME,VL=SVL=512b",,G03_conv1x1,general,conv1x1,64x3136x576,1,0,0,gemm_add,bf16xbf16_acc_fp32,AllConst,raw_e2e,native,row_contiguous,default,auto,auto,auto,0.0,1.0,0.0,1.0,,,,,699.8302415013313,699.1980597376822,702.4059072136879,0.0030315409863518636,330.3815615398212,3144272.3842337728,4492.907276325228,4492.907276325228,AllDynamic,1691.414974629879,699.8302415013313,0.41375431339933033,1.0,ok,,benchmarks/ops/matmul-otherlibs/results/raw/arm/920f-4_MatmulOtherlibsVecopsGeneralBench_baseline-common-v2.json
arm-optimized-v3,920f-4,Native,"HiSilicon CPU part 0xd22, 2.0 GHz",BiSheng clang 19.1.7,vecops,c4d4daf287d3552c42830f35a16f09783c323b88+benchmark-worktree,"SVE+SVE2+SME,VL=SVL=512b",,G03_conv1x1,general,conv1x1,64x3136x576,1,0,0,gemm_add,bf16xbf16_acc_fp32,AllDynamic,raw_e2e,native,row_contiguous,default,auto,auto,auto,0.0,1.0,0.0,1.0,,,,,1691.414974629879,1676.774211227894,1731.6645011305811,0.02087391573670943,136.6967961547073,3144272.3842337728,1858.9597652828,1858.9597652828,AllDynamic,1691.414974629879,699.8302415013313,1.0,2.416893232566403,ok,,benchmarks/ops/matmul-otherlibs/results/raw/arm/920f-4_MatmulOtherlibsVecopsGeneralBench_baseline-common-v2.json
arm-optimized-v3,920f-4,Native,"HiSilicon CPU part 0xd22, 2.0 GHz",BiSheng clang 19.1.7,ACL,2a8ca9840a3112d12d6cc68e49e6c833f9759fd6,"SVE+SVE2+SME,VL=SVL=512b",sme_gemv_bf16fp32_dot_8VL,L01_qkv_decode,llm,qkv,4096x1x4096,1,1,0,bias,bf16xbf16_acc_fp32,NA,prepared_execute,native_fused,row_contiguous,default,auto,auto,auto,1.0,0.0,1.0,1.0,4096.0,4096.0,,,1722.0759764313698,1714.9871215224264,1745.6376925110817,0.011601112855652492,19.484873175882928,75369.22674626112,,43.766493335821075,TokenDynamic,10977.46379673481,4873.583093285561,0.15687375593473535,0.3533490541700029,ok,,benchmarks/ops/matmul-otherlibs/results/raw/arm/920f-4_MatmulOtherlibsACLBench_baseline-common-v2.json
arm-optimized-v3,920f-4,Native,"HiSilicon CPU part 0xd22, 2.0 GHz",BiSheng clang 19.1.7,LIBXSMM,3668d249637792dcc988414eb3d2a374033743df,"SVE+SVE2+SME,VL=SVL=512b",,L01_qkv_decode,llm,qkv,4096x1x4096,1,1,0,bias,bf16xbf16_acc_fp32,NA,prepared_execute,separate,row_contiguous,default,auto,auto,auto,0.0,0.0,1.0,1.0,,,1.0,0.0,119272.16267213225,119068.06370243432,119466.286059469,0.002087022413541839,0.2813266000067251,75369.22674626112,,0.631909617950367,TokenDynamic,10977.46379673481,4873.583093285561,10.865183878593992,24.473197725192385,ok,,benchmarks/ops/matmul-otherlibs/results/raw/arm/920f-4_MatmulOtherlibsLIBXSMMBench_baseline-common-v2.json
arm-optimized-v3,920f-4,Native,"HiSilicon CPU part 0xd22, 2.0 GHz",BiSheng clang 19.1.7,oneDNN,0e2a5bfeef1bfbffc3137464606540233086ce9b,"SVE+SVE2+SME,VL=SVL=512b",brg:sve_512,L01_qkv_decode,llm,qkv,4096x1x4096,1,1,0,bias,bf16xbf16_acc_fp32,NA,prepared_execute,separate,row_contiguous,default,auto,auto,auto,0.0,0.0,1.0,1.0,,,,,1853.124238550663,1852.2759899497032,1853.6509945988657,0.0004679855302072263,18.106952195629948,75369.22674626112,,40.67143755305243,TokenDynamic,10977.46379673481,4873.583093285561,0.1688116921052261,0.3802385643334473,ok,,benchmarks/ops/matmul-otherlibs/results/raw/arm-v3/920f-4_MatmulOtherlibsOneDNNBench_optimized-prepared-v3.json
arm-optimized-v3,920f-4,Native,"HiSilicon CPU part 0xd22, 2.0 GHz",BiSheng clang 19.1.7,KUPL-MMA,bd7059eae348f1d77f73a9fbb1cadfe7a6405fb8,"SVE+SVE2+SME,VL=SVL=512b",KP36_16x64x2_BF16BF16F32+vecops_transpose_pack,L01_qkv_decode,llm,qkv,4096x1x4096,1,1,0,bias,bf16xbf16_acc_fp32,NA,raw_e2e,native_accumulate,row_contiguous,default,auto,auto,auto,0.0,1.0,0.0,1.0,,,16.0,,8612.661622464657,8605.741895735264,8646.336384117603,0.0031478347548709565,3.8959422151775933,75369.22674626112,8.750979668082323,8.750979668082323,TokenDynamic,10977.46379673481,4873.583093285561,0.7845766364564508,1.767213456220846,ok,,benchmarks/ops/matmul-otherlibs/results/raw/arm-v3/920f-4_MatmulOtherlibsKUPLBench_vecops-pack-v3.json
arm-optimized-v3,920f-4,Native,"HiSilicon CPU part 0xd22, 2.0 GHz",BiSheng clang 19.1.7,OpenBLAS,e0166008be8e466242aa76b2ff75ce3f0fbf574a,"SVE+SVE2+SME,VL=SVL=512b",ARMV8SVE,L01_qkv_decode,llm,qkv,4096x1x4096,1,1,0,bias,bf16xbf16_acc_fp32,NA,raw_e2e,separate,row_contiguous,default,auto,auto,auto,0.0,1.0,0.0,1.0,,,1.0,,75369.22674626112,75349.36200827362,75376.14721804856,0.00023061667549680357,0.4452006932877887,75369.22674626112,1.0,1.0,TokenDynamic,10977.46379673481,4873.583093285561,6.865814193682817,15.464849024550112,ok,,benchmarks/ops/matmul-otherlibs/results/raw/arm/920f-4_MatmulOtherlibsOpenBLASARMV8SVEBench-Native_baseline-common-v2.json
arm-optimized-v3,920f-4,Native,"HiSilicon CPU part 0xd22, 2.0 GHz",BiSheng clang 19.1.7,vecops,c4d4daf287d3552c42830f35a16f09783c323b88+benchmark-worktree,"SVE+SVE2+SME,VL=SVL=512b",,L01_qkv_decode,llm,qkv,4096x1x4096,1,1,0,bias,bf16xbf16_acc_fp32,AllConst,raw_e2e,native_fused,row_contiguous,default,auto,auto,auto,0.0,1.0,0.0,1.0,,,,,4873.583093285561,4844.269528985023,4879.518970847129,0.004850220792778354,6.884961507320694,75369.22674626112,15.464849024550112,15.464849024550112,TokenDynamic,10977.46379673481,4873.583093285561,0.44396257491964425,1.0,ok,,benchmarks/ops/matmul-otherlibs/results/raw/arm/920f-4_MatmulOtherlibsVecopsBiasBench_baseline-common-v2.json
arm-optimized-v3,920f-4,Native,"HiSilicon CPU part 0xd22, 2.0 GHz",BiSheng clang 19.1.7,vecops,c4d4daf287d3552c42830f35a16f09783c323b88+benchmark-worktree,"SVE+SVE2+SME,VL=SVL=512b",,L01_qkv_decode,llm,qkv,4096x1x4096,1,1,0,bias,bf16xbf16_acc_fp32,TokenDynamic,raw_e2e,native_fused,row_contiguous,default,auto,auto,auto,0.0,1.0,0.0,1.0,,,,,10977.46379673481,10976.6885638237,11009.257659316063,0.0021136683252921235,3.0566652390127302,75369.22674626112,6.865814193682817,6.865814193682817,TokenDynamic,10977.46379673481,4873.583093285561,1.0,2.2524421122230778,ok,,benchmarks/ops/matmul-otherlibs/results/raw/arm/920f-4_MatmulOtherlibsVecopsBiasBench_baseline-common-v2.json
arm-optimized-v3,920f-4,Native,"HiSilicon CPU part 0xd22, 2.0 GHz",BiSheng clang 19.1.7,ACL,2a8ca9840a3112d12d6cc68e49e6c833f9759fd6,"SVE+SVE2+SME,VL=SVL=512b",sme_gemv_bf16fp32_dot_8VL,L01_qkv_decode,llm,qkv,4096x1x4096,1,1,0,bias_relu,bf16xbf16_acc_fp32,NA,prepared_execute,native_fused,row_contiguous,default,auto,auto,auto,1.0,0.0,1.0,1.0,4096.0,4096.0,,,1722.2962342202663,1717.2801308333874,1743.8496463000774,0.010204565523491242,19.482381330985763,75517.32612773776,,43.84688570252065,TokenDynamic,11052.087880671024,4819.809924811125,0.15583446791374025,0.35733696164123285,ok,,benchmarks/ops/matmul-otherlibs/results/raw/arm/920f-4_MatmulOtherlibsACLBench_baseline-common-v2.json
arm-optimized-v3,920f-4,Native,"HiSilicon CPU part 0xd22, 2.0 GHz",BiSheng clang 19.1.7,LIBXSMM,3668d249637792dcc988414eb3d2a374033743df,"SVE+SVE2+SME,VL=SVL=512b",,L01_qkv_decode,llm,qkv,4096x1x4096,1,1,0,bias_relu,bf16xbf16_acc_fp32,NA,prepared_execute,separate,row_contiguous,default,auto,auto,auto,0.0,0.0,1.0,1.0,,,1.0,0.0,119223.44099730253,118784.35220569372,120193.80759447813,0.00754765857401918,0.28144156651844315,75517.32612773776,,0.6334100533924899,TokenDynamic,11052.087880671024,4819.809924811125,10.78741340862953,24.736129195379956,ok,,benchmarks/ops/matmul-otherlibs/results/raw/arm/920f-4_MatmulOtherlibsLIBXSMMBench_baseline-common-v2.json
arm-optimized-v3,920f-4,Native,"HiSilicon CPU part 0xd22, 2.0 GHz",BiSheng clang 19.1.7,oneDNN,0e2a5bfeef1bfbffc3137464606540233086ce9b,"SVE+SVE2+SME,VL=SVL=512b",brg:sve_512,L01_qkv_decode,llm,qkv,4096x1x4096,1,1,0,bias_relu,bf16xbf16_acc_fp32,NA,prepared_execute,separate,row_contiguous,default,auto,auto,auto,0.0,0.0,1.0,1.0,,,,,1851.694192737341,1848.2691608369348,1909.3043170869348,0.022870707620604017,18.12093602259281,75517.32612773776,,40.78282819265165,TokenDynamic,11052.087880671024,4819.809924811125,0.16754247819326207,0.3841840698333978,ok,,benchmarks/ops/matmul-otherlibs/results/raw/arm-v3/920f-4_MatmulOtherlibsOneDNNBench_optimized-prepared-v3.json
arm-optimized-v3,920f-4,Native,"HiSilicon CPU part 0xd22, 2.0 GHz",BiSheng clang 19.1.7,KUPL-MMA,bd7059eae348f1d77f73a9fbb1cadfe7a6405fb8,"SVE+SVE2+SME,VL=SVL=512b",KP36_16x64x2_BF16BF16F32+vecops_transpose_pack,L01_qkv_decode,llm,qkv,4096x1x4096,1,1,0,bias_relu,bf16xbf16_acc_fp32,NA,raw_e2e,separate,row_contiguous,default,auto,auto,auto,0.0,1.0,0.0,1.0,,,16.0,,8601.240813732147,8594.257012009619,8604.105934500696,0.0007363720297027366,3.9011152840214995,75517.32612773776,8.779817675511655,8.779817675511655,TokenDynamic,11052.087880671024,4819.809924811125,0.778245785466006,1.7845601689508963,ok,,benchmarks/ops/matmul-otherlibs/results/raw/arm-v3/920f-4_MatmulOtherlibsKUPLBench_vecops-pack-v3.json
arm-optimized-v3,920f-4,Native,"HiSilicon CPU part 0xd22, 2.0 GHz",BiSheng clang 19.1.7,OpenBLAS,e0166008be8e466242aa76b2ff75ce3f0fbf574a,"SVE+SVE2+SME,VL=SVL=512b",ARMV8SVE,L01_qkv_decode,llm,qkv,4096x1x4096,1,1,0,bias_relu,bf16xbf16_acc_fp32,NA,raw_e2e,separate,row_contiguous,default,auto,auto,auto,0.0,1.0,0.0,1.0,,,1.0,,75517.32612773776,75509.47731360795,75896.17064222695,0.0036510673030179155,0.4443275963352117,75517.32612773776,1.0,1.0,TokenDynamic,11052.087880671024,4819.809924811125,6.8328561031268915,15.668112914369145,ok,,benchmarks/ops/matmul-otherlibs/results/raw/arm/920f-4_MatmulOtherlibsOpenBLASARMV8SVEBench-Native_baseline-common-v2.json
arm-optimized-v3,920f-4,Native,"HiSilicon CPU part 0xd22, 2.0 GHz",BiSheng clang 19.1.7,vecops,c4d4daf287d3552c42830f35a16f09783c323b88+benchmark-worktree,"SVE+SVE2+SME,VL=SVL=512b",,L01_qkv_decode,llm,qkv,4096x1x4096,1,1,0,bias_relu,bf16xbf16_acc_fp32,AllConst,raw_e2e,native_fused,row_contiguous,default,auto,auto,auto,0.0,1.0,0.0,1.0,,,,,4819.809924811125,4810.633044689895,4843.514692038297,0.004394885067083713,6.961774950350331,75517.32612773776,15.668112914369145,15.668112914369145,TokenDynamic,11052.087880671024,4819.809924811125,0.43609949331297676,1.0,ok,,benchmarks/ops/matmul-otherlibs/results/raw/arm/920f-4_MatmulOtherlibsVecopsBiasReluBench_baseline-common-v2.json
arm-optimized-v3,920f-4,Native,"HiSilicon CPU part 0xd22, 2.0 GHz",BiSheng clang 19.1.7,vecops,c4d4daf287d3552c42830f35a16f09783c323b88+benchmark-worktree,"SVE+SVE2+SME,VL=SVL=512b",,L01_qkv_decode,llm,qkv,4096x1x4096,1,1,0,bias_relu,bf16xbf16_acc_fp32,TokenDynamic,raw_e2e,native_fused,row_contiguous,default,auto,auto,auto,0.0,1.0,0.0,1.0,,,,,11052.087880671024,11033.95912796259,11077.594198286532,0.0024786198644616442,3.036026528406753,75517.32612773776,6.8328561031268915,6.8328561031268915,TokenDynamic,11052.087880671024,4819.809924811125,1.0,2.293054716489494,ok,,benchmarks/ops/matmul-otherlibs/results/raw/arm/920f-4_MatmulOtherlibsVecopsBiasReluBench_baseline-common-v2.json
arm-optimized-v3,920f-4,Native,"HiSilicon CPU part 0xd22, 2.0 GHz",BiSheng clang 19.1.7,ACL,2a8ca9840a3112d12d6cc68e49e6c833f9759fd6,"SVE+SVE2+SME,VL=SVL=512b",sme_gemv_bf16fp32_dot_8VL,L01_qkv_decode,llm,qkv,4096x1x4096,1,1,0,gemm,bf16xbf16_acc_fp32,NA,prepared_execute,native,row_contiguous,default,auto,auto,auto,1.0,0.0,1.0,1.0,4096.0,4096.0,,,1715.2661457657814,1712.2739925980568,1741.5156587958336,0.01165872335106521,19.56223066771927,75469.03192996979,,43.998438444243064,TokenDynamic,11200.415901839733,4830.809775739908,0.15314307618559406,0.35506803732570147,ok,,benchmarks/ops/matmul-otherlibs/results/raw/arm/920f-4_MatmulOtherlibsACLBench_baseline-common-v2.json
arm-optimized-v3,920f-4,Native,"HiSilicon CPU part 0xd22, 2.0 GHz",BiSheng clang 19.1.7,LIBXSMM,3668d249637792dcc988414eb3d2a374033743df,"SVE+SVE2+SME,VL=SVL=512b",,L01_qkv_decode,llm,qkv,4096x1x4096,1,1,0,gemm,bf16xbf16_acc_fp32,NA,prepared_execute,native,row_contiguous,default,auto,auto,auto,0.0,0.0,1.0,1.0,,,1.0,0.0,118636.47820428014,118458.61161127687,119747.09974601865,0.007333010545026821,0.2828340195856339,75469.03192996979,,0.6361368195709558,TokenDynamic,11200.415901839733,4830.809775739908,10.59214936695283,24.558300515177965,ok,,benchmarks/ops/matmul-otherlibs/results/raw/arm/920f-4_MatmulOtherlibsLIBXSMMBench_baseline-common-v2.json
arm-optimized-v3,920f-4,Native,"HiSilicon CPU part 0xd22, 2.0 GHz",BiSheng clang 19.1.7,oneDNN,0e2a5bfeef1bfbffc3137464606540233086ce9b,"SVE+SVE2+SME,VL=SVL=512b",brg:sve_512,L01_qkv_decode,llm,qkv,4096x1x4096,1,1,0,gemm,bf16xbf16_acc_fp32,NA,prepared_execute,native,row_contiguous,default,auto,auto,auto,0.0,0.0,1.0,1.0,,,,,1850.24319216609,1849.4280986487865,1902.0541571080687,0.020138434190904515,18.135146851002673,75469.03192996979,,40.78870942452585,TokenDynamic,11200.415901839733,4830.809775739908,0.1651941506799026,0.3830089111473446,ok,,benchmarks/ops/matmul-otherlibs/results/raw/arm-v3/920f-4_MatmulOtherlibsOneDNNBench_optimized-prepared-v3.json
arm-optimized-v3,920f-4,Native,"HiSilicon CPU part 0xd22, 2.0 GHz",BiSheng clang 19.1.7,KUPL-MMA,bd7059eae348f1d77f73a9fbb1cadfe7a6405fb8,"SVE+SVE2+SME,VL=SVL=512b",KP36_16x64x2_BF16BF16F32+vecops_transpose_pack,L01_qkv_decode,llm,qkv,4096x1x4096,1,1,0,gemm,bf16xbf16_acc_fp32,NA,raw_e2e,native_accumulate,row_contiguous,default,auto,auto,auto,0.0,1.0,0.0,1.0,,,16.0,,8578.139822930098,8577.771764248611,8607.910480350256,0.002516667424687297,3.911621014885552,75469.03192996979,8.79783187122162,8.79783187122162,TokenDynamic,11200.415901839733,4830.809775739908,0.7658769011890968,1.7757146774872195,ok,,benchmarks/ops/matmul-otherlibs/results/raw/arm-v3/920f-4_MatmulOtherlibsKUPLBench_vecops-pack-v3.json
arm-optimized-v3,920f-4,Native,"HiSilicon CPU part 0xd22, 2.0 GHz",BiSheng clang 19.1.7,OpenBLAS,e0166008be8e466242aa76b2ff75ce3f0fbf574a,"SVE+SVE2+SME,VL=SVL=512b",ARMV8SVE,L01_qkv_decode,llm,qkv,4096x1x4096,1,1,0,gemm,bf16xbf16_acc_fp32,NA,raw_e2e,native,row_contiguous,default,auto,auto,auto,0.0,1.0,0.0,1.0,,,1.0,,75469.03192996979,75378.49098443986,75903.44883501528,0.004639179090575587,0.44461193077362204,75469.03192996979,1.0,1.0,TokenDynamic,11200.415901839733,4830.809775739908,6.738056210713887,15.622439183793077,ok,,benchmarks/ops/matmul-otherlibs/results/raw/arm/920f-4_MatmulOtherlibsOpenBLASARMV8SVEBench-Native_baseline-common-v2.json
arm-optimized-v3,920f-4,Native,"HiSilicon CPU part 0xd22, 2.0 GHz",BiSheng clang 19.1.7,vecops,c4d4daf287d3552c42830f35a16f09783c323b88+benchmark-worktree,"SVE+SVE2+SME,VL=SVL=512b",,L01_qkv_decode,llm,qkv,4096x1x4096,1,1,0,gemm,bf16xbf16_acc_fp32,AllConst,raw_e2e,native,row_contiguous,default,auto,auto,auto,0.0,1.0,0.0,1.0,,,,,4830.809775739908,4822.6420767605305,4865.484405308961,0.0058724448287029414,6.945922848899728,75469.03192996979,15.622439183793077,15.622439183793077,TokenDynamic,11200.415901839733,4830.809775739908,0.43130628523771336,1.0,ok,,benchmarks/ops/matmul-otherlibs/results/raw/arm/920f-4_MatmulOtherlibsVecopsLLMBench_baseline-common-v2.json
arm-optimized-v3,920f-4,Native,"HiSilicon CPU part 0xd22, 2.0 GHz",BiSheng clang 19.1.7,vecops,c4d4daf287d3552c42830f35a16f09783c323b88+benchmark-worktree,"SVE+SVE2+SME,VL=SVL=512b",,L01_qkv_decode,llm,qkv,4096x1x4096,1,1,0,gemm,bf16xbf16_acc_fp32,TokenDynamic,raw_e2e,native,row_contiguous,default,auto,auto,auto,0.0,1.0,0.0,1.0,,,,,11200.415901839733,11190.423928201197,11242.25053936243,0.003064935699746384,2.9958201815066965,75469.03192996979,6.738056210713887,6.738056210713887,TokenDynamic,11200.415901839733,4830.809775739908,1.0,2.318537972264542,ok,,benchmarks/ops/matmul-otherlibs/results/raw/arm/920f-4_MatmulOtherlibsVecopsLLMBench_baseline-common-v2.json
arm-optimized-v3,920f-4,Native,"HiSilicon CPU part 0xd22, 2.0 GHz",BiSheng clang 19.1.7,ACL,2a8ca9840a3112d12d6cc68e49e6c833f9759fd6,"SVE+SVE2+SME,VL=SVL=512b",a64_hybrid_bf16fp32_mmla_6x16,L01_qkv_decode,llm,qkv,4096x1x4096,1,1,0,gemm_add,bf16xbf16_acc_fp32,NA,prepared_execute,native,row_contiguous,default,auto,auto,auto,1.0,0.0,1.0,1.0,1024.0,16.0,,,2760.8750388026237,2748.433686792851,2779.0999040007587,0.006977083937217791,12.153549700153171,75261.59100234509,,27.260049782979536,TokenDynamic,11126.602068543434,4864.822141826153,0.24813281016025818,0.5675181863413918,ok,,benchmarks/ops/matmul-otherlibs/results/raw/arm/920f-4_MatmulOtherlibsACLBench_baseline-common-v2.json
arm-optimized-v3,920f-4,Native,"HiSilicon CPU part 0xd22, 2.0 GHz",BiSheng clang 19.1.7,LIBXSMM,3668d249637792dcc988414eb3d2a374033743df,"SVE+SVE2+SME,VL=SVL=512b",,L01_qkv_decode,llm,qkv,4096x1x4096,1,1,0,gemm_add,bf16xbf16_acc_fp32,NA,prepared_execute,native,row_contiguous,default,auto,auto,auto,0.0,0.0,1.0,1.0,,,1.0,0.0,118968.70704367757,118550.17887428403,119155.13360872865,0.003257803924497126,0.28204418484333865,75261.59100234509,,0.6326167012533298,TokenDynamic,11126.602068543434,4864.822141826153,10.692276609767493,24.45489343193525,ok,,benchmarks/ops/matmul-otherlibs/results/raw/arm/920f-4_MatmulOtherlibsLIBXSMMBench_baseline-common-v2.json
arm-optimized-v3,920f-4,Native,"HiSilicon CPU part 0xd22, 2.0 GHz",BiSheng clang 19.1.7,oneDNN,0e2a5bfeef1bfbffc3137464606540233086ce9b,"SVE+SVE2+SME,VL=SVL=512b",brg:sve_512,L01_qkv_decode,llm,qkv,4096x1x4096,1,1,0,gemm_add,bf16xbf16_acc_fp32,NA,prepared_execute,native,row_contiguous,default,auto,auto,auto,0.0,0.0,1.0,1.0,,,,,1849.5633266866207,1848.8041125237942,1910.3913567960265,0.0235653175724509,18.1418129976175,75261.59100234509,,40.691545899740355,TokenDynamic,11126.602068543434,4864.822141826153,0.16622894530537877,0.3801913559767538,ok,,benchmarks/ops/matmul-otherlibs/results/raw/arm-v3/920f-4_MatmulOtherlibsOneDNNBench_optimized-prepared-v3.json
arm-optimized-v3,920f-4,Native,"HiSilicon CPU part 0xd22, 2.0 GHz",BiSheng clang 19.1.7,KUPL-MMA,bd7059eae348f1d77f73a9fbb1cadfe7a6405fb8,"SVE+SVE2+SME,VL=SVL=512b",KP36_16x64x2_BF16BF16F32+vecops_transpose_pack,L01_qkv_decode,llm,qkv,4096x1x4096,1,1,0,gemm_add,bf16xbf16_acc_fp32,NA,raw_e2e,native_accumulate,row_contiguous,default,auto,auto,auto,0.0,1.0,0.0,1.0,,,16.0,,8606.970775872469,8606.92309215665,8612.851891666653,0.000494998448582783,3.898518174833545,75261.59100234509,8.744260084317062,8.744260084317062,TokenDynamic,11126.602068543434,4864.822141826153,0.7735488986530453,1.7692261967549736,ok,,benchmarks/ops/matmul-otherlibs/results/raw/arm-v3/920f-4_MatmulOtherlibsKUPLBench_vecops-pack-v3.json
arm-optimized-v3,920f-4,Native,"HiSilicon CPU part 0xd22, 2.0 GHz",BiSheng clang 19.1.7,OpenBLAS,e0166008be8e466242aa76b2ff75ce3f0fbf574a,"SVE+SVE2+SME,VL=SVL=512b",ARMV8SVE,L01_qkv_decode,llm,qkv,4096x1x4096,1,1,0,gemm_add,bf16xbf16_acc_fp32,NA,raw_e2e,native,row_contiguous,default,auto,auto,auto,0.0,1.0,0.0,1.0,,,1.0,,75261.59100234509,75256.15878403188,75270.4158425331,0.00011950577077839841,0.44583739930444033,75261.59100234509,1.0,1.0,TokenDynamic,11126.602068543434,4864.822141826153,6.764112757759248,15.4705740124126,ok,,benchmarks/ops/matmul-otherlibs/results/raw/arm/920f-4_MatmulOtherlibsOpenBLASARMV8SVEBench-Native_baseline-common-v2.json
arm-optimized-v3,920f-4,Native,"HiSilicon CPU part 0xd22, 2.0 GHz",BiSheng clang 19.1.7,vecops,c4d4daf287d3552c42830f35a16f09783c323b88+benchmark-worktree,"SVE+SVE2+SME,VL=SVL=512b",,L01_qkv_decode,llm,qkv,4096x1x4096,1,1,0,gemm_add,bf16xbf16_acc_fp32,AllConst,raw_e2e,native,row_contiguous,default,auto,auto,auto,0.0,1.0,0.0,1.0,,,,,4864.822141826153,4834.852181375027,4883.391968905927,0.0062992889285964785,6.897360483440894,75261.59100234509,15.4705740124126,15.4705740124126,TokenDynamic,11126.602068543434,4864.822141826153,0.43722442052454913,1.0,ok,,benchmarks/ops/matmul-otherlibs/results/raw/arm/920f-4_MatmulOtherlibsVecopsLLMBench_baseline-common-v2.json
arm-optimized-v3,920f-4,Native,"HiSilicon CPU part 0xd22, 2.0 GHz",BiSheng clang 19.1.7,vecops,c4d4daf287d3552c42830f35a16f09783c323b88+benchmark-worktree,"SVE+SVE2+SME,VL=SVL=512b",,L01_qkv_decode,llm,qkv,4096x1x4096,1,1,0,gemm_add,bf16xbf16_acc_fp32,TokenDynamic,raw_e2e,native,row_contiguous,default,auto,auto,auto,0.0,1.0,0.0,1.0,,,,,11126.602068543434,11112.866178154944,11142.315715551376,0.0016553505717956417,3.015694440521369,75261.59100234509,6.764112757759248,6.764112757759248,TokenDynamic,11126.602068543434,4864.822141826153,1.0,2.2871549553436994,ok,,benchmarks/ops/matmul-otherlibs/results/raw/arm/920f-4_MatmulOtherlibsVecopsLLMBench_baseline-common-v2.json
arm-optimized-v3,920f-4,Native,"HiSilicon CPU part 0xd22, 2.0 GHz",BiSheng clang 19.1.7,ACL,2a8ca9840a3112d12d6cc68e49e6c833f9759fd6,"SVE+SVE2+SME,VL=SVL=512b",sme_interleaved_nomerge_bf16fp32_mopa_1VLx4VL,L02_qkv_batch4,llm,qkv,4096x4x4096,1,4,0,bias,bf16xbf16_acc_fp32,NA,prepared_execute,native_fused,row_contiguous,default,auto,auto,auto,1.0,0.0,1.0,1.0,256.0,64.0,,,2177.4922497570515,2141.393814235926,2187.549043446779,0.014002766581059754,61.63867082189387,1588609.8840273917,,729.5593746451392,TokenDynamic,11107.30180516839,4887.332674115896,0.19604151286713326,0.4455379641515713,ok,,benchmarks/ops/matmul-otherlibs/results/raw/arm/920f-4_MatmulOtherlibsACLBench_baseline-common-v2.json
arm-optimized-v3,920f-4,Native,"HiSilicon CPU part 0xd22, 2.0 GHz",BiSheng clang 19.1.7,LIBXSMM,3668d249637792dcc988414eb3d2a374033743df,"SVE+SVE2+SME,VL=SVL=512b",,L02_qkv_batch4,llm,qkv,4096x4x4096,1,4,0,bias,bf16xbf16_acc_fp32,NA,prepared_execute,separate,row_contiguous,default,auto,auto,auto,0.0,0.0,1.0,1.0,,,1.0,0.0,477884.4779357314,475758.7106898427,481306.8931922316,0.007313664041611136,0.2808581031544832,1588609.8840273917,,3.3242550393968577,TokenDynamic,11107.30180516839,4887.332674115896,43.02435337746605,97.78022283334319,ok,,benchmarks/ops/matmul-otherlibs/results/raw/arm/920f-4_MatmulOtherlibsLIBXSMMBench_baseline-common-v2.json
arm-optimized-v3,920f-4,Native,"HiSilicon CPU part 0xd22, 2.0 GHz",BiSheng clang 19.1.7,oneDNN,0e2a5bfeef1bfbffc3137464606540233086ce9b,"SVE+SVE2+SME,VL=SVL=512b",brg:sve_512,L02_qkv_batch4,llm,qkv,4096x4x4096,1,4,0,bias,bf16xbf16_acc_fp32,NA,prepared_execute,separate,row_contiguous,default,auto,auto,auto,0.0,0.0,1.0,1.0,,,,,1882.0748664438725,1873.7231381237505,1925.4934974014757,0.018317594394617248,71.31370297378267,1588609.8840273917,,844.0736935343201,TokenDynamic,11107.30180516839,4887.332674115896,0.16944483002776745,0.38509244038402485,ok,,benchmarks/ops/matmul-otherlibs/results/raw/arm-v3/920f-4_MatmulOtherlibsOneDNNBench_optimized-prepared-v3.json
arm-optimized-v3,920f-4,Native,"HiSilicon CPU part 0xd22, 2.0 GHz",BiSheng clang 19.1.7,KUPL-MMA,bd7059eae348f1d77f73a9fbb1cadfe7a6405fb8,"SVE+SVE2+SME,VL=SVL=512b",KP36_16x64x2_BF16BF16F32+vecops_transpose_pack,L02_qkv_batch4,llm,qkv,4096x4x4096,1,4,0,bias,bf16xbf16_acc_fp32,NA,raw_e2e,native_accumulate,row_contiguous,default,auto,auto,auto,0.0,1.0,0.0,1.0,,,4.0,,8670.255076140165,8656.374271959065,8698.336314409971,0.00307994939465665,15.480251367616189,1588609.8840273917,183.22527654337603,183.22527654337603,TokenDynamic,11107.30180516839,4887.332674115896,0.7805905726002483,1.7740259675915326,ok,,benchmarks/ops/matmul-otherlibs/results/raw/arm-v3/920f-4_MatmulOtherlibsKUPLBench_vecops-pack-v3.json
arm-optimized-v3,920f-4,Native,"HiSilicon CPU part 0xd22, 2.0 GHz",BiSheng clang 19.1.7,OpenBLAS,e0166008be8e466242aa76b2ff75ce3f0fbf574a,"SVE+SVE2+SME,VL=SVL=512b",ARMV8SVE,L02_qkv_batch4,llm,qkv,4096x4x4096,1,4,0,bias,bf16xbf16_acc_fp32,NA,raw_e2e,separate,row_contiguous,default,auto,auto,auto,0.0,1.0,0.0,1.0,,,1.0,,1588609.8840273917,1588353.3974178133,1588792.646396905,0.00017362468566971747,0.08448753174047717,1588609.8840273917,1.0,1.0,TokenDynamic,11107.30180516839,4887.332674115896,143.02392353183274,325.04639850708884,ok,,benchmarks/ops/matmul-otherlibs/results/raw/arm/920f-4_MatmulOtherlibsOpenBLASARMV8SVEBench-Native_baseline-common-v2.json
arm-optimized-v3,920f-4,Native,"HiSilicon CPU part 0xd22, 2.0 GHz",BiSheng clang 19.1.7,vecops,c4d4daf287d3552c42830f35a16f09783c323b88+benchmark-worktree,"SVE+SVE2+SME,VL=SVL=512b",,L02_qkv_batch4,llm,qkv,4096x4x4096,1,4,0,bias,bf16xbf16_acc_fp32,AllConst,raw_e2e,native_fused,row_contiguous,default,auto,auto,auto,0.0,1.0,0.0,1.0,,,,,4887.332674115896,4851.523321121931,4900.846537202598,0.006531211573880278,27.462367910995457,1588609.8840273917,325.04639850708884,325.04639850708884,TokenDynamic,11107.30180516839,4887.332674115896,0.44001079288596884,1.0,ok,,benchmarks/ops/matmul-otherlibs/results/raw/arm/920f-4_MatmulOtherlibsVecopsBiasBench_baseline-common-v2.json
arm-optimized-v3,920f-4,Native,"HiSilicon CPU part 0xd22, 2.0 GHz",BiSheng clang 19.1.7,vecops,c4d4daf287d3552c42830f35a16f09783c323b88+benchmark-worktree,"SVE+SVE2+SME,VL=SVL=512b",,L02_qkv_batch4,llm,qkv,4096x4x4096,1,4,0,bias,bf16xbf16_acc_fp32,TokenDynamic,raw_e2e,native_fused,row_contiguous,default,auto,auto,auto,0.0,1.0,0.0,1.0,,,,,11107.30180516839,11086.556408554317,11112.381983548405,0.0015406289439934622,12.083738279043297,1588609.8840273917,143.02392353183274,143.02392353183274,TokenDynamic,11107.30180516839,4887.332674115896,1.0,2.272671525716769,ok,,benchmarks/ops/matmul-otherlibs/results/raw/arm/920f-4_MatmulOtherlibsVecopsBiasBench_baseline-common-v2.json
arm-optimized-v3,920f-4,Native,"HiSilicon CPU part 0xd22, 2.0 GHz",BiSheng clang 19.1.7,ACL,2a8ca9840a3112d12d6cc68e49e6c833f9759fd6,"SVE+SVE2+SME,VL=SVL=512b",sme_interleaved_nomerge_bf16fp32_mopa_1VLx4VL,L02_qkv_batch4,llm,qkv,4096x4x4096,1,4,0,bias_relu,bf16xbf16_acc_fp32,NA,prepared_execute,native_fused,row_contiguous,default,auto,auto,auto,1.0,0.0,1.0,1.0,256.0,64.0,,,2138.749696314335,2138.317190110684,2166.9594570994377,0.009541117336632914,62.755229483513084,1588490.8279404044,,742.7193704236729,TokenDynamic,11387.797072529793,4827.090073376894,0.18781066106925393,0.44307225757196755,ok,,benchmarks/ops/matmul-otherlibs/results/raw/arm/920f-4_MatmulOtherlibsACLBench_baseline-common-v2.json
arm-optimized-v3,920f-4,Native,"HiSilicon CPU part 0xd22, 2.0 GHz",BiSheng clang 19.1.7,LIBXSMM,3668d249637792dcc988414eb3d2a374033743df,"SVE+SVE2+SME,VL=SVL=512b",,L02_qkv_batch4,llm,qkv,4096x4x4096,1,4,0,bias_relu,bf16xbf16_acc_fp32,NA,prepared_execute,separate,row_contiguous,default,auto,auto,auto,0.0,0.0,1.0,1.0,,,1.0,0.0,478670.2920682728,476618.9937479794,478913.0576886237,0.0032962258543459654,0.2803970294877972,1588490.8279404044,,3.3185490185253395,TokenDynamic,11387.797072529793,4827.090073376894,42.03361624900614,99.16332299417996,ok,,benchmarks/ops/matmul-otherlibs/results/raw/arm/920f-4_MatmulOtherlibsLIBXSMMBench_baseline-common-v2.json
arm-optimized-v3,920f-4,Native,"HiSilicon CPU part 0xd22, 2.0 GHz",BiSheng clang 19.1.7,oneDNN,0e2a5bfeef1bfbffc3137464606540233086ce9b,"SVE+SVE2+SME,VL=SVL=512b",brg:sve_512,L02_qkv_batch4,llm,qkv,4096x4x4096,1,4,0,bias_relu,bf16xbf16_acc_fp32,NA,prepared_execute,separate,row_contiguous,default,auto,auto,auto,0.0,0.0,1.0,1.0,,,,,1957.3988392949104,1900.2923741936681,1959.7275182604787,0.02175077933776633,68.56943271119319,1588490.8279404044,,811.5315060228639,TokenDynamic,11387.797072529793,4827.090073376894,0.17188564450420746,0.4055028618775225,ok,,benchmarks/ops/matmul-otherlibs/results/raw/arm-v3/920f-4_MatmulOtherlibsOneDNNBench_optimized-prepared-v3.json
arm-optimized-v3,920f-4,Native,"HiSilicon CPU part 0xd22, 2.0 GHz",BiSheng clang 19.1.7,KUPL-MMA,bd7059eae348f1d77f73a9fbb1cadfe7a6405fb8,"SVE+SVE2+SME,VL=SVL=512b",KP36_16x64x2_BF16BF16F32+vecops_transpose_pack,L02_qkv_batch4,llm,qkv,4096x4x4096,1,4,0,bias_relu,bf16xbf16_acc_fp32,NA,raw_e2e,separate,row_contiguous,default,auto,auto,auto,0.0,1.0,0.0,1.0,,,4.0,,8698.766119778156,8675.365336239336,8726.224116981031,0.003657329277855217,15.429513353029767,1588490.8279404044,182.61105150633887,182.61105150633887,TokenDynamic,11387.797072529793,4827.090073376894,0.763867327840057,1.802072467583508,ok,,benchmarks/ops/matmul-otherlibs/results/raw/arm-v3/920f-4_MatmulOtherlibsKUPLBench_vecops-pack-v3.json
arm-optimized-v3,920f-4,Native,"HiSilicon CPU part 0xd22, 2.0 GHz",BiSheng clang 19.1.7,OpenBLAS,e0166008be8e466242aa76b2ff75ce3f0fbf574a,"SVE+SVE2+SME,VL=SVL=512b",ARMV8SVE,L02_qkv_batch4,llm,qkv,4096x4x4096,1,4,0,bias_relu,bf16xbf16_acc_fp32,NA,raw_e2e,separate,row_contiguous,default,auto,auto,auto,0.0,1.0,0.0,1.0,,,1.0,,1588490.8279404044,1588345.2592417598,1588563.1280019877,8.732412373079318e-05,0.08449386401180747,1588490.8279404044,1.0,1.0,TokenDynamic,11387.797072529793,4827.090073376894,139.4906159482101,329.07834819604716,ok,,benchmarks/ops/matmul-otherlibs/results/raw/arm/920f-4_MatmulOtherlibsOpenBLASARMV8SVEBench-Native_baseline-common-v2.json
arm-optimized-v3,920f-4,Native,"HiSilicon CPU part 0xd22, 2.0 GHz",BiSheng clang 19.1.7,vecops,c4d4daf287d3552c42830f35a16f09783c323b88+benchmark-worktree,"SVE+SVE2+SME,VL=SVL=512b",,L02_qkv_batch4,llm,qkv,4096x4x4096,1,4,0,bias_relu,bf16xbf16_acc_fp32,AllConst,raw_e2e,native_fused,row_contiguous,default,auto,auto,auto,0.0,1.0,0.0,1.0,,,,,4827.090073376894,4824.313241988421,4851.035494357348,0.0037976942646156787,27.80510120170704,1588490.8279404044,329.07834819604716,329.07834819604716,TokenDynamic,11387.797072529793,4827.090073376894,0.42388269150150554,1.0,ok,,benchmarks/ops/matmul-otherlibs/results/raw/arm/920f-4_MatmulOtherlibsVecopsBiasReluBench_baseline-common-v2.json
arm-optimized-v3,920f-4,Native,"HiSilicon CPU part 0xd22, 2.0 GHz",BiSheng clang 19.1.7,vecops,c4d4daf287d3552c42830f35a16f09783c323b88+benchmark-worktree,"SVE+SVE2+SME,VL=SVL=512b",,L02_qkv_batch4,llm,qkv,4096x4x4096,1,4,0,bias_relu,bf16xbf16_acc_fp32,TokenDynamic,raw_e2e,native_fused,row_contiguous,default,auto,auto,auto,0.0,1.0,0.0,1.0,,,,,11387.797072529793,11381.324008107185,11404.565721750258,0.0013161435785134113,11.786101134851327,1588490.8279404044,139.4906159482101,139.4906159482101,TokenDynamic,11387.797072529793,4827.090073376894,1.0,2.3591432725354586,ok,,benchmarks/ops/matmul-otherlibs/results/raw/arm/920f-4_MatmulOtherlibsVecopsBiasReluBench_baseline-common-v2.json
arm-optimized-v3,920f-4,Native,"HiSilicon CPU part 0xd22, 2.0 GHz",BiSheng clang 19.1.7,ACL,2a8ca9840a3112d12d6cc68e49e6c833f9759fd6,"SVE+SVE2+SME,VL=SVL=512b",sme_interleaved_nomerge_bf16fp32_mopa_1VLx4VL,L02_qkv_batch4,llm,qkv,4096x4x4096,1,4,0,gemm,bf16xbf16_acc_fp32,NA,prepared_execute,native,row_contiguous,default,auto,auto,auto,1.0,0.0,1.0,1.0,256.0,64.0,,,2139.2288617789745,2133.3570592105393,2182.9920820891853,0.01573138813448282,62.74117295163317,1588371.1809292436,,742.4970788812003,TokenDynamic,11392.447166144848,4858.10125246644,0.18777606168200295,0.4403425846039944,ok,,benchmarks/ops/matmul-otherlibs/results/raw/arm/920f-4_MatmulOtherlibsACLBench_baseline-common-v2.json
arm-optimized-v3,920f-4,Native,"HiSilicon CPU part 0xd22, 2.0 GHz",BiSheng clang 19.1.7,LIBXSMM,3668d249637792dcc988414eb3d2a374033743df,"SVE+SVE2+SME,VL=SVL=512b",,L02_qkv_batch4,llm,qkv,4096x4x4096,1,4,0,gemm,bf16xbf16_acc_fp32,NA,prepared_execute,native,row_contiguous,default,auto,auto,auto,0.0,0.0,1.0,1.0,,,1.0,0.0,476873.3410164714,475476.8071696162,478476.22241824865,0.0039334857478887835,0.2814536197681138,1588371.1809292436,,3.3308030546299308,TokenDynamic,11392.447166144848,4858.10125246644,41.858727458803145,98.16043681147332,ok,,benchmarks/ops/matmul-otherlibs/results/raw/arm/920f-4_MatmulOtherlibsLIBXSMMBench_baseline-common-v2.json
arm-optimized-v3,920f-4,Native,"HiSilicon CPU part 0xd22, 2.0 GHz",BiSheng clang 19.1.7,oneDNN,0e2a5bfeef1bfbffc3137464606540233086ce9b,"SVE+SVE2+SME,VL=SVL=512b",brg:sve_512,L02_qkv_batch4,llm,qkv,4096x4x4096,1,4,0,gemm,bf16xbf16_acc_fp32,NA,prepared_execute,native,row_contiguous,default,auto,auto,auto,0.0,0.0,1.0,1.0,,,,,1877.9351375997066,1873.4152428805828,1943.7304697930813,0.025845392926606363,71.4709072282183,1588371.1809292436,,845.8072641206496,TokenDynamic,11392.447166144848,4858.10125246644,0.16484036398960902,0.38655743056946085,ok,,benchmarks/ops/matmul-otherlibs/results/raw/arm-v3/920f-4_MatmulOtherlibsOneDNNBench_optimized-prepared-v3.json
arm-optimized-v3,920f-4,Native,"HiSilicon CPU part 0xd22, 2.0 GHz",BiSheng clang 19.1.7,KUPL-MMA,bd7059eae348f1d77f73a9fbb1cadfe7a6405fb8,"SVE+SVE2+SME,VL=SVL=512b",KP36_16x64x2_BF16BF16F32+vecops_transpose_pack,L02_qkv_batch4,llm,qkv,4096x4x4096,1,4,0,gemm,bf16xbf16_acc_fp32,NA,raw_e2e,native_accumulate,row_contiguous,default,auto,auto,auto,0.0,1.0,0.0,1.0,,,4.0,,8640.962652862072,8619.87415701151,8645.475469529627,0.0019784670331521735,15.532728631287883,1588371.1809292436,183.81877630302463,183.81877630302463,TokenDynamic,11392.447166144848,4858.10125246644,0.7584816964120391,1.7786707612310646,ok,,benchmarks/ops/matmul-otherlibs/results/raw/arm-v3/920f-4_MatmulOtherlibsKUPLBench_vecops-pack-v3.json
arm-optimized-v3,920f-4,Native,"HiSilicon CPU part 0xd22, 2.0 GHz",BiSheng clang 19.1.7,OpenBLAS,e0166008be8e466242aa76b2ff75ce3f0fbf574a,"SVE+SVE2+SME,VL=SVL=512b",ARMV8SVE,L02_qkv_batch4,llm,qkv,4096x4x4096,1,4,0,gemm,bf16xbf16_acc_fp32,NA,raw_e2e,native,row_contiguous,default,auto,auto,auto,0.0,1.0,0.0,1.0,,,1.0,,1588371.1809292436,1588155.2970036867,1588699.207268655,0.00021552509175519794,0.08450022866914439,1588371.1809292436,1.0,1.0,TokenDynamic,11392.447166144848,4858.10125246644,139.42317728270328,326.95308277546366,ok,,benchmarks/ops/matmul-otherlibs/results/raw/arm/920f-4_MatmulOtherlibsOpenBLASARMV8SVEBench-Native_baseline-common-v2.json
arm-optimized-v3,920f-4,Native,"HiSilicon CPU part 0xd22, 2.0 GHz",BiSheng clang 19.1.7,vecops,c4d4daf287d3552c42830f35a16f09783c323b88+benchmark-worktree,"SVE+SVE2+SME,VL=SVL=512b",,L02_qkv_batch4,llm,qkv,4096x4x4096,1,4,0,gemm,bf16xbf16_acc_fp32,AllConst,raw_e2e,native,row_contiguous,default,auto,auto,auto,0.0,1.0,0.0,1.0,,,,,4858.10125246644,4849.26113858819,4878.599662333727,0.003868624026375656,27.62761025860837,1588371.1809292436,326.95308277546366,326.95308277546366,TokenDynamic,11392.447166144848,4858.10125246644,0.4264317561992609,1.0,ok,,benchmarks/ops/matmul-otherlibs/results/raw/arm/920f-4_MatmulOtherlibsVecopsLLMBench_baseline-common-v2.json
arm-optimized-v3,920f-4,Native,"HiSilicon CPU part 0xd22, 2.0 GHz",BiSheng clang 19.1.7,vecops,c4d4daf287d3552c42830f35a16f09783c323b88+benchmark-worktree,"SVE+SVE2+SME,VL=SVL=512b",,L02_qkv_batch4,llm,qkv,4096x4x4096,1,4,0,gemm,bf16xbf16_acc_fp32,TokenDynamic,raw_e2e,native,row_contiguous,default,auto,auto,auto,0.0,1.0,0.0,1.0,,,,,11392.447166144848,11387.91125267744,11426.481418311596,0.0023106009848130366,11.781290362167084,1588371.1809292436,139.42317728270328,139.42317728270328,TokenDynamic,11392.447166144848,4858.10125246644,1.0,2.3450411125871335,ok,,benchmarks/ops/matmul-otherlibs/results/raw/arm/920f-4_MatmulOtherlibsVecopsLLMBench_baseline-common-v2.json
arm-optimized-v3,920f-4,Native,"HiSilicon CPU part 0xd22, 2.0 GHz",BiSheng clang 19.1.7,ACL,2a8ca9840a3112d12d6cc68e49e6c833f9759fd6,"SVE+SVE2+SME,VL=SVL=512b",a64_hybrid_bf16fp32_mmla_6x16,L02_qkv_batch4,llm,qkv,4096x4x4096,1,4,0,gemm_add,bf16xbf16_acc_fp32,NA,prepared_execute,native,row_contiguous,default,auto,auto,auto,1.0,0.0,1.0,1.0,1024.0,16.0,,,5113.216117024422,5045.675858855248,5134.8015666008005,0.011409234884361782,26.24917956296095,1588332.287967205,,310.6327312625927,TokenDynamic,11477.492284029722,4901.313688606024,0.44549941663991977,1.0432338025846015,ok,,benchmarks/ops/matmul-otherlibs/results/raw/arm/920f-4_MatmulOtherlibsACLBench_baseline-common-v2.json
arm-optimized-v3,920f-4,Native,"HiSilicon CPU part 0xd22, 2.0 GHz",BiSheng clang 19.1.7,LIBXSMM,3668d249637792dcc988414eb3d2a374033743df,"SVE+SVE2+SME,VL=SVL=512b",,L02_qkv_batch4,llm,qkv,4096x4x4096,1,4,0,gemm_add,bf16xbf16_acc_fp32,NA,prepared_execute,native,row_contiguous,default,auto,auto,auto,0.0,0.0,1.0,1.0,,,1.0,0.0,477071.0519514978,475759.0903900564,479477.9713265598,0.004937191788947488,0.2813369779008211,1588332.287967205,,3.3293411567731956,TokenDynamic,11477.492284029722,4901.313688606024,41.56579156366021,97.33534359584745,ok,,benchmarks/ops/matmul-otherlibs/results/raw/arm/920f-4_MatmulOtherlibsLIBXSMMBench_baseline-common-v2.json
arm-optimized-v3,920f-4,Native,"HiSilicon CPU part 0xd22, 2.0 GHz",BiSheng clang 19.1.7,oneDNN,0e2a5bfeef1bfbffc3137464606540233086ce9b,"SVE+SVE2+SME,VL=SVL=512b",brg:sve_512,L02_qkv_batch4,llm,qkv,4096x4x4096,1,4,0,gemm_add,bf16xbf16_acc_fp32,NA,prepared_execute,native,row_contiguous,default,auto,auto,auto,0.0,0.0,1.0,1.0,,,,,1885.1850181818008,1879.1452050209045,1949.2052495479584,0.02541663703945833,71.19605062926323,1588332.287967205,,842.5339012608425,TokenDynamic,11477.492284029722,4901.313688606024,0.16425060209405923,0.384628517567494,ok,,benchmarks/ops/matmul-otherlibs/results/raw/arm-v3/920f-4_MatmulOtherlibsOneDNNBench_optimized-prepared-v3.json
arm-optimized-v3,920f-4,Native,"HiSilicon CPU part 0xd22, 2.0 GHz",BiSheng clang 19.1.7,KUPL-MMA,bd7059eae348f1d77f73a9fbb1cadfe7a6405fb8,"SVE+SVE2+SME,VL=SVL=512b",KP36_16x64x2_BF16BF16F32+vecops_transpose_pack,L02_qkv_batch4,llm,qkv,4096x4x4096,1,4,0,gemm_add,bf16xbf16_acc_fp32,NA,raw_e2e,native_accumulate,row_contiguous,default,auto,auto,auto,0.0,1.0,0.0,1.0,,,4.0,,8711.697068065405,8708.280976861715,8737.522643059492,0.00229159208560909,15.406611014058775,1588332.287967205,182.32179970875916,182.32179970875916,TokenDynamic,11477.492284029722,4901.313688606024,0.7590244325572091,1.7774208348095115,ok,,benchmarks/ops/matmul-otherlibs/results/raw/arm-v3/920f-4_MatmulOtherlibsKUPLBench_vecops-pack-v3.json
arm-optimized-v3,920f-4,Native,"HiSilicon CPU part 0xd22, 2.0 GHz",BiSheng clang 19.1.7,OpenBLAS,e0166008be8e466242aa76b2ff75ce3f0fbf574a,"SVE+SVE2+SME,VL=SVL=512b",ARMV8SVE,L02_qkv_batch4,llm,qkv,4096x4x4096,1,4,0,gemm_add,bf16xbf16_acc_fp32,NA,raw_e2e,native,row_contiguous,default,auto,auto,auto,0.0,1.0,0.0,1.0,,,1.0,,1588332.287967205,1588130.6290626528,1588910.960778594,0.0003187469587922098,0.08450229779801041,1588332.287967205,1.0,1.0,TokenDynamic,11477.492284029722,4901.313688606024,138.38670056675002,324.06256544231525,ok,,benchmarks/ops/matmul-otherlibs/results/raw/arm/920f-4_MatmulOtherlibsOpenBLASARMV8SVEBench-Native_baseline-common-v2.json
arm-optimized-v3,920f-4,Native,"HiSilicon CPU part 0xd22, 2.0 GHz",BiSheng clang 19.1.7,vecops,c4d4daf287d3552c42830f35a16f09783c323b88+benchmark-worktree,"SVE+SVE2+SME,VL=SVL=512b",,L02_qkv_batch4,llm,qkv,4096x4x4096,1,4,0,gemm_add,bf16xbf16_acc_fp32,AllConst,raw_e2e,native,row_contiguous,default,auto,auto,auto,0.0,1.0,0.0,1.0,,,,,4901.313688606024,4894.490074366332,4989.58295211196,0.013434461219944516,27.38403141019376,1588332.287967205,324.06256544231525,324.06256544231525,TokenDynamic,11477.492284029722,4901.313688606024,0.4270369839782792,1.0,ok,,benchmarks/ops/matmul-otherlibs/results/raw/arm/920f-4_MatmulOtherlibsVecopsLLMBench_baseline-common-v2.json
arm-optimized-v3,920f-4,Native,"HiSilicon CPU part 0xd22, 2.0 GHz",BiSheng clang 19.1.7,vecops,c4d4daf287d3552c42830f35a16f09783c323b88+benchmark-worktree,"SVE+SVE2+SME,VL=SVL=512b",,L02_qkv_batch4,llm,qkv,4096x4x4096,1,4,0,gemm_add,bf16xbf16_acc_fp32,TokenDynamic,raw_e2e,native,row_contiguous,default,auto,auto,auto,0.0,1.0,0.0,1.0,,,,,11477.492284029722,11448.674555867909,11558.936070650816,0.006216139128917067,11.693994182575608,1588332.287967205,138.38670056675002,138.38670056675002,TokenDynamic,11477.492284029722,4901.313688606024,1.0,2.341717550278652,ok,,benchmarks/ops/matmul-otherlibs/results/raw/arm/920f-4_MatmulOtherlibsVecopsLLMBench_baseline-common-v2.json
arm-optimized-v3,920f-4,Native,"HiSilicon CPU part 0xd22, 2.0 GHz",BiSheng clang 19.1.7,ACL,2a8ca9840a3112d12d6cc68e49e6c833f9759fd6,"SVE+SVE2+SME,VL=SVL=512b",sme_gemv_bf16fp32_dot_8VL,L04_mlp_up_decode,llm,mlp_up,11008x1x4096,1,1,0,bias,bf16xbf16_acc_fp32,NA,prepared_execute,native_fused,row_contiguous,default,auto,auto,auto,1.0,0.0,1.0,1.0,4096.0,11008.0,,,4635.968711227179,4619.864281266928,4674.131330102681,0.007499926798734132,19.45171367995046,198253.85324656963,,42.76427767220418,TokenDynamic,28865.194879472256,12803.656049072742,0.1606075666762288,0.3620816346095865,ok,,benchmarks/ops/matmul-otherlibs/results/raw/arm/920f-4_MatmulOtherlibsACLBench_baseline-common-v2.json
arm-optimized-v3,920f-4,Native,"HiSilicon CPU part 0xd22, 2.0 GHz",BiSheng clang 19.1.7,LIBXSMM,3668d249637792dcc988414eb3d2a374033743df,"SVE+SVE2+SME,VL=SVL=512b",,L04_mlp_up_decode,llm,mlp_up,11008x1x4096,1,1,0,bias,bf16xbf16_acc_fp32,NA,prepared_execute,separate,row_contiguous,default,auto,auto,auto,0.0,0.0,1.0,1.0,,,1.0,0.0,709617.4438484013,709541.2400551139,711548.7759001553,0.002001877072527532,0.12707908575492266,198253.85324656963,,0.27938131307961966,TokenDynamic,28865.194879472256,12803.656049072742,24.583843858024743,55.42303238455025,ok,,benchmarks/ops/matmul-otherlibs/results/raw/arm/920f-4_MatmulOtherlibsLIBXSMMBench_baseline-common-v2.json
arm-optimized-v3,920f-4,Native,"HiSilicon CPU part 0xd22, 2.0 GHz",BiSheng clang 19.1.7,oneDNN,0e2a5bfeef1bfbffc3137464606540233086ce9b,"SVE+SVE2+SME,VL=SVL=512b",brg:sve_512,L04_mlp_up_decode,llm,mlp_up,11008x1x4096,1,1,0,bias,bf16xbf16_acc_fp32,NA,prepared_execute,separate,row_contiguous,default,auto,auto,auto,0.0,0.0,1.0,1.0,,,,,4778.436850756407,4773.773159831763,4814.455565065145,0.0058082410051658005,18.871764724844123,198253.85324656963,,41.48926928168714,TokenDynamic,28865.194879472256,12803.656049072742,0.16554320421909346,0.3732087797768097,ok,,benchmarks/ops/matmul-otherlibs/results/raw/arm-v3/920f-4_MatmulOtherlibsOneDNNBench_optimized-prepared-v3.json
arm-optimized-v3,920f-4,Native,"HiSilicon CPU part 0xd22, 2.0 GHz",BiSheng clang 19.1.7,KUPL-MMA,bd7059eae348f1d77f73a9fbb1cadfe7a6405fb8,"SVE+SVE2+SME,VL=SVL=512b",KP36_16x64x2_BF16BF16F32+vecops_transpose_pack,L04_mlp_up_decode,llm,mlp_up,11008x1x4096,1,1,0,bias,bf16xbf16_acc_fp32,NA,raw_e2e,native_accumulate,row_contiguous,default,auto,auto,auto,0.0,1.0,0.0,1.0,,,16.0,,23033.778183162212,23006.280325353142,23051.187582314014,0.0012289472497596004,3.9150127817901863,198253.85324656963,8.607092230813182,8.607092230813182,TokenDynamic,28865.194879472256,12803.656049072742,0.7979775740070576,1.7990000742663146,ok,,benchmarks/ops/matmul-otherlibs/results/raw/arm-v3/920f-4_MatmulOtherlibsKUPLBench_vecops-pack-v3.json
arm-optimized-v3,920f-4,Native,"HiSilicon CPU part 0xd22, 2.0 GHz",BiSheng clang 19.1.7,OpenBLAS,e0166008be8e466242aa76b2ff75ce3f0fbf574a,"SVE+SVE2+SME,VL=SVL=512b",ARMV8SVE,L04_mlp_up_decode,llm,mlp_up,11008x1x4096,1,1,0,bias,bf16xbf16_acc_fp32,NA,raw_e2e,separate,row_contiguous,default,auto,auto,auto,0.0,1.0,0.0,1.0,,,1.0,,198253.85324656963,197898.00904691216,199630.03285229206,0.005755084157658364,0.4548589322389896,198253.85324656963,1.0,1.0,TokenDynamic,28865.194879472256,12803.656049072742,6.868266577599296,15.484159562449934,ok,,benchmarks/ops/matmul-otherlibs/results/raw/arm/920f-4_MatmulOtherlibsOpenBLASARMV8SVEBench-Native_baseline-common-v2.json
arm-optimized-v3,920f-4,Native,"HiSilicon CPU part 0xd22, 2.0 GHz",BiSheng clang 19.1.7,vecops,c4d4daf287d3552c42830f35a16f09783c323b88+benchmark-worktree,"SVE+SVE2+SME,VL=SVL=512b",,L04_mlp_up_decode,llm,mlp_up,11008x1x4096,1,1,0,bias,bf16xbf16_acc_fp32,AllConst,raw_e2e,native_fused,row_contiguous,default,auto,auto,auto,0.0,1.0,0.0,1.0,,,,,12803.656049072742,12800.871767103672,12860.803864896297,0.003296615056144564,7.0431082851941165,198253.85324656963,15.484159562449934,15.484159562449934,TokenDynamic,28865.194879472256,12803.656049072742,0.44356728241520305,1.0,ok,,benchmarks/ops/matmul-otherlibs/results/raw/arm/920f-4_MatmulOtherlibsVecopsBiasBench_baseline-common-v2.json
arm-optimized-v3,920f-4,Native,"HiSilicon CPU part 0xd22, 2.0 GHz",BiSheng clang 19.1.7,vecops,c4d4daf287d3552c42830f35a16f09783c323b88+benchmark-worktree,"SVE+SVE2+SME,VL=SVL=512b",,L04_mlp_up_decode,llm,mlp_up,11008x1x4096,1,1,0,bias,bf16xbf16_acc_fp32,TokenDynamic,raw_e2e,native_fused,row_contiguous,default,auto,auto,auto,0.0,1.0,0.0,1.0,,,,,28865.194879472256,28861.795179545883,28882.196359336376,0.0004732369028988909,3.124092401819555,198253.85324656963,6.868266577599296,6.868266577599296,TokenDynamic,28865.194879472256,12803.656049072742,1.0,2.254449414201712,ok,,benchmarks/ops/matmul-otherlibs/results/raw/arm/920f-4_MatmulOtherlibsVecopsBiasBench_baseline-common-v2.json
arm-optimized-v3,920f-4,Native,"HiSilicon CPU part 0xd22, 2.0 GHz",BiSheng clang 19.1.7,ACL,2a8ca9840a3112d12d6cc68e49e6c833f9759fd6,"SVE+SVE2+SME,VL=SVL=512b",sme_gemv_bf16fp32_dot_8VL,L04_mlp_up_decode,llm,mlp_up,11008x1x4096,1,1,0,bias_relu,bf16xbf16_acc_fp32,NA,prepared_execute,native_fused,row_contiguous,default,auto,auto,auto,1.0,0.0,1.0,1.0,4096.0,11008.0,,,4610.4080975055695,4608.199372887612,4614.512622356416,0.0008684603700820556,19.559556137511983,198301.45500600338,,43.01169241683682,TokenDynamic,29147.029854357243,12762.083671987057,0.1581776297805641,0.36125825656710564,ok,,benchmarks/ops/matmul-otherlibs/results/raw/arm/920f-4_MatmulOtherlibsACLBench_baseline-common-v2.json
arm-optimized-v3,920f-4,Native,"HiSilicon CPU part 0xd22, 2.0 GHz",BiSheng clang 19.1.7,LIBXSMM,3668d249637792dcc988414eb3d2a374033743df,"SVE+SVE2+SME,VL=SVL=512b",,L04_mlp_up_decode,llm,mlp_up,11008x1x4096,1,1,0,bias_relu,bf16xbf16_acc_fp32,NA,prepared_execute,separate,row_contiguous,default,auto,auto,auto,0.0,0.0,1.0,1.0,,,1.0,0.0,710293.582174927,709733.1580705942,710299.6778674425,0.0005727223096901186,0.1269581174081221,198301.45500600338,,0.27918238314754595,TokenDynamic,29147.029854357243,12762.083671987057,24.36932976444404,55.65655267830839,ok,,benchmarks/ops/matmul-otherlibs/results/raw/arm/920f-4_MatmulOtherlibsLIBXSMMBench_baseline-common-v2.json
arm-optimized-v3,920f-4,Native,"HiSilicon CPU part 0xd22, 2.0 GHz",BiSheng clang 19.1.7,oneDNN,0e2a5bfeef1bfbffc3137464606540233086ce9b,"SVE+SVE2+SME,VL=SVL=512b",brg:sve_512,L04_mlp_up_decode,llm,mlp_up,11008x1x4096,1,1,0,bias_relu,bf16xbf16_acc_fp32,NA,prepared_execute,separate,row_contiguous,default,auto,auto,auto,0.0,0.0,1.0,1.0,,,,,4787.5079326331615,4773.907270282508,4814.157541841268,0.005339784551848254,18.836007640910946,198301.45500600338,,41.42060082121603,TokenDynamic,29147.029854357243,12762.083671987057,0.16425371492586124,0.3751352879108452,ok,,benchmarks/ops/matmul-otherlibs/results/raw/arm-v3/920f-4_MatmulOtherlibsOneDNNBench_optimized-prepared-v3.json
arm-optimized-v3,920f-4,Native,"HiSilicon CPU part 0xd22, 2.0 GHz",BiSheng clang 19.1.7,KUPL-MMA,bd7059eae348f1d77f73a9fbb1cadfe7a6405fb8,"SVE+SVE2+SME,VL=SVL=512b",KP36_16x64x2_BF16BF16F32+vecops_transpose_pack,L04_mlp_up_decode,llm,mlp_up,11008x1x4096,1,1,0,bias_relu,bf16xbf16_acc_fp32,NA,raw_e2e,separate,row_contiguous,default,auto,auto,auto,0.0,1.0,0.0,1.0,,,16.0,,23037.848994135857,23016.456142067913,23038.217052817345,0.0006762522012087825,3.9143209951134823,198301.45500600338,8.607637590492056,8.607637590492056,TokenDynamic,29147.029854357243,12762.083671987057,0.7904012556082756,1.8051792784202036,ok,,benchmarks/ops/matmul-otherlibs/results/raw/arm-v3/920f-4_MatmulOtherlibsKUPLBench_vecops-pack-v3.json
arm-optimized-v3,920f-4,Native,"HiSilicon CPU part 0xd22, 2.0 GHz",BiSheng clang 19.1.7,OpenBLAS,e0166008be8e466242aa76b2ff75ce3f0fbf574a,"SVE+SVE2+SME,VL=SVL=512b",ARMV8SVE,L04_mlp_up_decode,llm,mlp_up,11008x1x4096,1,1,0,bias_relu,bf16xbf16_acc_fp32,NA,raw_e2e,separate,row_contiguous,default,auto,auto,auto,0.0,1.0,0.0,1.0,,,1.0,,198301.45500600338,197952.7071118355,198321.10442221165,0.0013073428996545362,0.45474974451029604,198301.45500600338,1.0,1.0,TokenDynamic,29147.029854357243,12762.083671987057,6.803487559345911,15.538329014507067,ok,,benchmarks/ops/matmul-otherlibs/results/raw/arm/920f-4_MatmulOtherlibsOpenBLASARMV8SVEBench-Native_baseline-common-v2.json
arm-optimized-v3,920f-4,Native,"HiSilicon CPU part 0xd22, 2.0 GHz",BiSheng clang 19.1.7,vecops,c4d4daf287d3552c42830f35a16f09783c323b88+benchmark-worktree,"SVE+SVE2+SME,VL=SVL=512b",,L04_mlp_up_decode,llm,mlp_up,11008x1x4096,1,1,0,bias_relu,bf16xbf16_acc_fp32,AllConst,raw_e2e,native_fused,row_contiguous,default,auto,auto,auto,0.0,1.0,0.0,1.0,,,,,12762.083671987057,12756.059877574444,12850.536964833736,0.005166800206746414,7.066051149464009,198301.45500600338,15.538329014507067,15.538329014507067,TokenDynamic,29147.029854357243,12762.083671987057,0.4378519436030711,1.0,ok,,benchmarks/ops/matmul-otherlibs/results/raw/arm/920f-4_MatmulOtherlibsVecopsBiasReluBench_baseline-common-v2.json
arm-optimized-v3,920f-4,Native,"HiSilicon CPU part 0xd22, 2.0 GHz",BiSheng clang 19.1.7,vecops,c4d4daf287d3552c42830f35a16f09783c323b88+benchmark-worktree,"SVE+SVE2+SME,VL=SVL=512b",,L04_mlp_up_decode,llm,mlp_up,11008x1x4096,1,1,0,bias_relu,bf16xbf16_acc_fp32,TokenDynamic,raw_e2e,native_fused,row_contiguous,default,auto,auto,auto,0.0,1.0,0.0,1.0,,,,,29147.029854357243,29091.28349274397,29264.021106064316,0.003777514980044715,3.0938842293915307,198301.45500600338,6.803487559345911,6.803487559345911,TokenDynamic,29147.029854357243,12762.083671987057,1.0,2.283877037911557,ok,,benchmarks/ops/matmul-otherlibs/results/raw/arm/920f-4_MatmulOtherlibsVecopsBiasReluBench_baseline-common-v2.json
arm-optimized-v3,920f-4,Native,"HiSilicon CPU part 0xd22, 2.0 GHz",BiSheng clang 19.1.7,ACL,2a8ca9840a3112d12d6cc68e49e6c833f9759fd6,"SVE+SVE2+SME,VL=SVL=512b",sme_gemv_bf16fp32_dot_8VL,L04_mlp_up_decode,llm,mlp_up,11008x1x4096,1,1,0,bias_silu,bf16xbf16_acc_fp32,NA,prepared_execute,native_fused,row_contiguous,default,auto,auto,auto,1.0,0.0,1.0,1.0,4096.0,11008.0,,,4844.6510918438435,4743.365291506053,4850.515071302653,0.015671934516696885,18.61383498840966,199599.6478945017,,41.20000472903722,TokenDynamic,27957.045007497072,12834.918219596148,0.1732890972756485,0.37745866463310285,ok,,benchmarks/ops/matmul-otherlibs/results/raw/arm/920f-4_MatmulOtherlibsACLBench_baseline-common-v2.json
arm-optimized-v3,920f-4,Native,"HiSilicon CPU part 0xd22, 2.0 GHz",BiSheng clang 19.1.7,LIBXSMM,3668d249637792dcc988414eb3d2a374033743df,"SVE+SVE2+SME,VL=SVL=512b",,L04_mlp_up_decode,llm,mlp_up,11008x1x4096,1,1,0,bias_silu,bf16xbf16_acc_fp32,NA,prepared_execute,separate,row_contiguous,default,auto,auto,auto,0.0,0.0,1.0,1.0,,,1.0,0.0,710545.9161102772,709444.4535672665,710841.1319553852,0.0012955722050790224,0.12691303117137948,199599.6478945017,,0.28091027387387546,TokenDynamic,27957.045007497072,12834.918219596148,25.41563015403575,55.360377366910456,ok,,benchmarks/ops/matmul-otherlibs/results/raw/arm/920f-4_MatmulOtherlibsLIBXSMMBench_baseline-common-v2.json
arm-optimized-v3,920f-4,Native,"HiSilicon CPU part 0xd22, 2.0 GHz",BiSheng clang 19.1.7,oneDNN,0e2a5bfeef1bfbffc3137464606540233086ce9b,"SVE+SVE2+SME,VL=SVL=512b",brg:sve_512,L04_mlp_up_decode,llm,mlp_up,11008x1x4096,1,1,0,bias_silu,bf16xbf16_acc_fp32,NA,prepared_execute,separate,row_contiguous,default,auto,auto,auto,0.0,0.0,1.0,1.0,,,,,4888.154100626707,4875.8803866803655,4893.59376952052,0.0023216949266411354,18.448177807741043,199599.6478945017,,40.833337858336165,TokenDynamic,27957.045007497072,12834.918219596148,0.17484516333238653,0.38084809088721355,ok,,benchmarks/ops/matmul-otherlibs/results/raw/arm-v3/920f-4_MatmulOtherlibsOneDNNBench_optimized-prepared-v3.json
arm-optimized-v3,920f-4,Native,"HiSilicon CPU part 0xd22, 2.0 GHz",BiSheng clang 19.1.7,KUPL-MMA,bd7059eae348f1d77f73a9fbb1cadfe7a6405fb8,"SVE+SVE2+SME,VL=SVL=512b",KP36_16x64x2_BF16BF16F32+vecops_transpose_pack,L04_mlp_up_decode,llm,mlp_up,11008x1x4096,1,1,0,bias_silu,bf16xbf16_acc_fp32,NA,raw_e2e,separate,row_contiguous,default,auto,auto,auto,0.0,1.0,0.0,1.0,,,16.0,,23285.083007067442,23231.103923171755,23325.05350932479,0.002531682988791451,3.8727599112543207,199599.6478945017,8.571996407911435,8.571996407911435,TokenDynamic,27957.045007497072,12834.918219596148,0.8328878463665678,1.8141980033434222,ok,,benchmarks/ops/matmul-otherlibs/results/raw/arm-v3/920f-4_MatmulOtherlibsKUPLBench_vecops-pack-v3.json
arm-optimized-v3,920f-4,Native,"HiSilicon CPU part 0xd22, 2.0 GHz",BiSheng clang 19.1.7,OpenBLAS,e0166008be8e466242aa76b2ff75ce3f0fbf574a,"SVE+SVE2+SME,VL=SVL=512b",ARMV8SVE,L04_mlp_up_decode,llm,mlp_up,11008x1x4096,1,1,0,bias_silu,bf16xbf16_acc_fp32,NA,raw_e2e,separate,row_contiguous,default,auto,auto,auto,0.0,1.0,0.0,1.0,,,1.0,,199599.6478945017,198277.6213437319,199721.31922841072,0.005027073639975356,0.451792059511364,199599.6478945017,1.0,1.0,TokenDynamic,27957.045007497072,12834.918219596148,7.139511627247309,15.55129876789991,ok,,benchmarks/ops/matmul-otherlibs/results/raw/arm/920f-4_MatmulOtherlibsOpenBLASARMV8SVEBench-Native_baseline-common-v2.json
arm-optimized-v3,920f-4,Native,"HiSilicon CPU part 0xd22, 2.0 GHz",BiSheng clang 19.1.7,vecops,c4d4daf287d3552c42830f35a16f09783c323b88+benchmark-worktree,"SVE+SVE2+SME,VL=SVL=512b",,L04_mlp_up_decode,llm,mlp_up,11008x1x4096,1,1,0,bias_silu,bf16xbf16_acc_fp32,AllConst,raw_e2e,native_fused,row_contiguous,default,auto,auto,auto,0.0,1.0,0.0,1.0,,,,,12834.918219596148,12792.475614696741,12869.656551629305,0.003765525829354841,7.025953298426038,199599.6478945017,15.55129876789991,15.55129876789991,TokenDynamic,27957.045007497072,12834.918219596148,0.45909423603797483,1.0,ok,,benchmarks/ops/matmul-otherlibs/results/raw/arm/920f-4_MatmulOtherlibsVecopsBiasSiluBench_baseline-common-v2.json
arm-optimized-v3,920f-4,Native,"HiSilicon CPU part 0xd22, 2.0 GHz",BiSheng clang 19.1.7,vecops,c4d4daf287d3552c42830f35a16f09783c323b88+benchmark-worktree,"SVE+SVE2+SME,VL=SVL=512b",,L04_mlp_up_decode,llm,mlp_up,11008x1x4096,1,1,0,bias_silu,bf16xbf16_acc_fp32,TokenDynamic,raw_e2e,native_fused,row_contiguous,default,auto,auto,auto,0.0,1.0,0.0,1.0,,,,,27957.045007497072,27952.364180237055,27965.86910262704,0.0003065930314821016,3.2255746619793912,199599.6478945017,7.139511627247309,7.139511627247309,TokenDynamic,27957.045007497072,12834.918219596148,1.0,2.178202036754134,ok,,benchmarks/ops/matmul-otherlibs/results/raw/arm/920f-4_MatmulOtherlibsVecopsBiasSiluBench_baseline-common-v2.json
arm-optimized-v3,920f-4,Native,"HiSilicon CPU part 0xd22, 2.0 GHz",BiSheng clang 19.1.7,ACL,2a8ca9840a3112d12d6cc68e49e6c833f9759fd6,"SVE+SVE2+SME,VL=SVL=512b",sme_gemv_bf16fp32_dot_8VL,L04_mlp_up_decode,llm,mlp_up,11008x1x4096,1,1,0,gemm,bf16xbf16_acc_fp32,NA,prepared_execute,native,row_contiguous,default,auto,auto,auto,1.0,0.0,1.0,1.0,4096.0,11008.0,,,4600.257147103548,4600.201267749071,4603.481013327836,0.0005100530863256506,19.60271635179749,198102.03416272998,,43.06325229828959,TokenDynamic,29150.140937417746,12942.024040967226,0.15781251819604616,0.35545113596928124,ok,,benchmarks/ops/matmul-otherlibs/results/raw/arm/920f-4_MatmulOtherlibsACLBench_baseline-common-v2.json
arm-optimized-v3,920f-4,Native,"HiSilicon CPU part 0xd22, 2.0 GHz",BiSheng clang 19.1.7,LIBXSMM,3668d249637792dcc988414eb3d2a374033743df,"SVE+SVE2+SME,VL=SVL=512b",,L04_mlp_up_decode,llm,mlp_up,11008x1x4096,1,1,0,gemm,bf16xbf16_acc_fp32,NA,prepared_execute,native,row_contiguous,default,auto,auto,auto,0.0,0.0,1.0,1.0,,,1.0,0.0,709067.1127662063,708759.2875584961,709641.6248008609,0.0007893562785558715,0.12717771615186071,198102.03416272998,,0.27938403938929857,TokenDynamic,29150.140937417746,12942.024040967226,24.324654700246494,54.78796133600861,ok,,benchmarks/ops/matmul-otherlibs/results/raw/arm/920f-4_MatmulOtherlibsLIBXSMMBench_baseline-common-v2.json
arm-optimized-v3,920f-4,Native,"HiSilicon CPU part 0xd22, 2.0 GHz",BiSheng clang 19.1.7,oneDNN,0e2a5bfeef1bfbffc3137464606540233086ce9b,"SVE+SVE2+SME,VL=SVL=512b",brg:sve_512,L04_mlp_up_decode,llm,mlp_up,11008x1x4096,1,1,0,gemm,bf16xbf16_acc_fp32,NA,prepared_execute,native,row_contiguous,default,auto,auto,auto,0.0,0.0,1.0,1.0,,,,,4772.527143359184,4768.703132867813,4811.016470193862,0.006111367712456527,18.89513318441344,198102.03416272998,,41.50883341509802,TokenDynamic,29150.140937417746,12942.024040967226,0.16372226650997307,0.36876203662209456,ok,,benchmarks/ops/matmul-otherlibs/results/raw/arm-v3/920f-4_MatmulOtherlibsOneDNNBench_optimized-prepared-v3.json
arm-optimized-v3,920f-4,Native,"HiSilicon CPU part 0xd22, 2.0 GHz",BiSheng clang 19.1.7,KUPL-MMA,bd7059eae348f1d77f73a9fbb1cadfe7a6405fb8,"SVE+SVE2+SME,VL=SVL=512b",KP36_16x64x2_BF16BF16F32+vecops_transpose_pack,L04_mlp_up_decode,llm,mlp_up,11008x1x4096,1,1,0,gemm,bf16xbf16_acc_fp32,NA,raw_e2e,native_accumulate,row_contiguous,default,auto,auto,auto,0.0,1.0,0.0,1.0,,,16.0,,22961.204405874014,22952.07595452666,22993.31864342093,0.0011788133219078234,3.9273870135893425,198102.03416272998,8.627684796536668,8.627684796536668,TokenDynamic,29150.140937417746,12942.024040967226,0.7876875948959999,1.7741586890266665,ok,,benchmarks/ops/matmul-otherlibs/results/raw/arm-v3/920f-4_MatmulOtherlibsKUPLBench_vecops-pack-v3.json
arm-optimized-v3,920f-4,Native,"HiSilicon CPU part 0xd22, 2.0 GHz",BiSheng clang 19.1.7,OpenBLAS,e0166008be8e466242aa76b2ff75ce3f0fbf574a,"SVE+SVE2+SME,VL=SVL=512b",ARMV8SVE,L04_mlp_up_decode,llm,mlp_up,11008x1x4096,1,1,0,gemm,bf16xbf16_acc_fp32,NA,raw_e2e,native,row_contiguous,default,auto,auto,auto,0.0,1.0,0.0,1.0,,,1.0,,198102.03416272998,198017.61424168947,199504.32842597365,0.005254515257953216,0.45520752162455885,198102.03416272998,1.0,1.0,TokenDynamic,29150.140937417746,12942.024040967226,6.795920286904752,15.306881947958797,ok,,benchmarks/ops/matmul-otherlibs/results/raw/arm/920f-4_MatmulOtherlibsOpenBLASARMV8SVEBench-Native_baseline-common-v2.json
arm-optimized-v3,920f-4,Native,"HiSilicon CPU part 0xd22, 2.0 GHz",BiSheng clang 19.1.7,vecops,c4d4daf287d3552c42830f35a16f09783c323b88+benchmark-worktree,"SVE+SVE2+SME,VL=SVL=512b",,L04_mlp_up_decode,llm,mlp_up,11008x1x4096,1,1,0,gemm,bf16xbf16_acc_fp32,AllConst,raw_e2e,native,row_contiguous,default,auto,auto,auto,0.0,1.0,0.0,1.0,,,,,12942.024040967226,12920.951191335915,12963.345739990473,0.0020473252638598402,6.967807795330023,198102.03416272998,15.306881947958797,15.306881947958797,TokenDynamic,29150.140937417746,12942.024040967226,0.4439780949516634,1.0,ok,,benchmarks/ops/matmul-otherlibs/results/raw/arm/920f-4_MatmulOtherlibsVecopsLLMBench_baseline-common-v2.json
arm-optimized-v3,920f-4,Native,"HiSilicon CPU part 0xd22, 2.0 GHz",BiSheng clang 19.1.7,vecops,c4d4daf287d3552c42830f35a16f09783c323b88+benchmark-worktree,"SVE+SVE2+SME,VL=SVL=512b",,L04_mlp_up_decode,llm,mlp_up,11008x1x4096,1,1,0,gemm,bf16xbf16_acc_fp32,TokenDynamic,raw_e2e,native,row_contiguous,default,auto,auto,auto,0.0,1.0,0.0,1.0,,,,,29150.140937417746,29140.96405729651,29185.286443680525,0.0010028297946551754,3.0935540309599734,198102.03416272998,6.795920286904752,6.795920286904752,TokenDynamic,29150.140937417746,12942.024040967226,1.0,2.2523633741634743,ok,,benchmarks/ops/matmul-otherlibs/results/raw/arm/920f-4_MatmulOtherlibsVecopsLLMBench_baseline-common-v2.json
arm-optimized-v3,920f-4,Native,"HiSilicon CPU part 0xd22, 2.0 GHz",BiSheng clang 19.1.7,ACL,2a8ca9840a3112d12d6cc68e49e6c833f9759fd6,"SVE+SVE2+SME,VL=SVL=512b",a64_hybrid_bf16fp32_mmla_6x16,L04_mlp_up_decode,llm,mlp_up,11008x1x4096,1,1,0,gemm_add,bf16xbf16_acc_fp32,NA,prepared_execute,native,row_contiguous,default,auto,auto,auto,1.0,0.0,1.0,1.0,1024.0,16.0,,,7314.159069210291,7312.711048871279,7315.206993371248,0.00021419652897926777,12.329173476635429,197941.74516573548,,27.062816557954246,TokenDynamic,29098.84788095951,12928.702868521214,0.251355624082843,0.5657303090334603,ok,,benchmarks/ops/matmul-otherlibs/results/raw/arm/920f-4_MatmulOtherlibsACLBench_baseline-common-v2.json
arm-optimized-v3,920f-4,Native,"HiSilicon CPU part 0xd22, 2.0 GHz",BiSheng clang 19.1.7,LIBXSMM,3668d249637792dcc988414eb3d2a374033743df,"SVE+SVE2+SME,VL=SVL=512b",,L04_mlp_up_decode,llm,mlp_up,11008x1x4096,1,1,0,gemm_add,bf16xbf16_acc_fp32,NA,prepared_execute,native,row_contiguous,default,auto,auto,auto,0.0,0.0,1.0,1.0,,,1.0,0.0,709408.6520373821,708816.7469948529,710469.8792099953,0.0014754630873805893,0.127116487430785,197941.74516573548,,0.27902358478044753,TokenDynamic,29098.84788095951,12928.702868521214,24.37926941092315,54.87082959920514,ok,,benchmarks/ops/matmul-otherlibs/results/raw/arm/920f-4_MatmulOtherlibsLIBXSMMBench_baseline-common-v2.json
arm-optimized-v3,920f-4,Native,"HiSilicon CPU part 0xd22, 2.0 GHz",BiSheng clang 19.1.7,oneDNN,0e2a5bfeef1bfbffc3137464606540233086ce9b,"SVE+SVE2+SME,VL=SVL=512b",brg:sve_512,L04_mlp_up_decode,llm,mlp_up,11008x1x4096,1,1,0,gemm_add,bf16xbf16_acc_fp32,NA,prepared_execute,native,row_contiguous,default,auto,auto,auto,0.0,0.0,1.0,1.0,,,,,4807.058721780777,4782.706126570701,4812.395200133324,0.004122363222149863,18.759399711804164,197941.74516573548,,41.177309582023966,TokenDynamic,29098.84788095951,12928.702868521214,0.16519756182258402,0.37181291662947846,ok,,benchmarks/ops/matmul-otherlibs/results/raw/arm-v3/920f-4_MatmulOtherlibsOneDNNBench_optimized-prepared-v3.json
arm-optimized-v3,920f-4,Native,"HiSilicon CPU part 0xd22, 2.0 GHz",BiSheng clang 19.1.7,KUPL-MMA,bd7059eae348f1d77f73a9fbb1cadfe7a6405fb8,"SVE+SVE2+SME,VL=SVL=512b",KP36_16x64x2_BF16BF16F32+vecops_transpose_pack,L04_mlp_up_decode,llm,mlp_up,11008x1x4096,1,1,0,gemm_add,bf16xbf16_acc_fp32,NA,raw_e2e,native_accumulate,row_contiguous,default,auto,auto,auto,0.0,1.0,0.0,1.0,,,16.0,,22989.125922322273,22959.300503134727,23005.935549736023,0.0012845138638507073,3.922616993125357,197941.74516573548,8.61023363108971,8.61023363108971,TokenDynamic,29098.84788095951,12928.702868521214,0.7900356060957636,1.7781463582318193,ok,,benchmarks/ops/matmul-otherlibs/results/raw/arm-v3/920f-4_MatmulOtherlibsKUPLBench_vecops-pack-v3.json
arm-optimized-v3,920f-4,Native,"HiSilicon CPU part 0xd22, 2.0 GHz",BiSheng clang 19.1.7,OpenBLAS,e0166008be8e466242aa76b2ff75ce3f0fbf574a,"SVE+SVE2+SME,VL=SVL=512b",ARMV8SVE,L04_mlp_up_decode,llm,mlp_up,11008x1x4096,1,1,0,gemm_add,bf16xbf16_acc_fp32,NA,raw_e2e,native,row_contiguous,default,auto,auto,auto,0.0,1.0,0.0,1.0,,,1.0,,197941.74516573548,197648.98503199217,198074.76112619045,0.001376026792128492,0.4555761389518662,197941.74516573548,1.0,1.0,TokenDynamic,29098.84788095951,12928.702868521214,6.802391145364086,15.310255574647302,ok,,benchmarks/ops/matmul-otherlibs/results/raw/arm/920f-4_MatmulOtherlibsOpenBLASARMV8SVEBench-Native_baseline-common-v2.json
arm-optimized-v3,920f-4,Native,"HiSilicon CPU part 0xd22, 2.0 GHz",BiSheng clang 19.1.7,vecops,c4d4daf287d3552c42830f35a16f09783c323b88+benchmark-worktree,"SVE+SVE2+SME,VL=SVL=512b",,L04_mlp_up_decode,llm,mlp_up,11008x1x4096,1,1,0,gemm_add,bf16xbf16_acc_fp32,AllConst,raw_e2e,native,row_contiguous,default,auto,auto,auto,0.0,1.0,0.0,1.0,,,,,12928.702868521214,12902.005203068256,12942.623533308504,0.001996515206858859,6.974987121064104,197941.74516573548,15.310255574647302,15.310255574647302,TokenDynamic,29098.84788095951,12928.702868521214,0.4443029126586472,1.0,ok,,benchmarks/ops/matmul-otherlibs/results/raw/arm/920f-4_MatmulOtherlibsVecopsLLMBench_baseline-common-v2.json
arm-optimized-v3,920f-4,Native,"HiSilicon CPU part 0xd22, 2.0 GHz",BiSheng clang 19.1.7,vecops,c4d4daf287d3552c42830f35a16f09783c323b88+benchmark-worktree,"SVE+SVE2+SME,VL=SVL=512b",,L04_mlp_up_decode,llm,mlp_up,11008x1x4096,1,1,0,gemm_add,bf16xbf16_acc_fp32,TokenDynamic,raw_e2e,native,row_contiguous,default,auto,auto,auto,0.0,1.0,0.0,1.0,,,,,29098.84788095951,29090.15119075775,29118.745774030685,0.0006295794833957607,3.099007093645333,197941.74516573548,6.802391145364086,6.802391145364086,TokenDynamic,29098.84788095951,12928.702868521214,1.0,2.2507167329066973,ok,,benchmarks/ops/matmul-otherlibs/results/raw/arm/920f-4_MatmulOtherlibsVecopsLLMBench_baseline-common-v2.json
arm-optimized-v3,920f-4,Native,"HiSilicon CPU part 0xd22, 2.0 GHz",BiSheng clang 19.1.7,ACL,2a8ca9840a3112d12d6cc68e49e6c833f9759fd6,"SVE+SVE2+SME,VL=SVL=512b",sme_interleaved_nomerge_bf16fp32_mopa_2VLx2VL,L08_attention,llm,attention,128x128x128,1,128,0,gemm,bf16xbf16_acc_fp32,NA,prepared_execute,native,row_contiguous,default,auto,auto,auto,1.0,0.0,1.0,1.0,128.0,32.0,,,13.600103557109833,11.392869055271149,22.97665923833847,0.46349814042565113,308.402357554646,46625.12894719839,,3428.2922002328287,TokenDynamic,28.440728783607483,11.831056326627731,0.4781911061628135,1.149525721257921,ok,,benchmarks/ops/matmul-otherlibs/results/raw/arm/920f-4_MatmulOtherlibsACLBench_baseline-common-v2.json
arm-optimized-v3,920f-4,Native,"HiSilicon CPU part 0xd22, 2.0 GHz",BiSheng clang 19.1.7,LIBXSMM,3668d249637792dcc988414eb3d2a374033743df,"SVE+SVE2+SME,VL=SVL=512b",,L08_attention,llm,attention,128x128x128,1,128,0,gemm,bf16xbf16_acc_fp32,NA,prepared_execute,native,row_contiguous,default,auto,auto,auto,0.0,0.0,1.0,1.0,,,1.0,0.0,8582.219947129488,8577.85986736417,8603.373263031242,0.001986032672803806,0.488720170985932,46625.12894719839,,5.432758567646963,TokenDynamic,28.440728783607483,11.831056326627731,301.75808828345015,725.3976069587121,ok,,benchmarks/ops/matmul-otherlibs/results/raw/arm/920f-4_MatmulOtherlibsLIBXSMMBench_baseline-common-v2.json
arm-optimized-v3,920f-4,Native,"HiSilicon CPU part 0xd22, 2.0 GHz",BiSheng clang 19.1.7,oneDNN,0e2a5bfeef1bfbffc3137464606540233086ce9b,"SVE+SVE2+SME,VL=SVL=512b",brg:sve_512,L08_attention,llm,attention,128x128x128,1,128,0,gemm,bf16xbf16_acc_fp32,NA,prepared_execute,native,row_contiguous,default,auto,auto,auto,0.0,0.0,1.0,1.0,,,,,52.42321640253067,50.97445100545883,70.42456418275835,0.22832777851103545,80.00852080105342,46625.12894719839,,889.3984792765905,TokenDynamic,28.440728783607483,11.831056326627731,1.843244482284367,4.4309835872003775,ok,,benchmarks/ops/matmul-otherlibs/results/raw/arm-v3/920f-4_MatmulOtherlibsOneDNNBench_optimized-prepared-v3.json
arm-optimized-v3,920f-4,Native,"HiSilicon CPU part 0xd22, 2.0 GHz",BiSheng clang 19.1.7,KUPL-MMA,bd7059eae348f1d77f73a9fbb1cadfe7a6405fb8,"SVE+SVE2+SME,VL=SVL=512b",KP36_16x64x2_BF16BF16F32+vecops_transpose_pack,L08_attention,llm,attention,128x128x128,1,128,0,gemm,bf16xbf16_acc_fp32,NA,raw_e2e,native_accumulate,row_contiguous,default,auto,auto,auto,0.0,1.0,0.0,1.0,,,1.0,,55.45374006032944,55.165402591228485,68.26985627412795,0.1541858161821418,75.6360886648388,46625.12894719839,840.7932250642393,840.7932250642393,TokenDynamic,28.440728783607483,11.831056326627731,1.94980024887026,4.687133467154721,ok,,benchmarks/ops/matmul-otherlibs/results/raw/arm-v3/920f-4_MatmulOtherlibsKUPLBench_vecops-pack-v3.json
arm-optimized-v3,920f-4,Native,"HiSilicon CPU part 0xd22, 2.0 GHz",BiSheng clang 19.1.7,OpenBLAS,e0166008be8e466242aa76b2ff75ce3f0fbf574a,"SVE+SVE2+SME,VL=SVL=512b",ARMV8SVE,L08_attention,llm,attention,128x128x128,1,128,0,gemm,bf16xbf16_acc_fp32,NA,raw_e2e,native,row_contiguous,default,auto,auto,auto,0.0,1.0,0.0,1.0,,,1.0,,46625.12894719839,46560.29287725686,46649.050898849964,0.0012316474934574706,0.08995801394458186,46625.12894719839,1.0,1.0,TokenDynamic,28.440728783607483,11.831056326627731,1639.3788394786823,3940.910064155548,ok,,benchmarks/ops/matmul-otherlibs/results/raw/arm/920f-4_MatmulOtherlibsOpenBLASARMV8SVEBench-Native_baseline-common-v2.json
arm-optimized-v3,920f-4,Native,"HiSilicon CPU part 0xd22, 2.0 GHz",BiSheng clang 19.1.7,vecops,c4d4daf287d3552c42830f35a16f09783c323b88+benchmark-worktree,"SVE+SVE2+SME,VL=SVL=512b",,L08_attention,llm,attention,128x128x128,1,128,0,gemm,bf16xbf16_acc_fp32,AllConst,raw_e2e,native,row_contiguous,default,auto,auto,auto,0.0,1.0,0.0,1.0,,,,,11.831056326627731,11.686142534017563,14.150794595479963,0.1357274582167399,354.5164425056477,46625.12894719839,3940.910064155548,3940.910064155548,TokenDynamic,28.440728783607483,11.831056326627731,0.4159899142052525,1.0,ok,,benchmarks/ops/matmul-otherlibs/results/raw/arm/920f-4_MatmulOtherlibsVecopsLLMBench_baseline-common-v2.json
arm-optimized-v3,920f-4,Native,"HiSilicon CPU part 0xd22, 2.0 GHz",BiSheng clang 19.1.7,vecops,c4d4daf287d3552c42830f35a16f09783c323b88+benchmark-worktree,"SVE+SVE2+SME,VL=SVL=512b",,L08_attention,llm,attention,128x128x128,1,128,0,gemm,bf16xbf16_acc_fp32,TokenDynamic,raw_e2e,native,row_contiguous,default,auto,auto,auto,0.0,1.0,0.0,1.0,,,,,28.440728783607483,27.92179584503174,42.70561039447785,0.30692455535470925,147.47526450227573,46625.12894719839,1639.3788394786823,1639.3788394786823,TokenDynamic,28.440728783607483,11.831056326627731,1.0,2.4039044357854134,ok,,benchmarks/ops/matmul-otherlibs/results/raw/arm/920f-4_MatmulOtherlibsVecopsLLMBench_baseline-common-v2.json
arm-optimized-v3,920f-4,Native,"HiSilicon CPU part 0xd22, 2.0 GHz",BiSheng clang 19.1.7,ACL,2a8ca9840a3112d12d6cc68e49e6c833f9759fd6,"SVE+SVE2+SME,VL=SVL=512b",a64_hybrid_bf16fp32_mmla_6x16,L08_attention,llm,attention,128x128x128,1,128,0,gemm_add,bf16xbf16_acc_fp32,NA,prepared_execute,native,row_contiguous,default,auto,auto,auto,1.0,0.0,1.0,1.0,128.0,48.0,,,161.99937090277672,157.79091045260432,201.83352753520012,0.17179322893810645,25.890865974517858,46624.609269201756,,287.80734770373476,TokenDynamic,29.71198409795761,12.881122529506683,5.452324232830768,12.57649483045333,ok,,benchmarks/ops/matmul-otherlibs/results/raw/arm/920f-4_MatmulOtherlibsACLBench_baseline-common-v2.json
arm-optimized-v3,920f-4,Native,"HiSilicon CPU part 0xd22, 2.0 GHz",BiSheng clang 19.1.7,LIBXSMM,3668d249637792dcc988414eb3d2a374033743df,"SVE+SVE2+SME,VL=SVL=512b",,L08_attention,llm,attention,128x128x128,1,128,0,gemm_add,bf16xbf16_acc_fp32,NA,prepared_execute,native,row_contiguous,default,auto,auto,auto,0.0,0.0,1.0,1.0,,,1.0,0.0,8574.478793889284,8552.726078778504,8591.416571289303,0.0028281099414095585,0.4891613940417144,46624.609269201756,,5.437602726643793,TokenDynamic,29.71198409795761,12.881122529506683,288.5865435852428,665.6623888366712,ok,,benchmarks/ops/matmul-otherlibs/results/raw/arm/920f-4_MatmulOtherlibsLIBXSMMBench_baseline-common-v2.json
arm-optimized-v3,920f-4,Native,"HiSilicon CPU part 0xd22, 2.0 GHz",BiSheng clang 19.1.7,oneDNN,0e2a5bfeef1bfbffc3137464606540233086ce9b,"SVE+SVE2+SME,VL=SVL=512b",brg:sve_512,L08_attention,llm,attention,128x128x128,1,128,0,gemm_add,bf16xbf16_acc_fp32,NA,prepared_execute,native,row_contiguous,default,auto,auto,auto,0.0,0.0,1.0,1.0,,,,,54.64302375912666,52.986759692430496,69.6917064487934,0.19103550785175716,76.75827052487104,46624.609269201756,,853.2582214836593,TokenDynamic,29.71198409795761,12.881122529506683,1.839090367677021,4.242101077290146,ok,,benchmarks/ops/matmul-otherlibs/results/raw/arm-v3/920f-4_MatmulOtherlibsOneDNNBench_optimized-prepared-v3.json
arm-optimized-v3,920f-4,Native,"HiSilicon CPU part 0xd22, 2.0 GHz",BiSheng clang 19.1.7,KUPL-MMA,bd7059eae348f1d77f73a9fbb1cadfe7a6405fb8,"SVE+SVE2+SME,VL=SVL=512b",KP36_16x64x2_BF16BF16F32+vecops_transpose_pack,L08_attention,llm,attention,128x128x128,1,128,0,gemm_add,bf16xbf16_acc_fp32,NA,raw_e2e,native_accumulate,row_contiguous,default,auto,auto,auto,0.0,1.0,0.0,1.0,,,1.0,,80.12540638446808,78.82043719291688,80.4763287305832,0.013680135785031505,52.34674230386238,46624.609269201756,581.8954483111328,581.8954483111328,TokenDynamic,29.71198409795761,12.881122529506683,2.6967369839826976,6.220374521003543,ok,,benchmarks/ops/matmul-otherlibs/results/raw/arm-v3/920f-4_MatmulOtherlibsKUPLBench_vecops-pack-v3.json
arm-optimized-v3,920f-4,Native,"HiSilicon CPU part 0xd22, 2.0 GHz",BiSheng clang 19.1.7,OpenBLAS,e0166008be8e466242aa76b2ff75ce3f0fbf574a,"SVE+SVE2+SME,VL=SVL=512b",ARMV8SVE,L08_attention,llm,attention,128x128x128,1,128,0,gemm_add,bf16xbf16_acc_fp32,NA,raw_e2e,native,row_contiguous,default,auto,auto,auto,0.0,1.0,0.0,1.0,,,1.0,,46624.609269201756,46593.775413930416,46628.53684276343,0.0005105100152765835,0.08995901661680154,46624.609269201756,1.0,1.0,TokenDynamic,29.71198409795761,12.881122529506683,1569.218976271824,3619.6076205625045,ok,,benchmarks/ops/matmul-otherlibs/results/raw/arm/920f-4_MatmulOtherlibsOpenBLASARMV8SVEBench-Native_baseline-common-v2.json
arm-optimized-v3,920f-4,Native,"HiSilicon CPU part 0xd22, 2.0 GHz",BiSheng clang 19.1.7,vecops,c4d4daf287d3552c42830f35a16f09783c323b88+benchmark-worktree,"SVE+SVE2+SME,VL=SVL=512b",,L08_attention,llm,attention,128x128x128,1,128,0,gemm_add,bf16xbf16_acc_fp32,AllConst,raw_e2e,native,row_contiguous,default,auto,auto,auto,0.0,1.0,0.0,1.0,,,,,12.881122529506683,12.761168181896211,17.921067774295803,0.24655322435236227,325.61634208448385,46624.609269201756,3619.6076205625045,3619.6076205625045,TokenDynamic,29.71198409795761,12.881122529506683,0.4335328965927969,1.0,ok,,benchmarks/ops/matmul-otherlibs/results/raw/arm/920f-4_MatmulOtherlibsVecopsLLMBench_baseline-common-v2.json
arm-optimized-v3,920f-4,Native,"HiSilicon CPU part 0xd22, 2.0 GHz",BiSheng clang 19.1.7,vecops,c4d4daf287d3552c42830f35a16f09783c323b88+benchmark-worktree,"SVE+SVE2+SME,VL=SVL=512b",,L08_attention,llm,attention,128x128x128,1,128,0,gemm_add,bf16xbf16_acc_fp32,TokenDynamic,raw_e2e,native,row_contiguous,default,auto,auto,auto,0.0,1.0,0.0,1.0,,,,,29.71198409795761,28.69535237550736,33.66414457559585,0.10606652810095937,141.16539596183733,46624.609269201756,1569.218976271824,1569.218976271824,TokenDynamic,29.71198409795761,12.881122529506683,1.0,2.3066300339816355,ok,,benchmarks/ops/matmul-otherlibs/results/raw/arm/920f-4_MatmulOtherlibsVecopsLLMBench_baseline-common-v2.json
baseline-default,local-x86,Native,Intel Xeon w9-3495X,GCC 13.3.0,LIBXSMM,3668d249637792dcc988414eb3d2a374033743df,AVX-512+AMX-BF16,,A01_gsa_proj_r128,af3,gsa_projection,128x16384x128,1,128,128,bias,bf16xbf16_acc_fp32,NA,prepared_execute,separate,row_contiguous,default,auto,auto,auto,0.0,0.0,1.0,5.0,,,1.0,0.0,2111.95468176756,2108.556272728355,2142.447042393597,0.008388288287240385,254.20569704207676,1318.7082830590266,,0.6244017896990853,TokenDynamic,1235.5927256630337,1113.7614444975504,1.709264418527764,1.8962361214796073,ok,,benchmarks/ops/matmul-otherlibs/results/raw/x86/local-x86_MatmulOtherlibsLIBXSMMBench_baseline-default.json
baseline-default,local-x86,Native,Intel Xeon w9-3495X,GCC 13.3.0,OpenBLAS,e0166008be8e466242aa76b2ff75ce3f0fbf574a,AVX-512+AMX-BF16,,A01_gsa_proj_r128,af3,gsa_projection,128x16384x128,1,128,128,bias,bf16xbf16_acc_fp32,NA,raw_e2e,separate,row_contiguous,default,auto,auto,auto,0.0,1.0,0.0,5.0,,,,,1318.7082830590266,1316.562500032201,1347.610494369017,0.011079752580139898,407.1187835073067,1318.7082830590266,1.0,1.0,TokenDynamic,1235.5927256630337,1113.7614444975504,1.067267761997702,1.1840132279439188,ok,,benchmarks/ops/matmul-otherlibs/results/raw/x86/local-x86_MatmulOtherlibsOpenBLASBench_baseline-default.json
baseline-default,local-x86,Native,Intel Xeon w9-3495X,GCC 13.3.0,oneDNN,0e2a5bfeef1bfbffc3137464606540233086ce9b,AVX-512+AMX-BF16,,A01_gsa_proj_r128,af3,gsa_projection,128x16384x128,1,128,128,bias,bf16xbf16_acc_fp32,NA,raw_e2e,native_fused,row_contiguous,default,auto,auto,auto,1.0,1.0,0.0,5.0,,,,,479.01043391163006,475.26791796356565,479.40509421435206,0.0043116118302009305,1120.7916863436096,1318.7082830590266,2.752984464848437,2.752984464848437,TokenDynamic,1235.5927256630337,1113.7614444975504,0.38767663807229635,0.43008351229802655,ok,,benchmarks/ops/matmul-otherlibs/results/raw/x86/local-x86_MatmulOtherlibsOneDNNBench_baseline-default.json
baseline-default,local-x86,Native,Intel Xeon w9-3495X,GCC 13.3.0,vecops,c4d4daf287d3552c42830f35a16f09783c323b88+benchmark-worktree,AVX-512+AMX-BF16,,A01_gsa_proj_r128,af3,gsa_projection,128x16384x128,1,128,128,bias,bf16xbf16_acc_fp32,AllConst,raw_e2e,native_fused,row_contiguous,default,auto,auto,auto,0.0,1.0,0.0,5.0,,,,,1113.7614444975504,1111.468098390596,1115.3113809303336,0.0017316723725327163,482.03402501708774,1318.7082830590266,1.1840132279439188,1.1840132279439188,TokenDynamic,1235.5927256630337,1113.7614444975504,0.9013985121188641,1.0,ok,,benchmarks/ops/matmul-otherlibs/results/raw/x86/local-x86_MatmulOtherlibsVecopsBiasBench_baseline-default.json
baseline-default,local-x86,Native,Intel Xeon w9-3495X,GCC 13.3.0,vecops,c4d4daf287d3552c42830f35a16f09783c323b88+benchmark-worktree,AVX-512+AMX-BF16,,A01_gsa_proj_r128,af3,gsa_projection,128x16384x128,1,128,128,bias,bf16xbf16_acc_fp32,TokenDynamic,raw_e2e,native_fused,row_contiguous,default,auto,auto,auto,0.0,1.0,0.0,5.0,,,,,1235.5927256630337,1234.2133769709865,1239.312123878142,0.001976575560682134,434.50475294107025,1318.7082830590266,1.067267761997702,1.067267761997702,TokenDynamic,1235.5927256630337,1113.7614444975504,1.0,1.1093872316799804,ok,,benchmarks/ops/matmul-otherlibs/results/raw/x86/local-x86_MatmulOtherlibsVecopsBiasBench_baseline-default.json
baseline-default,local-x86,Native,Intel Xeon w9-3495X,GCC 13.3.0,LIBXSMM,3668d249637792dcc988414eb3d2a374033743df,AVX-512+AMX-BF16,,A01_gsa_proj_r128,af3,gsa_projection,128x16384x128,1,128,128,bias_relu,bf16xbf16_acc_fp32,NA,prepared_execute,separate,row_contiguous,default,auto,auto,auto,0.0,0.0,1.0,5.0,,,1.0,0.0,2106.5633484271752,2104.6951817521463,2118.1617667245905,0.004484883927123747,254.85628637792655,1313.8617569239043,,0.6236991438709278,TokenDynamic,1468.3102394883463,1264.742945469069,1.434685458000509,1.665605928836307,ok,,benchmarks/ops/matmul-otherlibs/results/raw/x86/local-x86_MatmulOtherlibsLIBXSMMBench_baseline-default.json
baseline-default,local-x86,Native,Intel Xeon w9-3495X,GCC 13.3.0,OpenBLAS,e0166008be8e466242aa76b2ff75ce3f0fbf574a,AVX-512+AMX-BF16,,A01_gsa_proj_r128,af3,gsa_projection,128x16384x128,1,128,128,bias_relu,bf16xbf16_acc_fp32,NA,raw_e2e,separate,row_contiguous,default,auto,auto,auto,0.0,1.0,0.0,5.0,,,,,1313.8617569239043,1311.3692953092454,1343.319364458923,0.011428028635628276,408.6205486770205,1313.8617569239043,1.0,1.0,TokenDynamic,1468.3102394883463,1264.742945469069,0.8948120918789876,1.0388369918415463,ok,,benchmarks/ops/matmul-otherlibs/results/raw/x86/local-x86_MatmulOtherlibsOpenBLASBench_baseline-default.json
baseline-default,local-x86,Native,Intel Xeon w9-3495X,GCC 13.3.0,oneDNN,0e2a5bfeef1bfbffc3137464606540233086ce9b,AVX-512+AMX-BF16,,A01_gsa_proj_r128,af3,gsa_projection,128x16384x128,1,128,128,bias_relu,bf16xbf16_acc_fp32,NA,raw_e2e,native_fused,row_contiguous,default,auto,auto,auto,1.0,1.0,0.0,5.0,,,,,480.7670376652673,479.7213383725435,481.7343219195346,0.0021820255007730547,1116.6965909459768,1313.8617569239043,2.7328449207008174,2.7328449207008174,TokenDynamic,1468.3102394883463,1264.742945469069,0.3274287849635902,0.38013023862881484,ok,,benchmarks/ops/matmul-otherlibs/results/raw/x86/local-x86_MatmulOtherlibsOneDNNBench_baseline-default.json
baseline-default,local-x86,Native,Intel Xeon w9-3495X,GCC 13.3.0,vecops,c4d4daf287d3552c42830f35a16f09783c323b88+benchmark-worktree,AVX-512+AMX-BF16,,A01_gsa_proj_r128,af3,gsa_projection,128x16384x128,1,128,128,bias_relu,bf16xbf16_acc_fp32,AllConst,raw_e2e,native_fused,row_contiguous,default,auto,auto,auto,0.0,1.0,0.0,5.0,,,,,1264.742945469069,1263.4734709122727,1266.6474399421445,0.0011691518324161768,424.4901415922782,1313.8617569239043,1.0388369918415463,1.0388369918415463,TokenDynamic,1468.3102394883463,1264.742945469069,0.8613594807523692,1.0,ok,,benchmarks/ops/matmul-otherlibs/results/raw/x86/local-x86_MatmulOtherlibsVecopsBiasReluBench_baseline-default.json
baseline-default,local-x86,Native,Intel Xeon w9-3495X,GCC 13.3.0,vecops,c4d4daf287d3552c42830f35a16f09783c323b88+benchmark-worktree,AVX-512+AMX-BF16,,A01_gsa_proj_r128,af3,gsa_projection,128x16384x128,1,128,128,bias_relu,bf16xbf16_acc_fp32,TokenDynamic,raw_e2e,native_fused,row_contiguous,default,auto,auto,auto,0.0,1.0,0.0,5.0,,,,,1468.3102394883463,1458.5461874654964,1523.098922977321,0.03360479906416762,365.63860794642443,1313.8617569239043,0.8948120918789876,0.8948120918789876,TokenDynamic,1468.3102394883463,1264.742945469069,1.0,1.160955469052866,ok,,benchmarks/ops/matmul-otherlibs/results/raw/x86/local-x86_MatmulOtherlibsVecopsBiasReluBench_baseline-default.json
baseline-default,local-x86,Native,Intel Xeon w9-3495X,GCC 13.3.0,LIBXSMM,3668d249637792dcc988414eb3d2a374033743df,AVX-512+AMX-BF16,,A01_gsa_proj_r128,af3,gsa_projection,128x16384x128,1,128,128,gemm,bf16xbf16_acc_fp32,NA,prepared_execute,native,row_contiguous,default,auto,auto,auto,0.0,0.0,1.0,5.0,,,1.0,0.0,1854.0786485253782,1852.272283773542,1856.3051864967329,0.0011388796602242266,289.56210267940605,1065.428786309443,,0.5746405564601159,TokenDynamic,1139.6126521741162,1061.2036514265294,1.6269375782975266,1.7471468798972014,ok,,benchmarks/ops/matmul-otherlibs/results/raw/x86/local-x86_MatmulOtherlibsLIBXSMMBench_baseline-default.json
baseline-default,local-x86,Native,Intel Xeon w9-3495X,GCC 13.3.0,OpenBLAS,e0166008be8e466242aa76b2ff75ce3f0fbf574a,AVX-512+AMX-BF16,,A01_gsa_proj_r128,af3,gsa_projection,128x16384x128,1,128,128,gemm,bf16xbf16_acc_fp32,NA,raw_e2e,native,row_contiguous,default,auto,auto,auto,0.0,1.0,0.0,5.0,,,,,1065.428786309443,1065.2534076490774,1092.7983236637763,0.012445775788703008,503.90126388425864,1065.428786309443,1.0,1.0,TokenDynamic,1139.6126521741162,1061.2036514265294,0.9349043153187642,1.0039814552816833,ok,,benchmarks/ops/matmul-otherlibs/results/raw/x86/local-x86_MatmulOtherlibsOpenBLASBench_baseline-default.json
baseline-default,local-x86,Native,Intel Xeon w9-3495X,GCC 13.3.0,oneDNN,0e2a5bfeef1bfbffc3137464606540233086ce9b,AVX-512+AMX-BF16,,A01_gsa_proj_r128,af3,gsa_projection,128x16384x128,1,128,128,gemm,bf16xbf16_acc_fp32,NA,raw_e2e,native,row_contiguous,default,auto,auto,auto,1.0,1.0,0.0,5.0,,,,,451.1660322614554,450.79946838086465,451.64366644213817,0.0009384998144808288,1189.9630592953808,1065.428786309443,2.361500445787142,2.361500445787142,TokenDynamic,1139.6126521741162,1061.2036514265294,0.3958941938743269,0.42514557093256583,ok,,benchmarks/ops/matmul-otherlibs/results/raw/x86/local-x86_MatmulOtherlibsOneDNNBench_baseline-default.json
baseline-default,local-x86,Native,Intel Xeon w9-3495X,GCC 13.3.0,vecops,c4d4daf287d3552c42830f35a16f09783c323b88+benchmark-worktree,AVX-512+AMX-BF16,,A01_gsa_proj_r128,af3,gsa_projection,128x16384x128,1,128,128,gemm,bf16xbf16_acc_fp32,AllConst,raw_e2e,native,row_contiguous,default,auto,auto,auto,0.0,1.0,0.0,5.0,,,,,1061.2036514265294,1060.2449197242756,1090.5832696483808,0.013702301148468507,505.90752423279736,1065.428786309443,1.0039814552816833,1.0039814552816833,TokenDynamic,1139.6126521741162,1061.2036514265294,0.9311967969134068,1.0,ok,,benchmarks/ops/matmul-otherlibs/results/raw/x86/local-x86_MatmulOtherlibsVecopsAF3ProjectionBench_baseline-default.json
baseline-default,local-x86,Native,Intel Xeon w9-3495X,GCC 13.3.0,vecops,c4d4daf287d3552c42830f35a16f09783c323b88+benchmark-worktree,AVX-512+AMX-BF16,,A01_gsa_proj_r128,af3,gsa_projection,128x16384x128,1,128,128,gemm,bf16xbf16_acc_fp32,TokenDynamic,raw_e2e,native,row_contiguous,default,auto,auto,auto,0.0,1.0,0.0,5.0,,,,,1139.6126521741162,889.6382626287802,1188.8238782589526,0.13859872669283022,471.0994660999727,1065.428786309443,0.9349043153187642,0.9349043153187642,TokenDynamic,1139.6126521741162,1061.2036514265294,1.0,1.0738868554044128,ok,,benchmarks/ops/matmul-otherlibs/results/raw/x86/local-x86_MatmulOtherlibsVecopsAF3ProjectionBench_baseline-default.json
baseline-default,local-x86,Native,Intel Xeon w9-3495X,GCC 13.3.0,LIBXSMM,3668d249637792dcc988414eb3d2a374033743df,AVX-512+AMX-BF16,,A01_gsa_proj_r128,af3,gsa_projection,128x16384x128,1,128,128,gemm_add,bf16xbf16_acc_fp32,NA,prepared_execute,native,row_contiguous,default,auto,auto,auto,0.0,0.0,1.0,5.0,,,1.0,0.0,1265.1432431691014,1264.3611585608103,1267.3008720273033,0.0011785062522352767,424.35583077152063,815.210808193728,,0.6443624566588033,TokenDynamic,1512.4889130516829,1357.8055826020288,0.8364644740545417,0.9317558120100272,ok,,benchmarks/ops/matmul-otherlibs/results/raw/x86/local-x86_MatmulOtherlibsLIBXSMMBench_baseline-default.json
baseline-default,local-x86,Native,Intel Xeon w9-3495X,GCC 13.3.0,OpenBLAS,e0166008be8e466242aa76b2ff75ce3f0fbf574a,AVX-512+AMX-BF16,,A01_gsa_proj_r128,af3,gsa_projection,128x16384x128,1,128,128,gemm_add,bf16xbf16_acc_fp32,NA,raw_e2e,native,row_contiguous,default,auto,auto,auto,0.0,1.0,0.0,5.0,,,,,815.210808193728,814.9064104864646,844.7190988632894,0.01757415960208464,658.5669701675706,815.210808193728,1.0,1.0,TokenDynamic,1512.4889130516829,1357.8055826020288,0.5389863034095984,0.6003884640328992,ok,,benchmarks/ops/matmul-otherlibs/results/raw/x86/local-x86_MatmulOtherlibsOpenBLASBench_baseline-default.json
baseline-default,local-x86,Native,Intel Xeon w9-3495X,GCC 13.3.0,oneDNN,0e2a5bfeef1bfbffc3137464606540233086ce9b,AVX-512+AMX-BF16,,A01_gsa_proj_r128,af3,gsa_projection,128x16384x128,1,128,128,gemm_add,bf16xbf16_acc_fp32,NA,raw_e2e,native,row_contiguous,default,auto,auto,auto,1.0,1.0,0.0,5.0,,,,,487.8176864194408,487.17800282405926,488.04340138950295,0.0008859167553232361,1100.556472112784,815.210808193728,1.6711382774522539,1.6711382774522539,TokenDynamic,1512.4889130516829,1357.8055826020288,0.3225264543825266,0.3592691712790075,ok,,benchmarks/ops/matmul-otherlibs/results/raw/x86/local-x86_MatmulOtherlibsOneDNNBench_baseline-default.json
baseline-default,local-x86,Native,Intel Xeon w9-3495X,GCC 13.3.0,vecops,c4d4daf287d3552c42830f35a16f09783c323b88+benchmark-worktree,AVX-512+AMX-BF16,,A01_gsa_proj_r128,af3,gsa_projection,128x16384x128,1,128,128,gemm_add,bf16xbf16_acc_fp32,AllConst,raw_e2e,native,row_contiguous,default,auto,auto,auto,0.0,1.0,0.0,5.0,,,,,1357.8055826020288,1286.6051204149946,1359.5193145554783,0.026333512294193295,395.39601168170793,815.210808193728,0.6003884640328992,0.6003884640328992,TokenDynamic,1512.4889130516829,1357.8055826020288,0.8977292797885333,1.0,ok,,benchmarks/ops/matmul-otherlibs/results/raw/x86/local-x86_MatmulOtherlibsVecopsAF3ProjectionBench_baseline-default.json
baseline-default,local-x86,Native,Intel Xeon w9-3495X,GCC 13.3.0,vecops,c4d4daf287d3552c42830f35a16f09783c323b88+benchmark-worktree,AVX-512+AMX-BF16,,A01_gsa_proj_r128,af3,gsa_projection,128x16384x128,1,128,128,gemm_add,bf16xbf16_acc_fp32,TokenDynamic,raw_e2e,native,row_contiguous,default,auto,auto,auto,0.0,1.0,0.0,5.0,,,,,1512.4889130516829,1511.4888347654971,1513.3831673428297,0.0006951020936181115,354.95857679827816,815.210808193728,0.5389863034095984,0.5389863034095984,TokenDynamic,1512.4889130516829,1357.8055826020288,1.0,1.1139215602230967,ok,,benchmarks/ops/matmul-otherlibs/results/raw/x86/local-x86_MatmulOtherlibsVecopsAF3ProjectionBench_baseline-default.json
baseline-default,local-x86,Native,Intel Xeon w9-3495X,GCC 13.3.0,LIBXSMM,3668d249637792dcc988414eb3d2a374033743df,AVX-512+AMX-BF16,,A05_pair_bias_r128,af3,pair_bias_projection,4x16384x128,1,128,0,gemm,bf16xbf16_acc_fp32,NA,prepared_execute,native,row_contiguous,default,auto,auto,auto,0.0,0.0,1.0,1.0,,,1.0,0.0,157.07775140673962,156.89381769798857,161.01189519235422,0.012428060497663516,106.80835350486277,297.7866776442776,,1.8957915744107134,TokenDynamic,194.57401388838966,193.95239666945866,0.8072904920224424,0.8098778571653215,ok,,benchmarks/ops/matmul-otherlibs/results/raw/x86/local-x86_MatmulOtherlibsLIBXSMMBench_baseline-default.json
baseline-default,local-x86,Native,Intel Xeon w9-3495X,GCC 13.3.0,OpenBLAS,e0166008be8e466242aa76b2ff75ce3f0fbf574a,AVX-512+AMX-BF16,,A05_pair_bias_r128,af3,pair_bias_projection,4x16384x128,1,128,0,gemm,bf16xbf16_acc_fp32,NA,raw_e2e,native,row_contiguous,default,auto,auto,auto,0.0,1.0,0.0,1.0,,,,,297.7866776442776,288.4812850792067,307.0151381651062,0.027608898698186717,56.339713155473326,297.7866776442776,1.0,1.0,TokenDynamic,194.57401388838966,193.95239666945866,1.5304545128780256,1.5353596179158198,ok,,benchmarks/ops/matmul-otherlibs/results/raw/x86/local-x86_MatmulOtherlibsOpenBLASBench_baseline-default.json
baseline-default,local-x86,Native,Intel Xeon w9-3495X,GCC 13.3.0,oneDNN,0e2a5bfeef1bfbffc3137464606540233086ce9b,AVX-512+AMX-BF16,,A05_pair_bias_r128,af3,pair_bias_projection,4x16384x128,1,128,0,gemm,bf16xbf16_acc_fp32,NA,raw_e2e,native,row_contiguous,default,auto,auto,auto,1.0,1.0,0.0,1.0,,,,,243.40509912808952,243.18714783041045,243.58419443318698,0.000926627196386136,68.9271344770438,297.7866776442776,1.2234200462972646,1.2234200462972646,TokenDynamic,194.57401388838966,193.95239666945866,1.250964063822572,1.2549734022772099,ok,,benchmarks/ops/matmul-otherlibs/results/raw/x86/local-x86_MatmulOtherlibsOneDNNBench_baseline-default.json
baseline-default,local-x86,Native,Intel Xeon w9-3495X,GCC 13.3.0,vecops,c4d4daf287d3552c42830f35a16f09783c323b88+benchmark-worktree,AVX-512+AMX-BF16,,A05_pair_bias_r128,af3,pair_bias_projection,4x16384x128,1,128,0,gemm,bf16xbf16_acc_fp32,AllConst,raw_e2e,native,row_contiguous,default,auto,auto,auto,0.0,1.0,0.0,1.0,,,,,193.95239666945866,161.5856729506614,194.34287240076424,0.08601073975321792,86.50172046387442,297.7866776442776,1.5353596179158198,1.5353596179158198,TokenDynamic,194.57401388838966,193.95239666945866,0.9968052402964377,1.0,ok,,benchmarks/ops/matmul-otherlibs/results/raw/x86/local-x86_MatmulOtherlibsVecopsAF3ProjectionBench_baseline-default.json
baseline-default,local-x86,Native,Intel Xeon w9-3495X,GCC 13.3.0,vecops,c4d4daf287d3552c42830f35a16f09783c323b88+benchmark-worktree,AVX-512+AMX-BF16,,A05_pair_bias_r128,af3,pair_bias_projection,4x16384x128,1,128,0,gemm,bf16xbf16_acc_fp32,TokenDynamic,raw_e2e,native,row_contiguous,default,auto,auto,auto,0.0,1.0,0.0,1.0,,,,,194.57401388838966,161.55401722143225,195.08503027383185,0.08762590577702127,86.22536825304762,297.7866776442776,1.5304545128780256,1.5304545128780256,TokenDynamic,194.57401388838966,193.95239666945866,1.0,1.0032049989049137,ok,,benchmarks/ops/matmul-otherlibs/results/raw/x86/local-x86_MatmulOtherlibsVecopsAF3ProjectionBench_baseline-default.json
baseline-default,local-x86,Native,Intel Xeon w9-3495X,GCC 13.3.0,LIBXSMM,3668d249637792dcc988414eb3d2a374033743df,AVX-512+AMX-BF16,,A05_pair_bias_r128,af3,pair_bias_projection,4x16384x128,1,128,0,gemm_add,bf16xbf16_acc_fp32,NA,prepared_execute,native,row_contiguous,default,auto,auto,auto,0.0,0.0,1.0,1.0,,,1.0,0.0,168.49278344901919,167.48568368424185,174.8474318738925,0.020062488209551466,99.57231198021177,291.373427055952,,1.7292932141756254,TokenDynamic,216.232639876154,211.52303171987023,0.779219934351828,0.7965694424811479,ok,,benchmarks/ops/matmul-otherlibs/results/raw/x86/local-x86_MatmulOtherlibsLIBXSMMBench_baseline-default.json
baseline-default,local-x86,Native,Intel Xeon w9-3495X,GCC 13.3.0,OpenBLAS,e0166008be8e466242aa76b2ff75ce3f0fbf574a,AVX-512+AMX-BF16,,A05_pair_bias_r128,af3,pair_bias_projection,4x16384x128,1,128,0,gemm_add,bf16xbf16_acc_fp32,NA,raw_e2e,native,row_contiguous,default,auto,auto,auto,0.0,1.0,0.0,1.0,,,,,291.373427055952,282.27334291236514,300.41668068066986,0.027888024009513006,57.57977372719819,291.373427055952,1.0,1.0,TokenDynamic,216.232639876154,211.52303171987023,1.3474997448249924,1.3775021315023102,ok,,benchmarks/ops/matmul-otherlibs/results/raw/x86/local-x86_MatmulOtherlibsOpenBLASBench_baseline-default.json
baseline-default,local-x86,Native,Intel Xeon w9-3495X,GCC 13.3.0,oneDNN,0e2a5bfeef1bfbffc3137464606540233086ce9b,AVX-512+AMX-BF16,,A05_pair_bias_r128,af3,pair_bias_projection,4x16384x128,1,128,0,gemm_add,bf16xbf16_acc_fp32,NA,raw_e2e,native,row_contiguous,default,auto,auto,auto,1.0,1.0,0.0,1.0,,,,,290.5409064302666,290.39276424837016,291.2375779680641,0.001618272310611684,57.744763744745654,291.373427055952,1.0028654162194033,1.0028654162194033,TokenDynamic,216.232639876154,211.52303171987023,1.3436496293837612,1.3735662923697283,ok,,benchmarks/ops/matmul-otherlibs/results/raw/x86/local-x86_MatmulOtherlibsOneDNNBench_baseline-default.json
baseline-default,local-x86,Native,Intel Xeon w9-3495X,GCC 13.3.0,vecops,c4d4daf287d3552c42830f35a16f09783c323b88+benchmark-worktree,AVX-512+AMX-BF16,,A05_pair_bias_r128,af3,pair_bias_projection,4x16384x128,1,128,0,gemm_add,bf16xbf16_acc_fp32,AllConst,raw_e2e,native,row_contiguous,default,auto,auto,auto,0.0,1.0,0.0,1.0,,,,,211.52303171987023,178.17478277984293,211.66348006605136,0.0809734733702707,79.3162610406362,291.373427055952,1.3775021315023102,1.3775021315023102,TokenDynamic,216.232639876154,211.52303171987023,0.9782197166950319,1.0,ok,,benchmarks/ops/matmul-otherlibs/results/raw/x86/local-x86_MatmulOtherlibsVecopsAF3ProjectionBench_baseline-default.json
baseline-default,local-x86,Native,Intel Xeon w9-3495X,GCC 13.3.0,vecops,c4d4daf287d3552c42830f35a16f09783c323b88+benchmark-worktree,AVX-512+AMX-BF16,,A05_pair_bias_r128,af3,pair_bias_projection,4x16384x128,1,128,0,gemm_add,bf16xbf16_acc_fp32,TokenDynamic,raw_e2e,native,row_contiguous,default,auto,auto,auto,0.0,1.0,0.0,1.0,,,,,216.232639876154,178.92424914326625,216.50577062532923,0.0890417068527339,77.58873040448036,291.373427055952,1.3474997448249924,1.3474997448249924,TokenDynamic,216.232639876154,211.52303171987023,1.0,1.0222652262403318,ok,,benchmarks/ops/matmul-otherlibs/results/raw/x86/local-x86_MatmulOtherlibsVecopsAF3ProjectionBench_baseline-default.json
baseline-default,local-x86,Native,Intel Xeon w9-3495X,GCC 13.3.0,LIBXSMM,3668d249637792dcc988414eb3d2a374033743df,AVX-512+AMX-BF16,,A08_gsa_qk_r128,af3,gsa_qk,128x128x32,4,128,128,gemm,bf16xbf16_acc_fp32,NA,prepared_execute,native,row_contiguous,default,auto,auto,auto,0.0,0.0,1.0,128.0,,,1.0,0.0,10.301698308697311,10.105357422497388,10.31873309217581,0.009838551941310662,407.146848443321,16.060691324566342,,1.5590333596749717,TokenDynamic,10.081969084841857,8.758675634142012,1.0217942766940056,1.1761707750131167,ok,,benchmarks/ops/matmul-otherlibs/results/raw/x86/local-x86_MatmulOtherlibsLIBXSMMBench_baseline-default.json
baseline-default,local-x86,Native,Intel Xeon w9-3495X,GCC 13.3.0,OpenBLAS,e0166008be8e466242aa76b2ff75ce3f0fbf574a,AVX-512+AMX-BF16,,A08_gsa_qk_r128,af3,gsa_qk,128x128x32,4,128,128,gemm,bf16xbf16_acc_fp32,NA,raw_e2e,native,row_contiguous,default,auto,auto,auto,0.0,1.0,0.0,128.0,,,,,16.060691324566342,15.969918982939708,16.076925471330235,0.003139284133458555,261.15339092436307,16.060691324566342,1.0,1.0,TokenDynamic,10.081969084841857,8.758675634142012,1.5930113640909132,1.8336894749202144,ok,,benchmarks/ops/matmul-otherlibs/results/raw/x86/local-x86_MatmulOtherlibsOpenBLASBench_baseline-default.json
baseline-default,local-x86,Native,Intel Xeon w9-3495X,GCC 13.3.0,oneDNN,0e2a5bfeef1bfbffc3137464606540233086ce9b,AVX-512+AMX-BF16,,A08_gsa_qk_r128,af3,gsa_qk,128x128x32,4,128,128,gemm,bf16xbf16_acc_fp32,NA,raw_e2e,native,row_contiguous,default,auto,auto,auto,1.0,1.0,0.0,128.0,,,,,6.9354635333004016,6.872871567650319,6.948150611551355,0.005306374964838626,604.7618850364055,16.060691324566342,2.315734377010485,2.315734377010485,TokenDynamic,10.081969084841857,8.758675634142012,0.6879076373808569,0.7918392943181289,ok,,benchmarks/ops/matmul-otherlibs/results/raw/x86/local-x86_MatmulOtherlibsOneDNNBench_baseline-default.json
baseline-default,local-x86,Native,Intel Xeon w9-3495X,GCC 13.3.0,vecops,c4d4daf287d3552c42830f35a16f09783c323b88+benchmark-worktree,AVX-512+AMX-BF16,,A08_gsa_qk_r128,af3,gsa_qk,128x128x32,4,128,128,gemm,bf16xbf16_acc_fp32,AllConst,raw_e2e,native,row_contiguous,default,auto,auto,auto,1.0,1.0,0.0,128.0,,,,,8.758675634142012,8.73327356115176,8.78442670115034,0.002655662487961865,478.8742242777288,16.060691324566342,1.8336894749202144,1.8336894749202144,TokenDynamic,10.081969084841857,8.758675634142012,0.8687465276312537,1.0,ok,,benchmarks/ops/matmul-otherlibs/results/raw/x86/local-x86_MatmulOtherlibsVecopsAF3AttentionBench_baseline-default.json
baseline-default,local-x86,Native,Intel Xeon w9-3495X,GCC 13.3.0,vecops,c4d4daf287d3552c42830f35a16f09783c323b88+benchmark-worktree,AVX-512+AMX-BF16,,A08_gsa_qk_r128,af3,gsa_qk,128x128x32,4,128,128,gemm,bf16xbf16_acc_fp32,TokenDynamic,raw_e2e,native,row_contiguous,default,auto,auto,auto,1.0,1.0,0.0,128.0,,,,,10.081969084841857,9.903085084072432,13.620835064934596,0.29450370630941636,416.02031951338705,16.060691324566342,1.5930113640909132,1.5930113640909132,TokenDynamic,10.081969084841857,8.758675634142012,1.0,1.151083737539217,ok,,benchmarks/ops/matmul-otherlibs/results/raw/x86/local-x86_MatmulOtherlibsVecopsAF3AttentionBench_baseline-default.json
baseline-default,local-x86,Native,Intel Xeon w9-3495X,GCC 13.3.0,LIBXSMM,3668d249637792dcc988414eb3d2a374033743df,AVX-512+AMX-BF16,,A08_gsa_qk_r128,af3,gsa_qk,128x128x32,4,128,128,gemm_add,bf16xbf16_acc_fp32,NA,prepared_execute,native,row_contiguous,default,auto,auto,auto,0.0,0.0,1.0,128.0,,,1.0,0.0,10.102151809466111,8.234730217702952,10.110923438660409,0.09551583019343696,415.1891675266425,11.756868871738977,,1.1637984751647001,TokenDynamic,12.721743183890025,11.336598444379375,0.7940855009759047,0.8911096092033413,ok,,benchmarks/ops/matmul-otherlibs/results/raw/x86/local-x86_MatmulOtherlibsLIBXSMMBench_baseline-default.json
baseline-default,local-x86,Native,Intel Xeon w9-3495X,GCC 13.3.0,OpenBLAS,e0166008be8e466242aa76b2ff75ce3f0fbf574a,AVX-512+AMX-BF16,,A08_gsa_qk_r128,af3,gsa_qk,128x128x32,4,128,128,gemm_add,bf16xbf16_acc_fp32,NA,raw_e2e,native,row_contiguous,default,auto,auto,auto,0.0,1.0,0.0,128.0,,,,,11.756868871738977,10.312364884855802,11.801478278220008,0.06850609840141288,356.7534898753714,11.756868871738977,1.0,1.0,TokenDynamic,12.721743183890025,11.336598444379375,0.9241554951861549,1.0370720043954604,ok,,benchmarks/ops/matmul-otherlibs/results/raw/x86/local-x86_MatmulOtherlibsOpenBLASBench_baseline-default.json
baseline-default,local-x86,Native,Intel Xeon w9-3495X,GCC 13.3.0,oneDNN,0e2a5bfeef1bfbffc3137464606540233086ce9b,AVX-512+AMX-BF16,,A08_gsa_qk_r128,af3,gsa_qk,128x128x32,4,128,128,gemm_add,bf16xbf16_acc_fp32,NA,raw_e2e,native,row_contiguous,default,auto,auto,auto,1.0,1.0,0.0,128.0,,,,,8.084591620049112,8.078583136518889,8.093967888417568,0.0009001070748382723,518.8022100706331,11.756868871738977,1.4542316327497513,1.4542316327497513,TokenDynamic,12.721743183890025,11.336598444379375,0.6354940123525606,0.7131408649353201,ok,,benchmarks/ops/matmul-otherlibs/results/raw/x86/local-x86_MatmulOtherlibsOneDNNBench_baseline-default.json
baseline-default,local-x86,Native,Intel Xeon w9-3495X,GCC 13.3.0,vecops,c4d4daf287d3552c42830f35a16f09783c323b88+benchmark-worktree,AVX-512+AMX-BF16,,A08_gsa_qk_r128,af3,gsa_qk,128x128x32,4,128,128,gemm_add,bf16xbf16_acc_fp32,AllConst,raw_e2e,native,row_contiguous,default,auto,auto,auto,1.0,1.0,0.0,128.0,,,,,11.336598444379375,11.326806447068547,11.367717745149003,0.0017745624545462467,369.97905682012697,11.756868871738977,1.0370720043954604,1.0370720043954604,TokenDynamic,12.721743183890025,11.336598444379375,0.8911198945389256,1.0,ok,,benchmarks/ops/matmul-otherlibs/results/raw/x86/local-x86_MatmulOtherlibsVecopsAF3AttentionBench_baseline-default.json
baseline-default,local-x86,Native,Intel Xeon w9-3495X,GCC 13.3.0,vecops,c4d4daf287d3552c42830f35a16f09783c323b88+benchmark-worktree,AVX-512+AMX-BF16,,A08_gsa_qk_r128,af3,gsa_qk,128x128x32,4,128,128,gemm_add,bf16xbf16_acc_fp32,TokenDynamic,raw_e2e,native,row_contiguous,default,auto,auto,auto,1.0,1.0,0.0,128.0,,,,,12.721743183890025,12.563940183477253,12.854913083775939,0.0101498043896976,329.69569809516275,11.756868871738977,0.9241554951861549,0.9241554951861549,TokenDynamic,12.721743183890025,11.336598444379375,1.0,1.1221834526737955,ok,,benchmarks/ops/matmul-otherlibs/results/raw/x86/local-x86_MatmulOtherlibsVecopsAF3AttentionBench_baseline-default.json
baseline-default,local-x86,Native,Intel Xeon w9-3495X,GCC 13.3.0,LIBXSMM,3668d249637792dcc988414eb3d2a374033743df,AVX-512+AMX-BF16,,A12_gsa_pv_r128,af3,gsa_pv,32x128x128,4,128,128,gemm,bf16xbf16_acc_fp32,NA,prepared_execute,native,row_contiguous,default,auto,auto,auto,0.0,0.0,1.0,128.0,,,1.0,0.0,5.288067472035469,3.647826680301097,5.2988738013860965,0.16600474979717508,793.1638584757958,11.349741880973243,,2.1462929399054222,TokenDynamic,4.275444532591332,4.250041088902487,1.2368462347540712,1.2442391406152353,ok,,benchmarks/ops/matmul-otherlibs/results/raw/x86/local-x86_MatmulOtherlibsLIBXSMMBench_baseline-default.json
baseline-default,local-x86,Native,Intel Xeon w9-3495X,GCC 13.3.0,OpenBLAS,e0166008be8e466242aa76b2ff75ce3f0fbf574a,AVX-512+AMX-BF16,,A12_gsa_pv_r128,af3,gsa_pv,32x128x128,4,128,128,gemm,bf16xbf16_acc_fp32,NA,raw_e2e,native,row_contiguous,default,auto,auto,auto,0.0,1.0,0.0,128.0,,,,,11.349741880973243,10.759850146390992,11.499708250184481,0.03245385941607415,369.5506068760339,11.349741880973243,1.0,1.0,TokenDynamic,4.275444532591332,4.250041088902487,2.654634341401268,2.67050168305647,ok,,benchmarks/ops/matmul-otherlibs/results/raw/x86/local-x86_MatmulOtherlibsOpenBLASBench_baseline-default.json
baseline-default,local-x86,Native,Intel Xeon w9-3495X,GCC 13.3.0,oneDNN,0e2a5bfeef1bfbffc3137464606540233086ce9b,AVX-512+AMX-BF16,,A12_gsa_pv_r128,af3,gsa_pv,32x128x128,4,128,128,gemm,bf16xbf16_acc_fp32,NA,raw_e2e,native,row_contiguous,default,auto,auto,auto,1.0,1.0,0.0,128.0,,,,,4.677102368447005,4.558907392380855,4.691560759706695,0.01428755948245036,896.7740428979932,11.349741880973243,2.4266609936831114,2.4266609936831114,TokenDynamic,4.275444532591332,4.250041088902487,1.0939452804951324,1.100484035474302,ok,,benchmarks/ops/matmul-otherlibs/results/raw/x86/local-x86_MatmulOtherlibsOneDNNBench_baseline-default.json
baseline-default,local-x86,Native,Intel Xeon w9-3495X,GCC 13.3.0,vecops,c4d4daf287d3552c42830f35a16f09783c323b88+benchmark-worktree,AVX-512+AMX-BF16,,A12_gsa_pv_r128,af3,gsa_pv,32x128x128,4,128,128,gemm,bf16xbf16_acc_fp32,AllConst,raw_e2e,native,row_contiguous,default,auto,auto,auto,1.0,1.0,0.0,128.0,,,,,4.250041088902487,4.2428159193854516,4.263723140795832,0.002416311832325341,986.8855176369882,11.349741880973243,2.67050168305647,2.67050168305647,TokenDynamic,4.275444532591332,4.250041088902487,0.994058291834873,1.0,ok,,benchmarks/ops/matmul-otherlibs/results/raw/x86/local-x86_MatmulOtherlibsVecopsAF3AttentionBench_baseline-default.json
baseline-default,local-x86,Native,Intel Xeon w9-3495X,GCC 13.3.0,vecops,c4d4daf287d3552c42830f35a16f09783c323b88+benchmark-worktree,AVX-512+AMX-BF16,,A12_gsa_pv_r128,af3,gsa_pv,32x128x128,4,128,128,gemm,bf16xbf16_acc_fp32,TokenDynamic,raw_e2e,native,row_contiguous,default,auto,auto,auto,1.0,1.0,0.0,128.0,,,,,4.275444532591332,4.264824697179773,4.284669827870945,0.0022425612706324133,981.0217318987991,11.349741880973243,2.654634341401268,2.654634341401268,TokenDynamic,4.275444532591332,4.250041088902487,1.0,1.0059772230803081,ok,,benchmarks/ops/matmul-otherlibs/results/raw/x86/local-x86_MatmulOtherlibsVecopsAF3AttentionBench_baseline-default.json
baseline-default,local-x86,Native,Intel Xeon w9-3495X,GCC 13.3.0,LIBXSMM,3668d249637792dcc988414eb3d2a374033743df,AVX-512+AMX-BF16,,A12_gsa_pv_r128,af3,gsa_pv,32x128x128,4,128,128,gemm_add,bf16xbf16_acc_fp32,NA,prepared_execute,native,row_contiguous,default,auto,auto,auto,0.0,0.0,1.0,128.0,,,1.0,0.0,5.768859088227178,3.705274088535318,9.31432330265814,0.3797956227725,727.0595339309886,9.75620984497468,,1.6911853272486241,TokenDynamic,4.8818401767108925,4.5632316644022195,1.1816976548613496,1.2642047374517629,ok,,benchmarks/ops/matmul-otherlibs/results/raw/x86/local-x86_MatmulOtherlibsLIBXSMMBench_baseline-default.json
baseline-default,local-x86,Native,Intel Xeon w9-3495X,GCC 13.3.0,OpenBLAS,e0166008be8e466242aa76b2ff75ce3f0fbf574a,AVX-512+AMX-BF16,,A12_gsa_pv_r128,af3,gsa_pv,32x128x128,4,128,128,gemm_add,bf16xbf16_acc_fp32,NA,raw_e2e,native,row_contiguous,default,auto,auto,auto,0.0,1.0,0.0,128.0,,,,,9.75620984497468,8.857001250453633,10.075484557121953,0.06144601288980057,429.91121210461057,9.75620984497468,1.0,1.0,TokenDynamic,4.8818401767108925,4.5632316644022195,1.9984697351456233,2.1380045026166203,ok,,benchmarks/ops/matmul-otherlibs/results/raw/x86/local-x86_MatmulOtherlibsOpenBLASBench_baseline-default.json
baseline-default,local-x86,Native,Intel Xeon w9-3495X,GCC 13.3.0,oneDNN,0e2a5bfeef1bfbffc3137464606540233086ce9b,AVX-512+AMX-BF16,,A12_gsa_pv_r128,af3,gsa_pv,32x128x128,4,128,128,gemm_add,bf16xbf16_acc_fp32,NA,raw_e2e,native,row_contiguous,default,auto,auto,auto,1.0,1.0,0.0,128.0,,,,,5.753862337099571,5.735785259197145,5.771973188172741,0.0030281308703990614,728.954527284412,9.75620984497468,1.6955931986882793,1.6955931986882793,TokenDynamic,4.8818401767108925,4.5632316644022195,1.1786257085081793,1.2609183053285382,ok,,benchmarks/ops/matmul-otherlibs/results/raw/x86/local-x86_MatmulOtherlibsOneDNNBench_baseline-default.json
baseline-default,local-x86,Native,Intel Xeon w9-3495X,GCC 13.3.0,vecops,c4d4daf287d3552c42830f35a16f09783c323b88+benchmark-worktree,AVX-512+AMX-BF16,,A12_gsa_pv_r128,af3,gsa_pv,32x128x128,4,128,128,gemm_add,bf16xbf16_acc_fp32,AllConst,raw_e2e,native,row_contiguous,default,auto,auto,auto,1.0,1.0,0.0,128.0,,,,,4.5632316644022195,4.557573767607761,4.569882027445032,0.0012848667792000985,919.1521072050265,9.75620984497468,2.1380045026166203,2.1380045026166203,TokenDynamic,4.8818401767108925,4.5632316644022195,0.9347359805368857,1.0,ok,,benchmarks/ops/matmul-otherlibs/results/raw/x86/local-x86_MatmulOtherlibsVecopsAF3AttentionBench_baseline-default.json
baseline-default,local-x86,Native,Intel Xeon w9-3495X,GCC 13.3.0,vecops,c4d4daf287d3552c42830f35a16f09783c323b88+benchmark-worktree,AVX-512+AMX-BF16,,A12_gsa_pv_r128,af3,gsa_pv,32x128x128,4,128,128,gemm_add,bf16xbf16_acc_fp32,TokenDynamic,raw_e2e,native,row_contiguous,default,auto,auto,auto,1.0,1.0,0.0,128.0,,,,,4.8818401767108925,4.877495915212675,4.909613305790932,0.003761660826173966,859.164546190835,9.75620984497468,1.9984697351456233,1.9984697351456233,TokenDynamic,4.8818401767108925,4.5632316644022195,1.0,1.0698208058981837,ok,,benchmarks/ops/matmul-otherlibs/results/raw/x86/local-x86_MatmulOtherlibsVecopsAF3AttentionBench_baseline-default.json
baseline-default,local-x86,Native,Intel Xeon w9-3495X,GCC 13.3.0,LIBXSMM,3668d249637792dcc988414eb3d2a374033743df,AVX-512+AMX-BF16,,A16_tri_mul_r128,af3,triangle_multiplication,128x128x128,128,128,0,gemm,bf16xbf16_acc_fp32,NA,prepared_execute,native,row_contiguous,default,auto,auto,auto,0.0,0.0,1.0,2.0,,,1.0,0.0,1913.2903835270554,1811.8242629921729,1915.6237123677606,0.026584861148275785,280.6008521353174,1026.6185281708063,,0.5365722511385262,TokenDynamic,1218.6371652996572,1007.7093551365618,1.5700246455692053,1.898652993320452,ok,,benchmarks/ops/matmul-otherlibs/results/raw/x86/local-x86_MatmulOtherlibsLIBXSMMBench_baseline-default.json
baseline-default,local-x86,Native,Intel Xeon w9-3495X,GCC 13.3.0,OpenBLAS,e0166008be8e466242aa76b2ff75ce3f0fbf574a,AVX-512+AMX-BF16,,A16_tri_mul_r128,af3,triangle_multiplication,128x128x128,128,128,0,gemm,bf16xbf16_acc_fp32,NA,raw_e2e,native,row_contiguous,default,auto,auto,auto,0.0,1.0,0.0,2.0,,,,,1026.6185281708063,980.3486140862987,1035.1533225563708,0.026887738063228164,522.9507331769846,1026.6185281708063,1.0,1.0,TokenDynamic,1218.6371652996572,1007.7093551365618,0.8424316584160352,1.018764510756856,ok,,benchmarks/ops/matmul-otherlibs/results/raw/x86/local-x86_MatmulOtherlibsOpenBLASBench_baseline-default.json
baseline-default,local-x86,Native,Intel Xeon w9-3495X,GCC 13.3.0,oneDNN,0e2a5bfeef1bfbffc3137464606540233086ce9b,AVX-512+AMX-BF16,,A16_tri_mul_r128,af3,triangle_multiplication,128x128x128,128,128,0,gemm,bf16xbf16_acc_fp32,NA,raw_e2e,native,row_contiguous,default,auto,auto,auto,1.0,1.0,0.0,2.0,,,,,718.8942410254803,718.0889404844492,719.7057486971459,0.0009681309725656131,746.8009637052738,1026.6185281708063,1.4280522357591388,1.4280522357591388,TokenDynamic,1218.6371652996572,1007.7093551365618,0.5899165571966677,0.713394430012072,ok,,benchmarks/ops/matmul-otherlibs/results/raw/x86/local-x86_MatmulOtherlibsOneDNNBench_baseline-default.json
baseline-default,local-x86,Native,Intel Xeon w9-3495X,GCC 13.3.0,vecops,c4d4daf287d3552c42830f35a16f09783c323b88+benchmark-worktree,AVX-512+AMX-BF16,,A16_tri_mul_r128,af3,triangle_multiplication,128x128x128,128,128,0,gemm,bf16xbf16_acc_fp32,AllConst,raw_e2e,native,row_contiguous,default,auto,auto,auto,1.0,1.0,0.0,2.0,,,,,1007.7093551365618,1006.1065188906008,1008.8018695714181,0.0013243072051521785,532.7636478349899,1026.6185281708063,1.018764510756856,1.018764510756856,TokenDynamic,1218.6371652996572,1007.7093551365618,0.826915002948208,1.0,ok,,benchmarks/ops/matmul-otherlibs/results/raw/x86/local-x86_MatmulOtherlibsVecopsAF3TriangleBench_baseline-default.json
baseline-default,local-x86,Native,Intel Xeon w9-3495X,GCC 13.3.0,vecops,c4d4daf287d3552c42830f35a16f09783c323b88+benchmark-worktree,AVX-512+AMX-BF16,,A16_tri_mul_r128,af3,triangle_multiplication,128x128x128,128,128,0,gemm,bf16xbf16_acc_fp32,TokenDynamic,raw_e2e,native,row_contiguous,default,auto,auto,auto,1.0,1.0,0.0,2.0,,,,,1218.6371652996572,1013.2513565274523,1237.2122921363411,0.09093620134791906,440.5502534201687,1026.6185281708063,0.8424316584160352,0.8424316584160352,TokenDynamic,1218.6371652996572,1007.7093551365618,1.0,1.209314133175345,ok,,benchmarks/ops/matmul-otherlibs/results/raw/x86/local-x86_MatmulOtherlibsVecopsAF3TriangleBench_baseline-default.json
baseline-default,local-x86,Native,Intel Xeon w9-3495X,GCC 13.3.0,LIBXSMM,3668d249637792dcc988414eb3d2a374033743df,AVX-512+AMX-BF16,,A16_tri_mul_r128,af3,triangle_multiplication,128x128x128,128,128,0,gemm_add,bf16xbf16_acc_fp32,NA,prepared_execute,native,row_contiguous,default,auto,auto,auto,0.0,0.0,1.0,2.0,,,1.0,0.0,1364.57801957423,1053.4493529692056,1367.1323940940842,0.11937287573386149,393.4336507688378,975.6433790636376,,0.7149780848500358,TokenDynamic,1319.2942735842287,1311.4092523388772,1.0343242193168742,1.0405432302239193,ok,,benchmarks/ops/matmul-otherlibs/results/raw/x86/local-x86_MatmulOtherlibsLIBXSMMBench_baseline-default.json
baseline-default,local-x86,Native,Intel Xeon w9-3495X,GCC 13.3.0,OpenBLAS,e0166008be8e466242aa76b2ff75ce3f0fbf574a,AVX-512+AMX-BF16,,A16_tri_mul_r128,af3,triangle_multiplication,128x128x128,128,128,0,gemm_add,bf16xbf16_acc_fp32,NA,raw_e2e,native,row_contiguous,default,auto,auto,auto,0.0,1.0,0.0,2.0,,,,,975.6433790636376,910.9893058551462,985.6475686260309,0.03895587049477187,550.2737204194997,975.6433790636376,1.0,1.0,TokenDynamic,1319.2942735842287,1311.4092523388772,0.7395191494411871,0.7439656059491676,ok,,benchmarks/ops/matmul-otherlibs/results/raw/x86/local-x86_MatmulOtherlibsOpenBLASBench_baseline-default.json
baseline-default,local-x86,Native,Intel Xeon w9-3495X,GCC 13.3.0,oneDNN,0e2a5bfeef1bfbffc3137464606540233086ce9b,AVX-512+AMX-BF16,,A16_tri_mul_r128,af3,triangle_multiplication,128x128x128,128,128,0,gemm_add,bf16xbf16_acc_fp32,NA,raw_e2e,native,row_contiguous,default,auto,auto,auto,1.0,1.0,0.0,2.0,,,,,793.1931751831514,792.6609401168871,795.0369785454303,0.00152625385072,676.8476189624733,975.6433790636376,1.2300198861876965,1.2300198861876965,TokenDynamic,1319.2942735842287,1311.4092523388772,0.6012253604559521,0.6048403073018619,ok,,benchmarks/ops/matmul-otherlibs/results/raw/x86/local-x86_MatmulOtherlibsOneDNNBench_baseline-default.json
baseline-default,local-x86,Native,Intel Xeon w9-3495X,GCC 13.3.0,vecops,c4d4daf287d3552c42830f35a16f09783c323b88+benchmark-worktree,AVX-512+AMX-BF16,,A16_tri_mul_r128,af3,triangle_multiplication,128x128x128,128,128,0,gemm_add,bf16xbf16_acc_fp32,AllConst,raw_e2e,native,row_contiguous,default,auto,auto,auto,1.0,1.0,0.0,2.0,,,,,1311.4092523388772,1309.84016262195,1507.1283906772208,0.07013463915574401,409.3847218497959,975.6433790636376,0.7439656059491676,0.7439656059491676,TokenDynamic,1319.2942735842287,1311.4092523388772,0.9940233036683093,1.0,ok,,benchmarks/ops/matmul-otherlibs/results/raw/x86/local-x86_MatmulOtherlibsVecopsAF3TriangleBench_baseline-default.json
baseline-default,local-x86,Native,Intel Xeon w9-3495X,GCC 13.3.0,vecops,c4d4daf287d3552c42830f35a16f09783c323b88+benchmark-worktree,AVX-512+AMX-BF16,,A16_tri_mul_r128,af3,triangle_multiplication,128x128x128,128,128,0,gemm_add,bf16xbf16_acc_fp32,TokenDynamic,raw_e2e,native,row_contiguous,default,auto,auto,auto,1.0,1.0,0.0,2.0,,,,,1319.2942735842287,1318.2396093879845,1322.369724495626,0.0016492499151986384,406.9379536844659,975.6433790636376,0.7395191494411871,0.7395191494411871,TokenDynamic,1319.2942735842287,1311.4092523388772,1.0,1.0060126320073528,ok,,benchmarks/ops/matmul-otherlibs/results/raw/x86/local-x86_MatmulOtherlibsVecopsAF3TriangleBench_baseline-default.json
baseline-default,local-x86,Native,Intel Xeon w9-3495X,GCC 13.3.0,LIBXSMM,3668d249637792dcc988414eb3d2a374033743df,AVX-512+AMX-BF16,,G01_square,general,square,256x256x256,1,0,0,gemm,bf16xbf16_acc_fp32,NA,prepared_execute,native,row_contiguous,default,auto,auto,auto,0.0,0.0,1.0,1.0,,,1.0,0.0,58.096147489830535,50.73613729703703,58.57873426120786,0.06586845114751606,577.5672475678967,28.65758800355192,,0.49327862933713973,AllDynamic,37.02612331819915,20.344021857577093,1.569058337286826,2.8556864466891403,ok,,benchmarks/ops/matmul-otherlibs/results/raw/x86/local-x86_MatmulOtherlibsLIBXSMMBench_baseline-default.json
baseline-default,local-x86,Native,Intel Xeon w9-3495X,GCC 13.3.0,OpenBLAS,e0166008be8e466242aa76b2ff75ce3f0fbf574a,AVX-512+AMX-BF16,,G01_square,general,square,256x256x256,1,0,0,gemm,bf16xbf16_acc_fp32,NA,raw_e2e,native,row_contiguous,default,auto,auto,auto,0.0,1.0,0.0,1.0,,,,,28.65758800355192,28.542163059492946,28.75153509844114,0.0031289762780225398,1170.8742548689427,28.65758800355192,1.0,1.0,AllDynamic,37.02612331819915,20.344021857577093,0.7739829459668571,1.4086490962394662,ok,,benchmarks/ops/matmul-otherlibs/results/raw/x86/local-x86_MatmulOtherlibsOpenBLASBench_baseline-default.json
baseline-default,local-x86,Native,Intel Xeon w9-3495X,GCC 13.3.0,oneDNN,0e2a5bfeef1bfbffc3137464606540233086ce9b,AVX-512+AMX-BF16,,G01_square,general,square,256x256x256,1,0,0,gemm,bf16xbf16_acc_fp32,NA,raw_e2e,native,row_contiguous,default,auto,auto,auto,1.0,1.0,0.0,1.0,,,,,16.32662999303775,16.07559245033845,19.572778549740967,0.0975408707673928,2055.196449868025,28.65758800355192,1.7552665807807566,1.7552665807807566,AllDynamic,37.02612331819915,20.344021857577093,0.44094894441765264,0.8025271555121204,ok,,benchmarks/ops/matmul-otherlibs/results/raw/x86/local-x86_MatmulOtherlibsOneDNNBench_baseline-default.json
baseline-default,local-x86,Native,Intel Xeon w9-3495X,GCC 13.3.0,vecops,c4d4daf287d3552c42830f35a16f09783c323b88+benchmark-worktree,AVX-512+AMX-BF16,,G01_square,general,square,256x256x256,1,0,0,gemm,bf16xbf16_acc_fp32,AllConst,raw_e2e,native,row_contiguous,default,auto,auto,auto,0.0,1.0,0.0,1.0,,,,,20.344021857577093,19.762599233735124,20.85119971689979,0.02509188574192933,1649.3509609311943,28.65758800355192,1.4086490962394662,1.4086490962394662,AllDynamic,37.02612331819915,20.344021857577093,0.549450496957038,1.0,ok,,benchmarks/ops/matmul-otherlibs/results/raw/x86/local-x86_MatmulOtherlibsVecopsGeneralBench_baseline-default.json
baseline-default,local-x86,Native,Intel Xeon w9-3495X,GCC 13.3.0,vecops,c4d4daf287d3552c42830f35a16f09783c323b88+benchmark-worktree,AVX-512+AMX-BF16,,G01_square,general,square,256x256x256,1,0,0,gemm,bf16xbf16_acc_fp32,AllDynamic,raw_e2e,native,row_contiguous,default,auto,auto,auto,0.0,1.0,0.0,1.0,,,,,37.02612331819915,36.9335420731911,37.16012229939646,0.002679281573318815,906.2367051402128,28.65758800355192,0.7739829459668571,0.7739829459668571,AllDynamic,37.02612331819915,20.344021857577093,1.0,1.820000173879524,ok,,benchmarks/ops/matmul-otherlibs/results/raw/x86/local-x86_MatmulOtherlibsVecopsGeneralBench_baseline-default.json
baseline-default,local-x86,Native,Intel Xeon w9-3495X,GCC 13.3.0,LIBXSMM,3668d249637792dcc988414eb3d2a374033743df,AVX-512+AMX-BF16,,G01_square,general,square,256x256x256,1,0,0,gemm_add,bf16xbf16_acc_fp32,NA,prepared_execute,native,row_contiguous,default,auto,auto,auto,0.0,0.0,1.0,1.0,,,1.0,0.0,48.89881942098992,48.605078659558735,48.94999063976657,0.00327514497982713,686.2012702416429,24.459760491652244,,0.5002116775267756,AllDynamic,40.74823736563002,23.58046490151123,1.2000229355254195,2.0737003967150827,ok,,benchmarks/ops/matmul-otherlibs/results/raw/x86/local-x86_MatmulOtherlibsLIBXSMMBench_baseline-default.json
baseline-default,local-x86,Native,Intel Xeon w9-3495X,GCC 13.3.0,OpenBLAS,e0166008be8e466242aa76b2ff75ce3f0fbf574a,AVX-512+AMX-BF16,,G01_square,general,square,256x256x256,1,0,0,gemm_add,bf16xbf16_acc_fp32,NA,raw_e2e,native,row_contiguous,default,auto,auto,auto,0.0,1.0,0.0,1.0,,,,,24.459760491652244,24.314580922922914,24.605148698403067,0.0058776113548617325,1371.821772803198,24.459760491652244,1.0,1.0,AllDynamic,40.74823736563002,23.58046490151123,0.6002654856497758,1.0372891541287916,ok,,benchmarks/ops/matmul-otherlibs/results/raw/x86/local-x86_MatmulOtherlibsOpenBLASBench_baseline-default.json
baseline-default,local-x86,Native,Intel Xeon w9-3495X,GCC 13.3.0,oneDNN,0e2a5bfeef1bfbffc3137464606540233086ce9b,AVX-512+AMX-BF16,,G01_square,general,square,256x256x256,1,0,0,gemm_add,bf16xbf16_acc_fp32,NA,raw_e2e,native,row_contiguous,default,auto,auto,auto,1.0,1.0,0.0,1.0,,,,,21.35353523548471,19.62616927997417,21.372329622204944,0.0772094832813427,1571.375963275635,24.459760491652244,1.1454665572661569,1.1454665572661569,AllDynamic,40.74823736563002,23.58046490151123,0.5240358016932485,0.9055604003005131,ok,,benchmarks/ops/matmul-otherlibs/results/raw/x86/local-x86_MatmulOtherlibsOneDNNBench_baseline-default.json
baseline-default,local-x86,Native,Intel Xeon w9-3495X,GCC 13.3.0,vecops,c4d4daf287d3552c42830f35a16f09783c323b88+benchmark-worktree,AVX-512+AMX-BF16,,G01_square,general,square,256x256x256,1,0,0,gemm_add,bf16xbf16_acc_fp32,AllConst,raw_e2e,native,row_contiguous,default,auto,auto,auto,0.0,1.0,0.0,1.0,,,,,23.58046490151123,23.39350410384417,23.899267310931624,0.009583306042465286,1422.9758463264884,24.459760491652244,1.0372891541287916,1.0372891541287916,AllDynamic,40.74823736563002,23.58046490151123,0.5786867463720206,1.0,ok,,benchmarks/ops/matmul-otherlibs/results/raw/x86/local-x86_MatmulOtherlibsVecopsGeneralBench_baseline-default.json
baseline-default,local-x86,Native,Intel Xeon w9-3495X,GCC 13.3.0,vecops,c4d4daf287d3552c42830f35a16f09783c323b88+benchmark-worktree,AVX-512+AMX-BF16,,G01_square,general,square,256x256x256,1,0,0,gemm_add,bf16xbf16_acc_fp32,AllDynamic,raw_e2e,native,row_contiguous,default,auto,auto,auto,0.0,1.0,0.0,1.0,,,,,40.74823736563002,40.367587041264024,40.831143405448906,0.005257285266591604,823.4572626766479,24.459760491652244,0.6002654856497758,0.6002654856497758,AllDynamic,40.74823736563002,23.58046490151123,1.0,1.7280506358048324,ok,,benchmarks/ops/matmul-otherlibs/results/raw/x86/local-x86_MatmulOtherlibsVecopsGeneralBench_baseline-default.json
baseline-default,local-x86,Native,Intel Xeon w9-3495X,GCC 13.3.0,LIBXSMM,3668d249637792dcc988414eb3d2a374033743df,AVX-512+AMX-BF16,,G03_conv1x1,general,conv1x1,64x3136x576,1,0,0,gemm,bf16xbf16_acc_fp32,NA,prepared_execute,native,row_contiguous,default,auto,auto,auto,0.0,0.0,1.0,1.0,,,1.0,0.0,383.1677131330635,382.3800863637054,383.2149021791885,0.001101838616337028,603.4198604821039,311.7876384034649,,0.8137106225732273,AllDynamic,309.6188561961495,405.17711274748444,1.2375464396468132,0.9456795585881532,ok,,benchmarks/ops/matmul-otherlibs/results/raw/x86/local-x86_MatmulOtherlibsLIBXSMMBench_baseline-default.json
baseline-default,local-x86,Native,Intel Xeon w9-3495X,GCC 13.3.0,OpenBLAS,e0166008be8e466242aa76b2ff75ce3f0fbf574a,AVX-512+AMX-BF16,,G03_conv1x1,general,conv1x1,64x3136x576,1,0,0,gemm,bf16xbf16_acc_fp32,NA,raw_e2e,native,row_contiguous,default,auto,auto,auto,0.0,1.0,0.0,1.0,,,,,311.7876384034649,311.20324866346243,312.41435535775963,0.0020710744410931447,741.5656668876792,311.7876384034649,1.0,1.0,AllDynamic,309.6188561961495,405.17711274748444,1.0070046838682893,0.769509502373541,ok,,benchmarks/ops/matmul-otherlibs/results/raw/x86/local-x86_MatmulOtherlibsOpenBLASBench_baseline-default.json
baseline-default,local-x86,Native,Intel Xeon w9-3495X,GCC 13.3.0,oneDNN,0e2a5bfeef1bfbffc3137464606540233086ce9b,AVX-512+AMX-BF16,,G03_conv1x1,general,conv1x1,64x3136x576,1,0,0,gemm,bf16xbf16_acc_fp32,NA,raw_e2e,native,row_contiguous,default,auto,auto,auto,1.0,1.0,0.0,1.0,,,,,261.0907238758683,260.7551272430739,261.62669441398623,0.001954966599584527,885.5581100994068,311.7876384034649,1.1941735568962597,1.1941735568962597,AllDynamic,309.6188561961495,405.17711274748444,0.84326493251581,0.644386653790551,ok,,benchmarks/ops/matmul-otherlibs/results/raw/x86/local-x86_MatmulOtherlibsOneDNNBench_baseline-default.json
baseline-default,local-x86,Native,Intel Xeon w9-3495X,GCC 13.3.0,vecops,c4d4daf287d3552c42830f35a16f09783c323b88+benchmark-worktree,AVX-512+AMX-BF16,,G03_conv1x1,general,conv1x1,64x3136x576,1,0,0,gemm,bf16xbf16_acc_fp32,AllConst,raw_e2e,native,row_contiguous,default,auto,auto,auto,0.0,1.0,0.0,1.0,,,,,405.17711274748444,404.91519825912565,406.46758901373875,0.0020280905853960977,570.641827304041,311.7876384034649,0.769509502373541,0.769509502373541,AllDynamic,309.6188561961495,405.17711274748444,1.3086319022210873,1.0,ok,,benchmarks/ops/matmul-otherlibs/results/raw/x86/local-x86_MatmulOtherlibsVecopsGeneralBench_baseline-default.json
baseline-default,local-x86,Native,Intel Xeon w9-3495X,GCC 13.3.0,vecops,c4d4daf287d3552c42830f35a16f09783c323b88+benchmark-worktree,AVX-512+AMX-BF16,,G03_conv1x1,general,conv1x1,64x3136x576,1,0,0,gemm,bf16xbf16_acc_fp32,AllDynamic,raw_e2e,native,row_contiguous,default,auto,auto,auto,0.0,1.0,0.0,1.0,,,,,309.6188561961495,294.080022562798,309.7294583948601,0.024888809105331134,746.7600999518045,311.7876384034649,1.0070046838682893,1.0070046838682893,AllDynamic,309.6188561961495,405.17711274748444,1.0,0.7641568253859171,ok,,benchmarks/ops/matmul-otherlibs/results/raw/x86/local-x86_MatmulOtherlibsVecopsGeneralBench_baseline-default.json
baseline-default,local-x86,Native,Intel Xeon w9-3495X,GCC 13.3.0,LIBXSMM,3668d249637792dcc988414eb3d2a374033743df,AVX-512+AMX-BF16,,G03_conv1x1,general,conv1x1,64x3136x576,1,0,0,gemm_add,bf16xbf16_acc_fp32,NA,prepared_execute,native,row_contiguous,default,auto,auto,auto,0.0,0.0,1.0,1.0,,,1.0,0.0,348.7762214039077,348.2816169219119,349.3611089362813,0.0015779106036523309,662.9207893511789,292.7597092231249,,0.8393912522037685,AllDynamic,349.77601993651336,442.2130346961454,0.9971416035530762,0.7887063339133812,ok,,benchmarks/ops/matmul-otherlibs/results/raw/x86/local-x86_MatmulOtherlibsLIBXSMMBench_baseline-default.json
baseline-default,local-x86,Native,Intel Xeon w9-3495X,GCC 13.3.0,OpenBLAS,e0166008be8e466242aa76b2ff75ce3f0fbf574a,AVX-512+AMX-BF16,,G03_conv1x1,general,conv1x1,64x3136x576,1,0,0,gemm_add,bf16xbf16_acc_fp32,NA,raw_e2e,native,row_contiguous,default,auto,auto,auto,0.0,1.0,0.0,1.0,,,,,292.7597092231249,292.3025196650997,293.35070839083545,0.0017138667074564047,789.763757497737,292.7597092231249,1.0,1.0,AllDynamic,349.77601993651336,442.2130346961454,0.8369919392308904,0.6620331972445966,ok,,benchmarks/ops/matmul-otherlibs/results/raw/x86/local-x86_MatmulOtherlibsOpenBLASBench_baseline-default.json
baseline-default,local-x86,Native,Intel Xeon w9-3495X,GCC 13.3.0,oneDNN,0e2a5bfeef1bfbffc3137464606540233086ce9b,AVX-512+AMX-BF16,,G03_conv1x1,general,conv1x1,64x3136x576,1,0,0,gemm_add,bf16xbf16_acc_fp32,NA,raw_e2e,native,row_contiguous,default,auto,auto,auto,1.0,1.0,0.0,1.0,,,,,269.87312355642405,269.43377530068324,270.0417389916562,0.0011111194851995,856.7396595595385,292.7597092231249,1.084804983042025,1.084804983042025,AllDynamic,349.77601993651336,442.2130346961454,0.7715598216407397,0.6102785363209838,ok,,benchmarks/ops/matmul-otherlibs/results/raw/x86/local-x86_MatmulOtherlibsOneDNNBench_baseline-default.json
baseline-default,local-x86,Native,Intel Xeon w9-3495X,GCC 13.3.0,vecops,c4d4daf287d3552c42830f35a16f09783c323b88+benchmark-worktree,AVX-512+AMX-BF16,,G03_conv1x1,general,conv1x1,64x3136x576,1,0,0,gemm_add,bf16xbf16_acc_fp32,AllConst,raw_e2e,native,row_contiguous,default,auto,auto,auto,0.0,1.0,0.0,1.0,,,,,442.2130346961454,441.6734050413629,442.94592239695663,0.0013359680635208061,522.8498254441331,292.7597092231249,0.6620331972445966,0.6620331972445966,AllDynamic,349.77601993651336,442.2130346961454,1.2642748773240944,1.0,ok,,benchmarks/ops/matmul-otherlibs/results/raw/x86/local-x86_MatmulOtherlibsVecopsGeneralBench_baseline-default.json
baseline-default,local-x86,Native,Intel Xeon w9-3495X,GCC 13.3.0,vecops,c4d4daf287d3552c42830f35a16f09783c323b88+benchmark-worktree,AVX-512+AMX-BF16,,G03_conv1x1,general,conv1x1,64x3136x576,1,0,0,gemm_add,bf16xbf16_acc_fp32,AllDynamic,raw_e2e,native,row_contiguous,default,auto,auto,auto,0.0,1.0,0.0,1.0,,,,,349.77601993651336,349.3934214313136,350.46820399325867,0.0013824275109013547,661.0258989223055,292.7597092231249,0.8369919392308904,0.8369919392308904,AllDynamic,349.77601993651336,442.2130346961454,1.0,0.7909672318385015,ok,,benchmarks/ops/matmul-otherlibs/results/raw/x86/local-x86_MatmulOtherlibsVecopsGeneralBench_baseline-default.json
baseline-default,local-x86,Native,Intel Xeon w9-3495X,GCC 13.3.0,LIBXSMM,3668d249637792dcc988414eb3d2a374033743df,AVX-512+AMX-BF16,,L01_qkv_decode,llm,qkv,4096x1x4096,1,1,0,bias,bf16xbf16_acc_fp32,NA,prepared_execute,separate,row_contiguous,default,auto,auto,auto,0.0,0.0,1.0,1.0,,,1.0,0.0,3176.5518407072786,3171.148249913875,3182.7196136212233,0.0019502341690851026,10.56316209608243,1722.234172816963,,0.5421709637307531,TokenDynamic,1195.7183675034546,1195.2376068006547,2.6566053738386697,2.6576739408410144,ok,,benchmarks/ops/matmul-otherlibs/results/raw/x86/local-x86_MatmulOtherlibsLIBXSMMBench_baseline-default.json
baseline-default,local-x86,Native,Intel Xeon w9-3495X,GCC 13.3.0,OpenBLAS,e0166008be8e466242aa76b2ff75ce3f0fbf574a,AVX-512+AMX-BF16,,L01_qkv_decode,llm,qkv,4096x1x4096,1,1,0,bias,bf16xbf16_acc_fp32,NA,raw_e2e,separate,row_contiguous,default,auto,auto,auto,0.0,1.0,0.0,1.0,,,,,1722.234172816963,1719.1795678953006,1727.0795802260966,0.0020260194549888964,19.48308338645776,1722.234172816963,1.0,1.0,TokenDynamic,1195.7183675034546,1195.2376068006547,1.4403342957864091,1.4409136417878814,ok,,benchmarks/ops/matmul-otherlibs/results/raw/x86/local-x86_MatmulOtherlibsOpenBLASBench_baseline-default.json
baseline-default,local-x86,Native,Intel Xeon w9-3495X,GCC 13.3.0,oneDNN,0e2a5bfeef1bfbffc3137464606540233086ce9b,AVX-512+AMX-BF16,,L01_qkv_decode,llm,qkv,4096x1x4096,1,1,0,bias,bf16xbf16_acc_fp32,NA,raw_e2e,native_fused,row_contiguous,default,auto,auto,auto,1.0,1.0,0.0,1.0,,,,,934.1917066679647,933.1897199735977,935.8124920011809,0.0012245318793921314,35.918143739126656,1722.234172816963,1.8435554078720682,1.8435554078720682,TokenDynamic,1195.7183675034546,1195.2376068006547,0.7812807196551371,0.7815949743821706,ok,,benchmarks/ops/matmul-otherlibs/results/raw/x86/local-x86_MatmulOtherlibsOneDNNBench_baseline-default.json
baseline-default,local-x86,Native,Intel Xeon w9-3495X,GCC 13.3.0,vecops,c4d4daf287d3552c42830f35a16f09783c323b88+benchmark-worktree,AVX-512+AMX-BF16,,L01_qkv_decode,llm,qkv,4096x1x4096,1,1,0,bias,bf16xbf16_acc_fp32,AllConst,raw_e2e,native_fused,row_contiguous,default,auto,auto,auto,0.0,1.0,0.0,1.0,,,,,1195.2376068006547,1193.2022734515322,1197.7586563394016,0.001758168588091186,28.073440635637823,1722.234172816963,1.4409136417878814,1.4409136417878814,TokenDynamic,1195.7183675034546,1195.2376068006547,0.999597931489667,1.0,ok,,benchmarks/ops/matmul-otherlibs/results/raw/x86/local-x86_MatmulOtherlibsVecopsBiasBench_baseline-default.json
baseline-default,local-x86,Native,Intel Xeon w9-3495X,GCC 13.3.0,vecops,c4d4daf287d3552c42830f35a16f09783c323b88+benchmark-worktree,AVX-512+AMX-BF16,,L01_qkv_decode,llm,qkv,4096x1x4096,1,1,0,bias,bf16xbf16_acc_fp32,TokenDynamic,raw_e2e,native_fused,row_contiguous,default,auto,auto,auto,0.0,1.0,0.0,1.0,,,,,1195.7183675034546,1188.3193521032063,1197.9789640774363,0.004015289205952754,28.062153189181526,1722.234172816963,1.4403342957864091,1.4403342957864091,TokenDynamic,1195.7183675034546,1195.2376068006547,1.0,1.0004022302344442,ok,,benchmarks/ops/matmul-otherlibs/results/raw/x86/local-x86_MatmulOtherlibsVecopsBiasBench_baseline-default.json
baseline-default,local-x86,Native,Intel Xeon w9-3495X,GCC 13.3.0,LIBXSMM,3668d249637792dcc988414eb3d2a374033743df,AVX-512+AMX-BF16,,L01_qkv_decode,llm,qkv,4096x1x4096,1,1,0,bias_relu,bf16xbf16_acc_fp32,NA,prepared_execute,separate,row_contiguous,default,auto,auto,auto,0.0,0.0,1.0,1.0,,,1.0,0.0,3177.417772597189,3173.519940835169,3181.68920004444,0.0013091938384928552,10.56028335001505,1719.6353333412935,,0.5412052982682479,TokenDynamic,1196.1326120493547,1202.0058706623568,2.6564092815371567,2.6434294957696802,ok,,benchmarks/ops/matmul-otherlibs/results/raw/x86/local-x86_MatmulOtherlibsLIBXSMMBench_baseline-default.json
baseline-default,local-x86,Native,Intel Xeon w9-3495X,GCC 13.3.0,OpenBLAS,e0166008be8e466242aa76b2ff75ce3f0fbf574a,AVX-512+AMX-BF16,,L01_qkv_decode,llm,qkv,4096x1x4096,1,1,0,bias_relu,bf16xbf16_acc_fp32,NA,raw_e2e,separate,row_contiguous,default,auto,auto,auto,0.0,1.0,0.0,1.0,,,,,1719.6353333412935,1711.5770665609657,1723.8805901595495,0.003991827218952287,19.512527655966988,1719.6353333412935,1.0,1.0,TokenDynamic,1196.1326120493547,1202.0058706623568,1.437662777536859,1.430638048709114,ok,,benchmarks/ops/matmul-otherlibs/results/raw/x86/local-x86_MatmulOtherlibsOpenBLASBench_baseline-default.json
baseline-default,local-x86,Native,Intel Xeon w9-3495X,GCC 13.3.0,oneDNN,0e2a5bfeef1bfbffc3137464606540233086ce9b,AVX-512+AMX-BF16,,L01_qkv_decode,llm,qkv,4096x1x4096,1,1,0,bias_relu,bf16xbf16_acc_fp32,NA,raw_e2e,native_fused,row_contiguous,default,auto,auto,auto,1.0,1.0,0.0,1.0,,,,,935.3522133703034,934.927700009818,936.2417173300249,0.0007919030514434358,35.873579514068986,1719.6353333412935,1.838489617878837,1.838489617878837,TokenDynamic,1196.1326120493547,1202.0058706623568,0.7819803623343637,0.7781594384850086,ok,,benchmarks/ops/matmul-otherlibs/results/raw/x86/local-x86_MatmulOtherlibsOneDNNBench_baseline-default.json
baseline-default,local-x86,Native,Intel Xeon w9-3495X,GCC 13.3.0,vecops,c4d4daf287d3552c42830f35a16f09783c323b88+benchmark-worktree,AVX-512+AMX-BF16,,L01_qkv_decode,llm,qkv,4096x1x4096,1,1,0,bias_relu,bf16xbf16_acc_fp32,AllConst,raw_e2e,native_fused,row_contiguous,default,auto,auto,auto,0.0,1.0,0.0,1.0,,,,,1202.0058706623568,1200.8597638010415,1205.8505293429462,0.002484954061641867,27.91536449111523,1719.6353333412935,1.430638048709114,1.430638048709114,TokenDynamic,1196.1326120493547,1202.0058706623568,1.0049102069066902,1.0,ok,,benchmarks/ops/matmul-otherlibs/results/raw/x86/local-x86_MatmulOtherlibsVecopsBiasReluBench_baseline-default.json
baseline-default,local-x86,Native,Intel Xeon w9-3495X,GCC 13.3.0,vecops,c4d4daf287d3552c42830f35a16f09783c323b88+benchmark-worktree,AVX-512+AMX-BF16,,L01_qkv_decode,llm,qkv,4096x1x4096,1,1,0,bias_relu,bf16xbf16_acc_fp32,TokenDynamic,raw_e2e,native_fused,row_contiguous,default,auto,auto,auto,0.0,1.0,0.0,1.0,,,,,1196.1326120493547,1193.7141172830738,1200.8889293015116,0.0029170829281866583,28.052434706642277,1719.6353333412935,1.437662777536859,1.437662777536859,TokenDynamic,1196.1326120493547,1202.0058706623568,1.0,0.9951137854178985,ok,,benchmarks/ops/matmul-otherlibs/results/raw/x86/local-x86_MatmulOtherlibsVecopsBiasReluBench_baseline-default.json
baseline-default,local-x86,Native,Intel Xeon w9-3495X,GCC 13.3.0,LIBXSMM,3668d249637792dcc988414eb3d2a374033743df,AVX-512+AMX-BF16,,L01_qkv_decode,llm,qkv,4096x1x4096,1,1,0,gemm,bf16xbf16_acc_fp32,NA,prepared_execute,native,row_contiguous,default,auto,auto,auto,0.0,0.0,1.0,1.0,,,1.0,0.0,3172.491113549437,3169.84364538009,3176.690781798574,0.0009622993573520839,10.57668273890253,1718.3175309414594,,0.541630368514721,TokenDynamic,940.5674026488333,940.3443020602826,3.3729545640376677,3.37375481150739,ok,,benchmarks/ops/matmul-otherlibs/results/raw/x86/local-x86_MatmulOtherlibsLIBXSMMBench_baseline-default.json
baseline-default,local-x86,Native,Intel Xeon w9-3495X,GCC 13.3.0,OpenBLAS,e0166008be8e466242aa76b2ff75ce3f0fbf574a,AVX-512+AMX-BF16,,L01_qkv_decode,llm,qkv,4096x1x4096,1,1,0,gemm,bf16xbf16_acc_fp32,NA,raw_e2e,native,row_contiguous,default,auto,auto,auto,0.0,1.0,0.0,1.0,,,,,1718.3175309414594,1715.491730849155,1724.9888370394199,0.002872497987295807,19.527492093743383,1718.3175309414594,1.0,1.0,TokenDynamic,940.5674026488333,940.3443020602826,1.8268946235031323,1.827328061835061,ok,,benchmarks/ops/matmul-otherlibs/results/raw/x86/local-x86_MatmulOtherlibsOpenBLASBench_baseline-default.json
baseline-default,local-x86,Native,Intel Xeon w9-3495X,GCC 13.3.0,oneDNN,0e2a5bfeef1bfbffc3137464606540233086ce9b,AVX-512+AMX-BF16,,L01_qkv_decode,llm,qkv,4096x1x4096,1,1,0,gemm,bf16xbf16_acc_fp32,NA,raw_e2e,native,row_contiguous,default,auto,auto,auto,1.0,1.0,0.0,1.0,,,,,932.3062399441067,931.871993370199,933.5184613786017,0.0008487018732993089,35.99078345974778,1718.3175309414594,1.8430827311039724,1.8430827311039724,TokenDynamic,940.5674026488333,940.3443020602826,0.9912168307327455,0.9914520010398694,ok,,benchmarks/ops/matmul-otherlibs/results/raw/x86/local-x86_MatmulOtherlibsOneDNNBench_baseline-default.json
baseline-default,local-x86,Native,Intel Xeon w9-3495X,GCC 13.3.0,vecops,c4d4daf287d3552c42830f35a16f09783c323b88+benchmark-worktree,AVX-512+AMX-BF16,,L01_qkv_decode,llm,qkv,4096x1x4096,1,1,0,gemm,bf16xbf16_acc_fp32,AllConst,raw_e2e,native,row_contiguous,default,auto,auto,auto,0.0,1.0,0.0,1.0,,,,,940.3443020602826,939.856150368035,940.8745007205055,0.0005830735607606323,35.68313428015957,1718.3175309414594,1.827328061835061,1.827328061835061,TokenDynamic,940.5674026488333,940.3443020602826,0.9997628021256931,1.0,ok,,benchmarks/ops/matmul-otherlibs/results/raw/x86/local-x86_MatmulOtherlibsVecopsLLMBench_baseline-default.json
baseline-default,local-x86,Native,Intel Xeon w9-3495X,GCC 13.3.0,vecops,c4d4daf287d3552c42830f35a16f09783c323b88+benchmark-worktree,AVX-512+AMX-BF16,,L01_qkv_decode,llm,qkv,4096x1x4096,1,1,0,gemm,bf16xbf16_acc_fp32,TokenDynamic,raw_e2e,native,row_contiguous,default,auto,auto,auto,0.0,1.0,0.0,1.0,,,,,940.5674026488333,940.0317221747137,942.2830026674917,0.0012212651064920426,35.67467031655971,1718.3175309414594,1.8268946235031323,1.8268946235031323,TokenDynamic,940.5674026488333,940.3443020602826,1.0,1.0002372541504871,ok,,benchmarks/ops/matmul-otherlibs/results/raw/x86/local-x86_MatmulOtherlibsVecopsLLMBench_baseline-default.json
baseline-default,local-x86,Native,Intel Xeon w9-3495X,GCC 13.3.0,LIBXSMM,3668d249637792dcc988414eb3d2a374033743df,AVX-512+AMX-BF16,,L01_qkv_decode,llm,qkv,4096x1x4096,1,1,0,gemm_add,bf16xbf16_acc_fp32,NA,prepared_execute,native,row_contiguous,default,auto,auto,auto,0.0,0.0,1.0,1.0,,,1.0,0.0,3172.089409252459,3169.797000009566,3176.3640272071243,0.0009662193050341793,10.578022139643126,1717.5581358318548,,0.5414595600054722,TokenDynamic,1173.9411596512077,1185.0339406164032,2.702085520363666,2.6767920314606988,ok,,benchmarks/ops/matmul-otherlibs/results/raw/x86/local-x86_MatmulOtherlibsLIBXSMMBench_baseline-default.json
baseline-default,local-x86,Native,Intel Xeon w9-3495X,GCC 13.3.0,OpenBLAS,e0166008be8e466242aa76b2ff75ce3f0fbf574a,AVX-512+AMX-BF16,,L01_qkv_decode,llm,qkv,4096x1x4096,1,1,0,gemm_add,bf16xbf16_acc_fp32,NA,raw_e2e,native,row_contiguous,default,auto,auto,auto,0.0,1.0,0.0,1.0,,,,,1717.5581358318548,1715.669733325571,1723.5719901006553,0.002066819031236237,19.536125910374952,1717.5581358318548,1.0,1.0,TokenDynamic,1173.9411596512077,1185.0339406164032,1.463070036953268,1.449374635580864,ok,,benchmarks/ops/matmul-otherlibs/results/raw/x86/local-x86_MatmulOtherlibsOpenBLASBench_baseline-default.json
baseline-default,local-x86,Native,Intel Xeon w9-3495X,GCC 13.3.0,oneDNN,0e2a5bfeef1bfbffc3137464606540233086ce9b,AVX-512+AMX-BF16,,L01_qkv_decode,llm,qkv,4096x1x4096,1,1,0,gemm_add,bf16xbf16_acc_fp32,NA,raw_e2e,native,row_contiguous,default,auto,auto,auto,1.0,1.0,0.0,1.0,,,,,934.3154800202076,933.8707266724668,934.4258133399613,0.0003107113424053996,35.91338548653211,1717.5581358318548,1.8383064099448583,1.8383064099448583,TokenDynamic,1173.9411596512077,1185.0339406164032,0.7958793099117542,0.7884292997837827,ok,,benchmarks/ops/matmul-otherlibs/results/raw/x86/local-x86_MatmulOtherlibsOneDNNBench_baseline-default.json
baseline-default,local-x86,Native,Intel Xeon w9-3495X,GCC 13.3.0,vecops,c4d4daf287d3552c42830f35a16f09783c323b88+benchmark-worktree,AVX-512+AMX-BF16,,L01_qkv_decode,llm,qkv,4096x1x4096,1,1,0,gemm_add,bf16xbf16_acc_fp32,AllConst,raw_e2e,native,row_contiguous,default,auto,auto,auto,0.0,1.0,0.0,1.0,,,,,1185.0339406164032,1183.576169458289,1186.2458033986404,0.0011392546395143453,28.315165372011574,1717.5581358318548,1.449374635580864,1.449374635580864,TokenDynamic,1173.9411596512077,1185.0339406164032,1.0094491796918437,1.0,ok,,benchmarks/ops/matmul-otherlibs/results/raw/x86/local-x86_MatmulOtherlibsVecopsLLMBench_baseline-default.json
baseline-default,local-x86,Native,Intel Xeon w9-3495X,GCC 13.3.0,vecops,c4d4daf287d3552c42830f35a16f09783c323b88+benchmark-worktree,AVX-512+AMX-BF16,,L01_qkv_decode,llm,qkv,4096x1x4096,1,1,0,gemm_add,bf16xbf16_acc_fp32,TokenDynamic,raw_e2e,native,row_contiguous,default,auto,auto,auto,0.0,1.0,0.0,1.0,,,,,1173.9411596512077,1172.593796572906,1175.8006185179715,0.0013115462007142395,28.582720457615977,1717.5581358318548,1.463070036953268,1.463070036953268,TokenDynamic,1173.9411596512077,1185.0339406164032,1.0,0.9906392715136703,ok,,benchmarks/ops/matmul-otherlibs/results/raw/x86/local-x86_MatmulOtherlibsVecopsLLMBench_baseline-default.json
baseline-default,local-x86,Native,Intel Xeon w9-3495X,GCC 13.3.0,LIBXSMM,3668d249637792dcc988414eb3d2a374033743df,AVX-512+AMX-BF16,,L02_qkv_batch4,llm,qkv,4096x4x4096,1,4,0,bias,bf16xbf16_acc_fp32,NA,prepared_execute,separate,row_contiguous,default,auto,auto,auto,0.0,0.0,1.0,1.0,,,1.0,0.0,3183.3040679471605,3177.6821455754216,3186.9344544909177,0.0013564840266317305,42.16302468603131,1724.283012236687,,0.5416645646888006,TokenDynamic,1231.851675440435,1228.1209561287574,2.5841618203011376,2.592011847091566,ok,,benchmarks/ops/matmul-otherlibs/results/raw/x86/local-x86_MatmulOtherlibsLIBXSMMBench_baseline-default.json
baseline-default,local-x86,Native,Intel Xeon w9-3495X,GCC 13.3.0,OpenBLAS,e0166008be8e466242aa76b2ff75ce3f0fbf574a,AVX-512+AMX-BF16,,L02_qkv_batch4,llm,qkv,4096x4x4096,1,4,0,bias,bf16xbf16_acc_fp32,NA,raw_e2e,separate,row_contiguous,default,auto,auto,auto,0.0,1.0,0.0,1.0,,,,,1724.283012236687,1722.3938666844601,1727.4794320397675,0.0014071978382414673,77.83973225247803,1724.283012236687,1.0,1.0,TokenDynamic,1231.851675440435,1228.1209561287574,1.3997488874788344,1.4040009688230672,ok,,benchmarks/ops/matmul-otherlibs/results/raw/x86/local-x86_MatmulOtherlibsOpenBLASBench_baseline-default.json
baseline-default,local-x86,Native,Intel Xeon w9-3495X,GCC 13.3.0,oneDNN,0e2a5bfeef1bfbffc3137464606540233086ce9b,AVX-512+AMX-BF16,,L02_qkv_batch4,llm,qkv,4096x4x4096,1,4,0,bias,bf16xbf16_acc_fp32,NA,raw_e2e,native_fused,row_contiguous,default,auto,auto,auto,1.0,1.0,0.0,1.0,,,,,1590.81143672289,1589.781278142192,1596.8424344673515,0.0024729962191717336,84.37060791849207,1724.283012236687,1.083901568993464,1.083901568993464,TokenDynamic,1231.851675440435,1228.1209561287574,1.2913985250327422,1.2953214655154113,ok,,benchmarks/ops/matmul-otherlibs/results/raw/x86/local-x86_MatmulOtherlibsOneDNNBench_baseline-default.json
baseline-default,local-x86,Native,Intel Xeon w9-3495X,GCC 13.3.0,vecops,c4d4daf287d3552c42830f35a16f09783c323b88+benchmark-worktree,AVX-512+AMX-BF16,,L02_qkv_batch4,llm,qkv,4096x4x4096,1,4,0,bias,bf16xbf16_acc_fp32,AllConst,raw_e2e,native_fused,row_contiguous,default,auto,auto,auto,0.0,1.0,0.0,1.0,,,,,1228.1209561287574,1225.3725105486076,1230.0895491518945,0.0018648412610244526,109.28705949540729,1724.283012236687,1.4040009688230672,1.4040009688230672,TokenDynamic,1231.851675440435,1228.1209561287574,0.9969714541238549,1.0,ok,,benchmarks/ops/matmul-otherlibs/results/raw/x86/local-x86_MatmulOtherlibsVecopsBiasBench_baseline-default.json
baseline-default,local-x86,Native,Intel Xeon w9-3495X,GCC 13.3.0,vecops,c4d4daf287d3552c42830f35a16f09783c323b88+benchmark-worktree,AVX-512+AMX-BF16,,L02_qkv_batch4,llm,qkv,4096x4x4096,1,4,0,bias,bf16xbf16_acc_fp32,TokenDynamic,raw_e2e,native_fused,row_contiguous,default,auto,auto,auto,0.0,1.0,0.0,1.0,,,,,1231.851675440435,1228.195996475079,1234.0484351162766,0.0020689062056933262,108.95607862205644,1724.283012236687,1.3997488874788344,1.3997488874788344,TokenDynamic,1231.851675440435,1228.1209561287574,1.0,1.0030377458287476,ok,,benchmarks/ops/matmul-otherlibs/results/raw/x86/local-x86_MatmulOtherlibsVecopsBiasBench_baseline-default.json
baseline-default,local-x86,Native,Intel Xeon w9-3495X,GCC 13.3.0,LIBXSMM,3668d249637792dcc988414eb3d2a374033743df,AVX-512+AMX-BF16,,L02_qkv_batch4,llm,qkv,4096x4x4096,1,4,0,bias_relu,bf16xbf16_acc_fp32,NA,prepared_execute,separate,row_contiguous,default,auto,auto,auto,0.0,0.0,1.0,1.0,,,1.0,0.0,3177.7958181258077,3176.810863607732,3181.8017364209727,0.000751754761341953,42.23610819626498,1723.2971727980278,,0.5422932345018912,TokenDynamic,1238.3181859318795,1234.3925221996235,2.566219130291138,2.5743803214743557,ok,,benchmarks/ops/matmul-otherlibs/results/raw/x86/local-x86_MatmulOtherlibsLIBXSMMBench_baseline-default.json
baseline-default,local-x86,Native,Intel Xeon w9-3495X,GCC 13.3.0,OpenBLAS,e0166008be8e466242aa76b2ff75ce3f0fbf574a,AVX-512+AMX-BF16,,L02_qkv_batch4,llm,qkv,4096x4x4096,1,4,0,bias_relu,bf16xbf16_acc_fp32,NA,raw_e2e,separate,row_contiguous,default,auto,auto,auto,0.0,1.0,0.0,1.0,,,,,1723.2971727980278,1721.3523704098698,1726.63920984408,0.0016206887511617256,77.88426170402036,1723.2971727980278,1.0,1.0,TokenDynamic,1238.3181859318795,1234.3925221996235,1.3916432726062113,1.3960690313703468,ok,,benchmarks/ops/matmul-otherlibs/results/raw/x86/local-x86_MatmulOtherlibsOpenBLASBench_baseline-default.json
baseline-default,local-x86,Native,Intel Xeon w9-3495X,GCC 13.3.0,oneDNN,0e2a5bfeef1bfbffc3137464606540233086ce9b,AVX-512+AMX-BF16,,L02_qkv_batch4,llm,qkv,4096x4x4096,1,4,0,bias_relu,bf16xbf16_acc_fp32,NA,raw_e2e,native_fused,row_contiguous,default,auto,auto,auto,1.0,1.0,0.0,1.0,,,,,1574.5198111593104,1569.666802242864,1578.0516156034232,0.002675409049362295,85.24359430014171,1723.2971727980278,1.0944906253857634,1.0944906253857634,TokenDynamic,1238.3181859318795,1234.3925221996235,1.2714985768980103,1.2755422467673392,ok,,benchmarks/ops/matmul-otherlibs/results/raw/x86/local-x86_MatmulOtherlibsOneDNNBench_baseline-default.json
baseline-default,local-x86,Native,Intel Xeon w9-3495X,GCC 13.3.0,vecops,c4d4daf287d3552c42830f35a16f09783c323b88+benchmark-worktree,AVX-512+AMX-BF16,,L02_qkv_batch4,llm,qkv,4096x4x4096,1,4,0,bias_relu,bf16xbf16_acc_fp32,AllConst,raw_e2e,native_fused,row_contiguous,default,auto,auto,auto,0.0,1.0,0.0,1.0,,,,,1234.3925221996235,1233.480723968303,1236.1995133301407,0.001006579836398078,108.73180579612631,1723.2971727980278,1.3960690313703468,1.3960690313703468,TokenDynamic,1238.3181859318795,1234.3925221996235,0.9968298424614496,1.0,ok,,benchmarks/ops/matmul-otherlibs/results/raw/x86/local-x86_MatmulOtherlibsVecopsBiasReluBench_baseline-default.json
baseline-default,local-x86,Native,Intel Xeon w9-3495X,GCC 13.3.0,vecops,c4d4daf287d3552c42830f35a16f09783c323b88+benchmark-worktree,AVX-512+AMX-BF16,,L02_qkv_batch4,llm,qkv,4096x4x4096,1,4,0,bias_relu,bf16xbf16_acc_fp32,TokenDynamic,raw_e2e,native_fused,row_contiguous,default,auto,auto,auto,0.0,1.0,0.0,1.0,,,,,1238.3181859318795,1237.0986973947179,1239.3325858541345,0.0008865934733942209,108.38710884230152,1723.2971727980278,1.3916432726062113,1.3916432726062113,TokenDynamic,1238.3181859318795,1234.3925221996235,1.0,1.0031802393984537,ok,,benchmarks/ops/matmul-otherlibs/results/raw/x86/local-x86_MatmulOtherlibsVecopsBiasReluBench_baseline-default.json
baseline-default,local-x86,Native,Intel Xeon w9-3495X,GCC 13.3.0,LIBXSMM,3668d249637792dcc988414eb3d2a374033743df,AVX-512+AMX-BF16,,L02_qkv_batch4,llm,qkv,4096x4x4096,1,4,0,gemm,bf16xbf16_acc_fp32,NA,prepared_execute,native,row_contiguous,default,auto,auto,auto,0.0,0.0,1.0,1.0,,,1.0,0.0,3178.714931974272,3176.610886426219,3184.720918282189,0.0015096171425353036,42.22389577936721,1724.8402963346446,,0.5426218875384844,TokenDynamic,1201.1639913092447,1189.008444442183,2.6463621578511827,2.6734166160321506,ok,,benchmarks/ops/matmul-otherlibs/results/raw/x86/local-x86_MatmulOtherlibsLIBXSMMBench_baseline-default.json
baseline-default,local-x86,Native,Intel Xeon w9-3495X,GCC 13.3.0,OpenBLAS,e0166008be8e466242aa76b2ff75ce3f0fbf574a,AVX-512+AMX-BF16,,L02_qkv_batch4,llm,qkv,4096x4x4096,1,4,0,gemm,bf16xbf16_acc_fp32,NA,raw_e2e,native,row_contiguous,default,auto,auto,auto,0.0,1.0,0.0,1.0,,,,,1724.8402963346446,1723.0302295546953,1727.8403630494543,0.0014683960148804828,77.81458276758615,1724.8402963346446,1.0,1.0,TokenDynamic,1201.1639913092447,1189.008444442183,1.4359740292036254,1.4506543703681132,ok,,benchmarks/ops/matmul-otherlibs/results/raw/x86/local-x86_MatmulOtherlibsOpenBLASBench_baseline-default.json
baseline-default,local-x86,Native,Intel Xeon w9-3495X,GCC 13.3.0,oneDNN,0e2a5bfeef1bfbffc3137464606540233086ce9b,AVX-512+AMX-BF16,,L02_qkv_batch4,llm,qkv,4096x4x4096,1,4,0,gemm,bf16xbf16_acc_fp32,NA,raw_e2e,native,row_contiguous,default,auto,auto,auto,1.0,1.0,0.0,1.0,,,,,1593.1566590138987,1589.6032385419608,1593.8990727260134,0.0013012159621397775,84.24640931612808,1724.8402963346446,1.082655799463094,1.082655799463094,TokenDynamic,1201.1639913092447,1189.008444442183,1.3263440050990787,1.3399035696178925,ok,,benchmarks/ops/matmul-otherlibs/results/raw/x86/local-x86_MatmulOtherlibsOneDNNBench_baseline-default.json
baseline-default,local-x86,Native,Intel Xeon w9-3495X,GCC 13.3.0,vecops,c4d4daf287d3552c42830f35a16f09783c323b88+benchmark-worktree,AVX-512+AMX-BF16,,L02_qkv_batch4,llm,qkv,4096x4x4096,1,4,0,gemm,bf16xbf16_acc_fp32,AllConst,raw_e2e,native,row_contiguous,default,auto,auto,auto,0.0,1.0,0.0,1.0,,,,,1189.008444442183,1188.5167127893042,1190.5131537942855,0.0008063318663846648,112.88206457017009,1724.8402963346446,1.4506543703681132,1.4506543703681132,TokenDynamic,1201.1639913092447,1189.008444442183,0.9898801937495542,1.0,ok,,benchmarks/ops/matmul-otherlibs/results/raw/x86/local-x86_MatmulOtherlibsVecopsLLMBench_baseline-default.json
baseline-default,local-x86,Native,Intel Xeon w9-3495X,GCC 13.3.0,vecops,c4d4daf287d3552c42830f35a16f09783c323b88+benchmark-worktree,AVX-512+AMX-BF16,,L02_qkv_batch4,llm,qkv,4096x4x4096,1,4,0,gemm,bf16xbf16_acc_fp32,TokenDynamic,raw_e2e,native,row_contiguous,default,auto,auto,auto,0.0,1.0,0.0,1.0,,,,,1201.1639913092447,1199.7169896795672,1202.2838069493318,0.0009809958216905304,111.73971994756967,1724.8402963346446,1.4359740292036254,1.4359740292036254,TokenDynamic,1201.1639913092447,1189.008444442183,1.0,1.01022326369832,ok,,benchmarks/ops/matmul-otherlibs/results/raw/x86/local-x86_MatmulOtherlibsVecopsLLMBench_baseline-default.json
baseline-default,local-x86,Native,Intel Xeon w9-3495X,GCC 13.3.0,LIBXSMM,3668d249637792dcc988414eb3d2a374033743df,AVX-512+AMX-BF16,,L02_qkv_batch4,llm,qkv,4096x4x4096,1,4,0,gemm_add,bf16xbf16_acc_fp32,NA,prepared_execute,native,row_contiguous,default,auto,auto,auto,0.0,0.0,1.0,1.0,,,1.0,0.0,3179.9460911398373,3175.8321954508906,3183.8594227420717,0.00136285780432708,42.207548226671435,1720.3912345540168,,0.5410127043812086,TokenDynamic,1206.3233964376009,1205.047051716347,2.636064342721488,2.6388563721313987,ok,,benchmarks/ops/matmul-otherlibs/results/raw/x86/local-x86_MatmulOtherlibsLIBXSMMBench_baseline-default.json
baseline-default,local-x86,Native,Intel Xeon w9-3495X,GCC 13.3.0,OpenBLAS,e0166008be8e466242aa76b2ff75ce3f0fbf574a,AVX-512+AMX-BF16,,L02_qkv_batch4,llm,qkv,4096x4x4096,1,4,0,gemm_add,bf16xbf16_acc_fp32,NA,raw_e2e,native,row_contiguous,default,auto,auto,auto,0.0,1.0,0.0,1.0,,,,,1720.3912345540168,1717.4879925822793,1726.4169062714861,0.0026473528133033977,78.01581716079468,1720.3912345540168,1.0,1.0,TokenDynamic,1206.3233964376009,1205.047051716347,1.4261442989786255,1.4276548223603933,ok,,benchmarks/ops/matmul-otherlibs/results/raw/x86/local-x86_MatmulOtherlibsOpenBLASBench_baseline-default.json
baseline-default,local-x86,Native,Intel Xeon w9-3495X,GCC 13.3.0,oneDNN,0e2a5bfeef1bfbffc3137464606540233086ce9b,AVX-512+AMX-BF16,,L02_qkv_batch4,llm,qkv,4096x4x4096,1,4,0,gemm_add,bf16xbf16_acc_fp32,NA,raw_e2e,native,row_contiguous,default,auto,auto,auto,1.0,1.0,0.0,1.0,,,,,1591.773840945362,1589.4557364266475,1597.296461378309,0.0021559437935189498,84.31959650768444,1720.3912345540168,1.080801298714815,1.080801298714815,TokenDynamic,1206.3233964376009,1205.047051716347,1.3195249678867513,1.3209225637108533,ok,,benchmarks/ops/matmul-otherlibs/results/raw/x86/local-x86_MatmulOtherlibsOneDNNBench_baseline-default.json
baseline-default,local-x86,Native,Intel Xeon w9-3495X,GCC 13.3.0,vecops,c4d4daf287d3552c42830f35a16f09783c323b88+benchmark-worktree,AVX-512+AMX-BF16,,L02_qkv_batch4,llm,qkv,4096x4x4096,1,4,0,gemm_add,bf16xbf16_acc_fp32,AllConst,raw_e2e,native,row_contiguous,default,auto,auto,auto,0.0,1.0,0.0,1.0,,,,,1205.047051716347,1203.151306856006,1207.009670705984,0.0015201915620646164,111.37965758999523,1720.3912345540168,1.4276548223603933,1.4276548223603933,TokenDynamic,1206.3233964376009,1205.047051716347,0.9989419547651789,1.0,ok,,benchmarks/ops/matmul-otherlibs/results/raw/x86/local-x86_MatmulOtherlibsVecopsLLMBench_baseline-default.json
baseline-default,local-x86,Native,Intel Xeon w9-3495X,GCC 13.3.0,vecops,c4d4daf287d3552c42830f35a16f09783c323b88+benchmark-worktree,AVX-512+AMX-BF16,,L02_qkv_batch4,llm,qkv,4096x4x4096,1,4,0,gemm_add,bf16xbf16_acc_fp32,TokenDynamic,raw_e2e,native,row_contiguous,default,auto,auto,auto,0.0,1.0,0.0,1.0,,,,,1206.3233964376009,1204.7593172234162,1207.1781655761479,0.0010131548411748772,111.26181287402613,1720.3912345540168,1.4261442989786255,1.4261442989786255,TokenDynamic,1206.3233964376009,1205.047051716347,1.0,1.0010591658802335,ok,,benchmarks/ops/matmul-otherlibs/results/raw/x86/local-x86_MatmulOtherlibsVecopsLLMBench_baseline-default.json
baseline-default,local-x86,Native,Intel Xeon w9-3495X,GCC 13.3.0,LIBXSMM,3668d249637792dcc988414eb3d2a374033743df,AVX-512+AMX-BF16,,L04_mlp_up_decode,llm,mlp_up,11008x1x4096,1,1,0,bias,bf16xbf16_acc_fp32,NA,prepared_execute,separate,row_contiguous,default,auto,auto,auto,0.0,0.0,1.0,1.0,,,1.0,0.0,10130.802076533797,10052.817984475183,10426.25429198289,0.02117529448093159,8.901322453913126,5130.139259293814,,0.5063902364825457,TokenDynamic,3583.09355253464,3498.9178720234822,2.8273897759011573,2.895410080224314,ok,,benchmarks/ops/matmul-otherlibs/results/raw/x86/local-x86_MatmulOtherlibsLIBXSMMBench_baseline-default.json
baseline-default,local-x86,Native,Intel Xeon w9-3495X,GCC 13.3.0,OpenBLAS,e0166008be8e466242aa76b2ff75ce3f0fbf574a,AVX-512+AMX-BF16,,L04_mlp_up_decode,llm,mlp_up,11008x1x4096,1,1,0,bias,bf16xbf16_acc_fp32,NA,raw_e2e,separate,row_contiguous,default,auto,auto,auto,0.0,1.0,0.0,1.0,,,,,5130.139259293814,5077.331059362257,5418.453540726288,0.030957678795376673,17.57798988334156,5130.139259293814,1.0,1.0,TokenDynamic,3583.09355253464,3498.9178720234822,1.4317625772469187,1.4662073952387369,ok,,benchmarks/ops/matmul-otherlibs/results/raw/x86/local-x86_MatmulOtherlibsOpenBLASBench_baseline-default.json
baseline-default,local-x86,Native,Intel Xeon w9-3495X,GCC 13.3.0,oneDNN,0e2a5bfeef1bfbffc3137464606540233086ce9b,AVX-512+AMX-BF16,,L04_mlp_up_decode,llm,mlp_up,11008x1x4096,1,1,0,bias,bf16xbf16_acc_fp32,NA,raw_e2e,native_fused,row_contiguous,default,auto,auto,auto,1.0,1.0,0.0,1.0,,,,,2821.592339896597,2808.4184240433387,2833.162951981649,0.00426692725382622,31.9598032376657,5130.139259293814,1.8181716709231703,1.8181716709231703,TokenDynamic,3583.09355253464,3498.9178720234822,0.7874738123710542,0.8064185679970886,ok,,benchmarks/ops/matmul-otherlibs/results/raw/x86/local-x86_MatmulOtherlibsOneDNNBench_baseline-default.json
baseline-default,local-x86,Native,Intel Xeon w9-3495X,GCC 13.3.0,vecops,c4d4daf287d3552c42830f35a16f09783c323b88+benchmark-worktree,AVX-512+AMX-BF16,,L04_mlp_up_decode,llm,mlp_up,11008x1x4096,1,1,0,bias,bf16xbf16_acc_fp32,AllConst,raw_e2e,native_fused,row_contiguous,default,auto,auto,auto,0.0,1.0,0.0,1.0,,,,,3498.9178720234822,3490.633030499642,3552.4009535154805,0.008403578954097584,25.77297876038709,5130.139259293814,1.4662073952387369,1.4662073952387369,TokenDynamic,3583.09355253464,3498.9178720234822,0.9765075404041257,1.0,ok,,benchmarks/ops/matmul-otherlibs/results/raw/x86/local-x86_MatmulOtherlibsVecopsBiasBench_baseline-default.json
baseline-default,local-x86,Native,Intel Xeon w9-3495X,GCC 13.3.0,vecops,c4d4daf287d3552c42830f35a16f09783c323b88+benchmark-worktree,AVX-512+AMX-BF16,,L04_mlp_up_decode,llm,mlp_up,11008x1x4096,1,1,0,bias,bf16xbf16_acc_fp32,TokenDynamic,raw_e2e,native_fused,row_contiguous,default,auto,auto,auto,0.0,1.0,0.0,1.0,,,,,3583.09355253464,3546.1448527425277,3619.7617684497104,0.0105252921312948,25.16750809819337,5130.139259293814,1.4317625772469187,1.4317625772469187,TokenDynamic,3583.09355253464,3498.9178720234822,1.0,1.0240576325566846,ok,,benchmarks/ops/matmul-otherlibs/results/raw/x86/local-x86_MatmulOtherlibsVecopsBiasBench_baseline-default.json
baseline-default,local-x86,Native,Intel Xeon w9-3495X,GCC 13.3.0,LIBXSMM,3668d249637792dcc988414eb3d2a374033743df,AVX-512+AMX-BF16,,L04_mlp_up_decode,llm,mlp_up,11008x1x4096,1,1,0,bias_relu,bf16xbf16_acc_fp32,NA,prepared_execute,separate,row_contiguous,default,auto,auto,auto,0.0,0.0,1.0,1.0,,,1.0,0.0,10127.230461176414,10030.36419995344,10185.663461407574,0.007250160062800332,8.90446172284744,5363.358280155808,,0.5295977316519744,TokenDynamic,3586.243161997708,3565.9522749483585,2.8239107064717457,2.839979248270527,ok,,benchmarks/ops/matmul-otherlibs/results/raw/x86/local-x86_MatmulOtherlibsLIBXSMMBench_baseline-default.json
baseline-default,local-x86,Native,Intel Xeon w9-3495X,GCC 13.3.0,OpenBLAS,e0166008be8e466242aa76b2ff75ce3f0fbf574a,AVX-512+AMX-BF16,,L04_mlp_up_decode,llm,mlp_up,11008x1x4096,1,1,0,bias_relu,bf16xbf16_acc_fp32,NA,raw_e2e,separate,row_contiguous,default,auto,auto,auto,0.0,1.0,0.0,1.0,,,,,5363.358280155808,5093.668392044493,5563.139320001938,0.03961272459896325,16.813632669973394,5363.358280155808,1.0,1.0,TokenDynamic,3586.243161997708,3565.9522749483585,1.495536704535161,1.5040465678227506,ok,,benchmarks/ops/matmul-otherlibs/results/raw/x86/local-x86_MatmulOtherlibsOpenBLASBench_baseline-default.json
baseline-default,local-x86,Native,Intel Xeon w9-3495X,GCC 13.3.0,oneDNN,0e2a5bfeef1bfbffc3137464606540233086ce9b,AVX-512+AMX-BF16,,L04_mlp_up_decode,llm,mlp_up,11008x1x4096,1,1,0,bias_relu,bf16xbf16_acc_fp32,NA,raw_e2e,native_fused,row_contiguous,default,auto,auto,auto,1.0,1.0,0.0,1.0,,,,,2836.232898015605,2815.499648865198,2858.7097552134555,0.0067626129516337565,31.794827590884196,5363.358280155808,1.8910147625423597,1.8910147625423597,TokenDynamic,3586.243161997708,3565.9522749483585,0.7908646374206506,0.7953647944031104,ok,,benchmarks/ops/matmul-otherlibs/results/raw/x86/local-x86_MatmulOtherlibsOneDNNBench_baseline-default.json
baseline-default,local-x86,Native,Intel Xeon w9-3495X,GCC 13.3.0,vecops,c4d4daf287d3552c42830f35a16f09783c323b88+benchmark-worktree,AVX-512+AMX-BF16,,L04_mlp_up_decode,llm,mlp_up,11008x1x4096,1,1,0,bias_relu,bf16xbf16_acc_fp32,AllConst,raw_e2e,native_fused,row_contiguous,default,auto,auto,auto,0.0,1.0,0.0,1.0,,,,,3565.9522749483585,3467.031024993048,3773.800080089131,0.0417065028081424,25.28848650990595,5363.358280155808,1.5040465678227506,1.5040465678227506,TokenDynamic,3586.243161997708,3565.9522749483585,0.9943420214043583,1.0,ok,,benchmarks/ops/matmul-otherlibs/results/raw/x86/local-x86_MatmulOtherlibsVecopsBiasReluBench_baseline-default.json
baseline-default,local-x86,Native,Intel Xeon w9-3495X,GCC 13.3.0,vecops,c4d4daf287d3552c42830f35a16f09783c323b88+benchmark-worktree,AVX-512+AMX-BF16,,L04_mlp_up_decode,llm,mlp_up,11008x1x4096,1,1,0,bias_relu,bf16xbf16_acc_fp32,TokenDynamic,raw_e2e,native_fused,row_contiguous,default,auto,auto,auto,0.0,1.0,0.0,1.0,,,,,3586.243161997708,3521.3264270144437,3757.471513676432,0.03009029902268081,25.14540479451673,5363.358280155808,1.495536704535161,1.495536704535161,TokenDynamic,3586.243161997708,3565.9522749483585,1.0,1.0056901734753707,ok,,benchmarks/ops/matmul-otherlibs/results/raw/x86/local-x86_MatmulOtherlibsVecopsBiasReluBench_baseline-default.json
baseline-default,local-x86,Native,Intel Xeon w9-3495X,GCC 13.3.0,LIBXSMM,3668d249637792dcc988414eb3d2a374033743df,AVX-512+AMX-BF16,,L04_mlp_up_decode,llm,mlp_up,11008x1x4096,1,1,0,bias_silu,bf16xbf16_acc_fp32,NA,prepared_execute,separate,row_contiguous,default,auto,auto,auto,0.0,0.0,1.0,1.0,,,1.0,0.0,10132.895693039665,10072.83296897255,10259.29441518831,0.009349800039777957,8.89948329991627,5193.174518623251,,0.512506461720559,TokenDynamic,3568.2550001901723,3563.284296998628,2.8397341816937485,2.8436955483946798,ok,,benchmarks/ops/matmul-otherlibs/results/raw/x86/local-x86_MatmulOtherlibsLIBXSMMBench_baseline-default.json
baseline-default,local-x86,Native,Intel Xeon w9-3495X,GCC 13.3.0,OpenBLAS,e0166008be8e466242aa76b2ff75ce3f0fbf574a,AVX-512+AMX-BF16,,L04_mlp_up_decode,llm,mlp_up,11008x1x4096,1,1,0,bias_silu,bf16xbf16_acc_fp32,NA,raw_e2e,separate,row_contiguous,default,auto,auto,auto,0.0,1.0,0.0,1.0,,,,,5193.174518623251,5140.829733163291,5241.42711106429,0.008828953367813013,17.364626525955213,5193.174518623251,1.0,1.0,TokenDynamic,3568.2550001901723,3563.284296998628,1.4553821176867903,1.4574123437182622,ok,,benchmarks/ops/matmul-otherlibs/results/raw/x86/local-x86_MatmulOtherlibsOpenBLASBench_baseline-default.json
baseline-default,local-x86,Native,Intel Xeon w9-3495X,GCC 13.3.0,oneDNN,0e2a5bfeef1bfbffc3137464606540233086ce9b,AVX-512+AMX-BF16,,L04_mlp_up_decode,llm,mlp_up,11008x1x4096,1,1,0,bias_silu,bf16xbf16_acc_fp32,NA,raw_e2e,native_fused,row_contiguous,default,auto,auto,auto,1.0,1.0,0.0,1.0,,,,,2887.76729151626,2879.961316587772,2913.4500458288435,0.006907983143142342,31.227424822258136,5193.174518623251,1.7983355285863452,1.7983355285863452,TokenDynamic,3568.2550001901723,3563.284296998628,0.8092939802122759,0.8104229275078164,ok,,benchmarks/ops/matmul-otherlibs/results/raw/x86/local-x86_MatmulOtherlibsOneDNNBench_baseline-default.json
baseline-default,local-x86,Native,Intel Xeon w9-3495X,GCC 13.3.0,vecops,c4d4daf287d3552c42830f35a16f09783c323b88+benchmark-worktree,AVX-512+AMX-BF16,,L04_mlp_up_decode,llm,mlp_up,11008x1x4096,1,1,0,bias_silu,bf16xbf16_acc_fp32,AllConst,raw_e2e,native_fused,row_contiguous,default,auto,auto,auto,0.0,1.0,0.0,1.0,,,,,3563.284296998628,3446.3938107758113,3688.9864702086043,0.03288824926624092,25.307421042984693,5193.174518623251,1.4574123437182622,1.4574123437182622,TokenDynamic,3568.2550001901723,3563.284296998628,0.9986069652557681,1.0,ok,,benchmarks/ops/matmul-otherlibs/results/raw/x86/local-x86_MatmulOtherlibsVecopsBiasSiluBench_baseline-default.json
baseline-default,local-x86,Native,Intel Xeon w9-3495X,GCC 13.3.0,vecops,c4d4daf287d3552c42830f35a16f09783c323b88+benchmark-worktree,AVX-512+AMX-BF16,,L04_mlp_up_decode,llm,mlp_up,11008x1x4096,1,1,0,bias_silu,bf16xbf16_acc_fp32,TokenDynamic,raw_e2e,native_fused,row_contiguous,default,auto,auto,auto,0.0,1.0,0.0,1.0,,,,,3568.2550001901723,3501.1376209838904,3629.8510052514944,0.016466297398522307,25.27216692618491,5193.174518623251,1.4553821176867903,1.4553821176867903,TokenDynamic,3568.2550001901723,3563.284296998628,1.0,1.0013949779970492,ok,,benchmarks/ops/matmul-otherlibs/results/raw/x86/local-x86_MatmulOtherlibsVecopsBiasSiluBench_baseline-default.json
baseline-default,local-x86,Native,Intel Xeon w9-3495X,GCC 13.3.0,LIBXSMM,3668d249637792dcc988414eb3d2a374033743df,AVX-512+AMX-BF16,,L04_mlp_up_decode,llm,mlp_up,11008x1x4096,1,1,0,gemm,bf16xbf16_acc_fp32,NA,prepared_execute,native,row_contiguous,default,auto,auto,auto,0.0,0.0,1.0,1.0,,,1.0,0.0,10135.612307259667,9941.472969456718,10351.87739986353,0.018439226659734898,8.897098001214,5115.0175552013225,,0.5046579723198048,TokenDynamic,3420.465926798742,3371.6237560772092,2.963225631879256,3.0061516469596157,ok,,benchmarks/ops/matmul-otherlibs/results/raw/x86/local-x86_MatmulOtherlibsLIBXSMMBench_baseline-default.json
baseline-default,local-x86,Native,Intel Xeon w9-3495X,GCC 13.3.0,OpenBLAS,e0166008be8e466242aa76b2ff75ce3f0fbf574a,AVX-512+AMX-BF16,,L04_mlp_up_decode,llm,mlp_up,11008x1x4096,1,1,0,gemm,bf16xbf16_acc_fp32,NA,raw_e2e,native,row_contiguous,default,auto,auto,auto,0.0,1.0,0.0,1.0,,,,,5115.0175552013225,5090.602562780043,5219.791859121027,0.011521482729083916,17.62995630548734,5115.0175552013225,1.0,1.0,TokenDynamic,3420.465926798742,3371.6237560772092,1.4954154389102576,1.5170783946404813,ok,,benchmarks/ops/matmul-otherlibs/results/raw/x86/local-x86_MatmulOtherlibsOpenBLASBench_baseline-default.json
baseline-default,local-x86,Native,Intel Xeon w9-3495X,GCC 13.3.0,oneDNN,0e2a5bfeef1bfbffc3137464606540233086ce9b,AVX-512+AMX-BF16,,L04_mlp_up_decode,llm,mlp_up,11008x1x4096,1,1,0,gemm,bf16xbf16_acc_fp32,NA,raw_e2e,native,row_contiguous,default,auto,auto,auto,1.0,1.0,0.0,1.0,,,,,2808.505760040134,2799.675740010571,2863.519747799728,0.011051668133685013,32.10872389263369,5115.0175552013225,1.8212594141620089,1.8212594141620089,TokenDynamic,3420.465926798742,3371.6237560772092,0.8210886528750341,0.8329831449840515,ok,,benchmarks/ops/matmul-otherlibs/results/raw/x86/local-x86_MatmulOtherlibsOneDNNBench_baseline-default.json
baseline-default,local-x86,Native,Intel Xeon w9-3495X,GCC 13.3.0,vecops,c4d4daf287d3552c42830f35a16f09783c323b88+benchmark-worktree,AVX-512+AMX-BF16,,L04_mlp_up_decode,llm,mlp_up,11008x1x4096,1,1,0,gemm,bf16xbf16_acc_fp32,AllConst,raw_e2e,native,row_contiguous,default,auto,auto,auto,0.0,1.0,0.0,1.0,,,,,3371.6237560772092,3366.7789853785603,3377.1358925150707,0.001649874630051351,26.74602580951057,5115.0175552013225,1.5170783946404813,1.5170783946404813,TokenDynamic,3420.465926798742,3371.6237560772092,0.9857206088975005,1.0,ok,,benchmarks/ops/matmul-otherlibs/results/raw/x86/local-x86_MatmulOtherlibsVecopsLLMBench_baseline-default.json
baseline-default,local-x86,Native,Intel Xeon w9-3495X,GCC 13.3.0,vecops,c4d4daf287d3552c42830f35a16f09783c323b88+benchmark-worktree,AVX-512+AMX-BF16,,L04_mlp_up_decode,llm,mlp_up,11008x1x4096,1,1,0,gemm,bf16xbf16_acc_fp32,TokenDynamic,raw_e2e,native,row_contiguous,default,auto,auto,auto,0.0,1.0,0.0,1.0,,,,,3420.465926798742,3390.2026292663527,3427.58837079334,0.004885551054055064,26.36410884653902,5115.0175552013225,1.4954154389102576,1.4954154389102576,TokenDynamic,3420.465926798742,3371.6237560772092,1.0,1.014486245872926,ok,,benchmarks/ops/matmul-otherlibs/results/raw/x86/local-x86_MatmulOtherlibsVecopsLLMBench_baseline-default.json
baseline-default,local-x86,Native,Intel Xeon w9-3495X,GCC 13.3.0,LIBXSMM,3668d249637792dcc988414eb3d2a374033743df,AVX-512+AMX-BF16,,L04_mlp_up_decode,llm,mlp_up,11008x1x4096,1,1,0,gemm_add,bf16xbf16_acc_fp32,NA,prepared_execute,native,row_contiguous,default,auto,auto,auto,0.0,0.0,1.0,1.0,,,1.0,0.0,10076.121231227613,9973.540768707886,10558.11547669761,0.044544895195990565,8.949627930291717,5116.266592974877,,0.507761516119784,TokenDynamic,3411.0830512453017,3387.131585552153,2.9539360607326963,2.974824265525266,ok,,benchmarks/ops/matmul-otherlibs/results/raw/x86/local-x86_MatmulOtherlibsLIBXSMMBench_baseline-default.json
baseline-default,local-x86,Native,Intel Xeon w9-3495X,GCC 13.3.0,OpenBLAS,e0166008be8e466242aa76b2ff75ce3f0fbf574a,AVX-512+AMX-BF16,,L04_mlp_up_decode,llm,mlp_up,11008x1x4096,1,1,0,gemm_add,bf16xbf16_acc_fp32,NA,raw_e2e,native,row_contiguous,default,auto,auto,auto,0.0,1.0,0.0,1.0,,,,,5116.266592974877,5098.2130963044865,5164.936022332835,0.0061802026874628446,17.625652291814188,5116.266592974877,1.0,1.0,TokenDynamic,3411.0830512453017,3387.131585552153,1.4998950527185362,1.510501279253032,ok,,benchmarks/ops/matmul-otherlibs/results/raw/x86/local-x86_MatmulOtherlibsOpenBLASBench_baseline-default.json
baseline-default,local-x86,Native,Intel Xeon w9-3495X,GCC 13.3.0,oneDNN,0e2a5bfeef1bfbffc3137464606540233086ce9b,AVX-512+AMX-BF16,,L04_mlp_up_decode,llm,mlp_up,11008x1x4096,1,1,0,gemm_add,bf16xbf16_acc_fp32,NA,raw_e2e,native,row_contiguous,default,auto,auto,auto,1.0,1.0,0.0,1.0,,,,,2811.8268570064433,2803.2026283932396,2853.722281680366,0.00835576356778078,32.070799727692254,5116.266592974877,1.819552502041968,1.819552502041968,TokenDynamic,3411.0830512453017,3387.131585552153,0.824320843193752,0.8301498734210155,ok,,benchmarks/ops/matmul-otherlibs/results/raw/x86/local-x86_MatmulOtherlibsOneDNNBench_baseline-default.json
baseline-default,local-x86,Native,Intel Xeon w9-3495X,GCC 13.3.0,vecops,c4d4daf287d3552c42830f35a16f09783c323b88+benchmark-worktree,AVX-512+AMX-BF16,,L04_mlp_up_decode,llm,mlp_up,11008x1x4096,1,1,0,gemm_add,bf16xbf16_acc_fp32,AllConst,raw_e2e,native,row_contiguous,default,auto,auto,auto,0.0,1.0,0.0,1.0,,,,,3387.131585552153,3373.443741612591,3432.4938681959065,0.008661554849995536,26.62357033445446,5116.266592974877,1.510501279253032,1.510501279253032,TokenDynamic,3411.0830512453017,3387.131585552153,0.9929783399192217,1.0,ok,,benchmarks/ops/matmul-otherlibs/results/raw/x86/local-x86_MatmulOtherlibsVecopsLLMBench_baseline-default.json
baseline-default,local-x86,Native,Intel Xeon w9-3495X,GCC 13.3.0,vecops,c4d4daf287d3552c42830f35a16f09783c323b88+benchmark-worktree,AVX-512+AMX-BF16,,L04_mlp_up_decode,llm,mlp_up,11008x1x4096,1,1,0,gemm_add,bf16xbf16_acc_fp32,TokenDynamic,raw_e2e,native,row_contiguous,default,auto,auto,auto,0.0,1.0,0.0,1.0,,,,,3411.0830512453017,3397.375497390898,3453.2500412285276,0.007777968694454373,26.43662867342923,5116.266592974877,1.4998950527185362,1.4998950527185362,TokenDynamic,3411.0830512453017,3387.131585552153,1.0,1.007071312433008,ok,,benchmarks/ops/matmul-otherlibs/results/raw/x86/local-x86_MatmulOtherlibsVecopsLLMBench_baseline-default.json
baseline-default,local-x86,Native,Intel Xeon w9-3495X,GCC 13.3.0,LIBXSMM,3668d249637792dcc988414eb3d2a374033743df,AVX-512+AMX-BF16,,L08_attention,llm,attention,128x128x128,1,128,0,gemm,bf16xbf16_acc_fp32,NA,prepared_execute,native,row_contiguous,default,auto,auto,auto,0.0,0.0,1.0,1.0,,,1.0,0.0,9.389255750605054,7.702238585893673,9.443635381138446,0.09314025697899114,446.71314866779664,5.838835512819068,,0.6218635073863875,TokenDynamic,5.213569920275733,4.282429271093062,1.8009264082351617,2.1925069058311633,ok,,benchmarks/ops/matmul-otherlibs/results/raw/x86/local-x86_MatmulOtherlibsLIBXSMMBench_baseline-default.json
baseline-default,local-x86,Native,Intel Xeon w9-3495X,GCC 13.3.0,OpenBLAS,e0166008be8e466242aa76b2ff75ce3f0fbf574a,AVX-512+AMX-BF16,,L08_attention,llm,attention,128x128x128,1,128,0,gemm,bf16xbf16_acc_fp32,NA,raw_e2e,native,row_contiguous,default,auto,auto,auto,0.0,1.0,0.0,1.0,,,,,5.838835512819068,5.82876922320345,5.984263339302541,0.012811532221975145,718.3459768290226,5.838835512819068,1.0,1.0,TokenDynamic,5.213569920275733,4.282429271093062,1.1199304127698868,1.3634400344290434,ok,,benchmarks/ops/matmul-otherlibs/results/raw/x86/local-x86_MatmulOtherlibsOpenBLASBench_baseline-default.json
baseline-default,local-x86,Native,Intel Xeon w9-3495X,GCC 13.3.0,oneDNN,0e2a5bfeef1bfbffc3137464606540233086ce9b,AVX-512+AMX-BF16,,L08_attention,llm,attention,128x128x128,1,128,0,gemm,bf16xbf16_acc_fp32,NA,raw_e2e,native,row_contiguous,default,auto,auto,auto,1.0,1.0,0.0,1.0,,,,,3.8915008463514873,3.890413853099154,3.90619229166415,0.0018730438106143504,1077.8114063452945,5.838835512819068,1.5004071034170074,1.5004071034170074,TokenDynamic,5.213569920275733,4.282429271093062,0.7464176957169638,0.9087133960669493,ok,,benchmarks/ops/matmul-otherlibs/results/raw/x86/local-x86_MatmulOtherlibsOneDNNBench_baseline-default.json
baseline-default,local-x86,Native,Intel Xeon w9-3495X,GCC 13.3.0,vecops,c4d4daf287d3552c42830f35a16f09783c323b88+benchmark-worktree,AVX-512+AMX-BF16,,L08_attention,llm,attention,128x128x128,1,128,0,gemm,bf16xbf16_acc_fp32,AllConst,raw_e2e,native,row_contiguous,default,auto,auto,auto,0.0,1.0,0.0,1.0,,,,,4.282429271093062,3.215170912828189,4.439781841317594,0.15873224210580564,979.4216633797273,5.838835512819068,1.3634400344290434,1.3634400344290434,TokenDynamic,5.213569920275733,4.282429271093062,0.8214005636403885,1.0,ok,,benchmarks/ops/matmul-otherlibs/results/raw/x86/local-x86_MatmulOtherlibsVecopsLLMBench_baseline-default.json
baseline-default,local-x86,Native,Intel Xeon w9-3495X,GCC 13.3.0,vecops,c4d4daf287d3552c42830f35a16f09783c323b88+benchmark-worktree,AVX-512+AMX-BF16,,L08_attention,llm,attention,128x128x128,1,128,0,gemm,bf16xbf16_acc_fp32,TokenDynamic,raw_e2e,native,row_contiguous,default,auto,auto,auto,0.0,1.0,0.0,1.0,,,,,5.213569920275733,4.177855439997714,5.643878969944948,0.1414202721384314,804.4975063417149,5.838835512819068,1.1199304127698868,1.1199304127698868,TokenDynamic,5.213569920275733,4.282429271093062,1.0,1.2174328144700455,ok,,benchmarks/ops/matmul-otherlibs/results/raw/x86/local-x86_MatmulOtherlibsVecopsLLMBench_baseline-default.json
baseline-default,local-x86,Native,Intel Xeon w9-3495X,GCC 13.3.0,LIBXSMM,3668d249637792dcc988414eb3d2a374033743df,AVX-512+AMX-BF16,,L08_attention,llm,attention,128x128x128,1,128,0,gemm_add,bf16xbf16_acc_fp32,NA,prepared_execute,native,row_contiguous,default,auto,auto,auto,0.0,0.0,1.0,1.0,,,1.0,0.0,6.419007798787517,6.402144793217273,6.42860374371966,0.002166778742632372,653.4193650290097,4.837599063076371,,0.7536365766669021,TokenDynamic,5.8146086474292416,4.983657764072155,1.10394494075289,1.2880113568517866,ok,,benchmarks/ops/matmul-otherlibs/results/raw/x86/local-x86_MatmulOtherlibsLIBXSMMBench_baseline-default.json
baseline-default,local-x86,Native,Intel Xeon w9-3495X,GCC 13.3.0,OpenBLAS,e0166008be8e466242aa76b2ff75ce3f0fbf574a,AVX-512+AMX-BF16,,L08_attention,llm,attention,128x128x128,1,128,0,gemm_add,bf16xbf16_acc_fp32,NA,raw_e2e,native,row_contiguous,default,auto,auto,auto,0.0,1.0,0.0,1.0,,,,,4.837599063076371,4.819506801752178,4.977002805025405,0.015207456620529962,867.0218315555732,4.837599063076371,1.0,1.0,TokenDynamic,5.8146086474292416,4.983657764072155,0.8319732859777542,0.970692469685872,ok,,benchmarks/ops/matmul-otherlibs/results/raw/x86/local-x86_MatmulOtherlibsOpenBLASBench_baseline-default.json
baseline-default,local-x86,Native,Intel Xeon w9-3495X,GCC 13.3.0,oneDNN,0e2a5bfeef1bfbffc3137464606540233086ce9b,AVX-512+AMX-BF16,,L08_attention,llm,attention,128x128x128,1,128,0,gemm_add,bf16xbf16_acc_fp32,NA,raw_e2e,native,row_contiguous,default,auto,auto,auto,1.0,1.0,0.0,1.0,,,,,3.981723437725332,3.9775606164433257,3.9893953851771684,0.0014090280409454518,1053.3890827927794,4.837599063076371,1.2149510478909558,1.2149510478909558,TokenDynamic,5.8146086474292416,4.983657764072155,0.6847792653226514,0.798956033142986,ok,,benchmarks/ops/matmul-otherlibs/results/raw/x86/local-x86_MatmulOtherlibsOneDNNBench_baseline-default.json
baseline-default,local-x86,Native,Intel Xeon w9-3495X,GCC 13.3.0,vecops,c4d4daf287d3552c42830f35a16f09783c323b88+benchmark-worktree,AVX-512+AMX-BF16,,L08_attention,llm,attention,128x128x128,1,128,0,gemm_add,bf16xbf16_acc_fp32,AllConst,raw_e2e,native,row_contiguous,default,auto,auto,auto,0.0,1.0,0.0,1.0,,,,,4.983657764072155,4.152560472428358,5.2365368273016175,0.10138457427106239,841.6115629442475,4.837599063076371,0.970692469685872,0.970692469685872,TokenDynamic,5.8146086474292416,4.983657764072155,0.8570925519253187,1.0,ok,,benchmarks/ops/matmul-otherlibs/results/raw/x86/local-x86_MatmulOtherlibsVecopsLLMBench_baseline-default.json
baseline-default,local-x86,Native,Intel Xeon w9-3495X,GCC 13.3.0,vecops,c4d4daf287d3552c42830f35a16f09783c323b88+benchmark-worktree,AVX-512+AMX-BF16,,L08_attention,llm,attention,128x128x128,1,128,0,gemm_add,bf16xbf16_acc_fp32,TokenDynamic,raw_e2e,native,row_contiguous,default,auto,auto,auto,0.0,1.0,0.0,1.0,,,,,5.8146086474292416,5.53221579022963,6.165425847544651,0.04909413521608718,721.3390022137411,4.837599063076371,0.8319732859777542,0.8319732859777542,TokenDynamic,5.8146086474292416,4.983657764072155,1.0,1.1667351416759635,ok,,benchmarks/ops/matmul-otherlibs/results/raw/x86/local-x86_MatmulOtherlibsVecopsLLMBench_baseline-default.json
