run_id,host,arch,cpu,compiler,library,version,backend_isa,implementation,case,model,subgraph,shape,batch,tokens,chunk,op,dtype,extent,phase,epilogue,orientation,tuning,mc,nc,kc,native_batch,packing_included,weights_prepacked,call_multiplicity,selected_kc,selected_outer_block,padding_ratio,isa_fallback,median_us,p10_us,p90_us,cv,logical_gflops,openblas_raw_e2e_us,speedup_vs_openblas,speedup_vs_openblas_raw_e2e,vecops_dynamic_extent,vecops_dynamic_us,vecops_const_us,vecops_dynamic_speedup_vs_row,vecops_const_speedup_vs_row,status,error,source_json
baseline-default,local-x86,Native,Intel Xeon w9-3495X,GCC 13.3.0,LIBXSMM,3668d249637792dcc988414eb3d2a374033743df,AVX-512+AMX-BF16,,A01_gsa_proj_r128,af3,gsa_projection,128x16384x128,1,128,128,bias,bf16xbf16_acc_fp32,NA,prepared_execute,separate,row_contiguous,default,auto,auto,auto,0.0,0.0,1.0,5.0,,,1.0,0.0,2111.95468176756,2108.556272728355,2142.447042393597,0.008388288287240385,254.20569704207676,1318.7082830590266,,0.6244017896990853,TokenDynamic,1235.5927256630337,1113.7614444975504,1.709264418527764,1.8962361214796073,ok,,benchmarks/ops/matmul-otherlibs/results/raw/x86/local-x86_MatmulOtherlibsLIBXSMMBench_baseline-default.json
baseline-default,local-x86,Native,Intel Xeon w9-3495X,GCC 13.3.0,OpenBLAS,e0166008be8e466242aa76b2ff75ce3f0fbf574a,AVX-512+AMX-BF16,,A01_gsa_proj_r128,af3,gsa_projection,128x16384x128,1,128,128,bias,bf16xbf16_acc_fp32,NA,raw_e2e,separate,row_contiguous,default,auto,auto,auto,0.0,1.0,0.0,5.0,,,,,1318.7082830590266,1316.562500032201,1347.610494369017,0.011079752580139898,407.1187835073067,1318.7082830590266,1.0,1.0,TokenDynamic,1235.5927256630337,1113.7614444975504,1.067267761997702,1.1840132279439188,ok,,benchmarks/ops/matmul-otherlibs/results/raw/x86/local-x86_MatmulOtherlibsOpenBLASBench_baseline-default.json
baseline-default,local-x86,Native,Intel Xeon w9-3495X,GCC 13.3.0,oneDNN,0e2a5bfeef1bfbffc3137464606540233086ce9b,AVX-512+AMX-BF16,,A01_gsa_proj_r128,af3,gsa_projection,128x16384x128,1,128,128,bias,bf16xbf16_acc_fp32,NA,raw_e2e,native_fused,row_contiguous,default,auto,auto,auto,1.0,1.0,0.0,5.0,,,,,479.01043391163006,475.26791796356565,479.40509421435206,0.0043116118302009305,1120.7916863436096,1318.7082830590266,2.752984464848437,2.752984464848437,TokenDynamic,1235.5927256630337,1113.7614444975504,0.38767663807229635,0.43008351229802655,ok,,benchmarks/ops/matmul-otherlibs/results/raw/x86/local-x86_MatmulOtherlibsOneDNNBench_baseline-default.json
baseline-default,local-x86,Native,Intel Xeon w9-3495X,GCC 13.3.0,vecops,c4d4daf287d3552c42830f35a16f09783c323b88+benchmark-worktree,AVX-512+AMX-BF16,,A01_gsa_proj_r128,af3,gsa_projection,128x16384x128,1,128,128,bias,bf16xbf16_acc_fp32,AllConst,raw_e2e,native_fused,row_contiguous,default,auto,auto,auto,0.0,1.0,0.0,5.0,,,,,1113.7614444975504,1111.468098390596,1115.3113809303336,0.0017316723725327163,482.03402501708774,1318.7082830590266,1.1840132279439188,1.1840132279439188,TokenDynamic,1235.5927256630337,1113.7614444975504,0.9013985121188641,1.0,ok,,benchmarks/ops/matmul-otherlibs/results/raw/x86/local-x86_MatmulOtherlibsVecopsBiasBench_baseline-default.json
baseline-default,local-x86,Native,Intel Xeon w9-3495X,GCC 13.3.0,vecops,c4d4daf287d3552c42830f35a16f09783c323b88+benchmark-worktree,AVX-512+AMX-BF16,,A01_gsa_proj_r128,af3,gsa_projection,128x16384x128,1,128,128,bias,bf16xbf16_acc_fp32,TokenDynamic,raw_e2e,native_fused,row_contiguous,default,auto,auto,auto,0.0,1.0,0.0,5.0,,,,,1235.5927256630337,1234.2133769709865,1239.312123878142,0.001976575560682134,434.50475294107025,1318.7082830590266,1.067267761997702,1.067267761997702,TokenDynamic,1235.5927256630337,1113.7614444975504,1.0,1.1093872316799804,ok,,benchmarks/ops/matmul-otherlibs/results/raw/x86/local-x86_MatmulOtherlibsVecopsBiasBench_baseline-default.json
baseline-default,local-x86,Native,Intel Xeon w9-3495X,GCC 13.3.0,LIBXSMM,3668d249637792dcc988414eb3d2a374033743df,AVX-512+AMX-BF16,,A01_gsa_proj_r128,af3,gsa_projection,128x16384x128,1,128,128,bias_relu,bf16xbf16_acc_fp32,NA,prepared_execute,separate,row_contiguous,default,auto,auto,auto,0.0,0.0,1.0,5.0,,,1.0,0.0,2106.5633484271752,2104.6951817521463,2118.1617667245905,0.004484883927123747,254.85628637792655,1313.8617569239043,,0.6236991438709278,TokenDynamic,1468.3102394883463,1264.742945469069,1.434685458000509,1.665605928836307,ok,,benchmarks/ops/matmul-otherlibs/results/raw/x86/local-x86_MatmulOtherlibsLIBXSMMBench_baseline-default.json
baseline-default,local-x86,Native,Intel Xeon w9-3495X,GCC 13.3.0,OpenBLAS,e0166008be8e466242aa76b2ff75ce3f0fbf574a,AVX-512+AMX-BF16,,A01_gsa_proj_r128,af3,gsa_projection,128x16384x128,1,128,128,bias_relu,bf16xbf16_acc_fp32,NA,raw_e2e,separate,row_contiguous,default,auto,auto,auto,0.0,1.0,0.0,5.0,,,,,1313.8617569239043,1311.3692953092454,1343.319364458923,0.011428028635628276,408.6205486770205,1313.8617569239043,1.0,1.0,TokenDynamic,1468.3102394883463,1264.742945469069,0.8948120918789876,1.0388369918415463,ok,,benchmarks/ops/matmul-otherlibs/results/raw/x86/local-x86_MatmulOtherlibsOpenBLASBench_baseline-default.json
baseline-default,local-x86,Native,Intel Xeon w9-3495X,GCC 13.3.0,oneDNN,0e2a5bfeef1bfbffc3137464606540233086ce9b,AVX-512+AMX-BF16,,A01_gsa_proj_r128,af3,gsa_projection,128x16384x128,1,128,128,bias_relu,bf16xbf16_acc_fp32,NA,raw_e2e,native_fused,row_contiguous,default,auto,auto,auto,1.0,1.0,0.0,5.0,,,,,480.7670376652673,479.7213383725435,481.7343219195346,0.0021820255007730547,1116.6965909459768,1313.8617569239043,2.7328449207008174,2.7328449207008174,TokenDynamic,1468.3102394883463,1264.742945469069,0.3274287849635902,0.38013023862881484,ok,,benchmarks/ops/matmul-otherlibs/results/raw/x86/local-x86_MatmulOtherlibsOneDNNBench_baseline-default.json
baseline-default,local-x86,Native,Intel Xeon w9-3495X,GCC 13.3.0,vecops,c4d4daf287d3552c42830f35a16f09783c323b88+benchmark-worktree,AVX-512+AMX-BF16,,A01_gsa_proj_r128,af3,gsa_projection,128x16384x128,1,128,128,bias_relu,bf16xbf16_acc_fp32,AllConst,raw_e2e,native_fused,row_contiguous,default,auto,auto,auto,0.0,1.0,0.0,5.0,,,,,1264.742945469069,1263.4734709122727,1266.6474399421445,0.0011691518324161768,424.4901415922782,1313.8617569239043,1.0388369918415463,1.0388369918415463,TokenDynamic,1468.3102394883463,1264.742945469069,0.8613594807523692,1.0,ok,,benchmarks/ops/matmul-otherlibs/results/raw/x86/local-x86_MatmulOtherlibsVecopsBiasReluBench_baseline-default.json
baseline-default,local-x86,Native,Intel Xeon w9-3495X,GCC 13.3.0,vecops,c4d4daf287d3552c42830f35a16f09783c323b88+benchmark-worktree,AVX-512+AMX-BF16,,A01_gsa_proj_r128,af3,gsa_projection,128x16384x128,1,128,128,bias_relu,bf16xbf16_acc_fp32,TokenDynamic,raw_e2e,native_fused,row_contiguous,default,auto,auto,auto,0.0,1.0,0.0,5.0,,,,,1468.3102394883463,1458.5461874654964,1523.098922977321,0.03360479906416762,365.63860794642443,1313.8617569239043,0.8948120918789876,0.8948120918789876,TokenDynamic,1468.3102394883463,1264.742945469069,1.0,1.160955469052866,ok,,benchmarks/ops/matmul-otherlibs/results/raw/x86/local-x86_MatmulOtherlibsVecopsBiasReluBench_baseline-default.json
baseline-default,local-x86,Native,Intel Xeon w9-3495X,GCC 13.3.0,LIBXSMM,3668d249637792dcc988414eb3d2a374033743df,AVX-512+AMX-BF16,,A01_gsa_proj_r128,af3,gsa_projection,128x16384x128,1,128,128,gemm,bf16xbf16_acc_fp32,NA,prepared_execute,native,row_contiguous,default,auto,auto,auto,0.0,0.0,1.0,5.0,,,1.0,0.0,1854.0786485253782,1852.272283773542,1856.3051864967329,0.0011388796602242266,289.56210267940605,1065.428786309443,,0.5746405564601159,TokenDynamic,1139.6126521741162,1061.2036514265294,1.6269375782975266,1.7471468798972014,ok,,benchmarks/ops/matmul-otherlibs/results/raw/x86/local-x86_MatmulOtherlibsLIBXSMMBench_baseline-default.json
baseline-default,local-x86,Native,Intel Xeon w9-3495X,GCC 13.3.0,OpenBLAS,e0166008be8e466242aa76b2ff75ce3f0fbf574a,AVX-512+AMX-BF16,,A01_gsa_proj_r128,af3,gsa_projection,128x16384x128,1,128,128,gemm,bf16xbf16_acc_fp32,NA,raw_e2e,native,row_contiguous,default,auto,auto,auto,0.0,1.0,0.0,5.0,,,,,1065.428786309443,1065.2534076490774,1092.7983236637763,0.012445775788703008,503.90126388425864,1065.428786309443,1.0,1.0,TokenDynamic,1139.6126521741162,1061.2036514265294,0.9349043153187642,1.0039814552816833,ok,,benchmarks/ops/matmul-otherlibs/results/raw/x86/local-x86_MatmulOtherlibsOpenBLASBench_baseline-default.json
baseline-default,local-x86,Native,Intel Xeon w9-3495X,GCC 13.3.0,oneDNN,0e2a5bfeef1bfbffc3137464606540233086ce9b,AVX-512+AMX-BF16,,A01_gsa_proj_r128,af3,gsa_projection,128x16384x128,1,128,128,gemm,bf16xbf16_acc_fp32,NA,raw_e2e,native,row_contiguous,default,auto,auto,auto,1.0,1.0,0.0,5.0,,,,,451.1660322614554,450.79946838086465,451.64366644213817,0.0009384998144808288,1189.9630592953808,1065.428786309443,2.361500445787142,2.361500445787142,TokenDynamic,1139.6126521741162,1061.2036514265294,0.3958941938743269,0.42514557093256583,ok,,benchmarks/ops/matmul-otherlibs/results/raw/x86/local-x86_MatmulOtherlibsOneDNNBench_baseline-default.json
baseline-default,local-x86,Native,Intel Xeon w9-3495X,GCC 13.3.0,vecops,c4d4daf287d3552c42830f35a16f09783c323b88+benchmark-worktree,AVX-512+AMX-BF16,,A01_gsa_proj_r128,af3,gsa_projection,128x16384x128,1,128,128,gemm,bf16xbf16_acc_fp32,AllConst,raw_e2e,native,row_contiguous,default,auto,auto,auto,0.0,1.0,0.0,5.0,,,,,1061.2036514265294,1060.2449197242756,1090.5832696483808,0.013702301148468507,505.90752423279736,1065.428786309443,1.0039814552816833,1.0039814552816833,TokenDynamic,1139.6126521741162,1061.2036514265294,0.9311967969134068,1.0,ok,,benchmarks/ops/matmul-otherlibs/results/raw/x86/local-x86_MatmulOtherlibsVecopsAF3ProjectionBench_baseline-default.json
baseline-default,local-x86,Native,Intel Xeon w9-3495X,GCC 13.3.0,vecops,c4d4daf287d3552c42830f35a16f09783c323b88+benchmark-worktree,AVX-512+AMX-BF16,,A01_gsa_proj_r128,af3,gsa_projection,128x16384x128,1,128,128,gemm,bf16xbf16_acc_fp32,TokenDynamic,raw_e2e,native,row_contiguous,default,auto,auto,auto,0.0,1.0,0.0,5.0,,,,,1139.6126521741162,889.6382626287802,1188.8238782589526,0.13859872669283022,471.0994660999727,1065.428786309443,0.9349043153187642,0.9349043153187642,TokenDynamic,1139.6126521741162,1061.2036514265294,1.0,1.0738868554044128,ok,,benchmarks/ops/matmul-otherlibs/results/raw/x86/local-x86_MatmulOtherlibsVecopsAF3ProjectionBench_baseline-default.json
baseline-default,local-x86,Native,Intel Xeon w9-3495X,GCC 13.3.0,LIBXSMM,3668d249637792dcc988414eb3d2a374033743df,AVX-512+AMX-BF16,,A01_gsa_proj_r128,af3,gsa_projection,128x16384x128,1,128,128,gemm_add,bf16xbf16_acc_fp32,NA,prepared_execute,native,row_contiguous,default,auto,auto,auto,0.0,0.0,1.0,5.0,,,1.0,0.0,1265.1432431691014,1264.3611585608103,1267.3008720273033,0.0011785062522352767,424.35583077152063,815.210808193728,,0.6443624566588033,TokenDynamic,1512.4889130516829,1357.8055826020288,0.8364644740545417,0.9317558120100272,ok,,benchmarks/ops/matmul-otherlibs/results/raw/x86/local-x86_MatmulOtherlibsLIBXSMMBench_baseline-default.json
baseline-default,local-x86,Native,Intel Xeon w9-3495X,GCC 13.3.0,OpenBLAS,e0166008be8e466242aa76b2ff75ce3f0fbf574a,AVX-512+AMX-BF16,,A01_gsa_proj_r128,af3,gsa_projection,128x16384x128,1,128,128,gemm_add,bf16xbf16_acc_fp32,NA,raw_e2e,native,row_contiguous,default,auto,auto,auto,0.0,1.0,0.0,5.0,,,,,815.210808193728,814.9064104864646,844.7190988632894,0.01757415960208464,658.5669701675706,815.210808193728,1.0,1.0,TokenDynamic,1512.4889130516829,1357.8055826020288,0.5389863034095984,0.6003884640328992,ok,,benchmarks/ops/matmul-otherlibs/results/raw/x86/local-x86_MatmulOtherlibsOpenBLASBench_baseline-default.json
baseline-default,local-x86,Native,Intel Xeon w9-3495X,GCC 13.3.0,oneDNN,0e2a5bfeef1bfbffc3137464606540233086ce9b,AVX-512+AMX-BF16,,A01_gsa_proj_r128,af3,gsa_projection,128x16384x128,1,128,128,gemm_add,bf16xbf16_acc_fp32,NA,raw_e2e,native,row_contiguous,default,auto,auto,auto,1.0,1.0,0.0,5.0,,,,,487.8176864194408,487.17800282405926,488.04340138950295,0.0008859167553232361,1100.556472112784,815.210808193728,1.6711382774522539,1.6711382774522539,TokenDynamic,1512.4889130516829,1357.8055826020288,0.3225264543825266,0.3592691712790075,ok,,benchmarks/ops/matmul-otherlibs/results/raw/x86/local-x86_MatmulOtherlibsOneDNNBench_baseline-default.json
baseline-default,local-x86,Native,Intel Xeon w9-3495X,GCC 13.3.0,vecops,c4d4daf287d3552c42830f35a16f09783c323b88+benchmark-worktree,AVX-512+AMX-BF16,,A01_gsa_proj_r128,af3,gsa_projection,128x16384x128,1,128,128,gemm_add,bf16xbf16_acc_fp32,AllConst,raw_e2e,native,row_contiguous,default,auto,auto,auto,0.0,1.0,0.0,5.0,,,,,1357.8055826020288,1286.6051204149946,1359.5193145554783,0.026333512294193295,395.39601168170793,815.210808193728,0.6003884640328992,0.6003884640328992,TokenDynamic,1512.4889130516829,1357.8055826020288,0.8977292797885333,1.0,ok,,benchmarks/ops/matmul-otherlibs/results/raw/x86/local-x86_MatmulOtherlibsVecopsAF3ProjectionBench_baseline-default.json
baseline-default,local-x86,Native,Intel Xeon w9-3495X,GCC 13.3.0,vecops,c4d4daf287d3552c42830f35a16f09783c323b88+benchmark-worktree,AVX-512+AMX-BF16,,A01_gsa_proj_r128,af3,gsa_projection,128x16384x128,1,128,128,gemm_add,bf16xbf16_acc_fp32,TokenDynamic,raw_e2e,native,row_contiguous,default,auto,auto,auto,0.0,1.0,0.0,5.0,,,,,1512.4889130516829,1511.4888347654971,1513.3831673428297,0.0006951020936181115,354.95857679827816,815.210808193728,0.5389863034095984,0.5389863034095984,TokenDynamic,1512.4889130516829,1357.8055826020288,1.0,1.1139215602230967,ok,,benchmarks/ops/matmul-otherlibs/results/raw/x86/local-x86_MatmulOtherlibsVecopsAF3ProjectionBench_baseline-default.json
baseline-default,local-x86,Native,Intel Xeon w9-3495X,GCC 13.3.0,LIBXSMM,3668d249637792dcc988414eb3d2a374033743df,AVX-512+AMX-BF16,,A02_gsa_proj_r512,af3,gsa_projection,128x65536x128,1,512,128,bias,bf16xbf16_acc_fp32,NA,prepared_execute,separate,row_contiguous,default,auto,auto,auto,0.0,0.0,1.0,20.0,,,1.0,0.0,8318.667647579465,8310.828882488695,8368.968835566191,0.003442205520111012,258.152355518719,5434.938192663069,,0.6533423888192609,TokenDynamic,4684.900566644501,4432.044193832083,1.7756337683678103,1.8769369807178946,ok,,benchmarks/ops/matmul-otherlibs/results/raw/x86/local-x86_MatmulOtherlibsLIBXSMMBench_baseline-default.json
baseline-default,local-x86,Native,Intel Xeon w9-3495X,GCC 13.3.0,OpenBLAS,e0166008be8e466242aa76b2ff75ce3f0fbf574a,AVX-512+AMX-BF16,,A02_gsa_proj_r512,af3,gsa_projection,128x65536x128,1,512,128,bias,bf16xbf16_acc_fp32,NA,raw_e2e,separate,row_contiguous,default,auto,auto,auto,0.0,1.0,0.0,20.0,,,,,5434.938192663069,5386.681138546779,5497.0449614652,0.009113401769586195,395.1256797913562,5434.938192663069,1.0,1.0,TokenDynamic,4684.900566644501,4432.044193832083,1.1600968078935712,1.2262824906454401,ok,,benchmarks/ops/matmul-otherlibs/results/raw/x86/local-x86_MatmulOtherlibsOpenBLASBench_baseline-default.json
baseline-default,local-x86,Native,Intel Xeon w9-3495X,GCC 13.3.0,oneDNN,0e2a5bfeef1bfbffc3137464606540233086ce9b,AVX-512+AMX-BF16,,A02_gsa_proj_r512,af3,gsa_projection,128x65536x128,1,512,128,bias,bf16xbf16_acc_fp32,NA,raw_e2e,native_fused,row_contiguous,default,auto,auto,auto,1.0,1.0,0.0,20.0,,,,,2777.101102282711,2771.713044933917,2833.293036650391,0.010274747488051031,773.2824873515839,5434.938192663069,1.9570544940534136,1.9570544940534136,TokenDynamic,4684.900566644501,4432.044193832083,0.5927769571151803,0.6265959861473185,ok,,benchmarks/ops/matmul-otherlibs/results/raw/x86/local-x86_MatmulOtherlibsOneDNNBench_baseline-default.json
baseline-default,local-x86,Native,Intel Xeon w9-3495X,GCC 13.3.0,vecops,c4d4daf287d3552c42830f35a16f09783c323b88+benchmark-worktree,AVX-512+AMX-BF16,,A02_gsa_proj_r512,af3,gsa_projection,128x65536x128,1,512,128,bias,bf16xbf16_acc_fp32,AllConst,raw_e2e,native_fused,row_contiguous,default,auto,auto,auto,0.0,1.0,0.0,20.0,,,,,4432.044193832083,4427.724425782329,4447.855819354675,0.0022711403894166283,484.535702732517,5434.938192663069,1.2262824906454401,1.2262824906454401,TokenDynamic,4684.900566644501,4432.044193832083,0.9460273768428081,1.0,ok,,benchmarks/ops/matmul-otherlibs/results/raw/x86/local-x86_MatmulOtherlibsVecopsBiasBench_baseline-default.json
baseline-default,local-x86,Native,Intel Xeon w9-3495X,GCC 13.3.0,vecops,c4d4daf287d3552c42830f35a16f09783c323b88+benchmark-worktree,AVX-512+AMX-BF16,,A02_gsa_proj_r512,af3,gsa_projection,128x65536x128,1,512,128,bias,bf16xbf16_acc_fp32,TokenDynamic,raw_e2e,native_fused,row_contiguous,default,auto,auto,auto,0.0,1.0,0.0,20.0,,,,,4684.900566644501,4681.819593145822,4688.604180021988,0.0006598059185687463,458.38403984272975,5434.938192663069,1.1600968078935712,1.1600968078935712,TokenDynamic,4684.900566644501,4432.044193832083,1.0,1.057051861794228,ok,,benchmarks/ops/matmul-otherlibs/results/raw/x86/local-x86_MatmulOtherlibsVecopsBiasBench_baseline-default.json
baseline-default,local-x86,Native,Intel Xeon w9-3495X,GCC 13.3.0,LIBXSMM,3668d249637792dcc988414eb3d2a374033743df,AVX-512+AMX-BF16,,A02_gsa_proj_r512,af3,gsa_projection,128x65536x128,1,512,128,bias_relu,bf16xbf16_acc_fp32,NA,prepared_execute,separate,row_contiguous,default,auto,auto,auto,0.0,0.0,1.0,20.0,,,1.0,0.0,8292.447940809378,8286.312517285454,8306.630528942846,0.0011323387652310603,258.96860171188445,5430.598499795172,,0.6548848468580344,TokenDynamic,5908.073499692061,5038.988035916451,1.403579007817285,1.6456573982123404,ok,,benchmarks/ops/matmul-otherlibs/results/raw/x86/local-x86_MatmulOtherlibsLIBXSMMBench_baseline-default.json
baseline-default,local-x86,Native,Intel Xeon w9-3495X,GCC 13.3.0,OpenBLAS,e0166008be8e466242aa76b2ff75ce3f0fbf574a,AVX-512+AMX-BF16,,A02_gsa_proj_r512,af3,gsa_projection,128x65536x128,1,512,128,bias_relu,bf16xbf16_acc_fp32,NA,raw_e2e,separate,row_contiguous,default,auto,auto,auto,0.0,1.0,0.0,20.0,,,,,5430.598499795172,5354.655092098535,5497.451653914491,0.011717558804032035,395.44143211489444,5430.598499795172,1.0,1.0,TokenDynamic,5908.073499692061,5038.988035916451,0.9191826235875745,1.07771609320908,ok,,benchmarks/ops/matmul-otherlibs/results/raw/x86/local-x86_MatmulOtherlibsOpenBLASBench_baseline-default.json
baseline-default,local-x86,Native,Intel Xeon w9-3495X,GCC 13.3.0,oneDNN,0e2a5bfeef1bfbffc3137464606540233086ce9b,AVX-512+AMX-BF16,,A02_gsa_proj_r512,af3,gsa_projection,128x65536x128,1,512,128,bias_relu,bf16xbf16_acc_fp32,NA,raw_e2e,native_fused,row_contiguous,default,auto,auto,auto,1.0,1.0,0.0,20.0,,,,,2657.0486603853874,2579.045947092006,2660.506698171134,0.01480654861313448,808.221422519421,5430.598499795172,2.0438460841012596,2.0438460841012596,TokenDynamic,5908.073499692061,5038.988035916451,0.44973182214538754,0.5272980688675409,ok,,benchmarks/ops/matmul-otherlibs/results/raw/x86/local-x86_MatmulOtherlibsOneDNNBench_baseline-default.json
baseline-default,local-x86,Native,Intel Xeon w9-3495X,GCC 13.3.0,vecops,c4d4daf287d3552c42830f35a16f09783c323b88+benchmark-worktree,AVX-512+AMX-BF16,,A02_gsa_proj_r512,af3,gsa_projection,128x65536x128,1,512,128,bias_relu,bf16xbf16_acc_fp32,AllConst,raw_e2e,native_fused,row_contiguous,default,auto,auto,auto,0.0,1.0,0.0,20.0,,,,,5038.988035916451,5012.13281427876,5093.039250121884,0.008011589072695672,426.17359531186764,5430.598499795172,1.07771609320908,1.07771609320908,TokenDynamic,5908.073499692061,5038.988035916451,0.852898670976096,1.0,ok,,benchmarks/ops/matmul-otherlibs/results/raw/x86/local-x86_MatmulOtherlibsVecopsBiasReluBench_baseline-default.json
baseline-default,local-x86,Native,Intel Xeon w9-3495X,GCC 13.3.0,vecops,c4d4daf287d3552c42830f35a16f09783c323b88+benchmark-worktree,AVX-512+AMX-BF16,,A02_gsa_proj_r512,af3,gsa_projection,128x65536x128,1,512,128,bias_relu,bf16xbf16_acc_fp32,TokenDynamic,raw_e2e,native_fused,row_contiguous,default,auto,auto,auto,0.0,1.0,0.0,20.0,,,,,5908.073499692061,5900.629525179588,5915.831483313619,0.001130501052964637,363.4828930465964,5430.598499795172,0.9191826235875745,0.9191826235875745,TokenDynamic,5908.073499692061,5038.988035916451,1.0,1.1724722221170243,ok,,benchmarks/ops/matmul-otherlibs/results/raw/x86/local-x86_MatmulOtherlibsVecopsBiasReluBench_baseline-default.json
baseline-default,local-x86,Native,Intel Xeon w9-3495X,GCC 13.3.0,LIBXSMM,3668d249637792dcc988414eb3d2a374033743df,AVX-512+AMX-BF16,,A02_gsa_proj_r512,af3,gsa_projection,128x65536x128,1,512,128,gemm,bf16xbf16_acc_fp32,NA,prepared_execute,native,row_contiguous,default,auto,auto,auto,0.0,0.0,1.0,20.0,,,1.0,0.0,7275.971684353672,7267.64881064331,7357.01784218882,0.006244623822919521,295.1473344265443,4383.362548504656,,0.6024435963557536,TokenDynamic,4438.239354884342,4394.887812395609,1.6393824448305987,1.6555534509509158,ok,,benchmarks/ops/matmul-otherlibs/results/raw/x86/local-x86_MatmulOtherlibsLIBXSMMBench_baseline-default.json
baseline-default,local-x86,Native,Intel Xeon w9-3495X,GCC 13.3.0,OpenBLAS,e0166008be8e466242aa76b2ff75ce3f0fbf574a,AVX-512+AMX-BF16,,A02_gsa_proj_r512,af3,gsa_projection,128x65536x128,1,512,128,gemm,bf16xbf16_acc_fp32,NA,raw_e2e,native,row_contiguous,default,auto,auto,auto,0.0,1.0,0.0,20.0,,,,,4383.362548504656,4349.160612928831,4450.437606353643,0.010527777026518135,489.9169585533358,4383.362548504656,1.0,1.0,TokenDynamic,4438.239354884342,4394.887812395609,0.9876354558662337,0.9973775749500484,ok,,benchmarks/ops/matmul-otherlibs/results/raw/x86/local-x86_MatmulOtherlibsOpenBLASBench_baseline-default.json
baseline-default,local-x86,Native,Intel Xeon w9-3495X,GCC 13.3.0,oneDNN,0e2a5bfeef1bfbffc3137464606540233086ce9b,AVX-512+AMX-BF16,,A02_gsa_proj_r512,af3,gsa_projection,128x65536x128,1,512,128,gemm,bf16xbf16_acc_fp32,NA,raw_e2e,native,row_contiguous,default,auto,auto,auto,1.0,1.0,0.0,20.0,,,,,1932.811875020788,1930.0591804898836,1941.753499947178,0.003897820371164388,1111.0670809474943,4383.362548504656,2.2678681795958604,2.2678681795958604,TokenDynamic,4438.239354884342,4394.887812395609,0.43549068008098807,0.4397863967242503,ok,,benchmarks/ops/matmul-otherlibs/results/raw/x86/local-x86_MatmulOtherlibsOneDNNBench_baseline-default.json
baseline-default,local-x86,Native,Intel Xeon w9-3495X,GCC 13.3.0,vecops,c4d4daf287d3552c42830f35a16f09783c323b88+benchmark-worktree,AVX-512+AMX-BF16,,A02_gsa_proj_r512,af3,gsa_projection,128x65536x128,1,512,128,gemm,bf16xbf16_acc_fp32,AllConst,raw_e2e,native,row_contiguous,default,auto,auto,auto,0.0,1.0,0.0,20.0,,,,,4394.887812395609,4388.36744388027,4488.119387315237,0.010697165488603435,488.63218804882945,4383.362548504656,0.9973775749500484,0.9973775749500484,TokenDynamic,4438.239354884342,4394.887812395609,0.9902322657652468,1.0,ok,,benchmarks/ops/matmul-otherlibs/results/raw/x86/local-x86_MatmulOtherlibsVecopsAF3ProjectionBench_baseline-default.json
baseline-default,local-x86,Native,Intel Xeon w9-3495X,GCC 13.3.0,vecops,c4d4daf287d3552c42830f35a16f09783c323b88+benchmark-worktree,AVX-512+AMX-BF16,,A02_gsa_proj_r512,af3,gsa_projection,128x65536x128,1,512,128,gemm,bf16xbf16_acc_fp32,TokenDynamic,raw_e2e,native,row_contiguous,default,auto,auto,auto,0.0,1.0,0.0,20.0,,,,,4438.239354884342,4304.9222710842805,4444.566587147662,0.015149767262997684,483.8593586974225,4383.362548504656,0.9876354558662337,0.9876354558662337,TokenDynamic,4438.239354884342,4394.887812395609,1.0,1.0098640839855937,ok,,benchmarks/ops/matmul-otherlibs/results/raw/x86/local-x86_MatmulOtherlibsVecopsAF3ProjectionBench_baseline-default.json
baseline-default,local-x86,Native,Intel Xeon w9-3495X,GCC 13.3.0,LIBXSMM,3668d249637792dcc988414eb3d2a374033743df,AVX-512+AMX-BF16,,A02_gsa_proj_r512,af3,gsa_projection,128x65536x128,1,512,128,gemm_add,bf16xbf16_acc_fp32,NA,prepared_execute,native,row_contiguous,default,auto,auto,auto,0.0,0.0,1.0,20.0,,,1.0,0.0,4936.756036061394,4215.103428681947,4940.9628998546395,0.07466085969946626,434.998941068453,3410.8286582944324,,0.6909048438649673,TokenDynamic,5490.853280061857,5540.442999918014,0.899087224564445,0.8910399468299642,ok,,benchmarks/ops/matmul-otherlibs/results/raw/x86/local-x86_MatmulOtherlibsLIBXSMMBench_baseline-default.json
baseline-default,local-x86,Native,Intel Xeon w9-3495X,GCC 13.3.0,OpenBLAS,e0166008be8e466242aa76b2ff75ce3f0fbf574a,AVX-512+AMX-BF16,,A02_gsa_proj_r512,af3,gsa_projection,128x65536x128,1,512,128,gemm_add,bf16xbf16_acc_fp32,NA,raw_e2e,native,row_contiguous,default,auto,auto,auto,0.0,1.0,0.0,20.0,,,,,3410.8286582944324,3368.345375610061,3424.031800014058,0.0075043842168433595,629.6076007153753,3410.8286582944324,1.0,1.0,TokenDynamic,5490.853280061857,5540.442999918014,0.6211837185086847,0.6156238153420052,ok,,benchmarks/ops/matmul-otherlibs/results/raw/x86/local-x86_MatmulOtherlibsOpenBLASBench_baseline-default.json
baseline-default,local-x86,Native,Intel Xeon w9-3495X,GCC 13.3.0,oneDNN,0e2a5bfeef1bfbffc3137464606540233086ce9b,AVX-512+AMX-BF16,,A02_gsa_proj_r512,af3,gsa_projection,128x65536x128,1,512,128,gemm_add,bf16xbf16_acc_fp32,NA,raw_e2e,native,row_contiguous,default,auto,auto,auto,1.0,1.0,0.0,20.0,,,,,2285.7940982889813,2284.625265461041,2291.2542819003497,0.0013482606283280046,939.4912908417635,3410.8286582944324,1.4921854338707015,1.4921854338707015,TokenDynamic,5490.853280061857,5540.442999918014,0.41629123593395867,0.41256522236990906,ok,,benchmarks/ops/matmul-otherlibs/results/raw/x86/local-x86_MatmulOtherlibsOneDNNBench_baseline-default.json
baseline-default,local-x86,Native,Intel Xeon w9-3495X,GCC 13.3.0,vecops,c4d4daf287d3552c42830f35a16f09783c323b88+benchmark-worktree,AVX-512+AMX-BF16,,A02_gsa_proj_r512,af3,gsa_projection,128x65536x128,1,512,128,gemm_add,bf16xbf16_acc_fp32,AllConst,raw_e2e,native,row_contiguous,default,auto,auto,auto,0.0,1.0,0.0,20.0,,,,,5540.442999918014,5522.640951909125,5651.349592139014,0.015542061058586354,387.60143332072505,3410.8286582944324,0.6156238153420052,0.6156238153420052,TokenDynamic,5490.853280061857,5540.442999918014,1.009031332167666,1.0,ok,,benchmarks/ops/matmul-otherlibs/results/raw/x86/local-x86_MatmulOtherlibsVecopsAF3ProjectionBench_baseline-default.json
baseline-default,local-x86,Native,Intel Xeon w9-3495X,GCC 13.3.0,vecops,c4d4daf287d3552c42830f35a16f09783c323b88+benchmark-worktree,AVX-512+AMX-BF16,,A02_gsa_proj_r512,af3,gsa_projection,128x65536x128,1,512,128,gemm_add,bf16xbf16_acc_fp32,TokenDynamic,raw_e2e,native,row_contiguous,default,auto,auto,auto,0.0,1.0,0.0,20.0,,,,,5490.853280061857,5483.2950081909075,5524.414832238109,0.004950276376139685,391.101990613708,3410.8286582944324,0.6211837185086847,0.6211837185086847,TokenDynamic,5490.853280061857,5540.442999918014,1.0,0.9910495027460997,ok,,benchmarks/ops/matmul-otherlibs/results/raw/x86/local-x86_MatmulOtherlibsVecopsAF3ProjectionBench_baseline-default.json
baseline-default,local-x86,Native,Intel Xeon w9-3495X,GCC 13.3.0,LIBXSMM,3668d249637792dcc988414eb3d2a374033743df,AVX-512+AMX-BF16,,A03_gsa_proj_r1536,af3,gsa_projection,128x196608x128,1,1536,128,bias,bf16xbf16_acc_fp32,NA,prepared_execute,separate,row_contiguous,default,auto,auto,auto,0.0,0.0,1.0,60.0,,,1.0,0.0,26216.68500069063,26144.37840180471,26265.72732115164,0.002521699552275239,245.73857998561928,24092.286400264125,,0.9189676879296317,TokenDynamic,15959.947124429164,17513.338249045773,1.6426548782584591,1.496955327869549,ok,,benchmarks/ops/matmul-otherlibs/results/raw/x86/local-x86_MatmulOtherlibsLIBXSMMBench_baseline-default.json
baseline-default,local-x86,Native,Intel Xeon w9-3495X,GCC 13.3.0,OpenBLAS,e0166008be8e466242aa76b2ff75ce3f0fbf574a,AVX-512+AMX-BF16,,A03_gsa_proj_r1536,af3,gsa_projection,128x196608x128,1,1536,128,bias,bf16xbf16_acc_fp32,NA,raw_e2e,separate,row_contiguous,default,auto,auto,auto,0.0,1.0,0.0,60.0,,,,,24092.286400264125,23096.52163938153,26868.58351866249,0.06834283796540817,267.4072039891312,24092.286400264125,1.0,1.0,TokenDynamic,15959.947124429164,17513.338249045773,1.5095467555395068,1.3756535765862234,ok,,benchmarks/ops/matmul-otherlibs/results/raw/x86/local-x86_MatmulOtherlibsOpenBLASBench_baseline-default.json
baseline-default,local-x86,Native,Intel Xeon w9-3495X,GCC 13.3.0,oneDNN,0e2a5bfeef1bfbffc3137464606540233086ce9b,AVX-512+AMX-BF16,,A03_gsa_proj_r1536,af3,gsa_projection,128x196608x128,1,1536,128,bias,bf16xbf16_acc_fp32,NA,raw_e2e,native_fused,row_contiguous,default,auto,auto,auto,1.0,1.0,0.0,60.0,,,,,8977.953399880791,8922.845093378177,9061.964106901238,0.007161426730515399,717.5856965447763,24092.286400264125,2.6834942583444485,2.6834942583444485,TokenDynamic,15959.947124429164,17513.338249045773,0.5625302721798274,0.5126351853776342,ok,,benchmarks/ops/matmul-otherlibs/results/raw/x86/local-x86_MatmulOtherlibsOneDNNBench_baseline-default.json
baseline-default,local-x86,Native,Intel Xeon w9-3495X,GCC 13.3.0,vecops,c4d4daf287d3552c42830f35a16f09783c323b88+benchmark-worktree,AVX-512+AMX-BF16,,A03_gsa_proj_r1536,af3,gsa_projection,128x196608x128,1,1536,128,bias,bf16xbf16_acc_fp32,AllConst,raw_e2e,native_fused,row_contiguous,default,auto,auto,auto,0.0,1.0,0.0,60.0,,,,,17513.338249045773,17420.871674767117,17722.882075759117,0.009521239760707881,367.8596765725701,24092.286400264125,1.3756535765862234,1.3756535765862234,TokenDynamic,15959.947124429164,17513.338249045773,1.097330593422763,1.0,ok,,benchmarks/ops/matmul-otherlibs/results/raw/x86/local-x86_MatmulOtherlibsVecopsBiasBench_baseline-default.json
baseline-default,local-x86,Native,Intel Xeon w9-3495X,GCC 13.3.0,vecops,c4d4daf287d3552c42830f35a16f09783c323b88+benchmark-worktree,AVX-512+AMX-BF16,,A03_gsa_proj_r1536,af3,gsa_projection,128x196608x128,1,1536,128,bias,bf16xbf16_acc_fp32,TokenDynamic,raw_e2e,native_fused,row_contiguous,default,auto,auto,auto,0.0,1.0,0.0,60.0,,,,,15959.947124429164,15894.03752514045,16254.781324460057,0.013421867669898741,403.66367718968405,24092.286400264125,1.5095467555395068,1.5095467555395068,TokenDynamic,15959.947124429164,17513.338249045773,1.0,0.9113023969201732,ok,,benchmarks/ops/matmul-otherlibs/results/raw/x86/local-x86_MatmulOtherlibsVecopsBiasBench_baseline-default.json
baseline-default,local-x86,Native,Intel Xeon w9-3495X,GCC 13.3.0,LIBXSMM,3668d249637792dcc988414eb3d2a374033743df,AVX-512+AMX-BF16,,A03_gsa_proj_r1536,af3,gsa_projection,128x196608x128,1,1536,128,bias_relu,bf16xbf16_acc_fp32,NA,prepared_execute,separate,row_contiguous,default,auto,auto,auto,0.0,0.0,1.0,60.0,,,1.0,0.0,26918.246599962004,26751.754320575852,27850.46955919824,0.018782534367288186,239.333974450219,24417.53083500468,,0.9070996041413465,TokenDynamic,19359.062999553447,18416.597428897927,1.3904725967668436,1.4616297447933533,ok,,benchmarks/ops/matmul-otherlibs/results/raw/x86/local-x86_MatmulOtherlibsLIBXSMMBench_baseline-default.json
baseline-default,local-x86,Native,Intel Xeon w9-3495X,GCC 13.3.0,OpenBLAS,e0166008be8e466242aa76b2ff75ce3f0fbf574a,AVX-512+AMX-BF16,,A03_gsa_proj_r1536,af3,gsa_projection,128x196608x128,1,1536,128,bias_relu,bf16xbf16_acc_fp32,NA,raw_e2e,separate,row_contiguous,default,auto,auto,auto,0.0,1.0,0.0,60.0,,,,,24417.53083500468,23912.91716582297,26101.371800177734,0.03838345171873566,263.84530800977547,24417.53083500468,1.0,1.0,TokenDynamic,19359.062999553447,18416.597428897927,1.261297142096594,1.325843762903268,ok,,benchmarks/ops/matmul-otherlibs/results/raw/x86/local-x86_MatmulOtherlibsOpenBLASBench_baseline-default.json
baseline-default,local-x86,Native,Intel Xeon w9-3495X,GCC 13.3.0,oneDNN,0e2a5bfeef1bfbffc3137464606540233086ce9b,AVX-512+AMX-BF16,,A03_gsa_proj_r1536,af3,gsa_projection,128x196608x128,1,1536,128,bias_relu,bf16xbf16_acc_fp32,NA,raw_e2e,native_fused,row_contiguous,default,auto,auto,auto,1.0,1.0,0.0,60.0,,,,,8578.485249927326,8516.332250110281,9313.591737554814,0.04629360319504836,751.0009933344094,24417.53083500468,2.84636857482637,2.84636857482637,TokenDynamic,19359.062999553447,18416.597428897927,0.44312502367109424,0.46580185525837786,ok,,benchmarks/ops/matmul-otherlibs/results/raw/x86/local-x86_MatmulOtherlibsOneDNNBench_baseline-default.json
baseline-default,local-x86,Native,Intel Xeon w9-3495X,GCC 13.3.0,vecops,c4d4daf287d3552c42830f35a16f09783c323b88+benchmark-worktree,AVX-512+AMX-BF16,,A03_gsa_proj_r1536,af3,gsa_projection,128x196608x128,1,1536,128,bias_relu,bf16xbf16_acc_fp32,AllConst,raw_e2e,native_fused,row_contiguous,default,auto,auto,auto,0.0,1.0,0.0,60.0,,,,,18416.597428897927,18264.784170397827,18893.8931125449,0.016016615983075237,349.81765599605245,24417.53083500468,1.325843762903268,1.325843762903268,TokenDynamic,19359.062999553447,18416.597428897927,0.9513165709168228,1.0,ok,,benchmarks/ops/matmul-otherlibs/results/raw/x86/local-x86_MatmulOtherlibsVecopsBiasReluBench_baseline-default.json
baseline-default,local-x86,Native,Intel Xeon w9-3495X,GCC 13.3.0,vecops,c4d4daf287d3552c42830f35a16f09783c323b88+benchmark-worktree,AVX-512+AMX-BF16,,A03_gsa_proj_r1536,af3,gsa_projection,128x196608x128,1,1536,128,bias_relu,bf16xbf16_acc_fp32,TokenDynamic,raw_e2e,native_fused,row_contiguous,default,auto,auto,auto,0.0,1.0,0.0,60.0,,,,,19359.062999553447,19110.848000439415,19651.651714229956,0.012305793654127713,332.7873329483254,24417.53083500468,1.261297142096594,1.261297142096594,TokenDynamic,19359.062999553447,18416.597428897927,1.0,1.0511747935140654,ok,,benchmarks/ops/matmul-otherlibs/results/raw/x86/local-x86_MatmulOtherlibsVecopsBiasReluBench_baseline-default.json
baseline-default,local-x86,Native,Intel Xeon w9-3495X,GCC 13.3.0,LIBXSMM,3668d249637792dcc988414eb3d2a374033743df,AVX-512+AMX-BF16,,A03_gsa_proj_r1536,af3,gsa_projection,128x196608x128,1,1536,128,gemm,bf16xbf16_acc_fp32,NA,prepared_execute,native,row_contiguous,default,auto,auto,auto,0.0,0.0,1.0,60.0,,,1.0,0.0,21540.6033336573,21440.673332836013,21651.78356663091,0.004934724119954105,299.0840527634451,19019.957284659282,,0.8829816412310284,TokenDynamic,16009.388124075485,16280.070623906795,1.3454982268350266,1.3231271430742793,ok,,benchmarks/ops/matmul-otherlibs/results/raw/x86/local-x86_MatmulOtherlibsLIBXSMMBench_baseline-default.json
baseline-default,local-x86,Native,Intel Xeon w9-3495X,GCC 13.3.0,OpenBLAS,e0166008be8e466242aa76b2ff75ce3f0fbf574a,AVX-512+AMX-BF16,,A03_gsa_proj_r1536,af3,gsa_projection,128x196608x128,1,1536,128,gemm,bf16xbf16_acc_fp32,NA,raw_e2e,native,row_contiguous,default,auto,auto,auto,0.0,1.0,0.0,60.0,,,,,19019.957284659282,18633.48148596872,20349.290829783837,0.04227686431691464,338.7205789992082,19019.957284659282,1.0,1.0,TokenDynamic,16009.388124075485,16280.070623906795,1.1880502326042301,1.168296976349049,ok,,benchmarks/ops/matmul-otherlibs/results/raw/x86/local-x86_MatmulOtherlibsOpenBLASBench_baseline-default.json
baseline-default,local-x86,Native,Intel Xeon w9-3495X,GCC 13.3.0,oneDNN,0e2a5bfeef1bfbffc3137464606540233086ce9b,AVX-512+AMX-BF16,,A03_gsa_proj_r1536,af3,gsa_projection,128x196608x128,1,1536,128,gemm,bf16xbf16_acc_fp32,NA,raw_e2e,native,row_contiguous,default,auto,auto,auto,1.0,1.0,0.0,60.0,,,,,7744.241778305474,7727.017044898174,7760.514933195534,0.0022059569795468545,831.9020929909137,19019.957284659282,2.456012845304148,2.456012845304148,TokenDynamic,16009.388124075485,16280.070623906795,0.48373127806548766,0.4756884633493719,ok,,benchmarks/ops/matmul-otherlibs/results/raw/x86/local-x86_MatmulOtherlibsOneDNNBench_baseline-default.json
baseline-default,local-x86,Native,Intel Xeon w9-3495X,GCC 13.3.0,vecops,c4d4daf287d3552c42830f35a16f09783c323b88+benchmark-worktree,AVX-512+AMX-BF16,,A03_gsa_proj_r1536,af3,gsa_projection,128x196608x128,1,1536,128,gemm,bf16xbf16_acc_fp32,AllConst,raw_e2e,native,row_contiguous,default,auto,auto,auto,0.0,1.0,0.0,60.0,,,,,16280.070623906795,16197.865751382777,16457.173774324478,0.010499530873784833,395.7262282719741,19019.957284659282,1.168296976349049,1.168296976349049,TokenDynamic,16009.388124075485,16280.070623906795,1.0169077354945406,1.0,ok,,benchmarks/ops/matmul-otherlibs/results/raw/x86/local-x86_MatmulOtherlibsVecopsAF3ProjectionBench_baseline-default.json
baseline-default,local-x86,Native,Intel Xeon w9-3495X,GCC 13.3.0,vecops,c4d4daf287d3552c42830f35a16f09783c323b88+benchmark-worktree,AVX-512+AMX-BF16,,A03_gsa_proj_r1536,af3,gsa_projection,128x196608x128,1,1536,128,gemm,bf16xbf16_acc_fp32,TokenDynamic,raw_e2e,native,row_contiguous,default,auto,auto,auto,0.0,1.0,0.0,60.0,,,,,16009.388124075485,15952.530699723864,16099.499424672102,0.004449927608628256,402.4170626678489,19019.957284659282,1.1880502326042301,1.1880502326042301,TokenDynamic,16009.388124075485,16280.070623906795,1.0,0.9833733829487311,ok,,benchmarks/ops/matmul-otherlibs/results/raw/x86/local-x86_MatmulOtherlibsVecopsAF3ProjectionBench_baseline-default.json
baseline-default,local-x86,Native,Intel Xeon w9-3495X,GCC 13.3.0,LIBXSMM,3668d249637792dcc988414eb3d2a374033743df,AVX-512+AMX-BF16,,A03_gsa_proj_r1536,af3,gsa_projection,128x196608x128,1,1536,128,gemm_add,bf16xbf16_acc_fp32,NA,prepared_execute,native,row_contiguous,default,auto,auto,auto,0.0,0.0,1.0,60.0,,,1.0,0.0,20486.652499433454,19931.402032185964,20749.28650011619,0.01855296660444151,314.4706507897355,17551.348430320755,,0.8567211471374412,TokenDynamic,22910.15299852006,23223.89833473911,0.8942171840038275,0.8821366768036876,ok,,benchmarks/ops/matmul-otherlibs/results/raw/x86/local-x86_MatmulOtherlibsLIBXSMMBench_baseline-default.json
baseline-default,local-x86,Native,Intel Xeon w9-3495X,GCC 13.3.0,OpenBLAS,e0166008be8e466242aa76b2ff75ce3f0fbf574a,AVX-512+AMX-BF16,,A03_gsa_proj_r1536,af3,gsa_projection,128x196608x128,1,1536,128,gemm_add,bf16xbf16_acc_fp32,NA,raw_e2e,native,row_contiguous,default,auto,auto,auto,0.0,1.0,0.0,60.0,,,,,17551.348430320755,17218.659456869187,17970.387629299825,0.01995145080562375,367.0630190937565,17551.348430320755,1.0,1.0,TokenDynamic,22910.15299852006,23223.89833473911,0.7660947716697714,0.7557451456832655,ok,,benchmarks/ops/matmul-otherlibs/results/raw/x86/local-x86_MatmulOtherlibsOpenBLASBench_baseline-default.json
baseline-default,local-x86,Native,Intel Xeon w9-3495X,GCC 13.3.0,oneDNN,0e2a5bfeef1bfbffc3137464606540233086ce9b,AVX-512+AMX-BF16,,A03_gsa_proj_r1536,af3,gsa_projection,128x196608x128,1,1536,128,gemm_add,bf16xbf16_acc_fp32,NA,raw_e2e,native,row_contiguous,default,auto,auto,auto,1.0,1.0,0.0,60.0,,,,,11492.264400294516,11351.772919297218,11694.263959943783,0.017489393207185067,560.5902126507721,17551.348430320755,1.5272315201755158,1.5272315201755158,TokenDynamic,22910.15299852006,23223.89833473911,0.5016232061408271,0.49484648247464935,ok,,benchmarks/ops/matmul-otherlibs/results/raw/x86/local-x86_MatmulOtherlibsOneDNNBench_baseline-default.json
baseline-default,local-x86,Native,Intel Xeon w9-3495X,GCC 13.3.0,vecops,c4d4daf287d3552c42830f35a16f09783c323b88+benchmark-worktree,AVX-512+AMX-BF16,,A03_gsa_proj_r1536,af3,gsa_projection,128x196608x128,1,1536,128,gemm_add,bf16xbf16_acc_fp32,AllConst,raw_e2e,native,row_contiguous,default,auto,auto,auto,0.0,1.0,0.0,60.0,,,,,23223.89833473911,23121.330665890127,23368.19729971467,0.0045937093513674174,277.40609483995024,17551.348430320755,0.7557451456832655,0.7557451456832655,TokenDynamic,22910.15299852006,23223.89833473911,1.0136945980343002,1.0,ok,,benchmarks/ops/matmul-otherlibs/results/raw/x86/local-x86_MatmulOtherlibsVecopsAF3ProjectionBench_baseline-default.json
baseline-default,local-x86,Native,Intel Xeon w9-3495X,GCC 13.3.0,vecops,c4d4daf287d3552c42830f35a16f09783c323b88+benchmark-worktree,AVX-512+AMX-BF16,,A03_gsa_proj_r1536,af3,gsa_projection,128x196608x128,1,1536,128,gemm_add,bf16xbf16_acc_fp32,TokenDynamic,raw_e2e,native,row_contiguous,default,auto,auto,auto,0.0,1.0,0.0,60.0,,,,,22910.15299852006,22558.588666530948,22993.794765595034,0.009398283038135004,281.2050598010483,17551.348430320755,0.7660947716697714,0.7660947716697714,TokenDynamic,22910.15299852006,23223.89833473911,1.0,0.9864904103653546,ok,,benchmarks/ops/matmul-otherlibs/results/raw/x86/local-x86_MatmulOtherlibsVecopsAF3ProjectionBench_baseline-default.json
baseline-default,local-x86,Native,Intel Xeon w9-3495X,GCC 13.3.0,LIBXSMM,3668d249637792dcc988414eb3d2a374033743df,AVX-512+AMX-BF16,,A04_gsa_proj_r2048,af3,gsa_projection,128x65536x128,1,2048,32,bias,bf16xbf16_acc_fp32,NA,prepared_execute,separate,row_contiguous,default,auto,auto,auto,0.0,0.0,1.0,320.0,,,1.0,0.0,8305.634176769458,8293.752435437293,8353.361047407174,0.0032784146162696277,258.5574565764563,5429.567346044888,,0.6537209839112805,TokenDynamic,4677.039799571503,4419.299838651392,1.775831408903212,1.8794004661390056,ok,,benchmarks/ops/matmul-otherlibs/results/raw/x86/local-x86_MatmulOtherlibsLIBXSMMBench_baseline-default.json
baseline-default,local-x86,Native,Intel Xeon w9-3495X,GCC 13.3.0,OpenBLAS,e0166008be8e466242aa76b2ff75ce3f0fbf574a,AVX-512+AMX-BF16,,A04_gsa_proj_r2048,af3,gsa_projection,128x65536x128,1,2048,32,bias,bf16xbf16_acc_fp32,NA,raw_e2e,separate,row_contiguous,default,auto,auto,auto,0.0,1.0,0.0,320.0,,,,,5429.567346044888,5380.32819973663,5490.652238390444,0.009301240785042077,395.5165321900487,5429.567346044888,1.0,1.0,TokenDynamic,4677.039799571503,4419.299838651392,1.160898255888763,1.2286035218877098,ok,,benchmarks/ops/matmul-otherlibs/results/raw/x86/local-x86_MatmulOtherlibsOpenBLASBench_baseline-default.json
baseline-default,local-x86,Native,Intel Xeon w9-3495X,GCC 13.3.0,oneDNN,0e2a5bfeef1bfbffc3137464606540233086ce9b,AVX-512+AMX-BF16,,A04_gsa_proj_r2048,af3,gsa_projection,128x65536x128,1,2048,32,bias,bf16xbf16_acc_fp32,NA,raw_e2e,native_fused,row_contiguous,default,auto,auto,auto,1.0,1.0,0.0,320.0,,,,,2606.1986667358456,2603.505203754779,2700.7954370842695,0.01773592086603771,823.9907706996232,5429.567346044888,2.0833282647808247,2.0833282647808247,TokenDynamic,4677.039799571503,4419.299838651392,0.5572325185205005,0.5897311252660244,ok,,benchmarks/ops/matmul-otherlibs/results/raw/x86/local-x86_MatmulOtherlibsOneDNNBench_baseline-default.json
baseline-default,local-x86,Native,Intel Xeon w9-3495X,GCC 13.3.0,vecops,c4d4daf287d3552c42830f35a16f09783c323b88+benchmark-worktree,AVX-512+AMX-BF16,,A04_gsa_proj_r2048,af3,gsa_projection,128x65536x128,1,2048,32,bias,bf16xbf16_acc_fp32,AllConst,raw_e2e,native_fused,row_contiguous,default,auto,auto,auto,0.0,1.0,0.0,320.0,,,,,4419.299838651392,4411.642012869818,4426.505684011406,0.0017396330102578041,485.93300441350755,5429.567346044888,1.2286035218877098,1.2286035218877098,TokenDynamic,4677.039799571503,4419.299838651392,0.9448925021027778,1.0,ok,,benchmarks/ops/matmul-otherlibs/results/raw/x86/local-x86_MatmulOtherlibsVecopsBiasBench_baseline-default.json
baseline-default,local-x86,Native,Intel Xeon w9-3495X,GCC 13.3.0,vecops,c4d4daf287d3552c42830f35a16f09783c323b88+benchmark-worktree,AVX-512+AMX-BF16,,A04_gsa_proj_r2048,af3,gsa_projection,128x65536x128,1,2048,32,bias,bf16xbf16_acc_fp32,TokenDynamic,raw_e2e,native_fused,row_contiguous,default,auto,auto,auto,0.0,1.0,0.0,320.0,,,,,4677.039799571503,4664.163093063204,4693.053113490654,0.002993893434171301,459.15445239459933,5429.567346044888,1.160898255888763,1.160898255888763,TokenDynamic,4677.039799571503,4419.299838651392,1.0,1.0583214469101883,ok,,benchmarks/ops/matmul-otherlibs/results/raw/x86/local-x86_MatmulOtherlibsVecopsBiasBench_baseline-default.json
baseline-default,local-x86,Native,Intel Xeon w9-3495X,GCC 13.3.0,LIBXSMM,3668d249637792dcc988414eb3d2a374033743df,AVX-512+AMX-BF16,,A04_gsa_proj_r2048,af3,gsa_projection,128x65536x128,1,2048,32,bias_relu,bf16xbf16_acc_fp32,NA,prepared_execute,separate,row_contiguous,default,auto,auto,auto,0.0,0.0,1.0,320.0,,,1.0,0.0,8290.193059057106,8284.492411664412,8360.153212218875,0.004235173306007598,259.03903958591843,5396.755124820629,,0.6509806329449263,TokenDynamic,5892.580874691097,5033.180035492738,1.4068865978002716,1.6471083888509293,ok,,benchmarks/ops/matmul-otherlibs/results/raw/x86/local-x86_MatmulOtherlibsLIBXSMMBench_baseline-default.json
baseline-default,local-x86,Native,Intel Xeon w9-3495X,GCC 13.3.0,OpenBLAS,e0166008be8e466242aa76b2ff75ce3f0fbf574a,AVX-512+AMX-BF16,,A04_gsa_proj_r2048,af3,gsa_projection,128x65536x128,1,2048,32,bias_relu,bf16xbf16_acc_fp32,NA,raw_e2e,separate,row_contiguous,default,auto,auto,auto,0.0,1.0,0.0,320.0,,,,,5396.755124820629,5364.89739145812,5509.676175400577,0.012157087607094942,397.9212690461614,5396.755124820629,1.0,1.0,TokenDynamic,5892.580874691097,5033.180035492738,0.9158559279177547,1.0722356615030755,ok,,benchmarks/ops/matmul-otherlibs/results/raw/x86/local-x86_MatmulOtherlibsOpenBLASBench_baseline-default.json
baseline-default,local-x86,Native,Intel Xeon w9-3495X,GCC 13.3.0,oneDNN,0e2a5bfeef1bfbffc3137464606540233086ce9b,AVX-512+AMX-BF16,,A04_gsa_proj_r2048,af3,gsa_projection,128x65536x128,1,2048,32,bias_relu,bf16xbf16_acc_fp32,NA,raw_e2e,native_fused,row_contiguous,default,auto,auto,auto,1.0,1.0,0.0,320.0,,,,,2647.352365434366,2578.6884460383308,2710.8691384245712,0.02246466258281406,811.1816454957064,5396.755124820629,2.038548096310992,2.038548096310992,TokenDynamic,5892.580874691097,5033.180035492738,0.44926873669309575,0.5259800656376076,ok,,benchmarks/ops/matmul-otherlibs/results/raw/x86/local-x86_MatmulOtherlibsOneDNNBench_baseline-default.json
baseline-default,local-x86,Native,Intel Xeon w9-3495X,GCC 13.3.0,vecops,c4d4daf287d3552c42830f35a16f09783c323b88+benchmark-worktree,AVX-512+AMX-BF16,,A04_gsa_proj_r2048,af3,gsa_projection,128x65536x128,1,2048,32,bias_relu,bf16xbf16_acc_fp32,AllConst,raw_e2e,native_fused,row_contiguous,default,auto,auto,auto,0.0,1.0,0.0,320.0,,,,,5033.180035492738,5000.979907345027,5086.581928480882,0.007467869729737587,426.6653751418542,5396.755124820629,1.0722356615030755,1.0722356615030755,TokenDynamic,5892.580874691097,5033.180035492738,0.8541554443674206,1.0,ok,,benchmarks/ops/matmul-otherlibs/results/raw/x86/local-x86_MatmulOtherlibsVecopsBiasReluBench_baseline-default.json
baseline-default,local-x86,Native,Intel Xeon w9-3495X,GCC 13.3.0,vecops,c4d4daf287d3552c42830f35a16f09783c323b88+benchmark-worktree,AVX-512+AMX-BF16,,A04_gsa_proj_r2048,af3,gsa_projection,128x65536x128,1,2048,32,bias_relu,bf16xbf16_acc_fp32,TokenDynamic,raw_e2e,native_fused,row_contiguous,default,auto,auto,auto,0.0,1.0,0.0,320.0,,,,,5892.580874691097,5848.429924905456,5918.693908218605,0.005134822158511581,364.4385531004827,5396.755124820629,0.9158559279177547,0.9158559279177547,TokenDynamic,5892.580874691097,5033.180035492738,1.0,1.170747088945374,ok,,benchmarks/ops/matmul-otherlibs/results/raw/x86/local-x86_MatmulOtherlibsVecopsBiasReluBench_baseline-default.json
baseline-default,local-x86,Native,Intel Xeon w9-3495X,GCC 13.3.0,LIBXSMM,3668d249637792dcc988414eb3d2a374033743df,AVX-512+AMX-BF16,,A04_gsa_proj_r2048,af3,gsa_projection,128x65536x128,1,2048,32,gemm,bf16xbf16_acc_fp32,NA,prepared_execute,native,row_contiguous,default,auto,auto,auto,0.0,0.0,1.0,320.0,,,1.0,0.0,7300.248368042767,7292.732621365422,7360.314874064275,0.004272836686144222,294.16583378186505,4358.001375294407,,0.5969661791743681,TokenDynamic,4456.1874514798665,4401.905218855973,1.6382273967443648,1.6584292494012525,ok,,benchmarks/ops/matmul-otherlibs/results/raw/x86/local-x86_MatmulOtherlibsLIBXSMMBench_baseline-default.json
baseline-default,local-x86,Native,Intel Xeon w9-3495X,GCC 13.3.0,OpenBLAS,e0166008be8e466242aa76b2ff75ce3f0fbf574a,AVX-512+AMX-BF16,,A04_gsa_proj_r2048,af3,gsa_projection,128x65536x128,1,2048,32,gemm,bf16xbf16_acc_fp32,NA,raw_e2e,native,row_contiguous,default,auto,auto,auto,0.0,1.0,0.0,320.0,,,,,4358.001375294407,4348.0772561451895,4446.3289063060065,0.011172024323313028,492.76800603463,4358.001375294407,1.0,1.0,TokenDynamic,4456.1874514798665,4401.905218855973,0.9779663496532551,0.9900261724460809,ok,,benchmarks/ops/matmul-otherlibs/results/raw/x86/local-x86_MatmulOtherlibsOpenBLASBench_baseline-default.json
baseline-default,local-x86,Native,Intel Xeon w9-3495X,GCC 13.3.0,oneDNN,0e2a5bfeef1bfbffc3137464606540233086ce9b,AVX-512+AMX-BF16,,A04_gsa_proj_r2048,af3,gsa_projection,128x65536x128,1,2048,32,gemm,bf16xbf16_acc_fp32,NA,raw_e2e,native,row_contiguous,default,auto,auto,auto,1.0,1.0,0.0,320.0,,,,,1929.9638887686244,1925.2622222362938,1935.7464583057058,0.002605400677995339,1112.7066472576125,4358.001375294407,2.2580740503258556,2.2580740503258556,TokenDynamic,4456.1874514798665,4401.905218855973,0.4330975547556236,0.4384383108708119,ok,,benchmarks/ops/matmul-otherlibs/results/raw/x86/local-x86_MatmulOtherlibsOneDNNBench_baseline-default.json
baseline-default,local-x86,Native,Intel Xeon w9-3495X,GCC 13.3.0,vecops,c4d4daf287d3552c42830f35a16f09783c323b88+benchmark-worktree,AVX-512+AMX-BF16,,A04_gsa_proj_r2048,af3,gsa_projection,128x65536x128,1,2048,32,gemm,bf16xbf16_acc_fp32,AllConst,raw_e2e,native,row_contiguous,default,auto,auto,auto,0.0,1.0,0.0,320.0,,,,,4401.905218855973,4394.758081343752,4507.916381135147,0.012053285862339707,487.85322291835206,4358.001375294407,0.9900261724460809,0.9900261724460809,TokenDynamic,4456.1874514798665,4401.905218855973,0.9878186828505459,1.0,ok,,benchmarks/ops/matmul-otherlibs/results/raw/x86/local-x86_MatmulOtherlibsVecopsAF3ProjectionBench_baseline-default.json
baseline-default,local-x86,Native,Intel Xeon w9-3495X,GCC 13.3.0,vecops,c4d4daf287d3552c42830f35a16f09783c323b88+benchmark-worktree,AVX-512+AMX-BF16,,A04_gsa_proj_r2048,af3,gsa_projection,128x65536x128,1,2048,32,gemm,bf16xbf16_acc_fp32,TokenDynamic,raw_e2e,native,row_contiguous,default,auto,auto,auto,0.0,1.0,0.0,320.0,,,,,4456.1874514798665,4299.402025794881,4458.866780623794,0.017571005350545597,481.9105280876003,4358.001375294407,0.9779663496532551,0.9779663496532551,TokenDynamic,4456.1874514798665,4401.905218855973,1.0,1.0123315314449233,ok,,benchmarks/ops/matmul-otherlibs/results/raw/x86/local-x86_MatmulOtherlibsVecopsAF3ProjectionBench_baseline-default.json
baseline-default,local-x86,Native,Intel Xeon w9-3495X,GCC 13.3.0,LIBXSMM,3668d249637792dcc988414eb3d2a374033743df,AVX-512+AMX-BF16,,A04_gsa_proj_r2048,af3,gsa_projection,128x65536x128,1,2048,32,gemm_add,bf16xbf16_acc_fp32,NA,prepared_execute,native,row_contiguous,default,auto,auto,auto,0.0,0.0,1.0,320.0,,,1.0,0.0,4932.066499999824,4197.842178733221,4944.054299994605,0.07634335425640151,435.4125492833636,3374.164074921282,,0.6841278549105942,TokenDynamic,5499.176519806497,5552.761374929105,0.8968736468516512,0.8882187018279342,ok,,benchmarks/ops/matmul-otherlibs/results/raw/x86/local-x86_MatmulOtherlibsLIBXSMMBench_baseline-default.json
baseline-default,local-x86,Native,Intel Xeon w9-3495X,GCC 13.3.0,OpenBLAS,e0166008be8e466242aa76b2ff75ce3f0fbf574a,AVX-512+AMX-BF16,,A04_gsa_proj_r2048,af3,gsa_projection,128x65536x128,1,2048,32,gemm_add,bf16xbf16_acc_fp32,NA,raw_e2e,native,row_contiguous,default,auto,auto,auto,0.0,1.0,0.0,320.0,,,,,3374.164074921282,3362.0792949659512,3407.2577799815913,0.00624031461779902,636.4490879270891,3374.164074921282,1.0,1.0,TokenDynamic,5499.176519806497,5552.761374929105,0.613576244146462,0.6076551551730173,ok,,benchmarks/ops/matmul-otherlibs/results/raw/x86/local-x86_MatmulOtherlibsOpenBLASBench_baseline-default.json
baseline-default,local-x86,Native,Intel Xeon w9-3495X,GCC 13.3.0,oneDNN,0e2a5bfeef1bfbffc3137464606540233086ce9b,AVX-512+AMX-BF16,,A04_gsa_proj_r2048,af3,gsa_projection,128x65536x128,1,2048,32,gemm_add,bf16xbf16_acc_fp32,NA,raw_e2e,native,row_contiguous,default,auto,auto,auto,1.0,1.0,0.0,320.0,,,,,2235.5598196211718,2229.299340931485,2276.9051246138933,0.010803953322554584,960.6021852566232,3374.164074921282,1.5093150473124235,1.5093150473124235,TokenDynamic,5499.176519806497,5552.761374929105,0.4065262883577769,0.4026032578519934,ok,,benchmarks/ops/matmul-otherlibs/results/raw/x86/local-x86_MatmulOtherlibsOneDNNBench_baseline-default.json
baseline-default,local-x86,Native,Intel Xeon w9-3495X,GCC 13.3.0,vecops,c4d4daf287d3552c42830f35a16f09783c323b88+benchmark-worktree,AVX-512+AMX-BF16,,A04_gsa_proj_r2048,af3,gsa_projection,128x65536x128,1,2048,32,gemm_add,bf16xbf16_acc_fp32,AllConst,raw_e2e,native,row_contiguous,default,auto,auto,auto,0.0,1.0,0.0,320.0,,,,,5552.761374929105,5520.743399999144,5665.538641551393,0.015798947274349242,386.7415692840606,3374.164074921282,0.6076551551730173,0.6076551551730173,TokenDynamic,5499.176519806497,5552.761374929105,1.009744159862774,1.0,ok,,benchmarks/ops/matmul-otherlibs/results/raw/x86/local-x86_MatmulOtherlibsVecopsAF3ProjectionBench_baseline-default.json
baseline-default,local-x86,Native,Intel Xeon w9-3495X,GCC 13.3.0,vecops,c4d4daf287d3552c42830f35a16f09783c323b88+benchmark-worktree,AVX-512+AMX-BF16,,A04_gsa_proj_r2048,af3,gsa_projection,128x65536x128,1,2048,32,gemm_add,bf16xbf16_acc_fp32,TokenDynamic,raw_e2e,native,row_contiguous,default,auto,auto,auto,0.0,1.0,0.0,320.0,,,,,5499.176519806497,5490.942216012627,5533.012727857567,0.004451648212611783,390.5100409607446,3374.164074921282,0.613576244146462,0.613576244146462,TokenDynamic,5499.176519806497,5552.761374929105,1.0,0.9903498725220671,ok,,benchmarks/ops/matmul-otherlibs/results/raw/x86/local-x86_MatmulOtherlibsVecopsAF3ProjectionBench_baseline-default.json
baseline-default,local-x86,Native,Intel Xeon w9-3495X,GCC 13.3.0,LIBXSMM,3668d249637792dcc988414eb3d2a374033743df,AVX-512+AMX-BF16,,A05_pair_bias_r128,af3,pair_bias_projection,4x16384x128,1,128,0,gemm,bf16xbf16_acc_fp32,NA,prepared_execute,native,row_contiguous,default,auto,auto,auto,0.0,0.0,1.0,1.0,,,1.0,0.0,157.07775140673962,156.89381769798857,161.01189519235422,0.012428060497663516,106.80835350486277,297.7866776442776,,1.8957915744107134,TokenDynamic,194.57401388838966,193.95239666945866,0.8072904920224424,0.8098778571653215,ok,,benchmarks/ops/matmul-otherlibs/results/raw/x86/local-x86_MatmulOtherlibsLIBXSMMBench_baseline-default.json
baseline-default,local-x86,Native,Intel Xeon w9-3495X,GCC 13.3.0,OpenBLAS,e0166008be8e466242aa76b2ff75ce3f0fbf574a,AVX-512+AMX-BF16,,A05_pair_bias_r128,af3,pair_bias_projection,4x16384x128,1,128,0,gemm,bf16xbf16_acc_fp32,NA,raw_e2e,native,row_contiguous,default,auto,auto,auto,0.0,1.0,0.0,1.0,,,,,297.7866776442776,288.4812850792067,307.0151381651062,0.027608898698186717,56.339713155473326,297.7866776442776,1.0,1.0,TokenDynamic,194.57401388838966,193.95239666945866,1.5304545128780256,1.5353596179158198,ok,,benchmarks/ops/matmul-otherlibs/results/raw/x86/local-x86_MatmulOtherlibsOpenBLASBench_baseline-default.json
baseline-default,local-x86,Native,Intel Xeon w9-3495X,GCC 13.3.0,oneDNN,0e2a5bfeef1bfbffc3137464606540233086ce9b,AVX-512+AMX-BF16,,A05_pair_bias_r128,af3,pair_bias_projection,4x16384x128,1,128,0,gemm,bf16xbf16_acc_fp32,NA,raw_e2e,native,row_contiguous,default,auto,auto,auto,1.0,1.0,0.0,1.0,,,,,243.40509912808952,243.18714783041045,243.58419443318698,0.000926627196386136,68.9271344770438,297.7866776442776,1.2234200462972646,1.2234200462972646,TokenDynamic,194.57401388838966,193.95239666945866,1.250964063822572,1.2549734022772099,ok,,benchmarks/ops/matmul-otherlibs/results/raw/x86/local-x86_MatmulOtherlibsOneDNNBench_baseline-default.json
baseline-default,local-x86,Native,Intel Xeon w9-3495X,GCC 13.3.0,vecops,c4d4daf287d3552c42830f35a16f09783c323b88+benchmark-worktree,AVX-512+AMX-BF16,,A05_pair_bias_r128,af3,pair_bias_projection,4x16384x128,1,128,0,gemm,bf16xbf16_acc_fp32,AllConst,raw_e2e,native,row_contiguous,default,auto,auto,auto,0.0,1.0,0.0,1.0,,,,,193.95239666945866,161.5856729506614,194.34287240076424,0.08601073975321792,86.50172046387442,297.7866776442776,1.5353596179158198,1.5353596179158198,TokenDynamic,194.57401388838966,193.95239666945866,0.9968052402964377,1.0,ok,,benchmarks/ops/matmul-otherlibs/results/raw/x86/local-x86_MatmulOtherlibsVecopsAF3ProjectionBench_baseline-default.json
baseline-default,local-x86,Native,Intel Xeon w9-3495X,GCC 13.3.0,vecops,c4d4daf287d3552c42830f35a16f09783c323b88+benchmark-worktree,AVX-512+AMX-BF16,,A05_pair_bias_r128,af3,pair_bias_projection,4x16384x128,1,128,0,gemm,bf16xbf16_acc_fp32,TokenDynamic,raw_e2e,native,row_contiguous,default,auto,auto,auto,0.0,1.0,0.0,1.0,,,,,194.57401388838966,161.55401722143225,195.08503027383185,0.08762590577702127,86.22536825304762,297.7866776442776,1.5304545128780256,1.5304545128780256,TokenDynamic,194.57401388838966,193.95239666945866,1.0,1.0032049989049137,ok,,benchmarks/ops/matmul-otherlibs/results/raw/x86/local-x86_MatmulOtherlibsVecopsAF3ProjectionBench_baseline-default.json
baseline-default,local-x86,Native,Intel Xeon w9-3495X,GCC 13.3.0,LIBXSMM,3668d249637792dcc988414eb3d2a374033743df,AVX-512+AMX-BF16,,A05_pair_bias_r128,af3,pair_bias_projection,4x16384x128,1,128,0,gemm_add,bf16xbf16_acc_fp32,NA,prepared_execute,native,row_contiguous,default,auto,auto,auto,0.0,0.0,1.0,1.0,,,1.0,0.0,168.49278344901919,167.48568368424185,174.8474318738925,0.020062488209551466,99.57231198021177,291.373427055952,,1.7292932141756254,TokenDynamic,216.232639876154,211.52303171987023,0.779219934351828,0.7965694424811479,ok,,benchmarks/ops/matmul-otherlibs/results/raw/x86/local-x86_MatmulOtherlibsLIBXSMMBench_baseline-default.json
baseline-default,local-x86,Native,Intel Xeon w9-3495X,GCC 13.3.0,OpenBLAS,e0166008be8e466242aa76b2ff75ce3f0fbf574a,AVX-512+AMX-BF16,,A05_pair_bias_r128,af3,pair_bias_projection,4x16384x128,1,128,0,gemm_add,bf16xbf16_acc_fp32,NA,raw_e2e,native,row_contiguous,default,auto,auto,auto,0.0,1.0,0.0,1.0,,,,,291.373427055952,282.27334291236514,300.41668068066986,0.027888024009513006,57.57977372719819,291.373427055952,1.0,1.0,TokenDynamic,216.232639876154,211.52303171987023,1.3474997448249924,1.3775021315023102,ok,,benchmarks/ops/matmul-otherlibs/results/raw/x86/local-x86_MatmulOtherlibsOpenBLASBench_baseline-default.json
baseline-default,local-x86,Native,Intel Xeon w9-3495X,GCC 13.3.0,oneDNN,0e2a5bfeef1bfbffc3137464606540233086ce9b,AVX-512+AMX-BF16,,A05_pair_bias_r128,af3,pair_bias_projection,4x16384x128,1,128,0,gemm_add,bf16xbf16_acc_fp32,NA,raw_e2e,native,row_contiguous,default,auto,auto,auto,1.0,1.0,0.0,1.0,,,,,290.5409064302666,290.39276424837016,291.2375779680641,0.001618272310611684,57.744763744745654,291.373427055952,1.0028654162194033,1.0028654162194033,TokenDynamic,216.232639876154,211.52303171987023,1.3436496293837612,1.3735662923697283,ok,,benchmarks/ops/matmul-otherlibs/results/raw/x86/local-x86_MatmulOtherlibsOneDNNBench_baseline-default.json
baseline-default,local-x86,Native,Intel Xeon w9-3495X,GCC 13.3.0,vecops,c4d4daf287d3552c42830f35a16f09783c323b88+benchmark-worktree,AVX-512+AMX-BF16,,A05_pair_bias_r128,af3,pair_bias_projection,4x16384x128,1,128,0,gemm_add,bf16xbf16_acc_fp32,AllConst,raw_e2e,native,row_contiguous,default,auto,auto,auto,0.0,1.0,0.0,1.0,,,,,211.52303171987023,178.17478277984293,211.66348006605136,0.0809734733702707,79.3162610406362,291.373427055952,1.3775021315023102,1.3775021315023102,TokenDynamic,216.232639876154,211.52303171987023,0.9782197166950319,1.0,ok,,benchmarks/ops/matmul-otherlibs/results/raw/x86/local-x86_MatmulOtherlibsVecopsAF3ProjectionBench_baseline-default.json
baseline-default,local-x86,Native,Intel Xeon w9-3495X,GCC 13.3.0,vecops,c4d4daf287d3552c42830f35a16f09783c323b88+benchmark-worktree,AVX-512+AMX-BF16,,A05_pair_bias_r128,af3,pair_bias_projection,4x16384x128,1,128,0,gemm_add,bf16xbf16_acc_fp32,TokenDynamic,raw_e2e,native,row_contiguous,default,auto,auto,auto,0.0,1.0,0.0,1.0,,,,,216.232639876154,178.92424914326625,216.50577062532923,0.0890417068527339,77.58873040448036,291.373427055952,1.3474997448249924,1.3474997448249924,TokenDynamic,216.232639876154,211.52303171987023,1.0,1.0222652262403318,ok,,benchmarks/ops/matmul-otherlibs/results/raw/x86/local-x86_MatmulOtherlibsVecopsAF3ProjectionBench_baseline-default.json
baseline-default,local-x86,Native,Intel Xeon w9-3495X,GCC 13.3.0,LIBXSMM,3668d249637792dcc988414eb3d2a374033743df,AVX-512+AMX-BF16,,A06_pair_bias_r512,af3,pair_bias_projection,4x262144x128,1,512,0,gemm,bf16xbf16_acc_fp32,NA,prepared_execute,native,row_contiguous,default,auto,auto,auto,0.0,0.0,1.0,1.0,,,1.0,0.0,2657.5806729782084,2649.347142197746,2664.827253745618,0.0026742028812502764,101.00745340655219,5185.557384370791,,1.9512323509485845,TokenDynamic,3194.3144772826186,3141.479658965677,0.8319721467245749,0.8459646286085485,ok,,benchmarks/ops/matmul-otherlibs/results/raw/x86/local-x86_MatmulOtherlibsLIBXSMMBench_baseline-default.json
baseline-default,local-x86,Native,Intel Xeon w9-3495X,GCC 13.3.0,OpenBLAS,e0166008be8e466242aa76b2ff75ce3f0fbf574a,AVX-512+AMX-BF16,,A06_pair_bias_r512,af3,pair_bias_projection,4x262144x128,1,512,0,gemm,bf16xbf16_acc_fp32,NA,raw_e2e,native,row_contiguous,default,auto,auto,auto,0.0,1.0,0.0,1.0,,,,,5185.557384370791,5119.843846366095,5510.9900539928985,0.03658237727234063,51.76597925790221,5185.557384370791,1.0,1.0,TokenDynamic,3194.3144772826186,3141.479658965677,1.6233709677771329,1.650673551099204,ok,,benchmarks/ops/matmul-otherlibs/results/raw/x86/local-x86_MatmulOtherlibsOpenBLASBench_baseline-default.json
baseline-default,local-x86,Native,Intel Xeon w9-3495X,GCC 13.3.0,oneDNN,0e2a5bfeef1bfbffc3137464606540233086ce9b,AVX-512+AMX-BF16,,A06_pair_bias_r512,af3,pair_bias_projection,4x262144x128,1,512,0,gemm,bf16xbf16_acc_fp32,NA,raw_e2e,native,row_contiguous,default,auto,auto,auto,1.0,1.0,0.0,1.0,,,,,4098.144441206173,4091.5054293958847,4131.875435482738,0.0058423020717955415,65.50170689469248,5185.557384370791,1.2653427566463638,1.2653427566463638,TokenDynamic,3194.3144772826186,3141.479658965677,1.2829495875723658,1.3045268109599903,ok,,benchmarks/ops/matmul-otherlibs/results/raw/x86/local-x86_MatmulOtherlibsOneDNNBench_baseline-default.json
baseline-default,local-x86,Native,Intel Xeon w9-3495X,GCC 13.3.0,vecops,c4d4daf287d3552c42830f35a16f09783c323b88+benchmark-worktree,AVX-512+AMX-BF16,,A06_pair_bias_r512,af3,pair_bias_projection,4x262144x128,1,512,0,gemm,bf16xbf16_acc_fp32,AllConst,raw_e2e,native,row_contiguous,default,auto,auto,auto,0.0,1.0,0.0,1.0,,,,,3141.479658965677,3136.735231766414,3147.300822655036,0.0017669105872584034,85.44873280776919,5185.557384370791,1.650673551099204,1.650673551099204,TokenDynamic,3194.3144772826186,3141.479658965677,0.9834597317538104,1.0,ok,,benchmarks/ops/matmul-otherlibs/results/raw/x86/local-x86_MatmulOtherlibsVecopsAF3ProjectionBench_baseline-default.json
baseline-default,local-x86,Native,Intel Xeon w9-3495X,GCC 13.3.0,vecops,c4d4daf287d3552c42830f35a16f09783c323b88+benchmark-worktree,AVX-512+AMX-BF16,,A06_pair_bias_r512,af3,pair_bias_projection,4x262144x128,1,512,0,gemm,bf16xbf16_acc_fp32,TokenDynamic,raw_e2e,native,row_contiguous,default,auto,auto,auto,0.0,1.0,0.0,1.0,,,,,3194.3144772826186,3178.42000440578,3242.746722720436,0.011828739297087052,84.03538784583169,5185.557384370791,1.6233709677771329,1.6233709677771329,TokenDynamic,3194.3144772826186,3141.479658965677,1.0,1.0168184499193407,ok,,benchmarks/ops/matmul-otherlibs/results/raw/x86/local-x86_MatmulOtherlibsVecopsAF3ProjectionBench_baseline-default.json
baseline-default,local-x86,Native,Intel Xeon w9-3495X,GCC 13.3.0,LIBXSMM,3668d249637792dcc988414eb3d2a374033743df,AVX-512+AMX-BF16,,A06_pair_bias_r512,af3,pair_bias_projection,4x262144x128,1,512,0,gemm_add,bf16xbf16_acc_fp32,NA,prepared_execute,native,row_contiguous,default,auto,auto,auto,0.0,0.0,1.0,1.0,,,1.0,0.0,2950.275297947922,2914.9299660236866,2963.3238638548105,0.010073970214989519,90.98657884120563,5175.321538655015,,1.7541825816237333,TokenDynamic,3586.0431026100205,3497.6374750840473,0.8227104955321454,0.8435051714091746,ok,,benchmarks/ops/matmul-otherlibs/results/raw/x86/local-x86_MatmulOtherlibsLIBXSMMBench_baseline-default.json
baseline-default,local-x86,Native,Intel Xeon w9-3495X,GCC 13.3.0,OpenBLAS,e0166008be8e466242aa76b2ff75ce3f0fbf574a,AVX-512+AMX-BF16,,A06_pair_bias_r512,af3,pair_bias_projection,4x262144x128,1,512,0,gemm_add,bf16xbf16_acc_fp32,NA,raw_e2e,native,row_contiguous,default,auto,auto,auto,0.0,1.0,0.0,1.0,,,,,5175.321538655015,4983.345392191461,5488.222746330743,0.04734900979183562,51.86836295967848,5175.321538655015,1.0,1.0,TokenDynamic,3586.0431026100205,3497.6374750840473,1.4431844209815197,1.4796620791955155,ok,,benchmarks/ops/matmul-otherlibs/results/raw/x86/local-x86_MatmulOtherlibsOpenBLASBench_baseline-default.json
baseline-default,local-x86,Native,Intel Xeon w9-3495X,GCC 13.3.0,oneDNN,0e2a5bfeef1bfbffc3137464606540233086ce9b,AVX-512+AMX-BF16,,A06_pair_bias_r512,af3,pair_bias_projection,4x262144x128,1,512,0,gemm_add,bf16xbf16_acc_fp32,NA,raw_e2e,native,row_contiguous,default,auto,auto,auto,1.0,1.0,0.0,1.0,,,,,4849.884586292319,4832.931283102692,4856.608262193261,0.002124099723460476,55.34883381734571,5175.321538655015,1.067101999351182,1.067101999351182,TokenDynamic,3586.0431026100205,3497.6374750840473,1.3524334335977277,1.3866172869090092,ok,,benchmarks/ops/matmul-otherlibs/results/raw/x86/local-x86_MatmulOtherlibsOneDNNBench_baseline-default.json
baseline-default,local-x86,Native,Intel Xeon w9-3495X,GCC 13.3.0,vecops,c4d4daf287d3552c42830f35a16f09783c323b88+benchmark-worktree,AVX-512+AMX-BF16,,A06_pair_bias_r512,af3,pair_bias_projection,4x262144x128,1,512,0,gemm_add,bf16xbf16_acc_fp32,AllConst,raw_e2e,native,row_contiguous,default,auto,auto,auto,0.0,1.0,0.0,1.0,,,,,3497.6374750840473,3493.06443502428,3503.024519959581,0.0013656343271292366,76.74764978138552,5175.321538655015,1.4796620791955155,1.4796620791955155,TokenDynamic,3586.0431026100205,3497.6374750840473,0.9753473048158208,1.0,ok,,benchmarks/ops/matmul-otherlibs/results/raw/x86/local-x86_MatmulOtherlibsVecopsAF3ProjectionBench_baseline-default.json
baseline-default,local-x86,Native,Intel Xeon w9-3495X,GCC 13.3.0,vecops,c4d4daf287d3552c42830f35a16f09783c323b88+benchmark-worktree,AVX-512+AMX-BF16,,A06_pair_bias_r512,af3,pair_bias_projection,4x262144x128,1,512,0,gemm_add,bf16xbf16_acc_fp32,TokenDynamic,raw_e2e,native,row_contiguous,default,auto,auto,auto,0.0,1.0,0.0,1.0,,,,,3586.0431026100205,3581.9154411094646,3605.03067719177,0.0031794856102570516,74.8556133652229,5175.321538655015,1.4431844209815197,1.4431844209815197,TokenDynamic,3586.0431026100205,3497.6374750840473,1.0,1.0252758120747916,ok,,benchmarks/ops/matmul-otherlibs/results/raw/x86/local-x86_MatmulOtherlibsVecopsAF3ProjectionBench_baseline-default.json
baseline-default,local-x86,Native,Intel Xeon w9-3495X,GCC 13.3.0,LIBXSMM,3668d249637792dcc988414eb3d2a374033743df,AVX-512+AMX-BF16,,A07_pair_bias_r1536,af3,pair_bias_projection,4x2359296x128,1,1536,0,gemm,bf16xbf16_acc_fp32,NA,prepared_execute,native,row_contiguous,default,auto,auto,auto,0.0,0.0,1.0,1.0,,,1.0,0.0,54650.03033653678,54352.48719586526,55020.6123337072,0.0052253686314438705,44.20709538718801,79214.71699955873,,1.449490814767197,TokenDynamic,63546.17250326555,62782.90000045672,0.8600050669256026,0.8704604332730603,ok,,benchmarks/ops/matmul-otherlibs/results/raw/x86/local-x86_MatmulOtherlibsLIBXSMMBench_baseline-default.json
baseline-default,local-x86,Native,Intel Xeon w9-3495X,GCC 13.3.0,OpenBLAS,e0166008be8e466242aa76b2ff75ce3f0fbf574a,AVX-512+AMX-BF16,,A07_pair_bias_r1536,af3,pair_bias_projection,4x2359296x128,1,1536,0,gemm,bf16xbf16_acc_fp32,NA,raw_e2e,native,row_contiguous,default,auto,auto,auto,0.0,1.0,0.0,1.0,,,,,79214.71699955873,79095.82079882966,80514.04180150712,0.008446382586494489,30.498361863912965,79214.71699955873,1.0,1.0,TokenDynamic,63546.17250326555,62782.90000045672,1.2465694451619096,1.2617244026475756,ok,,benchmarks/ops/matmul-otherlibs/results/raw/x86/local-x86_MatmulOtherlibsOpenBLASBench_baseline-default.json
baseline-default,local-x86,Native,Intel Xeon w9-3495X,GCC 13.3.0,oneDNN,0e2a5bfeef1bfbffc3137464606540233086ce9b,AVX-512+AMX-BF16,,A07_pair_bias_r1536,af3,pair_bias_projection,4x2359296x128,1,1536,0,gemm,bf16xbf16_acc_fp32,NA,raw_e2e,native,row_contiguous,default,auto,auto,auto,1.0,1.0,0.0,1.0,,,,,69042.5594948465,68605.07990058976,69484.97940029482,0.006028930111438571,34.991737294738186,79214.71699955873,1.1473316977113444,1.1473316977113444,TokenDynamic,63546.17250326555,62782.90000045672,1.0864943831400466,1.099703255095643,ok,,benchmarks/ops/matmul-otherlibs/results/raw/x86/local-x86_MatmulOtherlibsOneDNNBench_baseline-default.json
baseline-default,local-x86,Native,Intel Xeon w9-3495X,GCC 13.3.0,vecops,c4d4daf287d3552c42830f35a16f09783c323b88+benchmark-worktree,AVX-512+AMX-BF16,,A07_pair_bias_r1536,af3,pair_bias_projection,4x2359296x128,1,1536,0,gemm,bf16xbf16_acc_fp32,AllConst,raw_e2e,native,row_contiguous,default,auto,auto,auto,0.0,1.0,0.0,1.0,,,,,62782.90000045672,62503.48989851773,63270.5439988058,0.0056035142146083445,38.48052740447518,79214.71699955873,1.2617244026475756,1.2617244026475756,TokenDynamic,63546.17250326555,62782.90000045672,0.987988694318771,1.0,ok,,benchmarks/ops/matmul-otherlibs/results/raw/x86/local-x86_MatmulOtherlibsVecopsAF3ProjectionBench_baseline-default.json
baseline-default,local-x86,Native,Intel Xeon w9-3495X,GCC 13.3.0,vecops,c4d4daf287d3552c42830f35a16f09783c323b88+benchmark-worktree,AVX-512+AMX-BF16,,A07_pair_bias_r1536,af3,pair_bias_projection,4x2359296x128,1,1536,0,gemm,bf16xbf16_acc_fp32,TokenDynamic,raw_e2e,native,row_contiguous,default,auto,auto,auto,0.0,1.0,0.0,1.0,,,,,63546.17250326555,63402.91210362921,63775.11369792047,0.003096819213654518,38.01832602704513,79214.71699955873,1.2465694451619096,1.2465694451619096,TokenDynamic,63546.17250326555,62782.90000045672,1.0,1.0121573311013552,ok,,benchmarks/ops/matmul-otherlibs/results/raw/x86/local-x86_MatmulOtherlibsVecopsAF3ProjectionBench_baseline-default.json
baseline-default,local-x86,Native,Intel Xeon w9-3495X,GCC 13.3.0,LIBXSMM,3668d249637792dcc988414eb3d2a374033743df,AVX-512+AMX-BF16,,A07_pair_bias_r1536,af3,pair_bias_projection,4x2359296x128,1,1536,0,gemm_add,bf16xbf16_acc_fp32,NA,prepared_execute,native,row_contiguous,default,auto,auto,auto,0.0,0.0,1.0,1.0,,,1.0,0.0,59966.74449852435,59624.269498453934,60551.02969985456,0.008367781011613593,40.28764816571709,78361.7020060774,,1.306752645343382,TokenDynamic,68009.30450117448,66944.91949747317,0.8817432399634194,0.8957624409539815,ok,,benchmarks/ops/matmul-otherlibs/results/raw/x86/local-x86_MatmulOtherlibsLIBXSMMBench_baseline-default.json
baseline-default,local-x86,Native,Intel Xeon w9-3495X,GCC 13.3.0,OpenBLAS,e0166008be8e466242aa76b2ff75ce3f0fbf574a,AVX-512+AMX-BF16,,A07_pair_bias_r1536,af3,pair_bias_projection,4x2359296x128,1,1536,0,gemm_add,bf16xbf16_acc_fp32,NA,raw_e2e,native,row_contiguous,default,auto,auto,auto,0.0,1.0,0.0,1.0,,,,,78361.7020060774,78011.80799579015,79021.47409913596,0.006592572722470294,30.830355162686892,78361.7020060774,1.0,1.0,TokenDynamic,68009.30450117448,66944.91949747317,1.1522203113358427,1.1705399393158604,ok,,benchmarks/ops/matmul-otherlibs/results/raw/x86/local-x86_MatmulOtherlibsOpenBLASBench_baseline-default.json
baseline-default,local-x86,Native,Intel Xeon w9-3495X,GCC 13.3.0,oneDNN,0e2a5bfeef1bfbffc3137464606540233086ce9b,AVX-512+AMX-BF16,,A07_pair_bias_r1536,af3,pair_bias_projection,4x2359296x128,1,1536,0,gemm_add,bf16xbf16_acc_fp32,NA,raw_e2e,native,row_contiguous,default,auto,auto,auto,1.0,1.0,0.0,1.0,,,,,75978.10849983944,75946.46480138182,76253.37500358002,0.0018534087968815319,31.797568427293836,78361.7020060774,1.031372109062744,1.031372109062744,TokenDynamic,68009.30450117448,66944.91949747317,1.1171722613120876,1.134934645827862,ok,,benchmarks/ops/matmul-otherlibs/results/raw/x86/local-x86_MatmulOtherlibsOneDNNBench_baseline-default.json
baseline-default,local-x86,Native,Intel Xeon w9-3495X,GCC 13.3.0,vecops,c4d4daf287d3552c42830f35a16f09783c323b88+benchmark-worktree,AVX-512+AMX-BF16,,A07_pair_bias_r1536,af3,pair_bias_projection,4x2359296x128,1,1536,0,gemm_add,bf16xbf16_acc_fp32,AllConst,raw_e2e,native,row_contiguous,default,auto,auto,auto,0.0,1.0,0.0,1.0,,,,,66944.91949747317,66893.43820180513,67234.20629859903,0.0027202746407826795,36.088162061217936,78361.7020060774,1.1705399393158604,1.1705399393158604,TokenDynamic,68009.30450117448,66944.91949747317,0.9843494208401596,1.0,ok,,benchmarks/ops/matmul-otherlibs/results/raw/x86/local-x86_MatmulOtherlibsVecopsAF3ProjectionBench_baseline-default.json
baseline-default,local-x86,Native,Intel Xeon w9-3495X,GCC 13.3.0,vecops,c4d4daf287d3552c42830f35a16f09783c323b88+benchmark-worktree,AVX-512+AMX-BF16,,A07_pair_bias_r1536,af3,pair_bias_projection,4x2359296x128,1,1536,0,gemm_add,bf16xbf16_acc_fp32,TokenDynamic,raw_e2e,native,row_contiguous,default,auto,auto,auto,0.0,1.0,0.0,1.0,,,,,68009.30450117448,67937.25179886678,68087.82219886781,0.001015670139962896,35.5233614241457,78361.7020060774,1.1522203113358427,1.1522203113358427,TokenDynamic,68009.30450117448,66944.91949747317,1.0,1.0158994142003785,ok,,benchmarks/ops/matmul-otherlibs/results/raw/x86/local-x86_MatmulOtherlibsVecopsAF3ProjectionBench_baseline-default.json
baseline-default,local-x86,Native,Intel Xeon w9-3495X,GCC 13.3.0,LIBXSMM,3668d249637792dcc988414eb3d2a374033743df,AVX-512+AMX-BF16,,A08_gsa_qk_r128,af3,gsa_qk,128x128x32,4,128,128,gemm,bf16xbf16_acc_fp32,NA,prepared_execute,native,row_contiguous,default,auto,auto,auto,0.0,0.0,1.0,128.0,,,1.0,0.0,10.301698308697311,10.105357422497388,10.31873309217581,0.009838551941310662,407.146848443321,16.060691324566342,,1.5590333596749717,TokenDynamic,10.081969084841857,8.758675634142012,1.0217942766940056,1.1761707750131167,ok,,benchmarks/ops/matmul-otherlibs/results/raw/x86/local-x86_MatmulOtherlibsLIBXSMMBench_baseline-default.json
baseline-default,local-x86,Native,Intel Xeon w9-3495X,GCC 13.3.0,OpenBLAS,e0166008be8e466242aa76b2ff75ce3f0fbf574a,AVX-512+AMX-BF16,,A08_gsa_qk_r128,af3,gsa_qk,128x128x32,4,128,128,gemm,bf16xbf16_acc_fp32,NA,raw_e2e,native,row_contiguous,default,auto,auto,auto,0.0,1.0,0.0,128.0,,,,,16.060691324566342,15.969918982939708,16.076925471330235,0.003139284133458555,261.15339092436307,16.060691324566342,1.0,1.0,TokenDynamic,10.081969084841857,8.758675634142012,1.5930113640909132,1.8336894749202144,ok,,benchmarks/ops/matmul-otherlibs/results/raw/x86/local-x86_MatmulOtherlibsOpenBLASBench_baseline-default.json
baseline-default,local-x86,Native,Intel Xeon w9-3495X,GCC 13.3.0,oneDNN,0e2a5bfeef1bfbffc3137464606540233086ce9b,AVX-512+AMX-BF16,,A08_gsa_qk_r128,af3,gsa_qk,128x128x32,4,128,128,gemm,bf16xbf16_acc_fp32,NA,raw_e2e,native,row_contiguous,default,auto,auto,auto,1.0,1.0,0.0,128.0,,,,,6.9354635333004016,6.872871567650319,6.948150611551355,0.005306374964838626,604.7618850364055,16.060691324566342,2.315734377010485,2.315734377010485,TokenDynamic,10.081969084841857,8.758675634142012,0.6879076373808569,0.7918392943181289,ok,,benchmarks/ops/matmul-otherlibs/results/raw/x86/local-x86_MatmulOtherlibsOneDNNBench_baseline-default.json
baseline-default,local-x86,Native,Intel Xeon w9-3495X,GCC 13.3.0,vecops,c4d4daf287d3552c42830f35a16f09783c323b88+benchmark-worktree,AVX-512+AMX-BF16,,A08_gsa_qk_r128,af3,gsa_qk,128x128x32,4,128,128,gemm,bf16xbf16_acc_fp32,AllConst,raw_e2e,native,row_contiguous,default,auto,auto,auto,1.0,1.0,0.0,128.0,,,,,8.758675634142012,8.73327356115176,8.78442670115034,0.002655662487961865,478.8742242777288,16.060691324566342,1.8336894749202144,1.8336894749202144,TokenDynamic,10.081969084841857,8.758675634142012,0.8687465276312537,1.0,ok,,benchmarks/ops/matmul-otherlibs/results/raw/x86/local-x86_MatmulOtherlibsVecopsAF3AttentionBench_baseline-default.json
baseline-default,local-x86,Native,Intel Xeon w9-3495X,GCC 13.3.0,vecops,c4d4daf287d3552c42830f35a16f09783c323b88+benchmark-worktree,AVX-512+AMX-BF16,,A08_gsa_qk_r128,af3,gsa_qk,128x128x32,4,128,128,gemm,bf16xbf16_acc_fp32,TokenDynamic,raw_e2e,native,row_contiguous,default,auto,auto,auto,1.0,1.0,0.0,128.0,,,,,10.081969084841857,9.903085084072432,13.620835064934596,0.29450370630941636,416.02031951338705,16.060691324566342,1.5930113640909132,1.5930113640909132,TokenDynamic,10.081969084841857,8.758675634142012,1.0,1.151083737539217,ok,,benchmarks/ops/matmul-otherlibs/results/raw/x86/local-x86_MatmulOtherlibsVecopsAF3AttentionBench_baseline-default.json
baseline-default,local-x86,Native,Intel Xeon w9-3495X,GCC 13.3.0,LIBXSMM,3668d249637792dcc988414eb3d2a374033743df,AVX-512+AMX-BF16,,A08_gsa_qk_r128,af3,gsa_qk,128x128x32,4,128,128,gemm_add,bf16xbf16_acc_fp32,NA,prepared_execute,native,row_contiguous,default,auto,auto,auto,0.0,0.0,1.0,128.0,,,1.0,0.0,10.102151809466111,8.234730217702952,10.110923438660409,0.09551583019343696,415.1891675266425,11.756868871738977,,1.1637984751647001,TokenDynamic,12.721743183890025,11.336598444379375,0.7940855009759047,0.8911096092033413,ok,,benchmarks/ops/matmul-otherlibs/results/raw/x86/local-x86_MatmulOtherlibsLIBXSMMBench_baseline-default.json
baseline-default,local-x86,Native,Intel Xeon w9-3495X,GCC 13.3.0,OpenBLAS,e0166008be8e466242aa76b2ff75ce3f0fbf574a,AVX-512+AMX-BF16,,A08_gsa_qk_r128,af3,gsa_qk,128x128x32,4,128,128,gemm_add,bf16xbf16_acc_fp32,NA,raw_e2e,native,row_contiguous,default,auto,auto,auto,0.0,1.0,0.0,128.0,,,,,11.756868871738977,10.312364884855802,11.801478278220008,0.06850609840141288,356.7534898753714,11.756868871738977,1.0,1.0,TokenDynamic,12.721743183890025,11.336598444379375,0.9241554951861549,1.0370720043954604,ok,,benchmarks/ops/matmul-otherlibs/results/raw/x86/local-x86_MatmulOtherlibsOpenBLASBench_baseline-default.json
baseline-default,local-x86,Native,Intel Xeon w9-3495X,GCC 13.3.0,oneDNN,0e2a5bfeef1bfbffc3137464606540233086ce9b,AVX-512+AMX-BF16,,A08_gsa_qk_r128,af3,gsa_qk,128x128x32,4,128,128,gemm_add,bf16xbf16_acc_fp32,NA,raw_e2e,native,row_contiguous,default,auto,auto,auto,1.0,1.0,0.0,128.0,,,,,8.084591620049112,8.078583136518889,8.093967888417568,0.0009001070748382723,518.8022100706331,11.756868871738977,1.4542316327497513,1.4542316327497513,TokenDynamic,12.721743183890025,11.336598444379375,0.6354940123525606,0.7131408649353201,ok,,benchmarks/ops/matmul-otherlibs/results/raw/x86/local-x86_MatmulOtherlibsOneDNNBench_baseline-default.json
baseline-default,local-x86,Native,Intel Xeon w9-3495X,GCC 13.3.0,vecops,c4d4daf287d3552c42830f35a16f09783c323b88+benchmark-worktree,AVX-512+AMX-BF16,,A08_gsa_qk_r128,af3,gsa_qk,128x128x32,4,128,128,gemm_add,bf16xbf16_acc_fp32,AllConst,raw_e2e,native,row_contiguous,default,auto,auto,auto,1.0,1.0,0.0,128.0,,,,,11.336598444379375,11.326806447068547,11.367717745149003,0.0017745624545462467,369.97905682012697,11.756868871738977,1.0370720043954604,1.0370720043954604,TokenDynamic,12.721743183890025,11.336598444379375,0.8911198945389256,1.0,ok,,benchmarks/ops/matmul-otherlibs/results/raw/x86/local-x86_MatmulOtherlibsVecopsAF3AttentionBench_baseline-default.json
baseline-default,local-x86,Native,Intel Xeon w9-3495X,GCC 13.3.0,vecops,c4d4daf287d3552c42830f35a16f09783c323b88+benchmark-worktree,AVX-512+AMX-BF16,,A08_gsa_qk_r128,af3,gsa_qk,128x128x32,4,128,128,gemm_add,bf16xbf16_acc_fp32,TokenDynamic,raw_e2e,native,row_contiguous,default,auto,auto,auto,1.0,1.0,0.0,128.0,,,,,12.721743183890025,12.563940183477253,12.854913083775939,0.0101498043896976,329.69569809516275,11.756868871738977,0.9241554951861549,0.9241554951861549,TokenDynamic,12.721743183890025,11.336598444379375,1.0,1.1221834526737955,ok,,benchmarks/ops/matmul-otherlibs/results/raw/x86/local-x86_MatmulOtherlibsVecopsAF3AttentionBench_baseline-default.json
baseline-default,local-x86,Native,Intel Xeon w9-3495X,GCC 13.3.0,LIBXSMM,3668d249637792dcc988414eb3d2a374033743df,AVX-512+AMX-BF16,,A09_gsa_qk_r512,af3,gsa_qk,512x512x32,4,512,128,gemm,bf16xbf16_acc_fp32,NA,prepared_execute,native,row_contiguous,default,auto,auto,auto,0.0,0.0,1.0,512.0,,,1.0,0.0,316.6146413824553,302.88263080218786,322.06618757624085,0.02730313947643062,211.9575510057847,437.69684381436537,,1.3824276789703118,TokenDynamic,383.7103961570611,311.016055425947,0.8251395963034006,1.018000954802288,ok,,benchmarks/ops/matmul-otherlibs/results/raw/x86/local-x86_MatmulOtherlibsLIBXSMMBench_baseline-default.json
baseline-default,local-x86,Native,Intel Xeon w9-3495X,GCC 13.3.0,OpenBLAS,e0166008be8e466242aa76b2ff75ce3f0fbf574a,AVX-512+AMX-BF16,,A09_gsa_qk_r512,af3,gsa_qk,512x512x32,4,512,128,gemm,bf16xbf16_acc_fp32,NA,raw_e2e,native,row_contiguous,default,auto,auto,auto,0.0,1.0,0.0,512.0,,,,,437.69684381436537,304.3561444606191,441.61012276770737,0.18937170108345533,153.3227048547373,437.69684381436537,1.0,1.0,TokenDynamic,383.7103961570611,311.016055425947,1.1406958169442103,1.4073126971368881,ok,,benchmarks/ops/matmul-otherlibs/results/raw/x86/local-x86_MatmulOtherlibsOpenBLASBench_baseline-default.json
baseline-default,local-x86,Native,Intel Xeon w9-3495X,GCC 13.3.0,oneDNN,0e2a5bfeef1bfbffc3137464606540233086ce9b,AVX-512+AMX-BF16,,A09_gsa_qk_r512,af3,gsa_qk,512x512x32,4,512,128,gemm,bf16xbf16_acc_fp32,NA,raw_e2e,native,row_contiguous,default,auto,auto,auto,1.0,1.0,0.0,512.0,,,,,327.84983371787945,326.6881358200702,328.5756229493327,0.002748612035913724,204.69390891242105,437.69684381436537,1.3350528162567599,1.3350528162567599,TokenDynamic,383.7103961570611,311.016055425947,0.8544199922685527,1.0541251102579834,ok,,benchmarks/ops/matmul-otherlibs/results/raw/x86/local-x86_MatmulOtherlibsOneDNNBench_baseline-default.json
baseline-default,local-x86,Native,Intel Xeon w9-3495X,GCC 13.3.0,vecops,c4d4daf287d3552c42830f35a16f09783c323b88+benchmark-worktree,AVX-512+AMX-BF16,,A09_gsa_qk_r512,af3,gsa_qk,512x512x32,4,512,128,gemm,bf16xbf16_acc_fp32,AllConst,raw_e2e,native,row_contiguous,default,auto,auto,auto,1.0,1.0,0.0,512.0,,,,,311.016055425947,309.9026084175961,311.74001506062024,0.0031338288110455866,215.77298930144343,437.69684381436537,1.4073126971368881,1.4073126971368881,TokenDynamic,383.7103961570611,311.016055425947,0.8105489414434351,1.0,ok,,benchmarks/ops/matmul-otherlibs/results/raw/x86/local-x86_MatmulOtherlibsVecopsAF3AttentionBench_baseline-default.json
baseline-default,local-x86,Native,Intel Xeon w9-3495X,GCC 13.3.0,vecops,c4d4daf287d3552c42830f35a16f09783c323b88+benchmark-worktree,AVX-512+AMX-BF16,,A09_gsa_qk_r512,af3,gsa_qk,512x512x32,4,512,128,gemm,bf16xbf16_acc_fp32,TokenDynamic,raw_e2e,native,row_contiguous,default,auto,auto,auto,1.0,1.0,0.0,512.0,,,,,383.7103961570611,383.2306961759244,384.36152133359093,0.001395669466910978,174.8945680703706,437.69684381436537,1.1406958169442103,1.1406958169442103,TokenDynamic,383.7103961570611,311.016055425947,1.0,1.233731794429573,ok,,benchmarks/ops/matmul-otherlibs/results/raw/x86/local-x86_MatmulOtherlibsVecopsAF3AttentionBench_baseline-default.json
baseline-default,local-x86,Native,Intel Xeon w9-3495X,GCC 13.3.0,LIBXSMM,3668d249637792dcc988414eb3d2a374033743df,AVX-512+AMX-BF16,,A09_gsa_qk_r512,af3,gsa_qk,512x512x32,4,512,128,gemm_add,bf16xbf16_acc_fp32,NA,prepared_execute,native,row_contiguous,default,auto,auto,auto,0.0,0.0,1.0,512.0,,,1.0,0.0,306.9281999909595,301.6025894500602,308.50212527234316,0.010113488780473481,218.64678449870908,329.40377723906965,,1.0732274755098168,TokenDynamic,608.890057041559,471.3354831167365,0.504078193495629,0.6511884018605535,ok,,benchmarks/ops/matmul-otherlibs/results/raw/x86/local-x86_MatmulOtherlibsLIBXSMMBench_baseline-default.json
baseline-default,local-x86,Native,Intel Xeon w9-3495X,GCC 13.3.0,OpenBLAS,e0166008be8e466242aa76b2ff75ce3f0fbf574a,AVX-512+AMX-BF16,,A09_gsa_qk_r512,af3,gsa_qk,512x512x32,4,512,128,gemm_add,bf16xbf16_acc_fp32,NA,raw_e2e,native,row_contiguous,default,auto,auto,auto,0.0,1.0,0.0,512.0,,,,,329.40377723906965,224.41261987692903,333.89592659566404,0.20070225473130102,203.72827707830064,329.40377723906965,1.0,1.0,TokenDynamic,608.890057041559,471.3354831167365,0.5409905670648628,0.6988732846100739,ok,,benchmarks/ops/matmul-otherlibs/results/raw/x86/local-x86_MatmulOtherlibsOpenBLASBench_baseline-default.json
baseline-default,local-x86,Native,Intel Xeon w9-3495X,GCC 13.3.0,oneDNN,0e2a5bfeef1bfbffc3137464606540233086ce9b,AVX-512+AMX-BF16,,A09_gsa_qk_r512,af3,gsa_qk,512x512x32,4,512,128,gemm_add,bf16xbf16_acc_fp32,NA,raw_e2e,native,row_contiguous,default,auto,auto,auto,1.0,1.0,0.0,512.0,,,,,303.2713853015798,302.96900173804414,303.3443610398078,0.000656895998189428,221.28320459005866,329.40377723906965,1.0861683403183693,1.0861683403183693,TokenDynamic,608.890057041559,471.3354831167365,0.4980724874620188,0.6434299902400262,ok,,benchmarks/ops/matmul-otherlibs/results/raw/x86/local-x86_MatmulOtherlibsOneDNNBench_baseline-default.json
baseline-default,local-x86,Native,Intel Xeon w9-3495X,GCC 13.3.0,vecops,c4d4daf287d3552c42830f35a16f09783c323b88+benchmark-worktree,AVX-512+AMX-BF16,,A09_gsa_qk_r512,af3,gsa_qk,512x512x32,4,512,128,gemm_add,bf16xbf16_acc_fp32,AllConst,raw_e2e,native,row_contiguous,default,auto,auto,auto,1.0,1.0,0.0,512.0,,,,,471.3354831167365,470.0922513596173,474.9538256677428,0.005187620561077921,142.38025016966319,329.40377723906965,0.6988732846100739,0.6988732846100739,TokenDynamic,608.890057041559,471.3354831167365,0.774089636816924,1.0,ok,,benchmarks/ops/matmul-otherlibs/results/raw/x86/local-x86_MatmulOtherlibsVecopsAF3AttentionBench_baseline-default.json
baseline-default,local-x86,Native,Intel Xeon w9-3495X,GCC 13.3.0,vecops,c4d4daf287d3552c42830f35a16f09783c323b88+benchmark-worktree,AVX-512+AMX-BF16,,A09_gsa_qk_r512,af3,gsa_qk,512x512x32,4,512,128,gemm_add,bf16xbf16_acc_fp32,TokenDynamic,raw_e2e,native,row_contiguous,default,auto,auto,auto,1.0,1.0,0.0,512.0,,,,,608.890057041559,606.5795578985687,612.1264070220366,0.004366269582326173,110.21507614373733,329.40377723906965,0.5409905670648628,0.5409905670648628,TokenDynamic,608.890057041559,471.3354831167365,1.0,1.2918400562911876,ok,,benchmarks/ops/matmul-otherlibs/results/raw/x86/local-x86_MatmulOtherlibsVecopsAF3AttentionBench_baseline-default.json
baseline-default,local-x86,Native,Intel Xeon w9-3495X,GCC 13.3.0,LIBXSMM,3668d249637792dcc988414eb3d2a374033743df,AVX-512+AMX-BF16,,A10_gsa_qk_r1536,af3,gsa_qk,1536x1536x32,4,1536,128,gemm,bf16xbf16_acc_fp32,NA,prepared_execute,native,row_contiguous,default,auto,auto,auto,0.0,0.0,1.0,1536.0,,,1.0,0.0,2482.2020714054815,2461.238306984472,2489.0128107862047,0.005110498329052668,243.32417693053182,4456.7310969503,,1.7954747312038108,TokenDynamic,2988.4866597329046,2449.634210502712,0.8305883057304086,1.0132949894164345,ok,,benchmarks/ops/matmul-otherlibs/results/raw/x86/local-x86_MatmulOtherlibsLIBXSMMBench_baseline-default.json
baseline-default,local-x86,Native,Intel Xeon w9-3495X,GCC 13.3.0,OpenBLAS,e0166008be8e466242aa76b2ff75ce3f0fbf574a,AVX-512+AMX-BF16,,A10_gsa_qk_r1536,af3,gsa_qk,1536x1536x32,4,1536,128,gemm,bf16xbf16_acc_fp32,NA,raw_e2e,native,row_contiguous,default,auto,auto,auto,0.0,1.0,0.0,1536.0,,,,,4456.7310969503,4451.119664478146,4462.5002771593445,0.0011122756025615248,135.52080277252935,4456.7310969503,1.0,1.0,TokenDynamic,2988.4866597329046,2449.634210502712,1.4913003149723343,1.8193455487526413,ok,,benchmarks/ops/matmul-otherlibs/results/raw/x86/local-x86_MatmulOtherlibsOpenBLASBench_baseline-default.json
baseline-default,local-x86,Native,Intel Xeon w9-3495X,GCC 13.3.0,oneDNN,0e2a5bfeef1bfbffc3137464606540233086ce9b,AVX-512+AMX-BF16,,A10_gsa_qk_r1536,af3,gsa_qk,1536x1536x32,4,1536,128,gemm,bf16xbf16_acc_fp32,NA,raw_e2e,native,row_contiguous,default,auto,auto,auto,1.0,1.0,0.0,1536.0,,,,,2781.5649198601027,2780.423703894485,2784.771976061166,0.0008084275804669376,217.13668147295186,4456.7310969503,1.6022387488171401,1.6022387488171401,TokenDynamic,2988.4866597329046,2449.634210502712,0.9307603601980624,1.1355021529068505,ok,,benchmarks/ops/matmul-otherlibs/results/raw/x86/local-x86_MatmulOtherlibsOneDNNBench_baseline-default.json
baseline-default,local-x86,Native,Intel Xeon w9-3495X,GCC 13.3.0,vecops,c4d4daf287d3552c42830f35a16f09783c323b88+benchmark-worktree,AVX-512+AMX-BF16,,A10_gsa_qk_r1536,af3,gsa_qk,1536x1536x32,4,1536,128,gemm,bf16xbf16_acc_fp32,AllConst,raw_e2e,native,row_contiguous,default,auto,auto,auto,1.0,1.0,0.0,1536.0,,,,,2449.634210502712,2447.5911193580387,2454.302950788763,0.0012276634410967613,246.5591692875859,4456.7310969503,1.8193455487526413,1.8193455487526413,TokenDynamic,2988.4866597329046,2449.634210502712,0.8196905288249295,1.0,ok,,benchmarks/ops/matmul-otherlibs/results/raw/x86/local-x86_MatmulOtherlibsVecopsAF3AttentionBench_baseline-default.json
baseline-default,local-x86,Native,Intel Xeon w9-3495X,GCC 13.3.0,vecops,c4d4daf287d3552c42830f35a16f09783c323b88+benchmark-worktree,AVX-512+AMX-BF16,,A10_gsa_qk_r1536,af3,gsa_qk,1536x1536x32,4,1536,128,gemm,bf16xbf16_acc_fp32,TokenDynamic,raw_e2e,native,row_contiguous,default,auto,auto,auto,1.0,1.0,0.0,1536.0,,,,,2988.4866597329046,2986.7730000021647,2992.4802552720407,0.0008772376005589957,202.1022158599766,4456.7310969503,1.4913003149723343,1.4913003149723343,TokenDynamic,2988.4866597329046,2449.634210502712,1.0,1.2199726175115793,ok,,benchmarks/ops/matmul-otherlibs/results/raw/x86/local-x86_MatmulOtherlibsVecopsAF3AttentionBench_baseline-default.json
baseline-default,local-x86,Native,Intel Xeon w9-3495X,GCC 13.3.0,LIBXSMM,3668d249637792dcc988414eb3d2a374033743df,AVX-512+AMX-BF16,,A10_gsa_qk_r1536,af3,gsa_qk,1536x1536x32,4,1536,128,gemm_add,bf16xbf16_acc_fp32,NA,prepared_execute,native,row_contiguous,default,auto,auto,auto,0.0,0.0,1.0,1536.0,,,1.0,0.0,2706.617903850901,2694.579938654967,2708.1495385993126,0.0025197766015830855,223.14925765497756,3340.0724288575084,,1.234039139438687,TokenDynamic,4012.100457163927,3422.788731901475,0.6746136924408305,0.7907639401241346,ok,,benchmarks/ops/matmul-otherlibs/results/raw/x86/local-x86_MatmulOtherlibsLIBXSMMBench_baseline-default.json
baseline-default,local-x86,Native,Intel Xeon w9-3495X,GCC 13.3.0,OpenBLAS,e0166008be8e466242aa76b2ff75ce3f0fbf574a,AVX-512+AMX-BF16,,A10_gsa_qk_r1536,af3,gsa_qk,1536x1536x32,4,1536,128,gemm_add,bf16xbf16_acc_fp32,NA,raw_e2e,native,row_contiguous,default,auto,auto,auto,0.0,1.0,0.0,1536.0,,,,,3340.0724288575084,3336.653166583606,3345.506090443537,0.0011880882491275293,180.82834694892975,3340.0724288575084,1.0,1.0,TokenDynamic,4012.100457163927,3422.788731901475,0.8324997004732375,0.9758336521699326,ok,,benchmarks/ops/matmul-otherlibs/results/raw/x86/local-x86_MatmulOtherlibsOpenBLASBench_baseline-default.json
baseline-default,local-x86,Native,Intel Xeon w9-3495X,GCC 13.3.0,oneDNN,0e2a5bfeef1bfbffc3137464606540233086ce9b,AVX-512+AMX-BF16,,A10_gsa_qk_r1536,af3,gsa_qk,1536x1536x32,4,1536,128,gemm_add,bf16xbf16_acc_fp32,NA,raw_e2e,native,row_contiguous,default,auto,auto,auto,1.0,1.0,0.0,1536.0,,,,,2468.8354560088264,2466.181761293116,2476.3908631397053,0.002089758037276013,244.6415675576885,3340.0724288575084,1.3528939001293925,1.3528939001293925,TokenDynamic,4012.100457163927,3422.788731901475,0.6153473678856975,0.7212935560405754,ok,,benchmarks/ops/matmul-otherlibs/results/raw/x86/local-x86_MatmulOtherlibsOneDNNBench_baseline-default.json
baseline-default,local-x86,Native,Intel Xeon w9-3495X,GCC 13.3.0,vecops,c4d4daf287d3552c42830f35a16f09783c323b88+benchmark-worktree,AVX-512+AMX-BF16,,A10_gsa_qk_r1536,af3,gsa_qk,1536x1536x32,4,1536,128,gemm_add,bf16xbf16_acc_fp32,AllConst,raw_e2e,native,row_contiguous,default,auto,auto,auto,1.0,1.0,0.0,1536.0,,,,,3422.788731901475,3412.567234240337,3431.197765663766,0.002625448260220196,176.4583862190258,3340.0724288575084,0.9758336521699326,0.9758336521699326,TokenDynamic,4012.100457163927,3422.788731901475,0.8531164083366386,1.0,ok,,benchmarks/ops/matmul-otherlibs/results/raw/x86/local-x86_MatmulOtherlibsVecopsAF3AttentionBench_baseline-default.json
baseline-default,local-x86,Native,Intel Xeon w9-3495X,GCC 13.3.0,vecops,c4d4daf287d3552c42830f35a16f09783c323b88+benchmark-worktree,AVX-512+AMX-BF16,,A10_gsa_qk_r1536,af3,gsa_qk,1536x1536x32,4,1536,128,gemm_add,bf16xbf16_acc_fp32,TokenDynamic,raw_e2e,native,row_contiguous,default,auto,auto,auto,1.0,1.0,0.0,1536.0,,,,,4012.100457163927,4006.6756802012346,4018.0510631762445,0.001279987591155975,150.5395446720547,3340.0724288575084,0.8324997004732375,0.8324997004732375,TokenDynamic,4012.100457163927,3422.788731901475,1.0,1.1721729768974287,ok,,benchmarks/ops/matmul-otherlibs/results/raw/x86/local-x86_MatmulOtherlibsVecopsAF3AttentionBench_baseline-default.json
baseline-default,local-x86,Native,Intel Xeon w9-3495X,GCC 13.3.0,LIBXSMM,3668d249637792dcc988414eb3d2a374033743df,AVX-512+AMX-BF16,,A11_gsa_qk_r2048,af3,gsa_qk,2048x2048x32,4,2048,32,gemm,bf16xbf16_acc_fp32,NA,prepared_execute,native,row_contiguous,default,auto,auto,auto,0.0,0.0,1.0,2048.0,,,1.0,0.0,5392.176000056608,5372.691738683408,5421.872838521197,0.004553848626745759,199.12959517432805,8398.130749810662,,1.5574659932692287,TokenDynamic,5323.4583845971,5571.711040101945,1.0129084535831698,0.9677773957132472,ok,,benchmarks/ops/matmul-otherlibs/results/raw/x86/local-x86_MatmulOtherlibsLIBXSMMBench_baseline-default.json
baseline-default,local-x86,Native,Intel Xeon w9-3495X,GCC 13.3.0,OpenBLAS,e0166008be8e466242aa76b2ff75ce3f0fbf574a,AVX-512+AMX-BF16,,A11_gsa_qk_r2048,af3,gsa_qk,2048x2048x32,4,2048,32,gemm,bf16xbf16_acc_fp32,NA,raw_e2e,native,row_contiguous,default,auto,auto,auto,0.0,1.0,0.0,2048.0,,,,,8398.130749810662,8377.302174994837,8656.20967542782,0.016383275243426528,127.85485913329079,8398.130749810662,1.0,1.0,TokenDynamic,5323.4583845971,5571.711040101945,1.57757047075071,1.50728038287804,ok,,benchmarks/ops/matmul-otherlibs/results/raw/x86/local-x86_MatmulOtherlibsOpenBLASBench_baseline-default.json
baseline-default,local-x86,Native,Intel Xeon w9-3495X,GCC 13.3.0,oneDNN,0e2a5bfeef1bfbffc3137464606540233086ce9b,AVX-512+AMX-BF16,,A11_gsa_qk_r2048,af3,gsa_qk,2048x2048x32,4,2048,32,gemm,bf16xbf16_acc_fp32,NA,raw_e2e,native,row_contiguous,default,auto,auto,auto,1.0,1.0,0.0,2048.0,,,,,4066.065411761348,4061.063682157135,4073.1809532564293,0.0013296729136783722,264.07391796849475,8398.130749810662,2.065419490182953,2.065419490182953,TokenDynamic,5323.4583845971,5571.711040101945,0.7638014835480081,0.7297696134089092,ok,,benchmarks/ops/matmul-otherlibs/results/raw/x86/local-x86_MatmulOtherlibsOneDNNBench_baseline-default.json
baseline-default,local-x86,Native,Intel Xeon w9-3495X,GCC 13.3.0,vecops,c4d4daf287d3552c42830f35a16f09783c323b88+benchmark-worktree,AVX-512+AMX-BF16,,A11_gsa_qk_r2048,af3,gsa_qk,2048x2048x32,4,2048,32,gemm,bf16xbf16_acc_fp32,AllConst,raw_e2e,native,row_contiguous,default,auto,auto,auto,1.0,1.0,0.0,2048.0,,,,,5571.711040101945,5554.275872069411,5577.661079820246,0.001933916721560501,192.7131210272444,8398.130749810662,1.50728038287804,1.50728038287804,TokenDynamic,5323.4583845971,5571.711040101945,1.0466337177018497,1.0,ok,,benchmarks/ops/matmul-otherlibs/results/raw/x86/local-x86_MatmulOtherlibsVecopsAF3AttentionBench_baseline-default.json
baseline-default,local-x86,Native,Intel Xeon w9-3495X,GCC 13.3.0,vecops,c4d4daf287d3552c42830f35a16f09783c323b88+benchmark-worktree,AVX-512+AMX-BF16,,A11_gsa_qk_r2048,af3,gsa_qk,2048x2048x32,4,2048,32,gemm,bf16xbf16_acc_fp32,TokenDynamic,raw_e2e,native,row_contiguous,default,auto,auto,auto,1.0,1.0,0.0,2048.0,,,,,5323.4583845971,5317.124946024985,5393.001384688361,0.01123175694647927,201.7000503106713,8398.130749810662,1.57757047075071,1.57757047075071,TokenDynamic,5323.4583845971,5571.711040101945,1.0,0.9554440900258346,ok,,benchmarks/ops/matmul-otherlibs/results/raw/x86/local-x86_MatmulOtherlibsVecopsAF3AttentionBench_baseline-default.json
baseline-default,local-x86,Native,Intel Xeon w9-3495X,GCC 13.3.0,LIBXSMM,3668d249637792dcc988414eb3d2a374033743df,AVX-512+AMX-BF16,,A11_gsa_qk_r2048,af3,gsa_qk,2048x2048x32,4,2048,32,gemm_add,bf16xbf16_acc_fp32,NA,prepared_execute,native,row_contiguous,default,auto,auto,auto,0.0,0.0,1.0,2048.0,,,1.0,0.0,5459.823600249366,5433.56529599987,5473.634400055745,0.0036001462373296926,196.66236541982036,6353.950999751264,,1.1637648878364972,TokenDynamic,7078.2130998850325,6870.356650324538,0.7713562057545352,0.794692892688687,ok,,benchmarks/ops/matmul-otherlibs/results/raw/x86/local-x86_MatmulOtherlibsLIBXSMMBench_baseline-default.json
baseline-default,local-x86,Native,Intel Xeon w9-3495X,GCC 13.3.0,OpenBLAS,e0166008be8e466242aa76b2ff75ce3f0fbf574a,AVX-512+AMX-BF16,,A11_gsa_qk_r2048,af3,gsa_qk,2048x2048x32,4,2048,32,gemm_add,bf16xbf16_acc_fp32,NA,raw_e2e,native,row_contiguous,default,auto,auto,auto,0.0,1.0,0.0,2048.0,,,,,6353.950999751264,6323.115400234449,6362.369263396513,0.002903635714043776,168.98805547005844,6353.950999751264,1.0,1.0,TokenDynamic,7078.2130998850325,6870.356650324538,0.8976772682719129,0.9248356851243115,ok,,benchmarks/ops/matmul-otherlibs/results/raw/x86/local-x86_MatmulOtherlibsOpenBLASBench_baseline-default.json
baseline-default,local-x86,Native,Intel Xeon w9-3495X,GCC 13.3.0,oneDNN,0e2a5bfeef1bfbffc3137464606540233086ce9b,AVX-512+AMX-BF16,,A11_gsa_qk_r2048,af3,gsa_qk,2048x2048x32,4,2048,32,gemm_add,bf16xbf16_acc_fp32,NA,raw_e2e,native,row_contiguous,default,auto,auto,auto,1.0,1.0,0.0,2048.0,,,,,5450.38003998343,5441.707503981889,5468.111672205851,0.002583051992638446,197.00311099834138,6353.950999751264,1.165781276376937,1.165781276376937,TokenDynamic,7078.2130998850325,6870.356650324538,0.7700220328308507,0.7933183555654229,ok,,benchmarks/ops/matmul-otherlibs/results/raw/x86/local-x86_MatmulOtherlibsOneDNNBench_baseline-default.json
baseline-default,local-x86,Native,Intel Xeon w9-3495X,GCC 13.3.0,vecops,c4d4daf287d3552c42830f35a16f09783c323b88+benchmark-worktree,AVX-512+AMX-BF16,,A11_gsa_qk_r2048,af3,gsa_qk,2048x2048x32,4,2048,32,gemm_add,bf16xbf16_acc_fp32,AllConst,raw_e2e,native,row_contiguous,default,auto,auto,auto,1.0,1.0,0.0,2048.0,,,,,6870.356650324538,6848.865639913129,6908.284789969912,0.004816329692531091,156.28618405847666,6353.950999751264,0.9248356851243115,0.9248356851243115,TokenDynamic,7078.2130998850325,6870.356650324538,0.9706343328990942,1.0,ok,,benchmarks/ops/matmul-otherlibs/results/raw/x86/local-x86_MatmulOtherlibsVecopsAF3AttentionBench_baseline-default.json
baseline-default,local-x86,Native,Intel Xeon w9-3495X,GCC 13.3.0,vecops,c4d4daf287d3552c42830f35a16f09783c323b88+benchmark-worktree,AVX-512+AMX-BF16,,A11_gsa_qk_r2048,af3,gsa_qk,2048x2048x32,4,2048,32,gemm_add,bf16xbf16_acc_fp32,TokenDynamic,raw_e2e,native,row_contiguous,default,auto,auto,auto,1.0,1.0,0.0,2048.0,,,,,7078.2130998850325,7050.2759104419965,7112.330630188808,0.004019962542258517,151.69673600494454,6353.950999751264,0.8976772682719129,0.8976772682719129,TokenDynamic,7078.2130998850325,6870.356650324538,1.0,1.0302540988975697,ok,,benchmarks/ops/matmul-otherlibs/results/raw/x86/local-x86_MatmulOtherlibsVecopsAF3AttentionBench_baseline-default.json
baseline-default,local-x86,Native,Intel Xeon w9-3495X,GCC 13.3.0,LIBXSMM,3668d249637792dcc988414eb3d2a374033743df,AVX-512+AMX-BF16,,A12_gsa_pv_r128,af3,gsa_pv,32x128x128,4,128,128,gemm,bf16xbf16_acc_fp32,NA,prepared_execute,native,row_contiguous,default,auto,auto,auto,0.0,0.0,1.0,128.0,,,1.0,0.0,5.288067472035469,3.647826680301097,5.2988738013860965,0.16600474979717508,793.1638584757958,11.349741880973243,,2.1462929399054222,TokenDynamic,4.275444532591332,4.250041088902487,1.2368462347540712,1.2442391406152353,ok,,benchmarks/ops/matmul-otherlibs/results/raw/x86/local-x86_MatmulOtherlibsLIBXSMMBench_baseline-default.json
baseline-default,local-x86,Native,Intel Xeon w9-3495X,GCC 13.3.0,OpenBLAS,e0166008be8e466242aa76b2ff75ce3f0fbf574a,AVX-512+AMX-BF16,,A12_gsa_pv_r128,af3,gsa_pv,32x128x128,4,128,128,gemm,bf16xbf16_acc_fp32,NA,raw_e2e,native,row_contiguous,default,auto,auto,auto,0.0,1.0,0.0,128.0,,,,,11.349741880973243,10.759850146390992,11.499708250184481,0.03245385941607415,369.5506068760339,11.349741880973243,1.0,1.0,TokenDynamic,4.275444532591332,4.250041088902487,2.654634341401268,2.67050168305647,ok,,benchmarks/ops/matmul-otherlibs/results/raw/x86/local-x86_MatmulOtherlibsOpenBLASBench_baseline-default.json
baseline-default,local-x86,Native,Intel Xeon w9-3495X,GCC 13.3.0,oneDNN,0e2a5bfeef1bfbffc3137464606540233086ce9b,AVX-512+AMX-BF16,,A12_gsa_pv_r128,af3,gsa_pv,32x128x128,4,128,128,gemm,bf16xbf16_acc_fp32,NA,raw_e2e,native,row_contiguous,default,auto,auto,auto,1.0,1.0,0.0,128.0,,,,,4.677102368447005,4.558907392380855,4.691560759706695,0.01428755948245036,896.7740428979932,11.349741880973243,2.4266609936831114,2.4266609936831114,TokenDynamic,4.275444532591332,4.250041088902487,1.0939452804951324,1.100484035474302,ok,,benchmarks/ops/matmul-otherlibs/results/raw/x86/local-x86_MatmulOtherlibsOneDNNBench_baseline-default.json
baseline-default,local-x86,Native,Intel Xeon w9-3495X,GCC 13.3.0,vecops,c4d4daf287d3552c42830f35a16f09783c323b88+benchmark-worktree,AVX-512+AMX-BF16,,A12_gsa_pv_r128,af3,gsa_pv,32x128x128,4,128,128,gemm,bf16xbf16_acc_fp32,AllConst,raw_e2e,native,row_contiguous,default,auto,auto,auto,1.0,1.0,0.0,128.0,,,,,4.250041088902487,4.2428159193854516,4.263723140795832,0.002416311832325341,986.8855176369882,11.349741880973243,2.67050168305647,2.67050168305647,TokenDynamic,4.275444532591332,4.250041088902487,0.994058291834873,1.0,ok,,benchmarks/ops/matmul-otherlibs/results/raw/x86/local-x86_MatmulOtherlibsVecopsAF3AttentionBench_baseline-default.json
baseline-default,local-x86,Native,Intel Xeon w9-3495X,GCC 13.3.0,vecops,c4d4daf287d3552c42830f35a16f09783c323b88+benchmark-worktree,AVX-512+AMX-BF16,,A12_gsa_pv_r128,af3,gsa_pv,32x128x128,4,128,128,gemm,bf16xbf16_acc_fp32,TokenDynamic,raw_e2e,native,row_contiguous,default,auto,auto,auto,1.0,1.0,0.0,128.0,,,,,4.275444532591332,4.264824697179773,4.284669827870945,0.0022425612706324133,981.0217318987991,11.349741880973243,2.654634341401268,2.654634341401268,TokenDynamic,4.275444532591332,4.250041088902487,1.0,1.0059772230803081,ok,,benchmarks/ops/matmul-otherlibs/results/raw/x86/local-x86_MatmulOtherlibsVecopsAF3AttentionBench_baseline-default.json
baseline-default,local-x86,Native,Intel Xeon w9-3495X,GCC 13.3.0,LIBXSMM,3668d249637792dcc988414eb3d2a374033743df,AVX-512+AMX-BF16,,A12_gsa_pv_r128,af3,gsa_pv,32x128x128,4,128,128,gemm_add,bf16xbf16_acc_fp32,NA,prepared_execute,native,row_contiguous,default,auto,auto,auto,0.0,0.0,1.0,128.0,,,1.0,0.0,5.768859088227178,3.705274088535318,9.31432330265814,0.3797956227725,727.0595339309886,9.75620984497468,,1.6911853272486241,TokenDynamic,4.8818401767108925,4.5632316644022195,1.1816976548613496,1.2642047374517629,ok,,benchmarks/ops/matmul-otherlibs/results/raw/x86/local-x86_MatmulOtherlibsLIBXSMMBench_baseline-default.json
baseline-default,local-x86,Native,Intel Xeon w9-3495X,GCC 13.3.0,OpenBLAS,e0166008be8e466242aa76b2ff75ce3f0fbf574a,AVX-512+AMX-BF16,,A12_gsa_pv_r128,af3,gsa_pv,32x128x128,4,128,128,gemm_add,bf16xbf16_acc_fp32,NA,raw_e2e,native,row_contiguous,default,auto,auto,auto,0.0,1.0,0.0,128.0,,,,,9.75620984497468,8.857001250453633,10.075484557121953,0.06144601288980057,429.91121210461057,9.75620984497468,1.0,1.0,TokenDynamic,4.8818401767108925,4.5632316644022195,1.9984697351456233,2.1380045026166203,ok,,benchmarks/ops/matmul-otherlibs/results/raw/x86/local-x86_MatmulOtherlibsOpenBLASBench_baseline-default.json
baseline-default,local-x86,Native,Intel Xeon w9-3495X,GCC 13.3.0,oneDNN,0e2a5bfeef1bfbffc3137464606540233086ce9b,AVX-512+AMX-BF16,,A12_gsa_pv_r128,af3,gsa_pv,32x128x128,4,128,128,gemm_add,bf16xbf16_acc_fp32,NA,raw_e2e,native,row_contiguous,default,auto,auto,auto,1.0,1.0,0.0,128.0,,,,,5.753862337099571,5.735785259197145,5.771973188172741,0.0030281308703990614,728.954527284412,9.75620984497468,1.6955931986882793,1.6955931986882793,TokenDynamic,4.8818401767108925,4.5632316644022195,1.1786257085081793,1.2609183053285382,ok,,benchmarks/ops/matmul-otherlibs/results/raw/x86/local-x86_MatmulOtherlibsOneDNNBench_baseline-default.json
baseline-default,local-x86,Native,Intel Xeon w9-3495X,GCC 13.3.0,vecops,c4d4daf287d3552c42830f35a16f09783c323b88+benchmark-worktree,AVX-512+AMX-BF16,,A12_gsa_pv_r128,af3,gsa_pv,32x128x128,4,128,128,gemm_add,bf16xbf16_acc_fp32,AllConst,raw_e2e,native,row_contiguous,default,auto,auto,auto,1.0,1.0,0.0,128.0,,,,,4.5632316644022195,4.557573767607761,4.569882027445032,0.0012848667792000985,919.1521072050265,9.75620984497468,2.1380045026166203,2.1380045026166203,TokenDynamic,4.8818401767108925,4.5632316644022195,0.9347359805368857,1.0,ok,,benchmarks/ops/matmul-otherlibs/results/raw/x86/local-x86_MatmulOtherlibsVecopsAF3AttentionBench_baseline-default.json
baseline-default,local-x86,Native,Intel Xeon w9-3495X,GCC 13.3.0,vecops,c4d4daf287d3552c42830f35a16f09783c323b88+benchmark-worktree,AVX-512+AMX-BF16,,A12_gsa_pv_r128,af3,gsa_pv,32x128x128,4,128,128,gemm_add,bf16xbf16_acc_fp32,TokenDynamic,raw_e2e,native,row_contiguous,default,auto,auto,auto,1.0,1.0,0.0,128.0,,,,,4.8818401767108925,4.877495915212675,4.909613305790932,0.003761660826173966,859.164546190835,9.75620984497468,1.9984697351456233,1.9984697351456233,TokenDynamic,4.8818401767108925,4.5632316644022195,1.0,1.0698208058981837,ok,,benchmarks/ops/matmul-otherlibs/results/raw/x86/local-x86_MatmulOtherlibsVecopsAF3AttentionBench_baseline-default.json
baseline-default,local-x86,Native,Intel Xeon w9-3495X,GCC 13.3.0,LIBXSMM,3668d249637792dcc988414eb3d2a374033743df,AVX-512+AMX-BF16,,A13_gsa_pv_r512,af3,gsa_pv,32x512x512,4,512,128,gemm,bf16xbf16_acc_fp32,NA,prepared_execute,native,row_contiguous,default,auto,auto,auto,0.0,0.0,1.0,512.0,,,1.0,0.0,125.00367740229925,101.44024915126394,125.25200035822118,0.09772075282585012,536.8551181420335,120.03048485180058,,0.9602156300210798,TokenDynamic,80.29992647572286,77.29329298275604,1.5567097367155338,1.617264222785634,ok,,benchmarks/ops/matmul-otherlibs/results/raw/x86/local-x86_MatmulOtherlibsLIBXSMMBench_baseline-default.json
baseline-default,local-x86,Native,Intel Xeon w9-3495X,GCC 13.3.0,OpenBLAS,e0166008be8e466242aa76b2ff75ce3f0fbf574a,AVX-512+AMX-BF16,,A13_gsa_pv_r512,af3,gsa_pv,32x512x512,4,512,128,gemm,bf16xbf16_acc_fp32,NA,raw_e2e,native,row_contiguous,default,auto,auto,auto,0.0,1.0,0.0,512.0,,,,,120.03048485180058,114.47904045652767,120.5563542962625,0.026187358195991106,559.0984997091203,120.03048485180058,1.0,1.0,TokenDynamic,80.29992647572286,77.29329298275604,1.4947770206002555,1.5529223845926594,ok,,benchmarks/ops/matmul-otherlibs/results/raw/x86/local-x86_MatmulOtherlibsOpenBLASBench_baseline-default.json
baseline-default,local-x86,Native,Intel Xeon w9-3495X,GCC 13.3.0,oneDNN,0e2a5bfeef1bfbffc3137464606540233086ce9b,AVX-512+AMX-BF16,,A13_gsa_pv_r512,af3,gsa_pv,32x512x512,4,512,128,gemm,bf16xbf16_acc_fp32,NA,raw_e2e,native,row_contiguous,default,auto,auto,auto,1.0,1.0,0.0,512.0,,,,,97.3329306450148,97.15530027386093,97.65112107757209,0.0024873467651047544,689.4774826492619,120.03048485180058,1.2331950148461732,1.2331950148461732,TokenDynamic,80.29992647572286,77.29329298275604,1.21211730716144,1.2592674847833116,ok,,benchmarks/ops/matmul-otherlibs/results/raw/x86/local-x86_MatmulOtherlibsOneDNNBench_baseline-default.json
baseline-default,local-x86,Native,Intel Xeon w9-3495X,GCC 13.3.0,vecops,c4d4daf287d3552c42830f35a16f09783c323b88+benchmark-worktree,AVX-512+AMX-BF16,,A13_gsa_pv_r512,af3,gsa_pv,32x512x512,4,512,128,gemm,bf16xbf16_acc_fp32,AllConst,raw_e2e,native,row_contiguous,default,auto,auto,auto,1.0,1.0,0.0,512.0,,,,,77.29329298275604,77.25646942964615,77.40534184676389,0.0010484659315190042,868.2365753904654,120.03048485180058,1.5529223845926594,1.5529223845926594,TokenDynamic,80.29992647572286,77.29329298275604,0.9625574564644737,1.0,ok,,benchmarks/ops/matmul-otherlibs/results/raw/x86/local-x86_MatmulOtherlibsVecopsAF3AttentionBench_baseline-default.json
baseline-default,local-x86,Native,Intel Xeon w9-3495X,GCC 13.3.0,vecops,c4d4daf287d3552c42830f35a16f09783c323b88+benchmark-worktree,AVX-512+AMX-BF16,,A13_gsa_pv_r512,af3,gsa_pv,32x512x512,4,512,128,gemm,bf16xbf16_acc_fp32,TokenDynamic,raw_e2e,native,row_contiguous,default,auto,auto,auto,1.0,1.0,0.0,512.0,,,,,80.29992647572286,80.14810798238504,80.59095451120172,0.002549493445677915,835.7275896172717,120.03048485180058,1.4947770206002555,1.4947770206002555,TokenDynamic,80.29992647572286,77.29329298275604,1.0,1.0388990218548146,ok,,benchmarks/ops/matmul-otherlibs/results/raw/x86/local-x86_MatmulOtherlibsVecopsAF3AttentionBench_baseline-default.json
baseline-default,local-x86,Native,Intel Xeon w9-3495X,GCC 13.3.0,LIBXSMM,3668d249637792dcc988414eb3d2a374033743df,AVX-512+AMX-BF16,,A13_gsa_pv_r512,af3,gsa_pv,32x512x512,4,512,128,gemm_add,bf16xbf16_acc_fp32,NA,prepared_execute,native,row_contiguous,default,auto,auto,auto,0.0,0.0,1.0,512.0,,,1.0,0.0,124.04400978761052,100.09340408922661,124.33531547973622,0.09983915875682592,541.0085026669528,116.09402229328369,,0.9359099443178361,TokenDynamic,92.0572389950346,91.18818855612516,1.347466110669485,1.3603078617058286,ok,,benchmarks/ops/matmul-otherlibs/results/raw/x86/local-x86_MatmulOtherlibsLIBXSMMBench_baseline-default.json
baseline-default,local-x86,Native,Intel Xeon w9-3495X,GCC 13.3.0,OpenBLAS,e0166008be8e466242aa76b2ff75ce3f0fbf574a,AVX-512+AMX-BF16,,A13_gsa_pv_r512,af3,gsa_pv,32x512x512,4,512,128,gemm_add,bf16xbf16_acc_fp32,NA,raw_e2e,native,row_contiguous,default,auto,auto,auto,0.0,1.0,0.0,512.0,,,,,116.09402229328369,111.58744888165134,116.96545637272384,0.023095450948768238,578.056153748085,116.09402229328369,1.0,1.0,TokenDynamic,92.0572389950346,91.18818855612516,1.261106932606849,1.273125655104217,ok,,benchmarks/ops/matmul-otherlibs/results/raw/x86/local-x86_MatmulOtherlibsOpenBLASBench_baseline-default.json
baseline-default,local-x86,Native,Intel Xeon w9-3495X,GCC 13.3.0,oneDNN,0e2a5bfeef1bfbffc3137464606540233086ce9b,AVX-512+AMX-BF16,,A13_gsa_pv_r512,af3,gsa_pv,32x512x512,4,512,128,gemm_add,bf16xbf16_acc_fp32,NA,raw_e2e,native,row_contiguous,default,auto,auto,auto,1.0,1.0,0.0,512.0,,,,,100.60759179868727,100.43507486885538,100.71459481812131,0.001360179493150778,667.0357852743638,116.09402229328369,1.1539290446946022,1.1539290446946022,TokenDynamic,92.0572389950346,91.18818855612516,1.092880830415888,1.1032963083455112,ok,,benchmarks/ops/matmul-otherlibs/results/raw/x86/local-x86_MatmulOtherlibsOneDNNBench_baseline-default.json
baseline-default,local-x86,Native,Intel Xeon w9-3495X,GCC 13.3.0,vecops,c4d4daf287d3552c42830f35a16f09783c323b88+benchmark-worktree,AVX-512+AMX-BF16,,A13_gsa_pv_r512,af3,gsa_pv,32x512x512,4,512,128,gemm_add,bf16xbf16_acc_fp32,AllConst,raw_e2e,native,row_contiguous,default,auto,auto,auto,1.0,1.0,0.0,512.0,,,,,91.18818855612516,91.10598322773117,93.57389648504294,0.014177461590501327,735.9381194275546,116.09402229328369,1.273125655104217,1.273125655104217,TokenDynamic,92.0572389950346,91.18818855612516,0.99055967299914,1.0,ok,,benchmarks/ops/matmul-otherlibs/results/raw/x86/local-x86_MatmulOtherlibsVecopsAF3AttentionBench_baseline-default.json
baseline-default,local-x86,Native,Intel Xeon w9-3495X,GCC 13.3.0,vecops,c4d4daf287d3552c42830f35a16f09783c323b88+benchmark-worktree,AVX-512+AMX-BF16,,A13_gsa_pv_r512,af3,gsa_pv,32x512x512,4,512,128,gemm_add,bf16xbf16_acc_fp32,TokenDynamic,raw_e2e,native,row_contiguous,default,auto,auto,auto,1.0,1.0,0.0,512.0,,,,,92.0572389950346,91.9883842356821,92.35762573849868,0.0019192004627846047,728.9906229277606,116.09402229328369,1.261106932606849,1.261106932606849,TokenDynamic,92.0572389950346,91.18818855612516,1.0,1.0095302961125776,ok,,benchmarks/ops/matmul-otherlibs/results/raw/x86/local-x86_MatmulOtherlibsVecopsAF3AttentionBench_baseline-default.json
baseline-default,local-x86,Native,Intel Xeon w9-3495X,GCC 13.3.0,LIBXSMM,3668d249637792dcc988414eb3d2a374033743df,AVX-512+AMX-BF16,,A14_gsa_pv_r1536,af3,gsa_pv,32x1536x1536,4,1536,128,gemm,bf16xbf16_acc_fp32,NA,prepared_execute,native,row_contiguous,default,auto,auto,auto,0.0,0.0,1.0,1536.0,,,1.0,0.0,1099.9456221259777,948.7174646140583,1100.674225177843,0.06993277417147155,549.099668065978,1184.8404425765068,,1.0771809248955817,TokenDynamic,741.3227905894761,742.1570476181508,1.4837606992378263,1.4820928072516446,ok,,benchmarks/ops/matmul-otherlibs/results/raw/x86/local-x86_MatmulOtherlibsLIBXSMMBench_baseline-default.json
baseline-default,local-x86,Native,Intel Xeon w9-3495X,GCC 13.3.0,OpenBLAS,e0166008be8e466242aa76b2ff75ce3f0fbf574a,AVX-512+AMX-BF16,,A14_gsa_pv_r1536,af3,gsa_pv,32x1536x1536,4,1536,128,gemm,bf16xbf16_acc_fp32,NA,raw_e2e,native,row_contiguous,default,auto,auto,auto,0.0,1.0,0.0,1536.0,,,,,1184.8404425765068,1148.8389868630843,1188.503339343712,0.017236580040678334,509.75621214161936,1184.8404425765068,1.0,1.0,TokenDynamic,741.3227905894761,742.1570476181508,1.598278722328717,1.5964821008964158,ok,,benchmarks/ops/matmul-otherlibs/results/raw/x86/local-x86_MatmulOtherlibsOpenBLASBench_baseline-default.json
baseline-default,local-x86,Native,Intel Xeon w9-3495X,GCC 13.3.0,oneDNN,0e2a5bfeef1bfbffc3137464606540233086ce9b,AVX-512+AMX-BF16,,A14_gsa_pv_r1536,af3,gsa_pv,32x1536x1536,4,1536,128,gemm,bf16xbf16_acc_fp32,NA,raw_e2e,native,row_contiguous,default,auto,auto,auto,1.0,1.0,0.0,1536.0,,,,,855.7723902013984,855.3723987438943,857.4117024581052,0.0011870995600973256,705.7715146171738,1184.8404425765068,1.3845275404335786,1.3845275404335786,TokenDynamic,741.3227905894761,742.1570476181508,1.1543856482827348,1.1530880060330628,ok,,benchmarks/ops/matmul-otherlibs/results/raw/x86/local-x86_MatmulOtherlibsOneDNNBench_baseline-default.json
baseline-default,local-x86,Native,Intel Xeon w9-3495X,GCC 13.3.0,vecops,c4d4daf287d3552c42830f35a16f09783c323b88+benchmark-worktree,AVX-512+AMX-BF16,,A14_gsa_pv_r1536,af3,gsa_pv,32x1536x1536,4,1536,128,gemm,bf16xbf16_acc_fp32,AllConst,raw_e2e,native,row_contiguous,default,auto,auto,auto,1.0,1.0,0.0,1536.0,,,,,742.1570476181508,741.2369597996412,742.4836074095712,0.0009912993898831188,813.8166685048516,1184.8404425765068,1.5964821008964158,1.5964821008964158,TokenDynamic,741.3227905894761,742.1570476181508,1.0011253627154932,1.0,ok,,benchmarks/ops/matmul-otherlibs/results/raw/x86/local-x86_MatmulOtherlibsVecopsAF3AttentionBench_baseline-default.json
baseline-default,local-x86,Native,Intel Xeon w9-3495X,GCC 13.3.0,vecops,c4d4daf287d3552c42830f35a16f09783c323b88+benchmark-worktree,AVX-512+AMX-BF16,,A14_gsa_pv_r1536,af3,gsa_pv,32x1536x1536,4,1536,128,gemm,bf16xbf16_acc_fp32,TokenDynamic,raw_e2e,native,row_contiguous,default,auto,auto,auto,1.0,1.0,0.0,1536.0,,,,,741.3227905894761,734.4722262180181,747.9012450105778,0.00824901925487645,814.7325074408337,1184.8404425765068,1.598278722328717,1.598278722328717,TokenDynamic,741.3227905894761,742.1570476181508,1.0,0.9988759023021445,ok,,benchmarks/ops/matmul-otherlibs/results/raw/x86/local-x86_MatmulOtherlibsVecopsAF3AttentionBench_baseline-default.json
baseline-default,local-x86,Native,Intel Xeon w9-3495X,GCC 13.3.0,LIBXSMM,3668d249637792dcc988414eb3d2a374033743df,AVX-512+AMX-BF16,,A14_gsa_pv_r1536,af3,gsa_pv,32x1536x1536,4,1536,128,gemm_add,bf16xbf16_acc_fp32,NA,prepared_execute,native,row_contiguous,default,auto,auto,auto,0.0,0.0,1.0,1536.0,,,1.0,0.0,1088.0976355843998,938.1732620279008,1090.533874410948,0.07030977752191207,555.0786586128479,1169.5139032634604,,1.0748244137442071,TokenDynamic,747.947427827023,734.1760261738866,1.454778230530987,1.4820664211210408,ok,,benchmarks/ops/matmul-otherlibs/results/raw/x86/local-x86_MatmulOtherlibsLIBXSMMBench_baseline-default.json
baseline-default,local-x86,Native,Intel Xeon w9-3495X,GCC 13.3.0,OpenBLAS,e0166008be8e466242aa76b2ff75ce3f0fbf574a,AVX-512+AMX-BF16,,A14_gsa_pv_r1536,af3,gsa_pv,32x1536x1536,4,1536,128,gemm_add,bf16xbf16_acc_fp32,NA,raw_e2e,native,row_contiguous,default,auto,auto,auto,0.0,1.0,0.0,1536.0,,,,,1169.5139032634604,1135.6886903212721,1181.244127421392,0.018236009219815948,516.436593284295,1169.5139032634604,1.0,1.0,TokenDynamic,747.947427827023,734.1760261738866,1.5636311587583032,1.5929611722113979,ok,,benchmarks/ops/matmul-otherlibs/results/raw/x86/local-x86_MatmulOtherlibsOpenBLASBench_baseline-default.json
baseline-default,local-x86,Native,Intel Xeon w9-3495X,GCC 13.3.0,oneDNN,0e2a5bfeef1bfbffc3137464606540233086ce9b,AVX-512+AMX-BF16,,A14_gsa_pv_r1536,af3,gsa_pv,32x1536x1536,4,1536,128,gemm_add,bf16xbf16_acc_fp32,NA,raw_e2e,native,row_contiguous,default,auto,auto,auto,1.0,1.0,0.0,1536.0,,,,,876.1691562540364,874.5857825124403,877.5771124601307,0.0020307083153935906,689.3415177752299,1169.5139032634604,1.3348037817989244,1.3348037817989244,TokenDynamic,747.947427827023,734.1760261738866,1.1714314718609702,1.1934047490220272,ok,,benchmarks/ops/matmul-otherlibs/results/raw/x86/local-x86_MatmulOtherlibsOneDNNBench_baseline-default.json
baseline-default,local-x86,Native,Intel Xeon w9-3495X,GCC 13.3.0,vecops,c4d4daf287d3552c42830f35a16f09783c323b88+benchmark-worktree,AVX-512+AMX-BF16,,A14_gsa_pv_r1536,af3,gsa_pv,32x1536x1536,4,1536,128,gemm_add,bf16xbf16_acc_fp32,AllConst,raw_e2e,native,row_contiguous,default,auto,auto,auto,1.0,1.0,0.0,1536.0,,,,,734.1760261738866,732.6593905984771,735.4467612610769,0.0017655151689912729,822.6634410110115,1169.5139032634604,1.5929611722113979,1.5929611722113979,TokenDynamic,747.947427827023,734.1760261738866,0.981587741142254,1.0,ok,,benchmarks/ops/matmul-otherlibs/results/raw/x86/local-x86_MatmulOtherlibsVecopsAF3AttentionBench_baseline-default.json
baseline-default,local-x86,Native,Intel Xeon w9-3495X,GCC 13.3.0,vecops,c4d4daf287d3552c42830f35a16f09783c323b88+benchmark-worktree,AVX-512+AMX-BF16,,A14_gsa_pv_r1536,af3,gsa_pv,32x1536x1536,4,1536,128,gemm_add,bf16xbf16_acc_fp32,TokenDynamic,raw_e2e,native,row_contiguous,default,auto,auto,auto,1.0,1.0,0.0,1536.0,,,,,747.947427827023,747.170341141985,748.5410256621324,0.0008454107621240478,807.5163487823127,1169.5139032634604,1.5636311587583032,1.5636311587583032,TokenDynamic,747.947427827023,734.1760261738866,1.0,1.0187576291817988,ok,,benchmarks/ops/matmul-otherlibs/results/raw/x86/local-x86_MatmulOtherlibsVecopsAF3AttentionBench_baseline-default.json
baseline-default,local-x86,Native,Intel Xeon w9-3495X,GCC 13.3.0,LIBXSMM,3668d249637792dcc988414eb3d2a374033743df,AVX-512+AMX-BF16,,A15_gsa_pv_r2048,af3,gsa_pv,32x2048x2048,4,2048,32,gemm,bf16xbf16_acc_fp32,NA,prepared_execute,native,row_contiguous,default,auto,auto,auto,0.0,0.0,1.0,2048.0,,,1.0,0.0,1823.469727336393,1817.0558234794646,1829.8725402148973,0.003302399165333594,588.8454345597789,1999.3080294465042,,1.0964306121862328,TokenDynamic,1291.7680093475306,1343.9691056891418,1.4116077454630758,1.3567794971011475,ok,,benchmarks/ops/matmul-otherlibs/results/raw/x86/local-x86_MatmulOtherlibsLIBXSMMBench_baseline-default.json
baseline-default,local-x86,Native,Intel Xeon w9-3495X,GCC 13.3.0,OpenBLAS,e0166008be8e466242aa76b2ff75ce3f0fbf574a,AVX-512+AMX-BF16,,A15_gsa_pv_r2048,af3,gsa_pv,32x2048x2048,4,2048,32,gemm,bf16xbf16_acc_fp32,NA,raw_e2e,native,row_contiguous,default,auto,auto,auto,0.0,1.0,0.0,2048.0,,,,,1999.3080294465042,1996.3136264670861,2034.8195381623502,0.009236693946548082,537.0567257198776,1999.3080294465042,1.0,1.0,TokenDynamic,1291.7680093475306,1343.9691056891418,1.547729944524908,1.4876145746083402,ok,,benchmarks/ops/matmul-otherlibs/results/raw/x86/local-x86_MatmulOtherlibsOpenBLASBench_baseline-default.json
baseline-default,local-x86,Native,Intel Xeon w9-3495X,GCC 13.3.0,oneDNN,0e2a5bfeef1bfbffc3137464606540233086ce9b,AVX-512+AMX-BF16,,A15_gsa_pv_r2048,af3,gsa_pv,32x2048x2048,4,2048,32,gemm,bf16xbf16_acc_fp32,NA,raw_e2e,native,row_contiguous,default,auto,auto,auto,1.0,1.0,0.0,2048.0,,,,,1560.1733888615854,1556.303384455128,1563.4997444835285,0.002297485923316895,688.2195476898111,1999.3080294465042,1.2814652805386861,1.2814652805386861,TokenDynamic,1291.7680093475306,1343.9691056891418,1.2077814108816844,1.1608699800145936,ok,,benchmarks/ops/matmul-otherlibs/results/raw/x86/local-x86_MatmulOtherlibsOneDNNBench_baseline-default.json
baseline-default,local-x86,Native,Intel Xeon w9-3495X,GCC 13.3.0,vecops,c4d4daf287d3552c42830f35a16f09783c323b88+benchmark-worktree,AVX-512+AMX-BF16,,A15_gsa_pv_r2048,af3,gsa_pv,32x2048x2048,4,2048,32,gemm,bf16xbf16_acc_fp32,AllConst,raw_e2e,native,row_contiguous,default,auto,auto,auto,1.0,1.0,0.0,2048.0,,,,,1343.9691056891418,1343.574163463647,1347.7225673201388,0.0020682089367116043,798.9334125723237,1999.3080294465042,1.4876145746083402,1.4876145746083402,TokenDynamic,1291.7680093475306,1343.9691056891418,1.0404105814386733,1.0,ok,,benchmarks/ops/matmul-otherlibs/results/raw/x86/local-x86_MatmulOtherlibsVecopsAF3AttentionBench_baseline-default.json
baseline-default,local-x86,Native,Intel Xeon w9-3495X,GCC 13.3.0,vecops,c4d4daf287d3552c42830f35a16f09783c323b88+benchmark-worktree,AVX-512+AMX-BF16,,A15_gsa_pv_r2048,af3,gsa_pv,32x2048x2048,4,2048,32,gemm,bf16xbf16_acc_fp32,TokenDynamic,raw_e2e,native,row_contiguous,default,auto,auto,auto,1.0,1.0,0.0,2048.0,,,,,1291.7680093475306,1288.6167925898917,1292.2560759222874,0.0014770485397205383,831.2187763051547,1999.3080294465042,1.547729944524908,1.547729944524908,TokenDynamic,1291.7680093475306,1343.9691056891418,1.0,0.9611590057236886,ok,,benchmarks/ops/matmul-otherlibs/results/raw/x86/local-x86_MatmulOtherlibsVecopsAF3AttentionBench_baseline-default.json
baseline-default,local-x86,Native,Intel Xeon w9-3495X,GCC 13.3.0,LIBXSMM,3668d249637792dcc988414eb3d2a374033743df,AVX-512+AMX-BF16,,A15_gsa_pv_r2048,af3,gsa_pv,32x2048x2048,4,2048,32,gemm_add,bf16xbf16_acc_fp32,NA,prepared_execute,native,row_contiguous,default,auto,auto,auto,0.0,0.0,1.0,2048.0,,,1.0,0.0,1786.3138206079243,1782.6339154196787,1800.8112590625665,0.005164846481873872,601.0936105474348,1981.5665070036373,,1.1093048064361188,TokenDynamic,1365.3459244315459,1304.9598785974606,1.308323252476581,1.3688649359302996,ok,,benchmarks/ops/matmul-otherlibs/results/raw/x86/local-x86_MatmulOtherlibsLIBXSMMBench_baseline-default.json
baseline-default,local-x86,Native,Intel Xeon w9-3495X,GCC 13.3.0,OpenBLAS,e0166008be8e466242aa76b2ff75ce3f0fbf574a,AVX-512+AMX-BF16,,A15_gsa_pv_r2048,af3,gsa_pv,32x2048x2048,4,2048,32,gemm_add,bf16xbf16_acc_fp32,NA,raw_e2e,native,row_contiguous,default,auto,auto,auto,0.0,1.0,0.0,2048.0,,,,,1981.5665070036373,1940.7114985523563,1985.3363577260072,0.010573189838423947,541.8651456839692,1981.5665070036373,1.0,1.0,TokenDynamic,1365.3459244315459,1304.9598785974606,1.4513292723444071,1.518488452789351,ok,,benchmarks/ops/matmul-otherlibs/results/raw/x86/local-x86_MatmulOtherlibsOpenBLASBench_baseline-default.json
baseline-default,local-x86,Native,Intel Xeon w9-3495X,GCC 13.3.0,oneDNN,0e2a5bfeef1bfbffc3137464606540233086ce9b,AVX-512+AMX-BF16,,A15_gsa_pv_r2048,af3,gsa_pv,32x2048x2048,4,2048,32,gemm_add,bf16xbf16_acc_fp32,NA,raw_e2e,native,row_contiguous,default,auto,auto,auto,1.0,1.0,0.0,2048.0,,,,,1583.5647191329115,1582.2668606611599,1584.5198943567452,0.0006830727565267604,678.0536412732993,1981.5665070036373,1.251332820857902,1.251332820857902,TokenDynamic,1365.3459244315459,1304.9598785974606,1.1598267448538506,1.2134968630873837,ok,,benchmarks/ops/matmul-otherlibs/results/raw/x86/local-x86_MatmulOtherlibsOneDNNBench_baseline-default.json
baseline-default,local-x86,Native,Intel Xeon w9-3495X,GCC 13.3.0,vecops,c4d4daf287d3552c42830f35a16f09783c323b88+benchmark-worktree,AVX-512+AMX-BF16,,A15_gsa_pv_r2048,af3,gsa_pv,32x2048x2048,4,2048,32,gemm_add,bf16xbf16_acc_fp32,AllConst,raw_e2e,native,row_contiguous,default,auto,auto,auto,1.0,1.0,0.0,2048.0,,,,,1304.9598785974606,1303.2521494657722,1307.18779632121,0.0015983413502121853,822.8159666901267,1981.5665070036373,1.518488452789351,1.518488452789351,TokenDynamic,1365.3459244315459,1304.9598785974606,0.9557723469535923,1.0,ok,,benchmarks/ops/matmul-otherlibs/results/raw/x86/local-x86_MatmulOtherlibsVecopsAF3AttentionBench_baseline-default.json
baseline-default,local-x86,Native,Intel Xeon w9-3495X,GCC 13.3.0,vecops,c4d4daf287d3552c42830f35a16f09783c323b88+benchmark-worktree,AVX-512+AMX-BF16,,A15_gsa_pv_r2048,af3,gsa_pv,32x2048x2048,4,2048,32,gemm_add,bf16xbf16_acc_fp32,TokenDynamic,raw_e2e,native,row_contiguous,default,auto,auto,auto,1.0,1.0,0.0,2048.0,,,,,1365.3459244315459,1364.0736735739993,1366.884260436186,0.0009462445776955205,786.4247475943113,1981.5665070036373,1.4513292723444071,1.4513292723444071,TokenDynamic,1365.3459244315459,1304.9598785974606,1.0,1.0462742547295683,ok,,benchmarks/ops/matmul-otherlibs/results/raw/x86/local-x86_MatmulOtherlibsVecopsAF3AttentionBench_baseline-default.json
baseline-default,local-x86,Native,Intel Xeon w9-3495X,GCC 13.3.0,LIBXSMM,3668d249637792dcc988414eb3d2a374033743df,AVX-512+AMX-BF16,,A16_tri_mul_r128,af3,triangle_multiplication,128x128x128,128,128,0,gemm,bf16xbf16_acc_fp32,NA,prepared_execute,native,row_contiguous,default,auto,auto,auto,0.0,0.0,1.0,2.0,,,1.0,0.0,1913.2903835270554,1811.8242629921729,1915.6237123677606,0.026584861148275785,280.6008521353174,1026.6185281708063,,0.5365722511385262,TokenDynamic,1218.6371652996572,1007.7093551365618,1.5700246455692053,1.898652993320452,ok,,benchmarks/ops/matmul-otherlibs/results/raw/x86/local-x86_MatmulOtherlibsLIBXSMMBench_baseline-default.json
baseline-default,local-x86,Native,Intel Xeon w9-3495X,GCC 13.3.0,OpenBLAS,e0166008be8e466242aa76b2ff75ce3f0fbf574a,AVX-512+AMX-BF16,,A16_tri_mul_r128,af3,triangle_multiplication,128x128x128,128,128,0,gemm,bf16xbf16_acc_fp32,NA,raw_e2e,native,row_contiguous,default,auto,auto,auto,0.0,1.0,0.0,2.0,,,,,1026.6185281708063,980.3486140862987,1035.1533225563708,0.026887738063228164,522.9507331769846,1026.6185281708063,1.0,1.0,TokenDynamic,1218.6371652996572,1007.7093551365618,0.8424316584160352,1.018764510756856,ok,,benchmarks/ops/matmul-otherlibs/results/raw/x86/local-x86_MatmulOtherlibsOpenBLASBench_baseline-default.json
baseline-default,local-x86,Native,Intel Xeon w9-3495X,GCC 13.3.0,oneDNN,0e2a5bfeef1bfbffc3137464606540233086ce9b,AVX-512+AMX-BF16,,A16_tri_mul_r128,af3,triangle_multiplication,128x128x128,128,128,0,gemm,bf16xbf16_acc_fp32,NA,raw_e2e,native,row_contiguous,default,auto,auto,auto,1.0,1.0,0.0,2.0,,,,,718.8942410254803,718.0889404844492,719.7057486971459,0.0009681309725656131,746.8009637052738,1026.6185281708063,1.4280522357591388,1.4280522357591388,TokenDynamic,1218.6371652996572,1007.7093551365618,0.5899165571966677,0.713394430012072,ok,,benchmarks/ops/matmul-otherlibs/results/raw/x86/local-x86_MatmulOtherlibsOneDNNBench_baseline-default.json
baseline-default,local-x86,Native,Intel Xeon w9-3495X,GCC 13.3.0,vecops,c4d4daf287d3552c42830f35a16f09783c323b88+benchmark-worktree,AVX-512+AMX-BF16,,A16_tri_mul_r128,af3,triangle_multiplication,128x128x128,128,128,0,gemm,bf16xbf16_acc_fp32,AllConst,raw_e2e,native,row_contiguous,default,auto,auto,auto,1.0,1.0,0.0,2.0,,,,,1007.7093551365618,1006.1065188906008,1008.8018695714181,0.0013243072051521785,532.7636478349899,1026.6185281708063,1.018764510756856,1.018764510756856,TokenDynamic,1218.6371652996572,1007.7093551365618,0.826915002948208,1.0,ok,,benchmarks/ops/matmul-otherlibs/results/raw/x86/local-x86_MatmulOtherlibsVecopsAF3TriangleBench_baseline-default.json
baseline-default,local-x86,Native,Intel Xeon w9-3495X,GCC 13.3.0,vecops,c4d4daf287d3552c42830f35a16f09783c323b88+benchmark-worktree,AVX-512+AMX-BF16,,A16_tri_mul_r128,af3,triangle_multiplication,128x128x128,128,128,0,gemm,bf16xbf16_acc_fp32,TokenDynamic,raw_e2e,native,row_contiguous,default,auto,auto,auto,1.0,1.0,0.0,2.0,,,,,1218.6371652996572,1013.2513565274523,1237.2122921363411,0.09093620134791906,440.5502534201687,1026.6185281708063,0.8424316584160352,0.8424316584160352,TokenDynamic,1218.6371652996572,1007.7093551365618,1.0,1.209314133175345,ok,,benchmarks/ops/matmul-otherlibs/results/raw/x86/local-x86_MatmulOtherlibsVecopsAF3TriangleBench_baseline-default.json
baseline-default,local-x86,Native,Intel Xeon w9-3495X,GCC 13.3.0,LIBXSMM,3668d249637792dcc988414eb3d2a374033743df,AVX-512+AMX-BF16,,A16_tri_mul_r128,af3,triangle_multiplication,128x128x128,128,128,0,gemm_add,bf16xbf16_acc_fp32,NA,prepared_execute,native,row_contiguous,default,auto,auto,auto,0.0,0.0,1.0,2.0,,,1.0,0.0,1364.57801957423,1053.4493529692056,1367.1323940940842,0.11937287573386149,393.4336507688378,975.6433790636376,,0.7149780848500358,TokenDynamic,1319.2942735842287,1311.4092523388772,1.0343242193168742,1.0405432302239193,ok,,benchmarks/ops/matmul-otherlibs/results/raw/x86/local-x86_MatmulOtherlibsLIBXSMMBench_baseline-default.json
baseline-default,local-x86,Native,Intel Xeon w9-3495X,GCC 13.3.0,OpenBLAS,e0166008be8e466242aa76b2ff75ce3f0fbf574a,AVX-512+AMX-BF16,,A16_tri_mul_r128,af3,triangle_multiplication,128x128x128,128,128,0,gemm_add,bf16xbf16_acc_fp32,NA,raw_e2e,native,row_contiguous,default,auto,auto,auto,0.0,1.0,0.0,2.0,,,,,975.6433790636376,910.9893058551462,985.6475686260309,0.03895587049477187,550.2737204194997,975.6433790636376,1.0,1.0,TokenDynamic,1319.2942735842287,1311.4092523388772,0.7395191494411871,0.7439656059491676,ok,,benchmarks/ops/matmul-otherlibs/results/raw/x86/local-x86_MatmulOtherlibsOpenBLASBench_baseline-default.json
baseline-default,local-x86,Native,Intel Xeon w9-3495X,GCC 13.3.0,oneDNN,0e2a5bfeef1bfbffc3137464606540233086ce9b,AVX-512+AMX-BF16,,A16_tri_mul_r128,af3,triangle_multiplication,128x128x128,128,128,0,gemm_add,bf16xbf16_acc_fp32,NA,raw_e2e,native,row_contiguous,default,auto,auto,auto,1.0,1.0,0.0,2.0,,,,,793.1931751831514,792.6609401168871,795.0369785454303,0.00152625385072,676.8476189624733,975.6433790636376,1.2300198861876965,1.2300198861876965,TokenDynamic,1319.2942735842287,1311.4092523388772,0.6012253604559521,0.6048403073018619,ok,,benchmarks/ops/matmul-otherlibs/results/raw/x86/local-x86_MatmulOtherlibsOneDNNBench_baseline-default.json
baseline-default,local-x86,Native,Intel Xeon w9-3495X,GCC 13.3.0,vecops,c4d4daf287d3552c42830f35a16f09783c323b88+benchmark-worktree,AVX-512+AMX-BF16,,A16_tri_mul_r128,af3,triangle_multiplication,128x128x128,128,128,0,gemm_add,bf16xbf16_acc_fp32,AllConst,raw_e2e,native,row_contiguous,default,auto,auto,auto,1.0,1.0,0.0,2.0,,,,,1311.4092523388772,1309.84016262195,1507.1283906772208,0.07013463915574401,409.3847218497959,975.6433790636376,0.7439656059491676,0.7439656059491676,TokenDynamic,1319.2942735842287,1311.4092523388772,0.9940233036683093,1.0,ok,,benchmarks/ops/matmul-otherlibs/results/raw/x86/local-x86_MatmulOtherlibsVecopsAF3TriangleBench_baseline-default.json
baseline-default,local-x86,Native,Intel Xeon w9-3495X,GCC 13.3.0,vecops,c4d4daf287d3552c42830f35a16f09783c323b88+benchmark-worktree,AVX-512+AMX-BF16,,A16_tri_mul_r128,af3,triangle_multiplication,128x128x128,128,128,0,gemm_add,bf16xbf16_acc_fp32,TokenDynamic,raw_e2e,native,row_contiguous,default,auto,auto,auto,1.0,1.0,0.0,2.0,,,,,1319.2942735842287,1318.2396093879845,1322.369724495626,0.0016492499151986384,406.9379536844659,975.6433790636376,0.7395191494411871,0.7395191494411871,TokenDynamic,1319.2942735842287,1311.4092523388772,1.0,1.0060126320073528,ok,,benchmarks/ops/matmul-otherlibs/results/raw/x86/local-x86_MatmulOtherlibsVecopsAF3TriangleBench_baseline-default.json
baseline-default,local-x86,Native,Intel Xeon w9-3495X,GCC 13.3.0,LIBXSMM,3668d249637792dcc988414eb3d2a374033743df,AVX-512+AMX-BF16,,A17_tri_mul_r512,af3,triangle_multiplication,512x512x512,128,512,0,gemm,bf16xbf16_acc_fp32,NA,prepared_execute,native,row_contiguous,default,auto,auto,auto,0.0,0.0,1.0,2.0,,,1.0,0.0,77890.73550520698,75149.80279956944,78792.74649894796,0.021478099491740454,441.1274093785269,41114.44499964516,,0.5278476924498507,TokenDynamic,56389.608995232265,57354.27450417774,1.3812958964087272,1.3580633035386638,ok,,benchmarks/ops/matmul-otherlibs/results/raw/x86/local-x86_MatmulOtherlibsLIBXSMMBench_baseline-default.json
baseline-default,local-x86,Native,Intel Xeon w9-3495X,GCC 13.3.0,OpenBLAS,e0166008be8e466242aa76b2ff75ce3f0fbf574a,AVX-512+AMX-BF16,,A17_tri_mul_r512,af3,triangle_multiplication,512x512x512,128,512,0,gemm,bf16xbf16_acc_fp32,NA,raw_e2e,native,row_contiguous,default,auto,auto,auto,0.0,1.0,0.0,2.0,,,,,41114.44499964516,40818.672934741095,41474.15200131945,0.007948059868768407,835.7096482342531,41114.44499964516,1.0,1.0,TokenDynamic,56389.608995232265,57354.27450417774,0.7291138515097947,0.7168505809737048,ok,,benchmarks/ops/matmul-otherlibs/results/raw/x86/local-x86_MatmulOtherlibsOpenBLASBench_baseline-default.json
baseline-default,local-x86,Native,Intel Xeon w9-3495X,GCC 13.3.0,oneDNN,0e2a5bfeef1bfbffc3137464606540233086ce9b,AVX-512+AMX-BF16,,A17_tri_mul_r512,af3,triangle_multiplication,512x512x512,128,512,0,gemm,bf16xbf16_acc_fp32,NA,raw_e2e,native,row_contiguous,default,auto,auto,auto,1.0,1.0,0.0,2.0,,,,,42370.10333357224,42210.57399893955,42710.156865844816,0.005519707540041935,810.9429919840395,41114.44499964516,0.97036452037793,0.97036452037793,TokenDynamic,56389.608995232265,57354.27450417774,0.7513813996680598,0.7387436019347775,ok,,benchmarks/ops/matmul-otherlibs/results/raw/x86/local-x86_MatmulOtherlibsOneDNNBench_baseline-default.json
baseline-default,local-x86,Native,Intel Xeon w9-3495X,GCC 13.3.0,vecops,c4d4daf287d3552c42830f35a16f09783c323b88+benchmark-worktree,AVX-512+AMX-BF16,,A17_tri_mul_r512,af3,triangle_multiplication,512x512x512,128,512,0,gemm,bf16xbf16_acc_fp32,AllConst,raw_e2e,native,row_contiguous,default,auto,auto,auto,1.0,1.0,0.0,2.0,,,,,57354.27450417774,56990.10690150317,76343.29479769805,0.27740493509033154,599.0789468620549,41114.44499964516,0.7168505809737048,0.7168505809737048,TokenDynamic,56389.608995232265,57354.27450417774,1.0171071501670996,1.0,ok,,benchmarks/ops/matmul-otherlibs/results/raw/x86/local-x86_MatmulOtherlibsVecopsAF3TriangleBench_baseline-default.json
baseline-default,local-x86,Native,Intel Xeon w9-3495X,GCC 13.3.0,vecops,c4d4daf287d3552c42830f35a16f09783c323b88+benchmark-worktree,AVX-512+AMX-BF16,,A17_tri_mul_r512,af3,triangle_multiplication,512x512x512,128,512,0,gemm,bf16xbf16_acc_fp32,TokenDynamic,raw_e2e,native,row_contiguous,default,auto,auto,auto,1.0,1.0,0.0,2.0,,,,,56389.608995232265,56292.244799260516,56712.210101250086,0.003973087463307788,609.3274803679718,41114.44499964516,0.7291138515097947,0.7291138515097947,TokenDynamic,56389.608995232265,57354.27450417774,1.0,0.9831805821399553,ok,,benchmarks/ops/matmul-otherlibs/results/raw/x86/local-x86_MatmulOtherlibsVecopsAF3TriangleBench_baseline-default.json
baseline-default,local-x86,Native,Intel Xeon w9-3495X,GCC 13.3.0,LIBXSMM,3668d249637792dcc988414eb3d2a374033743df,AVX-512+AMX-BF16,,A17_tri_mul_r512,af3,triangle_multiplication,512x512x512,128,512,0,gemm_add,bf16xbf16_acc_fp32,NA,prepared_execute,native,row_contiguous,default,auto,auto,auto,0.0,0.0,1.0,2.0,,,1.0,0.0,80310.99200161407,79510.97429904623,80988.22880128864,0.008162746388183139,427.8335693737845,38297.64850161155,,0.476866834129528,TokenDynamic,67332.37249864032,69103.71700359974,1.1927545253694398,1.1621804945373708,ok,,benchmarks/ops/matmul-otherlibs/results/raw/x86/local-x86_MatmulOtherlibsLIBXSMMBench_baseline-default.json
baseline-default,local-x86,Native,Intel Xeon w9-3495X,GCC 13.3.0,OpenBLAS,e0166008be8e466242aa76b2ff75ce3f0fbf574a,AVX-512+AMX-BF16,,A17_tri_mul_r512,af3,triangle_multiplication,512x512x512,128,512,0,gemm_add,bf16xbf16_acc_fp32,NA,raw_e2e,native,row_contiguous,default,auto,auto,auto,0.0,1.0,0.0,2.0,,,,,38297.64850161155,37494.088948733406,43968.023251363775,0.13122148684473317,897.1761899834179,38297.64850161155,1.0,1.0,TokenDynamic,67332.37249864032,69103.71700359974,0.5687850744065927,0.5542053331171253,ok,,benchmarks/ops/matmul-otherlibs/results/raw/x86/local-x86_MatmulOtherlibsOpenBLASBench_baseline-default.json
baseline-default,local-x86,Native,Intel Xeon w9-3495X,GCC 13.3.0,oneDNN,0e2a5bfeef1bfbffc3137464606540233086ce9b,AVX-512+AMX-BF16,,A17_tri_mul_r512,af3,triangle_multiplication,512x512x512,128,512,0,gemm_add,bf16xbf16_acc_fp32,NA,raw_e2e,native,row_contiguous,default,auto,auto,auto,1.0,1.0,0.0,2.0,,,,,50503.375333695054,50427.6826667289,50555.34986604471,0.0011428952368585997,680.3453856494167,38297.64850161155,0.7583185925408823,0.7583185925408823,TokenDynamic,67332.37249864032,69103.71700359974,0.7500608319529346,0.7308344257525864,ok,,benchmarks/ops/matmul-otherlibs/results/raw/x86/local-x86_MatmulOtherlibsOneDNNBench_baseline-default.json
baseline-default,local-x86,Native,Intel Xeon w9-3495X,GCC 13.3.0,vecops,c4d4daf287d3552c42830f35a16f09783c323b88+benchmark-worktree,AVX-512+AMX-BF16,,A17_tri_mul_r512,af3,triangle_multiplication,512x512x512,128,512,0,gemm_add,bf16xbf16_acc_fp32,AllConst,raw_e2e,native,row_contiguous,default,auto,auto,auto,1.0,1.0,0.0,2.0,,,,,69103.71700359974,68135.60830196367,69663.9800982666,0.010101045451213635,497.2198292345134,38297.64850161155,0.5542053331171253,0.5542053331171253,TokenDynamic,67332.37249864032,69103.71700359974,1.0263074720112555,1.0,ok,,benchmarks/ops/matmul-otherlibs/results/raw/x86/local-x86_MatmulOtherlibsVecopsAF3TriangleBench_baseline-default.json
baseline-default,local-x86,Native,Intel Xeon w9-3495X,GCC 13.3.0,vecops,c4d4daf287d3552c42830f35a16f09783c323b88+benchmark-worktree,AVX-512+AMX-BF16,,A17_tri_mul_r512,af3,triangle_multiplication,512x512x512,128,512,0,gemm_add,bf16xbf16_acc_fp32,TokenDynamic,raw_e2e,native,row_contiguous,default,auto,auto,auto,1.0,1.0,0.0,2.0,,,,,67332.37249864032,67116.76130071284,67673.38790086797,0.004331492142082306,510.30042597554154,38297.64850161155,0.5687850744065927,0.5687850744065927,TokenDynamic,67332.37249864032,69103.71700359974,1.0,0.9743668708172797,ok,,benchmarks/ops/matmul-otherlibs/results/raw/x86/local-x86_MatmulOtherlibsVecopsAF3TriangleBench_baseline-default.json
baseline-default,local-x86,Native,Intel Xeon w9-3495X,GCC 13.3.0,LIBXSMM,3668d249637792dcc988414eb3d2a374033743df,AVX-512+AMX-BF16,,A18_tri_mul_r1536_ch1,af3,triangle_multiplication,1536x1536x1536,1,1536,0,gemm,bf16xbf16_acc_fp32,NA,prepared_execute,native,row_contiguous,default,auto,auto,auto,0.0,0.0,1.0,256.0,,,1.0,0.0,25552.203800179992,23687.45872052386,25684.83739974908,0.03769616213390928,283.6450964730074,4552.217806415302,,0.17815362784415628,TokenDynamic,10985.843082986928,7643.349444454847,2.325921061056393,3.343063664152866,ok,,benchmarks/ops/matmul-otherlibs/results/raw/x86/local-x86_MatmulOtherlibsLIBXSMMBench_baseline-default.json
baseline-default,local-x86,Native,Intel Xeon w9-3495X,GCC 13.3.0,OpenBLAS,e0166008be8e466242aa76b2ff75ce3f0fbf574a,AVX-512+AMX-BF16,,A18_tri_mul_r1536_ch1,af3,triangle_multiplication,1536x1536x1536,1,1536,0,gemm,bf16xbf16_acc_fp32,NA,raw_e2e,native,row_contiguous,default,auto,auto,auto,0.0,1.0,0.0,256.0,,,,,4552.217806415302,4516.306160967947,4831.807612959717,0.032961915698923934,1592.137639325156,4552.217806415302,1.0,1.0,TokenDynamic,10985.843082986928,7643.349444454847,0.4143712751063257,0.5955789198828111,ok,,benchmarks/ops/matmul-otherlibs/results/raw/x86/local-x86_MatmulOtherlibsOpenBLASBench_baseline-default.json
baseline-default,local-x86,Native,Intel Xeon w9-3495X,GCC 13.3.0,oneDNN,0e2a5bfeef1bfbffc3137464606540233086ce9b,AVX-512+AMX-BF16,,A18_tri_mul_r1536_ch1,af3,triangle_multiplication,1536x1536x1536,1,1536,0,gemm,bf16xbf16_acc_fp32,NA,raw_e2e,native,row_contiguous,default,auto,auto,auto,1.0,1.0,0.0,256.0,,,,,7597.872611465087,7591.450500088589,7617.599188557103,0.0018529104423018964,953.919298549864,4552.217806415302,0.5991437392022165,0.5991437392022165,TokenDynamic,10985.843082986928,7643.349444454847,0.6916057833769195,0.9940501434194203,ok,,benchmarks/ops/matmul-otherlibs/results/raw/x86/local-x86_MatmulOtherlibsOneDNNBench_baseline-default.json
baseline-default,local-x86,Native,Intel Xeon w9-3495X,GCC 13.3.0,vecops,c4d4daf287d3552c42830f35a16f09783c323b88+benchmark-worktree,AVX-512+AMX-BF16,,A18_tri_mul_r1536_ch1,af3,triangle_multiplication,1536x1536x1536,1,1536,0,gemm,bf16xbf16_acc_fp32,AllConst,raw_e2e,native,row_contiguous,default,auto,auto,auto,0.0,1.0,0.0,256.0,,,,,7643.349444454847,7638.328666992797,7655.180877999454,0.0010845775917923464,948.2436155340453,4552.217806415302,0.5955789198828111,0.5955789198828111,TokenDynamic,10985.843082986928,7643.349444454847,0.6957453685363131,1.0,ok,,benchmarks/ops/matmul-otherlibs/results/raw/x86/local-x86_MatmulOtherlibsVecopsAF3TriangleBench_baseline-default.json
baseline-default,local-x86,Native,Intel Xeon w9-3495X,GCC 13.3.0,vecops,c4d4daf287d3552c42830f35a16f09783c323b88+benchmark-worktree,AVX-512+AMX-BF16,,A18_tri_mul_r1536_ch1,af3,triangle_multiplication,1536x1536x1536,1,1536,0,gemm,bf16xbf16_acc_fp32,TokenDynamic,raw_e2e,native,row_contiguous,default,auto,auto,auto,0.0,1.0,0.0,256.0,,,,,10985.843082986928,10970.511450674774,11000.874599509796,0.0013143655668041037,659.7361037519403,4552.217806415302,0.4143712751063257,0.4143712751063257,TokenDynamic,10985.843082986928,7643.349444454847,1.0,1.437307447843696,ok,,benchmarks/ops/matmul-otherlibs/results/raw/x86/local-x86_MatmulOtherlibsVecopsAF3TriangleBench_baseline-default.json
baseline-default,local-x86,Native,Intel Xeon w9-3495X,GCC 13.3.0,LIBXSMM,3668d249637792dcc988414eb3d2a374033743df,AVX-512+AMX-BF16,,A18_tri_mul_r1536_ch1,af3,triangle_multiplication,1536x1536x1536,1,1536,0,gemm_add,bf16xbf16_acc_fp32,NA,prepared_execute,native,row_contiguous,default,auto,auto,auto,0.0,0.0,1.0,256.0,,,1.0,0.0,24643.83899981234,23199.79063322535,24712.214166356716,0.02975885649106768,294.1001729501313,4248.995787665163,,0.1724161478127462,TokenDynamic,11457.060500106309,8223.312588490764,2.150973977974863,2.9968262466762505,ok,,benchmarks/ops/matmul-otherlibs/results/raw/x86/local-x86_MatmulOtherlibsLIBXSMMBench_baseline-default.json
baseline-default,local-x86,Native,Intel Xeon w9-3495X,GCC 13.3.0,OpenBLAS,e0166008be8e466242aa76b2ff75ce3f0fbf574a,AVX-512+AMX-BF16,,A18_tri_mul_r1536_ch1,af3,triangle_multiplication,1536x1536x1536,1,1536,0,gemm_add,bf16xbf16_acc_fp32,NA,raw_e2e,native,row_contiguous,default,auto,auto,auto,0.0,1.0,0.0,256.0,,,,,4248.995787665163,4242.314315122328,4545.897357589142,0.0368627637523148,1705.7577070422717,4248.995787665163,1.0,1.0,TokenDynamic,11457.060500106309,8223.312588490764,0.3708626473278846,0.5167012371160498,ok,,benchmarks/ops/matmul-otherlibs/results/raw/x86/local-x86_MatmulOtherlibsOpenBLASBench_baseline-default.json
baseline-default,local-x86,Native,Intel Xeon w9-3495X,GCC 13.3.0,oneDNN,0e2a5bfeef1bfbffc3137464606540233086ce9b,AVX-512+AMX-BF16,,A18_tri_mul_r1536_ch1,af3,triangle_multiplication,1536x1536x1536,1,1536,0,gemm_add,bf16xbf16_acc_fp32,NA,raw_e2e,native,row_contiguous,default,auto,auto,auto,1.0,1.0,0.0,256.0,,,,,7703.093722132811,7698.196677989066,7720.898978004698,0.0013691165794540404,940.8891509622267,4248.995787665163,0.5515960133597743,0.5515960133597743,TokenDynamic,11457.060500106309,8223.312588490764,0.6723446840541111,0.9367385271130221,ok,,benchmarks/ops/matmul-otherlibs/results/raw/x86/local-x86_MatmulOtherlibsOneDNNBench_baseline-default.json
baseline-default,local-x86,Native,Intel Xeon w9-3495X,GCC 13.3.0,vecops,c4d4daf287d3552c42830f35a16f09783c323b88+benchmark-worktree,AVX-512+AMX-BF16,,A18_tri_mul_r1536_ch1,af3,triangle_multiplication,1536x1536x1536,1,1536,0,gemm_add,bf16xbf16_acc_fp32,AllConst,raw_e2e,native,row_contiguous,default,auto,auto,auto,0.0,1.0,0.0,256.0,,,,,8223.312588490764,8219.03238846811,8237.930164357427,0.0010617312616782956,881.3671174489782,4248.995787665163,0.5167012371160498,0.5167012371160498,TokenDynamic,11457.060500106309,8223.312588490764,0.717750647158969,1.0,ok,,benchmarks/ops/matmul-otherlibs/results/raw/x86/local-x86_MatmulOtherlibsVecopsAF3TriangleBench_baseline-default.json
baseline-default,local-x86,Native,Intel Xeon w9-3495X,GCC 13.3.0,vecops,c4d4daf287d3552c42830f35a16f09783c323b88+benchmark-worktree,AVX-512+AMX-BF16,,A18_tri_mul_r1536_ch1,af3,triangle_multiplication,1536x1536x1536,1,1536,0,gemm_add,bf16xbf16_acc_fp32,TokenDynamic,raw_e2e,native,row_contiguous,default,auto,auto,auto,0.0,1.0,0.0,256.0,,,,,11457.060500106309,11451.802250667244,11482.02531694551,0.0013486149149039438,632.6018189336392,4248.995787665163,0.3708626473278846,0.3708626473278846,TokenDynamic,11457.060500106309,8223.312588490764,1.0,1.3932415163375225,ok,,benchmarks/ops/matmul-otherlibs/results/raw/x86/local-x86_MatmulOtherlibsVecopsAF3TriangleBench_baseline-default.json
baseline-default,local-x86,Native,Intel Xeon w9-3495X,GCC 13.3.0,LIBXSMM,3668d249637792dcc988414eb3d2a374033743df,AVX-512+AMX-BF16,,G01_square,general,square,256x256x256,1,0,0,gemm,bf16xbf16_acc_fp32,NA,prepared_execute,native,row_contiguous,default,auto,auto,auto,0.0,0.0,1.0,1.0,,,1.0,0.0,58.096147489830535,50.73613729703703,58.57873426120786,0.06586845114751606,577.5672475678967,28.65758800355192,,0.49327862933713973,AllDynamic,37.02612331819915,20.344021857577093,1.569058337286826,2.8556864466891403,ok,,benchmarks/ops/matmul-otherlibs/results/raw/x86/local-x86_MatmulOtherlibsLIBXSMMBench_baseline-default.json
baseline-default,local-x86,Native,Intel Xeon w9-3495X,GCC 13.3.0,OpenBLAS,e0166008be8e466242aa76b2ff75ce3f0fbf574a,AVX-512+AMX-BF16,,G01_square,general,square,256x256x256,1,0,0,gemm,bf16xbf16_acc_fp32,NA,raw_e2e,native,row_contiguous,default,auto,auto,auto,0.0,1.0,0.0,1.0,,,,,28.65758800355192,28.542163059492946,28.75153509844114,0.0031289762780225398,1170.8742548689427,28.65758800355192,1.0,1.0,AllDynamic,37.02612331819915,20.344021857577093,0.7739829459668571,1.4086490962394662,ok,,benchmarks/ops/matmul-otherlibs/results/raw/x86/local-x86_MatmulOtherlibsOpenBLASBench_baseline-default.json
baseline-default,local-x86,Native,Intel Xeon w9-3495X,GCC 13.3.0,oneDNN,0e2a5bfeef1bfbffc3137464606540233086ce9b,AVX-512+AMX-BF16,,G01_square,general,square,256x256x256,1,0,0,gemm,bf16xbf16_acc_fp32,NA,raw_e2e,native,row_contiguous,default,auto,auto,auto,1.0,1.0,0.0,1.0,,,,,16.32662999303775,16.07559245033845,19.572778549740967,0.0975408707673928,2055.196449868025,28.65758800355192,1.7552665807807566,1.7552665807807566,AllDynamic,37.02612331819915,20.344021857577093,0.44094894441765264,0.8025271555121204,ok,,benchmarks/ops/matmul-otherlibs/results/raw/x86/local-x86_MatmulOtherlibsOneDNNBench_baseline-default.json
baseline-default,local-x86,Native,Intel Xeon w9-3495X,GCC 13.3.0,vecops,c4d4daf287d3552c42830f35a16f09783c323b88+benchmark-worktree,AVX-512+AMX-BF16,,G01_square,general,square,256x256x256,1,0,0,gemm,bf16xbf16_acc_fp32,AllConst,raw_e2e,native,row_contiguous,default,auto,auto,auto,0.0,1.0,0.0,1.0,,,,,20.344021857577093,19.762599233735124,20.85119971689979,0.02509188574192933,1649.3509609311943,28.65758800355192,1.4086490962394662,1.4086490962394662,AllDynamic,37.02612331819915,20.344021857577093,0.549450496957038,1.0,ok,,benchmarks/ops/matmul-otherlibs/results/raw/x86/local-x86_MatmulOtherlibsVecopsGeneralBench_baseline-default.json
baseline-default,local-x86,Native,Intel Xeon w9-3495X,GCC 13.3.0,vecops,c4d4daf287d3552c42830f35a16f09783c323b88+benchmark-worktree,AVX-512+AMX-BF16,,G01_square,general,square,256x256x256,1,0,0,gemm,bf16xbf16_acc_fp32,AllDynamic,raw_e2e,native,row_contiguous,default,auto,auto,auto,0.0,1.0,0.0,1.0,,,,,37.02612331819915,36.9335420731911,37.16012229939646,0.002679281573318815,906.2367051402128,28.65758800355192,0.7739829459668571,0.7739829459668571,AllDynamic,37.02612331819915,20.344021857577093,1.0,1.820000173879524,ok,,benchmarks/ops/matmul-otherlibs/results/raw/x86/local-x86_MatmulOtherlibsVecopsGeneralBench_baseline-default.json
baseline-default,local-x86,Native,Intel Xeon w9-3495X,GCC 13.3.0,LIBXSMM,3668d249637792dcc988414eb3d2a374033743df,AVX-512+AMX-BF16,,G01_square,general,square,256x256x256,1,0,0,gemm_add,bf16xbf16_acc_fp32,NA,prepared_execute,native,row_contiguous,default,auto,auto,auto,0.0,0.0,1.0,1.0,,,1.0,0.0,48.89881942098992,48.605078659558735,48.94999063976657,0.00327514497982713,686.2012702416429,24.459760491652244,,0.5002116775267756,AllDynamic,40.74823736563002,23.58046490151123,1.2000229355254195,2.0737003967150827,ok,,benchmarks/ops/matmul-otherlibs/results/raw/x86/local-x86_MatmulOtherlibsLIBXSMMBench_baseline-default.json
baseline-default,local-x86,Native,Intel Xeon w9-3495X,GCC 13.3.0,OpenBLAS,e0166008be8e466242aa76b2ff75ce3f0fbf574a,AVX-512+AMX-BF16,,G01_square,general,square,256x256x256,1,0,0,gemm_add,bf16xbf16_acc_fp32,NA,raw_e2e,native,row_contiguous,default,auto,auto,auto,0.0,1.0,0.0,1.0,,,,,24.459760491652244,24.314580922922914,24.605148698403067,0.0058776113548617325,1371.821772803198,24.459760491652244,1.0,1.0,AllDynamic,40.74823736563002,23.58046490151123,0.6002654856497758,1.0372891541287916,ok,,benchmarks/ops/matmul-otherlibs/results/raw/x86/local-x86_MatmulOtherlibsOpenBLASBench_baseline-default.json
baseline-default,local-x86,Native,Intel Xeon w9-3495X,GCC 13.3.0,oneDNN,0e2a5bfeef1bfbffc3137464606540233086ce9b,AVX-512+AMX-BF16,,G01_square,general,square,256x256x256,1,0,0,gemm_add,bf16xbf16_acc_fp32,NA,raw_e2e,native,row_contiguous,default,auto,auto,auto,1.0,1.0,0.0,1.0,,,,,21.35353523548471,19.62616927997417,21.372329622204944,0.0772094832813427,1571.375963275635,24.459760491652244,1.1454665572661569,1.1454665572661569,AllDynamic,40.74823736563002,23.58046490151123,0.5240358016932485,0.9055604003005131,ok,,benchmarks/ops/matmul-otherlibs/results/raw/x86/local-x86_MatmulOtherlibsOneDNNBench_baseline-default.json
baseline-default,local-x86,Native,Intel Xeon w9-3495X,GCC 13.3.0,vecops,c4d4daf287d3552c42830f35a16f09783c323b88+benchmark-worktree,AVX-512+AMX-BF16,,G01_square,general,square,256x256x256,1,0,0,gemm_add,bf16xbf16_acc_fp32,AllConst,raw_e2e,native,row_contiguous,default,auto,auto,auto,0.0,1.0,0.0,1.0,,,,,23.58046490151123,23.39350410384417,23.899267310931624,0.009583306042465286,1422.9758463264884,24.459760491652244,1.0372891541287916,1.0372891541287916,AllDynamic,40.74823736563002,23.58046490151123,0.5786867463720206,1.0,ok,,benchmarks/ops/matmul-otherlibs/results/raw/x86/local-x86_MatmulOtherlibsVecopsGeneralBench_baseline-default.json
baseline-default,local-x86,Native,Intel Xeon w9-3495X,GCC 13.3.0,vecops,c4d4daf287d3552c42830f35a16f09783c323b88+benchmark-worktree,AVX-512+AMX-BF16,,G01_square,general,square,256x256x256,1,0,0,gemm_add,bf16xbf16_acc_fp32,AllDynamic,raw_e2e,native,row_contiguous,default,auto,auto,auto,0.0,1.0,0.0,1.0,,,,,40.74823736563002,40.367587041264024,40.831143405448906,0.005257285266591604,823.4572626766479,24.459760491652244,0.6002654856497758,0.6002654856497758,AllDynamic,40.74823736563002,23.58046490151123,1.0,1.7280506358048324,ok,,benchmarks/ops/matmul-otherlibs/results/raw/x86/local-x86_MatmulOtherlibsVecopsGeneralBench_baseline-default.json
baseline-default,local-x86,Native,Intel Xeon w9-3495X,GCC 13.3.0,LIBXSMM,3668d249637792dcc988414eb3d2a374033743df,AVX-512+AMX-BF16,CPX odd-K fallback (SPR generator SIGFPE),G02_ragged,general,ragged,1025x127x769,1,0,0,gemm,bf16xbf16_acc_fp32,NA,prepared_execute,native,row_contiguous,default,auto,auto,auto,0.0,0.0,1.0,1.0,,,1.0013003901170352,1.0,2063.7134029028757,1896.7315944286786,2092.3435278139855,0.04870951023766416,97.0140280711364,277.2321646868173,,0.13433656257543078,AllDynamic,280.8741044127345,244.06105298827538,7.347467674949209,8.455726047375597,ok,,benchmarks/ops/matmul-otherlibs/results/raw/x86/local-x86_MatmulOtherlibsLIBXSMMBench_baseline-default.json
baseline-default,local-x86,Native,Intel Xeon w9-3495X,GCC 13.3.0,OpenBLAS,e0166008be8e466242aa76b2ff75ce3f0fbf574a,AVX-512+AMX-BF16,,G02_ragged,general,ragged,1025x127x769,1,0,0,gemm,bf16xbf16_acc_fp32,NA,raw_e2e,native,row_contiguous,default,auto,auto,auto,0.0,1.0,0.0,1.0,,,,,277.2321646868173,276.87377935633,277.3114761877213,0.0008103403991791391,722.171434278456,277.2321646868173,1.0,1.0,AllDynamic,280.8741044127345,244.06105298827538,0.9870335510867693,1.1359131712839716,ok,,benchmarks/ops/matmul-otherlibs/results/raw/x86/local-x86_MatmulOtherlibsOpenBLASBench_baseline-default.json
baseline-default,local-x86,Native,Intel Xeon w9-3495X,GCC 13.3.0,oneDNN,0e2a5bfeef1bfbffc3137464606540233086ce9b,AVX-512+AMX-BF16,,G02_ragged,general,ragged,1025x127x769,1,0,0,gemm,bf16xbf16_acc_fp32,NA,raw_e2e,native,row_contiguous,default,auto,auto,auto,1.0,1.0,0.0,1.0,,,,,283.15466531938694,282.8250697702472,283.7961570028703,0.0015460468225722346,707.0664005276842,277.2321646868173,0.9790838670240899,0.9790838670240899,AllDynamic,280.8741044127345,244.06105298827538,1.0081195128736442,1.1601796429723246,ok,,benchmarks/ops/matmul-otherlibs/results/raw/x86/local-x86_MatmulOtherlibsOneDNNBench_baseline-default.json
baseline-default,local-x86,Native,Intel Xeon w9-3495X,GCC 13.3.0,vecops,c4d4daf287d3552c42830f35a16f09783c323b88+benchmark-worktree,AVX-512+AMX-BF16,,G02_ragged,general,ragged,1025x127x769,1,0,0,gemm,bf16xbf16_acc_fp32,AllConst,raw_e2e,native,row_contiguous,default,auto,auto,auto,0.0,1.0,0.0,1.0,,,,,244.06105298827538,238.24549402492363,244.57179212397457,0.013324064848480628,820.3240441219352,277.2321646868173,1.1359131712839716,1.1359131712839716,AllDynamic,280.8741044127345,244.06105298827538,0.86893397844052,1.0,ok,,benchmarks/ops/matmul-otherlibs/results/raw/x86/local-x86_MatmulOtherlibsVecopsGeneralBench_baseline-default.json
baseline-default,local-x86,Native,Intel Xeon w9-3495X,GCC 13.3.0,vecops,c4d4daf287d3552c42830f35a16f09783c323b88+benchmark-worktree,AVX-512+AMX-BF16,,G02_ragged,general,ragged,1025x127x769,1,0,0,gemm,bf16xbf16_acc_fp32,AllDynamic,raw_e2e,native,row_contiguous,default,auto,auto,auto,0.0,1.0,0.0,1.0,,,,,280.8741044127345,280.42677068408676,281.0816393511081,0.0012552918850750972,712.8074352692898,277.2321646868173,0.9870335510867693,0.9870335510867693,AllDynamic,280.8741044127345,244.06105298827538,1.0,1.1508354199644775,ok,,benchmarks/ops/matmul-otherlibs/results/raw/x86/local-x86_MatmulOtherlibsVecopsGeneralBench_baseline-default.json
baseline-default,local-x86,Native,Intel Xeon w9-3495X,GCC 13.3.0,LIBXSMM,3668d249637792dcc988414eb3d2a374033743df,AVX-512+AMX-BF16,CPX odd-K fallback (SPR generator SIGFPE),G02_ragged,general,ragged,1025x127x769,1,0,0,gemm_add,bf16xbf16_acc_fp32,NA,prepared_execute,native,row_contiguous,default,auto,auto,auto,0.0,0.0,1.0,1.0,,,1.0013003901170352,1.0,1891.6632726552164,1874.9667180765591,2108.525466720687,0.05709744744525154,105.83762601627203,268.2107293653443,,0.14178566198458392,AllDynamic,310.5425411982582,279.47869823227916,6.091478691956509,6.768541876787422,ok,,benchmarks/ops/matmul-otherlibs/results/raw/x86/local-x86_MatmulOtherlibsLIBXSMMBench_baseline-default.json
baseline-default,local-x86,Native,Intel Xeon w9-3495X,GCC 13.3.0,OpenBLAS,e0166008be8e466242aa76b2ff75ce3f0fbf574a,AVX-512+AMX-BF16,,G02_ragged,general,ragged,1025x127x769,1,0,0,gemm_add,bf16xbf16_acc_fp32,NA,raw_e2e,native,row_contiguous,default,auto,auto,auto,0.0,1.0,0.0,1.0,,,,,268.2107293653443,267.8289308828068,270.3687692994624,0.006731748591733414,746.4621213094138,268.2107293653443,1.0,1.0,AllDynamic,310.5425411982582,279.47869823227916,0.863684338804041,0.9596821906706827,ok,,benchmarks/ops/matmul-otherlibs/results/raw/x86/local-x86_MatmulOtherlibsOpenBLASBench_baseline-default.json
baseline-default,local-x86,Native,Intel Xeon w9-3495X,GCC 13.3.0,oneDNN,0e2a5bfeef1bfbffc3137464606540233086ce9b,AVX-512+AMX-BF16,,G02_ragged,general,ragged,1025x127x769,1,0,0,gemm_add,bf16xbf16_acc_fp32,NA,raw_e2e,native,row_contiguous,default,auto,auto,auto,1.0,1.0,0.0,1.0,,,,,281.3330743027978,280.8973795173776,282.0084863410137,0.0019221817183422917,711.6445533329494,268.2107293653443,0.9533565508784441,0.9533565508784441,AllDynamic,310.5425411982582,279.47869823227916,0.905940529813555,1.0066351249030703,ok,,benchmarks/ops/matmul-otherlibs/results/raw/x86/local-x86_MatmulOtherlibsOneDNNBench_baseline-default.json
baseline-default,local-x86,Native,Intel Xeon w9-3495X,GCC 13.3.0,vecops,c4d4daf287d3552c42830f35a16f09783c323b88+benchmark-worktree,AVX-512+AMX-BF16,,G02_ragged,general,ragged,1025x127x769,1,0,0,gemm_add,bf16xbf16_acc_fp32,AllConst,raw_e2e,native,row_contiguous,default,auto,auto,auto,0.0,1.0,0.0,1.0,,,,,279.47869823227916,276.0622792976451,280.44208559332526,0.00760457600720376,716.3664038309031,268.2107293653443,0.9596821906706827,0.9596821906706827,AllDynamic,310.5425411982582,279.47869823227916,0.8999691222783318,1.0,ok,,benchmarks/ops/matmul-otherlibs/results/raw/x86/local-x86_MatmulOtherlibsVecopsGeneralBench_baseline-default.json
baseline-default,local-x86,Native,Intel Xeon w9-3495X,GCC 13.3.0,vecops,c4d4daf287d3552c42830f35a16f09783c323b88+benchmark-worktree,AVX-512+AMX-BF16,,G02_ragged,general,ragged,1025x127x769,1,0,0,gemm_add,bf16xbf16_acc_fp32,AllDynamic,raw_e2e,native,row_contiguous,default,auto,auto,auto,0.0,1.0,0.0,1.0,,,,,310.5425411982582,310.14635945947214,312.0701389611783,0.0035004946989195236,644.7076436853829,268.2107293653443,0.863684338804041,0.863684338804041,AllDynamic,310.5425411982582,279.47869823227916,1.0,1.111149233063056,ok,,benchmarks/ops/matmul-otherlibs/results/raw/x86/local-x86_MatmulOtherlibsVecopsGeneralBench_baseline-default.json
baseline-default,local-x86,Native,Intel Xeon w9-3495X,GCC 13.3.0,LIBXSMM,3668d249637792dcc988414eb3d2a374033743df,AVX-512+AMX-BF16,,G03_conv1x1,general,conv1x1,64x3136x576,1,0,0,gemm,bf16xbf16_acc_fp32,NA,prepared_execute,native,row_contiguous,default,auto,auto,auto,0.0,0.0,1.0,1.0,,,1.0,0.0,383.1677131330635,382.3800863637054,383.2149021791885,0.001101838616337028,603.4198604821039,311.7876384034649,,0.8137106225732273,AllDynamic,309.6188561961495,405.17711274748444,1.2375464396468132,0.9456795585881532,ok,,benchmarks/ops/matmul-otherlibs/results/raw/x86/local-x86_MatmulOtherlibsLIBXSMMBench_baseline-default.json
baseline-default,local-x86,Native,Intel Xeon w9-3495X,GCC 13.3.0,OpenBLAS,e0166008be8e466242aa76b2ff75ce3f0fbf574a,AVX-512+AMX-BF16,,G03_conv1x1,general,conv1x1,64x3136x576,1,0,0,gemm,bf16xbf16_acc_fp32,NA,raw_e2e,native,row_contiguous,default,auto,auto,auto,0.0,1.0,0.0,1.0,,,,,311.7876384034649,311.20324866346243,312.41435535775963,0.0020710744410931447,741.5656668876792,311.7876384034649,1.0,1.0,AllDynamic,309.6188561961495,405.17711274748444,1.0070046838682893,0.769509502373541,ok,,benchmarks/ops/matmul-otherlibs/results/raw/x86/local-x86_MatmulOtherlibsOpenBLASBench_baseline-default.json
baseline-default,local-x86,Native,Intel Xeon w9-3495X,GCC 13.3.0,oneDNN,0e2a5bfeef1bfbffc3137464606540233086ce9b,AVX-512+AMX-BF16,,G03_conv1x1,general,conv1x1,64x3136x576,1,0,0,gemm,bf16xbf16_acc_fp32,NA,raw_e2e,native,row_contiguous,default,auto,auto,auto,1.0,1.0,0.0,1.0,,,,,261.0907238758683,260.7551272430739,261.62669441398623,0.001954966599584527,885.5581100994068,311.7876384034649,1.1941735568962597,1.1941735568962597,AllDynamic,309.6188561961495,405.17711274748444,0.84326493251581,0.644386653790551,ok,,benchmarks/ops/matmul-otherlibs/results/raw/x86/local-x86_MatmulOtherlibsOneDNNBench_baseline-default.json
baseline-default,local-x86,Native,Intel Xeon w9-3495X,GCC 13.3.0,vecops,c4d4daf287d3552c42830f35a16f09783c323b88+benchmark-worktree,AVX-512+AMX-BF16,,G03_conv1x1,general,conv1x1,64x3136x576,1,0,0,gemm,bf16xbf16_acc_fp32,AllConst,raw_e2e,native,row_contiguous,default,auto,auto,auto,0.0,1.0,0.0,1.0,,,,,405.17711274748444,404.91519825912565,406.46758901373875,0.0020280905853960977,570.641827304041,311.7876384034649,0.769509502373541,0.769509502373541,AllDynamic,309.6188561961495,405.17711274748444,1.3086319022210873,1.0,ok,,benchmarks/ops/matmul-otherlibs/results/raw/x86/local-x86_MatmulOtherlibsVecopsGeneralBench_baseline-default.json
baseline-default,local-x86,Native,Intel Xeon w9-3495X,GCC 13.3.0,vecops,c4d4daf287d3552c42830f35a16f09783c323b88+benchmark-worktree,AVX-512+AMX-BF16,,G03_conv1x1,general,conv1x1,64x3136x576,1,0,0,gemm,bf16xbf16_acc_fp32,AllDynamic,raw_e2e,native,row_contiguous,default,auto,auto,auto,0.0,1.0,0.0,1.0,,,,,309.6188561961495,294.080022562798,309.7294583948601,0.024888809105331134,746.7600999518045,311.7876384034649,1.0070046838682893,1.0070046838682893,AllDynamic,309.6188561961495,405.17711274748444,1.0,0.7641568253859171,ok,,benchmarks/ops/matmul-otherlibs/results/raw/x86/local-x86_MatmulOtherlibsVecopsGeneralBench_baseline-default.json
baseline-default,local-x86,Native,Intel Xeon w9-3495X,GCC 13.3.0,LIBXSMM,3668d249637792dcc988414eb3d2a374033743df,AVX-512+AMX-BF16,,G03_conv1x1,general,conv1x1,64x3136x576,1,0,0,gemm_add,bf16xbf16_acc_fp32,NA,prepared_execute,native,row_contiguous,default,auto,auto,auto,0.0,0.0,1.0,1.0,,,1.0,0.0,348.7762214039077,348.2816169219119,349.3611089362813,0.0015779106036523309,662.9207893511789,292.7597092231249,,0.8393912522037685,AllDynamic,349.77601993651336,442.2130346961454,0.9971416035530762,0.7887063339133812,ok,,benchmarks/ops/matmul-otherlibs/results/raw/x86/local-x86_MatmulOtherlibsLIBXSMMBench_baseline-default.json
baseline-default,local-x86,Native,Intel Xeon w9-3495X,GCC 13.3.0,OpenBLAS,e0166008be8e466242aa76b2ff75ce3f0fbf574a,AVX-512+AMX-BF16,,G03_conv1x1,general,conv1x1,64x3136x576,1,0,0,gemm_add,bf16xbf16_acc_fp32,NA,raw_e2e,native,row_contiguous,default,auto,auto,auto,0.0,1.0,0.0,1.0,,,,,292.7597092231249,292.3025196650997,293.35070839083545,0.0017138667074564047,789.763757497737,292.7597092231249,1.0,1.0,AllDynamic,349.77601993651336,442.2130346961454,0.8369919392308904,0.6620331972445966,ok,,benchmarks/ops/matmul-otherlibs/results/raw/x86/local-x86_MatmulOtherlibsOpenBLASBench_baseline-default.json
baseline-default,local-x86,Native,Intel Xeon w9-3495X,GCC 13.3.0,oneDNN,0e2a5bfeef1bfbffc3137464606540233086ce9b,AVX-512+AMX-BF16,,G03_conv1x1,general,conv1x1,64x3136x576,1,0,0,gemm_add,bf16xbf16_acc_fp32,NA,raw_e2e,native,row_contiguous,default,auto,auto,auto,1.0,1.0,0.0,1.0,,,,,269.87312355642405,269.43377530068324,270.0417389916562,0.0011111194851995,856.7396595595385,292.7597092231249,1.084804983042025,1.084804983042025,AllDynamic,349.77601993651336,442.2130346961454,0.7715598216407397,0.6102785363209838,ok,,benchmarks/ops/matmul-otherlibs/results/raw/x86/local-x86_MatmulOtherlibsOneDNNBench_baseline-default.json
baseline-default,local-x86,Native,Intel Xeon w9-3495X,GCC 13.3.0,vecops,c4d4daf287d3552c42830f35a16f09783c323b88+benchmark-worktree,AVX-512+AMX-BF16,,G03_conv1x1,general,conv1x1,64x3136x576,1,0,0,gemm_add,bf16xbf16_acc_fp32,AllConst,raw_e2e,native,row_contiguous,default,auto,auto,auto,0.0,1.0,0.0,1.0,,,,,442.2130346961454,441.6734050413629,442.94592239695663,0.0013359680635208061,522.8498254441331,292.7597092231249,0.6620331972445966,0.6620331972445966,AllDynamic,349.77601993651336,442.2130346961454,1.2642748773240944,1.0,ok,,benchmarks/ops/matmul-otherlibs/results/raw/x86/local-x86_MatmulOtherlibsVecopsGeneralBench_baseline-default.json
baseline-default,local-x86,Native,Intel Xeon w9-3495X,GCC 13.3.0,vecops,c4d4daf287d3552c42830f35a16f09783c323b88+benchmark-worktree,AVX-512+AMX-BF16,,G03_conv1x1,general,conv1x1,64x3136x576,1,0,0,gemm_add,bf16xbf16_acc_fp32,AllDynamic,raw_e2e,native,row_contiguous,default,auto,auto,auto,0.0,1.0,0.0,1.0,,,,,349.77601993651336,349.3934214313136,350.46820399325867,0.0013824275109013547,661.0258989223055,292.7597092231249,0.8369919392308904,0.8369919392308904,AllDynamic,349.77601993651336,442.2130346961454,1.0,0.7909672318385015,ok,,benchmarks/ops/matmul-otherlibs/results/raw/x86/local-x86_MatmulOtherlibsVecopsGeneralBench_baseline-default.json
baseline-default,local-x86,Native,Intel Xeon w9-3495X,GCC 13.3.0,LIBXSMM,3668d249637792dcc988414eb3d2a374033743df,AVX-512+AMX-BF16,,G04_rank_reduce,general,rank_reduce,64x1024x4096,1,0,0,gemm,bf16xbf16_acc_fp32,NA,prepared_execute,native,row_contiguous,default,auto,auto,auto,0.0,0.0,1.0,1.0,,,1.0,0.0,728.4924345876026,727.1170293722125,729.9887497162115,0.0018933179982263586,736.9615475882341,634.2985591221474,,0.8707002694972693,AllDynamic,668.0474210665317,912.2376862435534,1.0904801240375586,0.7985774382852084,ok,,benchmarks/ops/matmul-otherlibs/results/raw/x86/local-x86_MatmulOtherlibsLIBXSMMBench_baseline-default.json
baseline-default,local-x86,Native,Intel Xeon w9-3495X,GCC 13.3.0,OpenBLAS,e0166008be8e466242aa76b2ff75ce3f0fbf574a,AVX-512+AMX-BF16,,G04_rank_reduce,general,rank_reduce,64x1024x4096,1,0,0,gemm,bf16xbf16_acc_fp32,NA,raw_e2e,native,row_contiguous,default,auto,auto,auto,0.0,1.0,0.0,1.0,,,,,634.2985591221474,633.672455468596,635.0932727350895,0.0010610863479788627,846.4009641500925,634.2985591221474,1.0,1.0,AllDynamic,668.0474210665317,912.2376862435534,0.9494813378809178,0.6953215907293698,ok,,benchmarks/ops/matmul-otherlibs/results/raw/x86/local-x86_MatmulOtherlibsOpenBLASBench_baseline-default.json
baseline-default,local-x86,Native,Intel Xeon w9-3495X,GCC 13.3.0,oneDNN,0e2a5bfeef1bfbffc3137464606540233086ce9b,AVX-512+AMX-BF16,,G04_rank_reduce,general,rank_reduce,64x1024x4096,1,0,0,gemm,bf16xbf16_acc_fp32,NA,raw_e2e,native,row_contiguous,default,auto,auto,auto,1.0,1.0,0.0,1.0,,,,,623.0139244709991,621.3569493395173,623.6429813369696,0.0018812096128271382,861.7318023122147,634.2985591221474,1.0181129734150485,1.0181129734150485,AllDynamic,668.0474210665317,912.2376862435534,0.9325893713897779,0.6829513117754094,ok,,benchmarks/ops/matmul-otherlibs/results/raw/x86/local-x86_MatmulOtherlibsOneDNNBench_baseline-default.json
baseline-default,local-x86,Native,Intel Xeon w9-3495X,GCC 13.3.0,vecops,c4d4daf287d3552c42830f35a16f09783c323b88+benchmark-worktree,AVX-512+AMX-BF16,,G04_rank_reduce,general,rank_reduce,64x1024x4096,1,0,0,gemm,bf16xbf16_acc_fp32,AllConst,raw_e2e,native,row_contiguous,default,auto,auto,auto,0.0,1.0,0.0,1.0,,,,,912.2376862435534,911.7172561887212,912.8796496714641,0.0006803781588917509,588.5208647877147,634.2985591221474,0.6953215907293698,0.6953215907293698,AllDynamic,668.0474210665317,912.2376862435534,1.3655283404689658,1.0,ok,,benchmarks/ops/matmul-otherlibs/results/raw/x86/local-x86_MatmulOtherlibsVecopsGeneralBench_baseline-default.json
baseline-default,local-x86,Native,Intel Xeon w9-3495X,GCC 13.3.0,vecops,c4d4daf287d3552c42830f35a16f09783c323b88+benchmark-worktree,AVX-512+AMX-BF16,,G04_rank_reduce,general,rank_reduce,64x1024x4096,1,0,0,gemm,bf16xbf16_acc_fp32,AllDynamic,raw_e2e,native,row_contiguous,default,auto,auto,auto,0.0,1.0,0.0,1.0,,,,,668.0474210665317,667.5247139042314,668.4345263251413,0.0007058446579965831,803.6419198249287,634.2985591221474,0.9494813378809178,0.9494813378809178,AllDynamic,668.0474210665317,912.2376862435534,1.0,0.7323172799596149,ok,,benchmarks/ops/matmul-otherlibs/results/raw/x86/local-x86_MatmulOtherlibsVecopsGeneralBench_baseline-default.json
baseline-default,local-x86,Native,Intel Xeon w9-3495X,GCC 13.3.0,LIBXSMM,3668d249637792dcc988414eb3d2a374033743df,AVX-512+AMX-BF16,,G04_rank_reduce,general,rank_reduce,64x1024x4096,1,0,0,gemm_add,bf16xbf16_acc_fp32,NA,prepared_execute,native,row_contiguous,default,auto,auto,auto,0.0,0.0,1.0,1.0,,,1.0,0.0,719.077798964566,716.6536783375872,720.8844360723832,0.003147568723800832,746.6103289144314,614.4994298857025,,0.8545659882290194,AllDynamic,683.7381073415689,929.658364297187,1.0516860055678348,0.773486074648704,ok,,benchmarks/ops/matmul-otherlibs/results/raw/x86/local-x86_MatmulOtherlibsLIBXSMMBench_baseline-default.json
baseline-default,local-x86,Native,Intel Xeon w9-3495X,GCC 13.3.0,OpenBLAS,e0166008be8e466242aa76b2ff75ce3f0fbf574a,AVX-512+AMX-BF16,,G04_rank_reduce,general,rank_reduce,64x1024x4096,1,0,0,gemm_add,bf16xbf16_acc_fp32,NA,raw_e2e,native,row_contiguous,default,auto,auto,auto,0.0,1.0,0.0,1.0,,,,,614.4994298857025,613.3078122889345,615.5814403252423,0.0018069108059346254,873.6719448215899,614.4994298857025,1.0,1.0,AllDynamic,683.7381073415689,929.658364297187,0.8987350906547067,0.6609948917635549,ok,,benchmarks/ops/matmul-otherlibs/results/raw/x86/local-x86_MatmulOtherlibsOpenBLASBench_baseline-default.json
baseline-default,local-x86,Native,Intel Xeon w9-3495X,GCC 13.3.0,oneDNN,0e2a5bfeef1bfbffc3137464606540233086ce9b,AVX-512+AMX-BF16,,G04_rank_reduce,general,rank_reduce,64x1024x4096,1,0,0,gemm_add,bf16xbf16_acc_fp32,NA,raw_e2e,native,row_contiguous,default,auto,auto,auto,1.0,1.0,0.0,1.0,,,,,625.1507544610441,624.3665821265105,625.9532312339745,0.0012199040041762324,858.786313811375,614.4994298857025,0.9829619903689881,0.9829619903689881,AllDynamic,683.7381073415689,929.658364297187,0.914313167203277,0.672452137763158,ok,,benchmarks/ops/matmul-otherlibs/results/raw/x86/local-x86_MatmulOtherlibsOneDNNBench_baseline-default.json
baseline-default,local-x86,Native,Intel Xeon w9-3495X,GCC 13.3.0,vecops,c4d4daf287d3552c42830f35a16f09783c323b88+benchmark-worktree,AVX-512+AMX-BF16,,G04_rank_reduce,general,rank_reduce,64x1024x4096,1,0,0,gemm_add,bf16xbf16_acc_fp32,AllConst,raw_e2e,native,row_contiguous,default,auto,auto,auto,0.0,1.0,0.0,1.0,,,,,929.658364297187,929.4431112299595,931.2783099444188,0.0009475727679168633,577.4926926042014,614.4994298857025,0.6609948917635549,0.6609948917635549,AllDynamic,683.7381073415689,929.658364297187,1.3596702513946115,1.0,ok,,benchmarks/ops/matmul-otherlibs/results/raw/x86/local-x86_MatmulOtherlibsVecopsGeneralBench_baseline-default.json
baseline-default,local-x86,Native,Intel Xeon w9-3495X,GCC 13.3.0,vecops,c4d4daf287d3552c42830f35a16f09783c323b88+benchmark-worktree,AVX-512+AMX-BF16,,G04_rank_reduce,general,rank_reduce,64x1024x4096,1,0,0,gemm_add,bf16xbf16_acc_fp32,AllDynamic,raw_e2e,native,row_contiguous,default,auto,auto,auto,0.0,1.0,0.0,1.0,,,,,683.7381073415689,683.379868292477,684.3816166141685,0.0006867459287316341,785.1996345317056,614.4994298857025,0.8987350906547067,0.8987350906547067,AllDynamic,683.7381073415689,929.658364297187,1.0,0.7354724419206066,ok,,benchmarks/ops/matmul-otherlibs/results/raw/x86/local-x86_MatmulOtherlibsVecopsGeneralBench_baseline-default.json
baseline-default,local-x86,Native,Intel Xeon w9-3495X,GCC 13.3.0,LIBXSMM,3668d249637792dcc988414eb3d2a374033743df,AVX-512+AMX-BF16,,G05_rank_expand,general,rank_expand,1024x64x4096,1,0,0,gemm,bf16xbf16_acc_fp32,NA,prepared_execute,native,row_contiguous,default,auto,auto,auto,0.0,0.0,1.0,1.0,,,1.0,0.0,1954.191357071977,1951.7177456041932,1977.0575457784748,0.007974087151702969,274.7279124212327,640.7493531972025,,0.327884652072792,AllDynamic,738.1120421709247,1084.1365581217706,2.6475538203174915,1.8025324784338483,ok,,benchmarks/ops/matmul-otherlibs/results/raw/x86/local-x86_MatmulOtherlibsLIBXSMMBench_baseline-default.json
baseline-default,local-x86,Native,Intel Xeon w9-3495X,GCC 13.3.0,OpenBLAS,e0166008be8e466242aa76b2ff75ce3f0fbf574a,AVX-512+AMX-BF16,,G05_rank_expand,general,rank_expand,1024x64x4096,1,0,0,gemm,bf16xbf16_acc_fp32,NA,raw_e2e,native,row_contiguous,default,auto,auto,auto,0.0,1.0,0.0,1.0,,,,,640.7493531972025,639.3631660286552,642.3690109999654,0.0026497936645230296,837.8797564463059,640.7493531972025,1.0,1.0,AllDynamic,738.1120421709247,1084.1365581217706,0.868092263218792,0.5910227345411899,ok,,benchmarks/ops/matmul-otherlibs/results/raw/x86/local-x86_MatmulOtherlibsOpenBLASBench_baseline-default.json
baseline-default,local-x86,Native,Intel Xeon w9-3495X,GCC 13.3.0,oneDNN,0e2a5bfeef1bfbffc3137464606540233086ce9b,AVX-512+AMX-BF16,,G05_rank_expand,general,rank_expand,1024x64x4096,1,0,0,gemm,bf16xbf16_acc_fp32,NA,raw_e2e,native,row_contiguous,default,auto,auto,auto,1.0,1.0,0.0,1.0,,,,,1056.164082733186,1053.9443278291326,1057.073484215171,0.0014992626695723525,508.3215011541226,640.7493531972025,0.6066759546859842,0.6066759546859842,AllDynamic,738.1120421709247,1084.1365581217706,1.430899406039781,0.9741983837930472,ok,,benchmarks/ops/matmul-otherlibs/results/raw/x86/local-x86_MatmulOtherlibsOneDNNBench_baseline-default.json
baseline-default,local-x86,Native,Intel Xeon w9-3495X,GCC 13.3.0,vecops,c4d4daf287d3552c42830f35a16f09783c323b88+benchmark-worktree,AVX-512+AMX-BF16,,G05_rank_expand,general,rank_expand,1024x64x4096,1,0,0,gemm,bf16xbf16_acc_fp32,AllConst,raw_e2e,native,row_contiguous,default,auto,auto,auto,0.0,1.0,0.0,1.0,,,,,1084.1365581217706,1083.2939224088448,1086.1825410911972,0.0012423093073539427,495.2059848716018,640.7493531972025,0.5910227345411899,0.5910227345411899,AllDynamic,738.1120421709247,1084.1365581217706,1.4687967357003462,1.0,ok,,benchmarks/ops/matmul-otherlibs/results/raw/x86/local-x86_MatmulOtherlibsVecopsGeneralBench_baseline-default.json
baseline-default,local-x86,Native,Intel Xeon w9-3495X,GCC 13.3.0,vecops,c4d4daf287d3552c42830f35a16f09783c323b88+benchmark-worktree,AVX-512+AMX-BF16,,G05_rank_expand,general,rank_expand,1024x64x4096,1,0,0,gemm,bf16xbf16_acc_fp32,AllDynamic,raw_e2e,native,row_contiguous,default,auto,auto,auto,0.0,1.0,0.0,1.0,,,,,738.1120421709247,737.4947599907355,738.6702442339523,0.0009177015087901255,727.3569340786838,640.7493531972025,0.868092263218792,0.868092263218792,AllDynamic,738.1120421709247,1084.1365581217706,1.0,0.6808293998033592,ok,,benchmarks/ops/matmul-otherlibs/results/raw/x86/local-x86_MatmulOtherlibsVecopsGeneralBench_baseline-default.json
baseline-default,local-x86,Native,Intel Xeon w9-3495X,GCC 13.3.0,LIBXSMM,3668d249637792dcc988414eb3d2a374033743df,AVX-512+AMX-BF16,,G05_rank_expand,general,rank_expand,1024x64x4096,1,0,0,gemm_add,bf16xbf16_acc_fp32,NA,prepared_execute,native,row_contiguous,default,auto,auto,auto,0.0,0.0,1.0,1.0,,,1.0,0.0,1991.5710280413252,1956.4697409907853,2034.3677972076116,0.017123259910422045,269.5715615666507,635.50481361083,,0.3190972376394919,AllDynamic,778.5164221584434,1113.7476745745284,2.5581618721923394,1.7881707621092373,ok,,benchmarks/ops/matmul-otherlibs/results/raw/x86/local-x86_MatmulOtherlibsLIBXSMMBench_baseline-default.json
baseline-default,local-x86,Native,Intel Xeon w9-3495X,GCC 13.3.0,OpenBLAS,e0166008be8e466242aa76b2ff75ce3f0fbf574a,AVX-512+AMX-BF16,,G05_rank_expand,general,rank_expand,1024x64x4096,1,0,0,gemm_add,bf16xbf16_acc_fp32,NA,raw_e2e,native,row_contiguous,default,auto,auto,auto,0.0,1.0,0.0,1.0,,,,,635.50481361083,635.1075554531152,638.6744827217295,0.0025827490848302323,844.7944067482211,635.50481361083,1.0,1.0,AllDynamic,778.5164221584434,1113.7476745745284,0.8163023868512465,0.5706003506167626,ok,,benchmarks/ops/matmul-otherlibs/results/raw/x86/local-x86_MatmulOtherlibsOpenBLASBench_baseline-default.json
baseline-default,local-x86,Native,Intel Xeon w9-3495X,GCC 13.3.0,oneDNN,0e2a5bfeef1bfbffc3137464606540233086ce9b,AVX-512+AMX-BF16,,G05_rank_expand,general,rank_expand,1024x64x4096,1,0,0,gemm_add,bf16xbf16_acc_fp32,NA,raw_e2e,native,row_contiguous,default,auto,auto,auto,1.0,1.0,0.0,1.0,,,,,940.681020096382,938.6522764958842,941.7237852420346,0.0016697873804669252,570.7257832681606,635.50481361083,0.6755795004195112,0.6755795004195112,AllDynamic,778.5164221584434,1113.7476745745284,1.2082995211434793,0.8446087399964619,ok,,benchmarks/ops/matmul-otherlibs/results/raw/x86/local-x86_MatmulOtherlibsOneDNNBench_baseline-default.json
baseline-default,local-x86,Native,Intel Xeon w9-3495X,GCC 13.3.0,vecops,c4d4daf287d3552c42830f35a16f09783c323b88+benchmark-worktree,AVX-512+AMX-BF16,,G05_rank_expand,general,rank_expand,1024x64x4096,1,0,0,gemm_add,bf16xbf16_acc_fp32,AllConst,raw_e2e,native,row_contiguous,default,auto,auto,auto,0.0,1.0,0.0,1.0,,,,,1113.7476745745284,1110.3162651240368,1114.4635015784481,0.0017210694898146114,482.03998468961504,635.50481361083,0.5706003506167626,0.5706003506167626,AllDynamic,778.5164221584434,1113.7476745745284,1.4306026730774073,1.0,ok,,benchmarks/ops/matmul-otherlibs/results/raw/x86/local-x86_MatmulOtherlibsVecopsGeneralBench_baseline-default.json
baseline-default,local-x86,Native,Intel Xeon w9-3495X,GCC 13.3.0,vecops,c4d4daf287d3552c42830f35a16f09783c323b88+benchmark-worktree,AVX-512+AMX-BF16,,G05_rank_expand,general,rank_expand,1024x64x4096,1,0,0,gemm_add,bf16xbf16_acc_fp32,AllDynamic,raw_e2e,native,row_contiguous,default,auto,auto,auto,0.0,1.0,0.0,1.0,,,,,778.5164221584434,777.5347955693077,778.6121599686642,0.000968972919122265,689.6076906271556,635.50481361083,0.8163023868512465,0.8163023868512465,AllDynamic,778.5164221584434,1113.7476745745284,1.0,0.6990061033849976,ok,,benchmarks/ops/matmul-otherlibs/results/raw/x86/local-x86_MatmulOtherlibsVecopsGeneralBench_baseline-default.json
baseline-default,local-x86,Native,Intel Xeon w9-3495X,GCC 13.3.0,LIBXSMM,3668d249637792dcc988414eb3d2a374033743df,AVX-512+AMX-BF16,,L01_qkv_decode,llm,qkv,4096x1x4096,1,1,0,bias,bf16xbf16_acc_fp32,NA,prepared_execute,separate,row_contiguous,default,auto,auto,auto,0.0,0.0,1.0,1.0,,,1.0,0.0,3176.5518407072786,3171.148249913875,3182.7196136212233,0.0019502341690851026,10.56316209608243,1722.234172816963,,0.5421709637307531,TokenDynamic,1195.7183675034546,1195.2376068006547,2.6566053738386697,2.6576739408410144,ok,,benchmarks/ops/matmul-otherlibs/results/raw/x86/local-x86_MatmulOtherlibsLIBXSMMBench_baseline-default.json
baseline-default,local-x86,Native,Intel Xeon w9-3495X,GCC 13.3.0,OpenBLAS,e0166008be8e466242aa76b2ff75ce3f0fbf574a,AVX-512+AMX-BF16,,L01_qkv_decode,llm,qkv,4096x1x4096,1,1,0,bias,bf16xbf16_acc_fp32,NA,raw_e2e,separate,row_contiguous,default,auto,auto,auto,0.0,1.0,0.0,1.0,,,,,1722.234172816963,1719.1795678953006,1727.0795802260966,0.0020260194549888964,19.48308338645776,1722.234172816963,1.0,1.0,TokenDynamic,1195.7183675034546,1195.2376068006547,1.4403342957864091,1.4409136417878814,ok,,benchmarks/ops/matmul-otherlibs/results/raw/x86/local-x86_MatmulOtherlibsOpenBLASBench_baseline-default.json
baseline-default,local-x86,Native,Intel Xeon w9-3495X,GCC 13.3.0,oneDNN,0e2a5bfeef1bfbffc3137464606540233086ce9b,AVX-512+AMX-BF16,,L01_qkv_decode,llm,qkv,4096x1x4096,1,1,0,bias,bf16xbf16_acc_fp32,NA,raw_e2e,native_fused,row_contiguous,default,auto,auto,auto,1.0,1.0,0.0,1.0,,,,,934.1917066679647,933.1897199735977,935.8124920011809,0.0012245318793921314,35.918143739126656,1722.234172816963,1.8435554078720682,1.8435554078720682,TokenDynamic,1195.7183675034546,1195.2376068006547,0.7812807196551371,0.7815949743821706,ok,,benchmarks/ops/matmul-otherlibs/results/raw/x86/local-x86_MatmulOtherlibsOneDNNBench_baseline-default.json
baseline-default,local-x86,Native,Intel Xeon w9-3495X,GCC 13.3.0,vecops,c4d4daf287d3552c42830f35a16f09783c323b88+benchmark-worktree,AVX-512+AMX-BF16,,L01_qkv_decode,llm,qkv,4096x1x4096,1,1,0,bias,bf16xbf16_acc_fp32,AllConst,raw_e2e,native_fused,row_contiguous,default,auto,auto,auto,0.0,1.0,0.0,1.0,,,,,1195.2376068006547,1193.2022734515322,1197.7586563394016,0.001758168588091186,28.073440635637823,1722.234172816963,1.4409136417878814,1.4409136417878814,TokenDynamic,1195.7183675034546,1195.2376068006547,0.999597931489667,1.0,ok,,benchmarks/ops/matmul-otherlibs/results/raw/x86/local-x86_MatmulOtherlibsVecopsBiasBench_baseline-default.json
baseline-default,local-x86,Native,Intel Xeon w9-3495X,GCC 13.3.0,vecops,c4d4daf287d3552c42830f35a16f09783c323b88+benchmark-worktree,AVX-512+AMX-BF16,,L01_qkv_decode,llm,qkv,4096x1x4096,1,1,0,bias,bf16xbf16_acc_fp32,TokenDynamic,raw_e2e,native_fused,row_contiguous,default,auto,auto,auto,0.0,1.0,0.0,1.0,,,,,1195.7183675034546,1188.3193521032063,1197.9789640774363,0.004015289205952754,28.062153189181526,1722.234172816963,1.4403342957864091,1.4403342957864091,TokenDynamic,1195.7183675034546,1195.2376068006547,1.0,1.0004022302344442,ok,,benchmarks/ops/matmul-otherlibs/results/raw/x86/local-x86_MatmulOtherlibsVecopsBiasBench_baseline-default.json
baseline-default,local-x86,Native,Intel Xeon w9-3495X,GCC 13.3.0,LIBXSMM,3668d249637792dcc988414eb3d2a374033743df,AVX-512+AMX-BF16,,L01_qkv_decode,llm,qkv,4096x1x4096,1,1,0,bias_relu,bf16xbf16_acc_fp32,NA,prepared_execute,separate,row_contiguous,default,auto,auto,auto,0.0,0.0,1.0,1.0,,,1.0,0.0,3177.417772597189,3173.519940835169,3181.68920004444,0.0013091938384928552,10.56028335001505,1719.6353333412935,,0.5412052982682479,TokenDynamic,1196.1326120493547,1202.0058706623568,2.6564092815371567,2.6434294957696802,ok,,benchmarks/ops/matmul-otherlibs/results/raw/x86/local-x86_MatmulOtherlibsLIBXSMMBench_baseline-default.json
baseline-default,local-x86,Native,Intel Xeon w9-3495X,GCC 13.3.0,OpenBLAS,e0166008be8e466242aa76b2ff75ce3f0fbf574a,AVX-512+AMX-BF16,,L01_qkv_decode,llm,qkv,4096x1x4096,1,1,0,bias_relu,bf16xbf16_acc_fp32,NA,raw_e2e,separate,row_contiguous,default,auto,auto,auto,0.0,1.0,0.0,1.0,,,,,1719.6353333412935,1711.5770665609657,1723.8805901595495,0.003991827218952287,19.512527655966988,1719.6353333412935,1.0,1.0,TokenDynamic,1196.1326120493547,1202.0058706623568,1.437662777536859,1.430638048709114,ok,,benchmarks/ops/matmul-otherlibs/results/raw/x86/local-x86_MatmulOtherlibsOpenBLASBench_baseline-default.json
baseline-default,local-x86,Native,Intel Xeon w9-3495X,GCC 13.3.0,oneDNN,0e2a5bfeef1bfbffc3137464606540233086ce9b,AVX-512+AMX-BF16,,L01_qkv_decode,llm,qkv,4096x1x4096,1,1,0,bias_relu,bf16xbf16_acc_fp32,NA,raw_e2e,native_fused,row_contiguous,default,auto,auto,auto,1.0,1.0,0.0,1.0,,,,,935.3522133703034,934.927700009818,936.2417173300249,0.0007919030514434358,35.873579514068986,1719.6353333412935,1.838489617878837,1.838489617878837,TokenDynamic,1196.1326120493547,1202.0058706623568,0.7819803623343637,0.7781594384850086,ok,,benchmarks/ops/matmul-otherlibs/results/raw/x86/local-x86_MatmulOtherlibsOneDNNBench_baseline-default.json
baseline-default,local-x86,Native,Intel Xeon w9-3495X,GCC 13.3.0,vecops,c4d4daf287d3552c42830f35a16f09783c323b88+benchmark-worktree,AVX-512+AMX-BF16,,L01_qkv_decode,llm,qkv,4096x1x4096,1,1,0,bias_relu,bf16xbf16_acc_fp32,AllConst,raw_e2e,native_fused,row_contiguous,default,auto,auto,auto,0.0,1.0,0.0,1.0,,,,,1202.0058706623568,1200.8597638010415,1205.8505293429462,0.002484954061641867,27.91536449111523,1719.6353333412935,1.430638048709114,1.430638048709114,TokenDynamic,1196.1326120493547,1202.0058706623568,1.0049102069066902,1.0,ok,,benchmarks/ops/matmul-otherlibs/results/raw/x86/local-x86_MatmulOtherlibsVecopsBiasReluBench_baseline-default.json
baseline-default,local-x86,Native,Intel Xeon w9-3495X,GCC 13.3.0,vecops,c4d4daf287d3552c42830f35a16f09783c323b88+benchmark-worktree,AVX-512+AMX-BF16,,L01_qkv_decode,llm,qkv,4096x1x4096,1,1,0,bias_relu,bf16xbf16_acc_fp32,TokenDynamic,raw_e2e,native_fused,row_contiguous,default,auto,auto,auto,0.0,1.0,0.0,1.0,,,,,1196.1326120493547,1193.7141172830738,1200.8889293015116,0.0029170829281866583,28.052434706642277,1719.6353333412935,1.437662777536859,1.437662777536859,TokenDynamic,1196.1326120493547,1202.0058706623568,1.0,0.9951137854178985,ok,,benchmarks/ops/matmul-otherlibs/results/raw/x86/local-x86_MatmulOtherlibsVecopsBiasReluBench_baseline-default.json
baseline-default,local-x86,Native,Intel Xeon w9-3495X,GCC 13.3.0,LIBXSMM,3668d249637792dcc988414eb3d2a374033743df,AVX-512+AMX-BF16,,L01_qkv_decode,llm,qkv,4096x1x4096,1,1,0,gemm,bf16xbf16_acc_fp32,NA,prepared_execute,native,row_contiguous,default,auto,auto,auto,0.0,0.0,1.0,1.0,,,1.0,0.0,3172.491113549437,3169.84364538009,3176.690781798574,0.0009622993573520839,10.57668273890253,1718.3175309414594,,0.541630368514721,TokenDynamic,940.5674026488333,940.3443020602826,3.3729545640376677,3.37375481150739,ok,,benchmarks/ops/matmul-otherlibs/results/raw/x86/local-x86_MatmulOtherlibsLIBXSMMBench_baseline-default.json
baseline-default,local-x86,Native,Intel Xeon w9-3495X,GCC 13.3.0,OpenBLAS,e0166008be8e466242aa76b2ff75ce3f0fbf574a,AVX-512+AMX-BF16,,L01_qkv_decode,llm,qkv,4096x1x4096,1,1,0,gemm,bf16xbf16_acc_fp32,NA,raw_e2e,native,row_contiguous,default,auto,auto,auto,0.0,1.0,0.0,1.0,,,,,1718.3175309414594,1715.491730849155,1724.9888370394199,0.002872497987295807,19.527492093743383,1718.3175309414594,1.0,1.0,TokenDynamic,940.5674026488333,940.3443020602826,1.8268946235031323,1.827328061835061,ok,,benchmarks/ops/matmul-otherlibs/results/raw/x86/local-x86_MatmulOtherlibsOpenBLASBench_baseline-default.json
baseline-default,local-x86,Native,Intel Xeon w9-3495X,GCC 13.3.0,oneDNN,0e2a5bfeef1bfbffc3137464606540233086ce9b,AVX-512+AMX-BF16,,L01_qkv_decode,llm,qkv,4096x1x4096,1,1,0,gemm,bf16xbf16_acc_fp32,NA,raw_e2e,native,row_contiguous,default,auto,auto,auto,1.0,1.0,0.0,1.0,,,,,932.3062399441067,931.871993370199,933.5184613786017,0.0008487018732993089,35.99078345974778,1718.3175309414594,1.8430827311039724,1.8430827311039724,TokenDynamic,940.5674026488333,940.3443020602826,0.9912168307327455,0.9914520010398694,ok,,benchmarks/ops/matmul-otherlibs/results/raw/x86/local-x86_MatmulOtherlibsOneDNNBench_baseline-default.json
baseline-default,local-x86,Native,Intel Xeon w9-3495X,GCC 13.3.0,vecops,c4d4daf287d3552c42830f35a16f09783c323b88+benchmark-worktree,AVX-512+AMX-BF16,,L01_qkv_decode,llm,qkv,4096x1x4096,1,1,0,gemm,bf16xbf16_acc_fp32,AllConst,raw_e2e,native,row_contiguous,default,auto,auto,auto,0.0,1.0,0.0,1.0,,,,,940.3443020602826,939.856150368035,940.8745007205055,0.0005830735607606323,35.68313428015957,1718.3175309414594,1.827328061835061,1.827328061835061,TokenDynamic,940.5674026488333,940.3443020602826,0.9997628021256931,1.0,ok,,benchmarks/ops/matmul-otherlibs/results/raw/x86/local-x86_MatmulOtherlibsVecopsLLMBench_baseline-default.json
baseline-default,local-x86,Native,Intel Xeon w9-3495X,GCC 13.3.0,vecops,c4d4daf287d3552c42830f35a16f09783c323b88+benchmark-worktree,AVX-512+AMX-BF16,,L01_qkv_decode,llm,qkv,4096x1x4096,1,1,0,gemm,bf16xbf16_acc_fp32,TokenDynamic,raw_e2e,native,row_contiguous,default,auto,auto,auto,0.0,1.0,0.0,1.0,,,,,940.5674026488333,940.0317221747137,942.2830026674917,0.0012212651064920426,35.67467031655971,1718.3175309414594,1.8268946235031323,1.8268946235031323,TokenDynamic,940.5674026488333,940.3443020602826,1.0,1.0002372541504871,ok,,benchmarks/ops/matmul-otherlibs/results/raw/x86/local-x86_MatmulOtherlibsVecopsLLMBench_baseline-default.json
baseline-default,local-x86,Native,Intel Xeon w9-3495X,GCC 13.3.0,LIBXSMM,3668d249637792dcc988414eb3d2a374033743df,AVX-512+AMX-BF16,,L01_qkv_decode,llm,qkv,4096x1x4096,1,1,0,gemm_add,bf16xbf16_acc_fp32,NA,prepared_execute,native,row_contiguous,default,auto,auto,auto,0.0,0.0,1.0,1.0,,,1.0,0.0,3172.089409252459,3169.797000009566,3176.3640272071243,0.0009662193050341793,10.578022139643126,1717.5581358318548,,0.5414595600054722,TokenDynamic,1173.9411596512077,1185.0339406164032,2.702085520363666,2.6767920314606988,ok,,benchmarks/ops/matmul-otherlibs/results/raw/x86/local-x86_MatmulOtherlibsLIBXSMMBench_baseline-default.json
baseline-default,local-x86,Native,Intel Xeon w9-3495X,GCC 13.3.0,OpenBLAS,e0166008be8e466242aa76b2ff75ce3f0fbf574a,AVX-512+AMX-BF16,,L01_qkv_decode,llm,qkv,4096x1x4096,1,1,0,gemm_add,bf16xbf16_acc_fp32,NA,raw_e2e,native,row_contiguous,default,auto,auto,auto,0.0,1.0,0.0,1.0,,,,,1717.5581358318548,1715.669733325571,1723.5719901006553,0.002066819031236237,19.536125910374952,1717.5581358318548,1.0,1.0,TokenDynamic,1173.9411596512077,1185.0339406164032,1.463070036953268,1.449374635580864,ok,,benchmarks/ops/matmul-otherlibs/results/raw/x86/local-x86_MatmulOtherlibsOpenBLASBench_baseline-default.json
baseline-default,local-x86,Native,Intel Xeon w9-3495X,GCC 13.3.0,oneDNN,0e2a5bfeef1bfbffc3137464606540233086ce9b,AVX-512+AMX-BF16,,L01_qkv_decode,llm,qkv,4096x1x4096,1,1,0,gemm_add,bf16xbf16_acc_fp32,NA,raw_e2e,native,row_contiguous,default,auto,auto,auto,1.0,1.0,0.0,1.0,,,,,934.3154800202076,933.8707266724668,934.4258133399613,0.0003107113424053996,35.91338548653211,1717.5581358318548,1.8383064099448583,1.8383064099448583,TokenDynamic,1173.9411596512077,1185.0339406164032,0.7958793099117542,0.7884292997837827,ok,,benchmarks/ops/matmul-otherlibs/results/raw/x86/local-x86_MatmulOtherlibsOneDNNBench_baseline-default.json
baseline-default,local-x86,Native,Intel Xeon w9-3495X,GCC 13.3.0,vecops,c4d4daf287d3552c42830f35a16f09783c323b88+benchmark-worktree,AVX-512+AMX-BF16,,L01_qkv_decode,llm,qkv,4096x1x4096,1,1,0,gemm_add,bf16xbf16_acc_fp32,AllConst,raw_e2e,native,row_contiguous,default,auto,auto,auto,0.0,1.0,0.0,1.0,,,,,1185.0339406164032,1183.576169458289,1186.2458033986404,0.0011392546395143453,28.315165372011574,1717.5581358318548,1.449374635580864,1.449374635580864,TokenDynamic,1173.9411596512077,1185.0339406164032,1.0094491796918437,1.0,ok,,benchmarks/ops/matmul-otherlibs/results/raw/x86/local-x86_MatmulOtherlibsVecopsLLMBench_baseline-default.json
baseline-default,local-x86,Native,Intel Xeon w9-3495X,GCC 13.3.0,vecops,c4d4daf287d3552c42830f35a16f09783c323b88+benchmark-worktree,AVX-512+AMX-BF16,,L01_qkv_decode,llm,qkv,4096x1x4096,1,1,0,gemm_add,bf16xbf16_acc_fp32,TokenDynamic,raw_e2e,native,row_contiguous,default,auto,auto,auto,0.0,1.0,0.0,1.0,,,,,1173.9411596512077,1172.593796572906,1175.8006185179715,0.0013115462007142395,28.582720457615977,1717.5581358318548,1.463070036953268,1.463070036953268,TokenDynamic,1173.9411596512077,1185.0339406164032,1.0,0.9906392715136703,ok,,benchmarks/ops/matmul-otherlibs/results/raw/x86/local-x86_MatmulOtherlibsVecopsLLMBench_baseline-default.json
baseline-default,local-x86,Native,Intel Xeon w9-3495X,GCC 13.3.0,LIBXSMM,3668d249637792dcc988414eb3d2a374033743df,AVX-512+AMX-BF16,,L02_qkv_batch4,llm,qkv,4096x4x4096,1,4,0,bias,bf16xbf16_acc_fp32,NA,prepared_execute,separate,row_contiguous,default,auto,auto,auto,0.0,0.0,1.0,1.0,,,1.0,0.0,3183.3040679471605,3177.6821455754216,3186.9344544909177,0.0013564840266317305,42.16302468603131,1724.283012236687,,0.5416645646888006,TokenDynamic,1231.851675440435,1228.1209561287574,2.5841618203011376,2.592011847091566,ok,,benchmarks/ops/matmul-otherlibs/results/raw/x86/local-x86_MatmulOtherlibsLIBXSMMBench_baseline-default.json
baseline-default,local-x86,Native,Intel Xeon w9-3495X,GCC 13.3.0,OpenBLAS,e0166008be8e466242aa76b2ff75ce3f0fbf574a,AVX-512+AMX-BF16,,L02_qkv_batch4,llm,qkv,4096x4x4096,1,4,0,bias,bf16xbf16_acc_fp32,NA,raw_e2e,separate,row_contiguous,default,auto,auto,auto,0.0,1.0,0.0,1.0,,,,,1724.283012236687,1722.3938666844601,1727.4794320397675,0.0014071978382414673,77.83973225247803,1724.283012236687,1.0,1.0,TokenDynamic,1231.851675440435,1228.1209561287574,1.3997488874788344,1.4040009688230672,ok,,benchmarks/ops/matmul-otherlibs/results/raw/x86/local-x86_MatmulOtherlibsOpenBLASBench_baseline-default.json
baseline-default,local-x86,Native,Intel Xeon w9-3495X,GCC 13.3.0,oneDNN,0e2a5bfeef1bfbffc3137464606540233086ce9b,AVX-512+AMX-BF16,,L02_qkv_batch4,llm,qkv,4096x4x4096,1,4,0,bias,bf16xbf16_acc_fp32,NA,raw_e2e,native_fused,row_contiguous,default,auto,auto,auto,1.0,1.0,0.0,1.0,,,,,1590.81143672289,1589.781278142192,1596.8424344673515,0.0024729962191717336,84.37060791849207,1724.283012236687,1.083901568993464,1.083901568993464,TokenDynamic,1231.851675440435,1228.1209561287574,1.2913985250327422,1.2953214655154113,ok,,benchmarks/ops/matmul-otherlibs/results/raw/x86/local-x86_MatmulOtherlibsOneDNNBench_baseline-default.json
baseline-default,local-x86,Native,Intel Xeon w9-3495X,GCC 13.3.0,vecops,c4d4daf287d3552c42830f35a16f09783c323b88+benchmark-worktree,AVX-512+AMX-BF16,,L02_qkv_batch4,llm,qkv,4096x4x4096,1,4,0,bias,bf16xbf16_acc_fp32,AllConst,raw_e2e,native_fused,row_contiguous,default,auto,auto,auto,0.0,1.0,0.0,1.0,,,,,1228.1209561287574,1225.3725105486076,1230.0895491518945,0.0018648412610244526,109.28705949540729,1724.283012236687,1.4040009688230672,1.4040009688230672,TokenDynamic,1231.851675440435,1228.1209561287574,0.9969714541238549,1.0,ok,,benchmarks/ops/matmul-otherlibs/results/raw/x86/local-x86_MatmulOtherlibsVecopsBiasBench_baseline-default.json
baseline-default,local-x86,Native,Intel Xeon w9-3495X,GCC 13.3.0,vecops,c4d4daf287d3552c42830f35a16f09783c323b88+benchmark-worktree,AVX-512+AMX-BF16,,L02_qkv_batch4,llm,qkv,4096x4x4096,1,4,0,bias,bf16xbf16_acc_fp32,TokenDynamic,raw_e2e,native_fused,row_contiguous,default,auto,auto,auto,0.0,1.0,0.0,1.0,,,,,1231.851675440435,1228.195996475079,1234.0484351162766,0.0020689062056933262,108.95607862205644,1724.283012236687,1.3997488874788344,1.3997488874788344,TokenDynamic,1231.851675440435,1228.1209561287574,1.0,1.0030377458287476,ok,,benchmarks/ops/matmul-otherlibs/results/raw/x86/local-x86_MatmulOtherlibsVecopsBiasBench_baseline-default.json
baseline-default,local-x86,Native,Intel Xeon w9-3495X,GCC 13.3.0,LIBXSMM,3668d249637792dcc988414eb3d2a374033743df,AVX-512+AMX-BF16,,L02_qkv_batch4,llm,qkv,4096x4x4096,1,4,0,bias_relu,bf16xbf16_acc_fp32,NA,prepared_execute,separate,row_contiguous,default,auto,auto,auto,0.0,0.0,1.0,1.0,,,1.0,0.0,3177.7958181258077,3176.810863607732,3181.8017364209727,0.000751754761341953,42.23610819626498,1723.2971727980278,,0.5422932345018912,TokenDynamic,1238.3181859318795,1234.3925221996235,2.566219130291138,2.5743803214743557,ok,,benchmarks/ops/matmul-otherlibs/results/raw/x86/local-x86_MatmulOtherlibsLIBXSMMBench_baseline-default.json
baseline-default,local-x86,Native,Intel Xeon w9-3495X,GCC 13.3.0,OpenBLAS,e0166008be8e466242aa76b2ff75ce3f0fbf574a,AVX-512+AMX-BF16,,L02_qkv_batch4,llm,qkv,4096x4x4096,1,4,0,bias_relu,bf16xbf16_acc_fp32,NA,raw_e2e,separate,row_contiguous,default,auto,auto,auto,0.0,1.0,0.0,1.0,,,,,1723.2971727980278,1721.3523704098698,1726.63920984408,0.0016206887511617256,77.88426170402036,1723.2971727980278,1.0,1.0,TokenDynamic,1238.3181859318795,1234.3925221996235,1.3916432726062113,1.3960690313703468,ok,,benchmarks/ops/matmul-otherlibs/results/raw/x86/local-x86_MatmulOtherlibsOpenBLASBench_baseline-default.json
baseline-default,local-x86,Native,Intel Xeon w9-3495X,GCC 13.3.0,oneDNN,0e2a5bfeef1bfbffc3137464606540233086ce9b,AVX-512+AMX-BF16,,L02_qkv_batch4,llm,qkv,4096x4x4096,1,4,0,bias_relu,bf16xbf16_acc_fp32,NA,raw_e2e,native_fused,row_contiguous,default,auto,auto,auto,1.0,1.0,0.0,1.0,,,,,1574.5198111593104,1569.666802242864,1578.0516156034232,0.002675409049362295,85.24359430014171,1723.2971727980278,1.0944906253857634,1.0944906253857634,TokenDynamic,1238.3181859318795,1234.3925221996235,1.2714985768980103,1.2755422467673392,ok,,benchmarks/ops/matmul-otherlibs/results/raw/x86/local-x86_MatmulOtherlibsOneDNNBench_baseline-default.json
baseline-default,local-x86,Native,Intel Xeon w9-3495X,GCC 13.3.0,vecops,c4d4daf287d3552c42830f35a16f09783c323b88+benchmark-worktree,AVX-512+AMX-BF16,,L02_qkv_batch4,llm,qkv,4096x4x4096,1,4,0,bias_relu,bf16xbf16_acc_fp32,AllConst,raw_e2e,native_fused,row_contiguous,default,auto,auto,auto,0.0,1.0,0.0,1.0,,,,,1234.3925221996235,1233.480723968303,1236.1995133301407,0.001006579836398078,108.73180579612631,1723.2971727980278,1.3960690313703468,1.3960690313703468,TokenDynamic,1238.3181859318795,1234.3925221996235,0.9968298424614496,1.0,ok,,benchmarks/ops/matmul-otherlibs/results/raw/x86/local-x86_MatmulOtherlibsVecopsBiasReluBench_baseline-default.json
baseline-default,local-x86,Native,Intel Xeon w9-3495X,GCC 13.3.0,vecops,c4d4daf287d3552c42830f35a16f09783c323b88+benchmark-worktree,AVX-512+AMX-BF16,,L02_qkv_batch4,llm,qkv,4096x4x4096,1,4,0,bias_relu,bf16xbf16_acc_fp32,TokenDynamic,raw_e2e,native_fused,row_contiguous,default,auto,auto,auto,0.0,1.0,0.0,1.0,,,,,1238.3181859318795,1237.0986973947179,1239.3325858541345,0.0008865934733942209,108.38710884230152,1723.2971727980278,1.3916432726062113,1.3916432726062113,TokenDynamic,1238.3181859318795,1234.3925221996235,1.0,1.0031802393984537,ok,,benchmarks/ops/matmul-otherlibs/results/raw/x86/local-x86_MatmulOtherlibsVecopsBiasReluBench_baseline-default.json
baseline-default,local-x86,Native,Intel Xeon w9-3495X,GCC 13.3.0,LIBXSMM,3668d249637792dcc988414eb3d2a374033743df,AVX-512+AMX-BF16,,L02_qkv_batch4,llm,qkv,4096x4x4096,1,4,0,gemm,bf16xbf16_acc_fp32,NA,prepared_execute,native,row_contiguous,default,auto,auto,auto,0.0,0.0,1.0,1.0,,,1.0,0.0,3178.714931974272,3176.610886426219,3184.720918282189,0.0015096171425353036,42.22389577936721,1724.8402963346446,,0.5426218875384844,TokenDynamic,1201.1639913092447,1189.008444442183,2.6463621578511827,2.6734166160321506,ok,,benchmarks/ops/matmul-otherlibs/results/raw/x86/local-x86_MatmulOtherlibsLIBXSMMBench_baseline-default.json
baseline-default,local-x86,Native,Intel Xeon w9-3495X,GCC 13.3.0,OpenBLAS,e0166008be8e466242aa76b2ff75ce3f0fbf574a,AVX-512+AMX-BF16,,L02_qkv_batch4,llm,qkv,4096x4x4096,1,4,0,gemm,bf16xbf16_acc_fp32,NA,raw_e2e,native,row_contiguous,default,auto,auto,auto,0.0,1.0,0.0,1.0,,,,,1724.8402963346446,1723.0302295546953,1727.8403630494543,0.0014683960148804828,77.81458276758615,1724.8402963346446,1.0,1.0,TokenDynamic,1201.1639913092447,1189.008444442183,1.4359740292036254,1.4506543703681132,ok,,benchmarks/ops/matmul-otherlibs/results/raw/x86/local-x86_MatmulOtherlibsOpenBLASBench_baseline-default.json
baseline-default,local-x86,Native,Intel Xeon w9-3495X,GCC 13.3.0,oneDNN,0e2a5bfeef1bfbffc3137464606540233086ce9b,AVX-512+AMX-BF16,,L02_qkv_batch4,llm,qkv,4096x4x4096,1,4,0,gemm,bf16xbf16_acc_fp32,NA,raw_e2e,native,row_contiguous,default,auto,auto,auto,1.0,1.0,0.0,1.0,,,,,1593.1566590138987,1589.6032385419608,1593.8990727260134,0.0013012159621397775,84.24640931612808,1724.8402963346446,1.082655799463094,1.082655799463094,TokenDynamic,1201.1639913092447,1189.008444442183,1.3263440050990787,1.3399035696178925,ok,,benchmarks/ops/matmul-otherlibs/results/raw/x86/local-x86_MatmulOtherlibsOneDNNBench_baseline-default.json
baseline-default,local-x86,Native,Intel Xeon w9-3495X,GCC 13.3.0,vecops,c4d4daf287d3552c42830f35a16f09783c323b88+benchmark-worktree,AVX-512+AMX-BF16,,L02_qkv_batch4,llm,qkv,4096x4x4096,1,4,0,gemm,bf16xbf16_acc_fp32,AllConst,raw_e2e,native,row_contiguous,default,auto,auto,auto,0.0,1.0,0.0,1.0,,,,,1189.008444442183,1188.5167127893042,1190.5131537942855,0.0008063318663846648,112.88206457017009,1724.8402963346446,1.4506543703681132,1.4506543703681132,TokenDynamic,1201.1639913092447,1189.008444442183,0.9898801937495542,1.0,ok,,benchmarks/ops/matmul-otherlibs/results/raw/x86/local-x86_MatmulOtherlibsVecopsLLMBench_baseline-default.json
baseline-default,local-x86,Native,Intel Xeon w9-3495X,GCC 13.3.0,vecops,c4d4daf287d3552c42830f35a16f09783c323b88+benchmark-worktree,AVX-512+AMX-BF16,,L02_qkv_batch4,llm,qkv,4096x4x4096,1,4,0,gemm,bf16xbf16_acc_fp32,TokenDynamic,raw_e2e,native,row_contiguous,default,auto,auto,auto,0.0,1.0,0.0,1.0,,,,,1201.1639913092447,1199.7169896795672,1202.2838069493318,0.0009809958216905304,111.73971994756967,1724.8402963346446,1.4359740292036254,1.4359740292036254,TokenDynamic,1201.1639913092447,1189.008444442183,1.0,1.01022326369832,ok,,benchmarks/ops/matmul-otherlibs/results/raw/x86/local-x86_MatmulOtherlibsVecopsLLMBench_baseline-default.json
baseline-default,local-x86,Native,Intel Xeon w9-3495X,GCC 13.3.0,LIBXSMM,3668d249637792dcc988414eb3d2a374033743df,AVX-512+AMX-BF16,,L02_qkv_batch4,llm,qkv,4096x4x4096,1,4,0,gemm_add,bf16xbf16_acc_fp32,NA,prepared_execute,native,row_contiguous,default,auto,auto,auto,0.0,0.0,1.0,1.0,,,1.0,0.0,3179.9460911398373,3175.8321954508906,3183.8594227420717,0.00136285780432708,42.207548226671435,1720.3912345540168,,0.5410127043812086,TokenDynamic,1206.3233964376009,1205.047051716347,2.636064342721488,2.6388563721313987,ok,,benchmarks/ops/matmul-otherlibs/results/raw/x86/local-x86_MatmulOtherlibsLIBXSMMBench_baseline-default.json
baseline-default,local-x86,Native,Intel Xeon w9-3495X,GCC 13.3.0,OpenBLAS,e0166008be8e466242aa76b2ff75ce3f0fbf574a,AVX-512+AMX-BF16,,L02_qkv_batch4,llm,qkv,4096x4x4096,1,4,0,gemm_add,bf16xbf16_acc_fp32,NA,raw_e2e,native,row_contiguous,default,auto,auto,auto,0.0,1.0,0.0,1.0,,,,,1720.3912345540168,1717.4879925822793,1726.4169062714861,0.0026473528133033977,78.01581716079468,1720.3912345540168,1.0,1.0,TokenDynamic,1206.3233964376009,1205.047051716347,1.4261442989786255,1.4276548223603933,ok,,benchmarks/ops/matmul-otherlibs/results/raw/x86/local-x86_MatmulOtherlibsOpenBLASBench_baseline-default.json
baseline-default,local-x86,Native,Intel Xeon w9-3495X,GCC 13.3.0,oneDNN,0e2a5bfeef1bfbffc3137464606540233086ce9b,AVX-512+AMX-BF16,,L02_qkv_batch4,llm,qkv,4096x4x4096,1,4,0,gemm_add,bf16xbf16_acc_fp32,NA,raw_e2e,native,row_contiguous,default,auto,auto,auto,1.0,1.0,0.0,1.0,,,,,1591.773840945362,1589.4557364266475,1597.296461378309,0.0021559437935189498,84.31959650768444,1720.3912345540168,1.080801298714815,1.080801298714815,TokenDynamic,1206.3233964376009,1205.047051716347,1.3195249678867513,1.3209225637108533,ok,,benchmarks/ops/matmul-otherlibs/results/raw/x86/local-x86_MatmulOtherlibsOneDNNBench_baseline-default.json
baseline-default,local-x86,Native,Intel Xeon w9-3495X,GCC 13.3.0,vecops,c4d4daf287d3552c42830f35a16f09783c323b88+benchmark-worktree,AVX-512+AMX-BF16,,L02_qkv_batch4,llm,qkv,4096x4x4096,1,4,0,gemm_add,bf16xbf16_acc_fp32,AllConst,raw_e2e,native,row_contiguous,default,auto,auto,auto,0.0,1.0,0.0,1.0,,,,,1205.047051716347,1203.151306856006,1207.009670705984,0.0015201915620646164,111.37965758999523,1720.3912345540168,1.4276548223603933,1.4276548223603933,TokenDynamic,1206.3233964376009,1205.047051716347,0.9989419547651789,1.0,ok,,benchmarks/ops/matmul-otherlibs/results/raw/x86/local-x86_MatmulOtherlibsVecopsLLMBench_baseline-default.json
baseline-default,local-x86,Native,Intel Xeon w9-3495X,GCC 13.3.0,vecops,c4d4daf287d3552c42830f35a16f09783c323b88+benchmark-worktree,AVX-512+AMX-BF16,,L02_qkv_batch4,llm,qkv,4096x4x4096,1,4,0,gemm_add,bf16xbf16_acc_fp32,TokenDynamic,raw_e2e,native,row_contiguous,default,auto,auto,auto,0.0,1.0,0.0,1.0,,,,,1206.3233964376009,1204.7593172234162,1207.1781655761479,0.0010131548411748772,111.26181287402613,1720.3912345540168,1.4261442989786255,1.4261442989786255,TokenDynamic,1206.3233964376009,1205.047051716347,1.0,1.0010591658802335,ok,,benchmarks/ops/matmul-otherlibs/results/raw/x86/local-x86_MatmulOtherlibsVecopsLLMBench_baseline-default.json
baseline-default,local-x86,Native,Intel Xeon w9-3495X,GCC 13.3.0,LIBXSMM,3668d249637792dcc988414eb3d2a374033743df,AVX-512+AMX-BF16,,L03_qkv_prefill,llm,qkv,4096x128x4096,1,128,0,bias,bf16xbf16_acc_fp32,NA,prepared_execute,separate,row_contiguous,default,auto,auto,auto,0.0,0.0,1.0,1.0,,,1.0,0.0,15794.125890048843,15745.734822121449,15844.502111819264,0.0033598454442888143,271.93447272103,3754.624324092466,,0.2377228312747642,TokenDynamic,6951.9439501164015,6362.265272235329,2.2719006372001016,2.4824689342919695,ok,,benchmarks/ops/matmul-otherlibs/results/raw/x86/local-x86_MatmulOtherlibsLIBXSMMBench_baseline-default.json
baseline-default,local-x86,Native,Intel Xeon w9-3495X,GCC 13.3.0,OpenBLAS,e0166008be8e466242aa76b2ff75ce3f0fbf574a,AVX-512+AMX-BF16,,L03_qkv_prefill,llm,qkv,4096x128x4096,1,128,0,bias,bf16xbf16_acc_fp32,NA,raw_e2e,separate,row_contiguous,default,auto,auto,auto,0.0,1.0,0.0,1.0,,,,,3754.624324092466,3747.8591674919926,3758.696313613925,0.0012612781101712584,1143.9139911922189,3754.624324092466,1.0,1.0,TokenDynamic,6951.9439501164015,6362.265272235329,0.540082651850149,0.5901395436115335,ok,,benchmarks/ops/matmul-otherlibs/results/raw/x86/local-x86_MatmulOtherlibsOpenBLASBench_baseline-default.json
baseline-default,local-x86,Native,Intel Xeon w9-3495X,GCC 13.3.0,oneDNN,0e2a5bfeef1bfbffc3137464606540233086ce9b,AVX-512+AMX-BF16,,L03_qkv_prefill,llm,qkv,4096x128x4096,1,128,0,bias,bf16xbf16_acc_fp32,NA,raw_e2e,native_fused,row_contiguous,default,auto,auto,auto,1.0,1.0,0.0,1.0,,,,,5571.949080331251,5565.324304276146,5573.949672281742,0.000986173290772944,770.8195523826763,3754.624324092466,0.6738439763109347,0.6738439763109347,TokenDynamic,6951.9439501164015,6362.265272235329,0.8014951099020232,0.8757806916110547,ok,,benchmarks/ops/matmul-otherlibs/results/raw/x86/local-x86_MatmulOtherlibsOneDNNBench_baseline-default.json
baseline-default,local-x86,Native,Intel Xeon w9-3495X,GCC 13.3.0,vecops,c4d4daf287d3552c42830f35a16f09783c323b88+benchmark-worktree,AVX-512+AMX-BF16,,L03_qkv_prefill,llm,qkv,4096x128x4096,1,128,0,bias,bf16xbf16_acc_fp32,AllConst,raw_e2e,native_fused,row_contiguous,default,auto,auto,auto,0.0,1.0,0.0,1.0,,,,,6362.265272235329,6354.984081752428,6371.943154425191,0.0012530823048665242,675.0688806930239,3754.624324092466,0.5901395436115335,0.5901395436115335,TokenDynamic,6951.9439501164015,6362.265272235329,0.915177872245187,1.0,ok,,benchmarks/ops/matmul-otherlibs/results/raw/x86/local-x86_MatmulOtherlibsVecopsBiasBench_baseline-default.json
baseline-default,local-x86,Native,Intel Xeon w9-3495X,GCC 13.3.0,vecops,c4d4daf287d3552c42830f35a16f09783c323b88+benchmark-worktree,AVX-512+AMX-BF16,,L03_qkv_prefill,llm,qkv,4096x128x4096,1,128,0,bias,bf16xbf16_acc_fp32,TokenDynamic,raw_e2e,native_fused,row_contiguous,default,auto,auto,auto,0.0,1.0,0.0,1.0,,,,,6951.9439501164015,6947.143940051318,6963.29312006128,0.0010199224496105564,617.8081018515816,3754.624324092466,0.540082651850149,0.540082651850149,TokenDynamic,6951.9439501164015,6362.265272235329,1.0,1.092683761624088,ok,,benchmarks/ops/matmul-otherlibs/results/raw/x86/local-x86_MatmulOtherlibsVecopsBiasBench_baseline-default.json
baseline-default,local-x86,Native,Intel Xeon w9-3495X,GCC 13.3.0,LIBXSMM,3668d249637792dcc988414eb3d2a374033743df,AVX-512+AMX-BF16,,L03_qkv_prefill,llm,qkv,4096x128x4096,1,128,0,bias_relu,bf16xbf16_acc_fp32,NA,prepared_execute,separate,row_contiguous,default,auto,auto,auto,0.0,0.0,1.0,1.0,,,1.0,0.0,15760.750889765202,15732.261977650018,15789.961377676163,0.0018258749389611488,272.5103217505384,3751.2085408387657,,0.23800950646804175,TokenDynamic,6876.279599964619,6373.682999930514,2.292046252721646,2.4727854977941366,ok,,benchmarks/ops/matmul-otherlibs/results/raw/x86/local-x86_MatmulOtherlibsLIBXSMMBench_baseline-default.json
baseline-default,local-x86,Native,Intel Xeon w9-3495X,GCC 13.3.0,OpenBLAS,e0166008be8e466242aa76b2ff75ce3f0fbf574a,AVX-512+AMX-BF16,,L03_qkv_prefill,llm,qkv,4096x128x4096,1,128,0,bias_relu,bf16xbf16_acc_fp32,NA,raw_e2e,separate,row_contiguous,default,auto,auto,auto,0.0,1.0,0.0,1.0,,,,,3751.2085408387657,3745.344578291642,3752.6803296468397,0.0009733416319415109,1144.9556187669723,3751.2085408387657,1.0,1.0,TokenDynamic,6876.279599964619,6373.682999930514,0.5455287974122034,0.5885464559313134,ok,,benchmarks/ops/matmul-otherlibs/results/raw/x86/local-x86_MatmulOtherlibsOpenBLASBench_baseline-default.json
baseline-default,local-x86,Native,Intel Xeon w9-3495X,GCC 13.3.0,oneDNN,0e2a5bfeef1bfbffc3137464606540233086ce9b,AVX-512+AMX-BF16,,L03_qkv_prefill,llm,qkv,4096x128x4096,1,128,0,bias_relu,bf16xbf16_acc_fp32,NA,raw_e2e,native_fused,row_contiguous,default,auto,auto,auto,1.0,1.0,0.0,1.0,,,,,5568.096000351943,5564.281519968063,5572.90144788567,0.0007298558509937625,771.3529536359516,3751.2085408387657,0.6736968149618223,0.6736968149618223,TokenDynamic,6876.279599964619,6373.682999930514,0.8097541583941109,0.8736073005847085,ok,,benchmarks/ops/matmul-otherlibs/results/raw/x86/local-x86_MatmulOtherlibsOneDNNBench_baseline-default.json
baseline-default,local-x86,Native,Intel Xeon w9-3495X,GCC 13.3.0,vecops,c4d4daf287d3552c42830f35a16f09783c323b88+benchmark-worktree,AVX-512+AMX-BF16,,L03_qkv_prefill,llm,qkv,4096x128x4096,1,128,0,bias_relu,bf16xbf16_acc_fp32,AllConst,raw_e2e,native_fused,row_contiguous,default,auto,auto,auto,0.0,1.0,0.0,1.0,,,,,6373.682999930514,6352.091054379178,6425.589991109023,0.006665195765639903,673.8595716239455,3751.2085408387657,0.5885464559313134,0.5885464559313134,TokenDynamic,6876.279599964619,6373.682999930514,0.9269086440236242,1.0,ok,,benchmarks/ops/matmul-otherlibs/results/raw/x86/local-x86_MatmulOtherlibsVecopsBiasReluBench_baseline-default.json
baseline-default,local-x86,Native,Intel Xeon w9-3495X,GCC 13.3.0,vecops,c4d4daf287d3552c42830f35a16f09783c323b88+benchmark-worktree,AVX-512+AMX-BF16,,L03_qkv_prefill,llm,qkv,4096x128x4096,1,128,0,bias_relu,bf16xbf16_acc_fp32,TokenDynamic,raw_e2e,native_fused,row_contiguous,default,auto,auto,auto,0.0,1.0,0.0,1.0,,,,,6876.279599964619,6867.018580087461,6889.007889840285,0.0014329507508636648,624.6062617962916,3751.2085408387657,0.5455287974122034,0.5455287974122034,TokenDynamic,6876.279599964619,6373.682999930514,1.0,1.0788549728688397,ok,,benchmarks/ops/matmul-otherlibs/results/raw/x86/local-x86_MatmulOtherlibsVecopsBiasReluBench_baseline-default.json
baseline-default,local-x86,Native,Intel Xeon w9-3495X,GCC 13.3.0,LIBXSMM,3668d249637792dcc988414eb3d2a374033743df,AVX-512+AMX-BF16,,L03_qkv_prefill,llm,qkv,4096x128x4096,1,128,0,gemm,bf16xbf16_acc_fp32,NA,prepared_execute,native,row_contiguous,default,auto,auto,auto,0.0,0.0,1.0,1.0,,,1.0,0.0,15692.114333635092,15659.298710913088,15726.408222366848,0.002558409852942972,273.70226883919645,3691.8575263514767,,0.2352683295480587,TokenDynamic,6744.244047911793,6313.39654567207,2.326741770042235,2.4855264864349884,ok,,benchmarks/ops/matmul-otherlibs/results/raw/x86/local-x86_MatmulOtherlibsLIBXSMMBench_baseline-default.json
baseline-default,local-x86,Native,Intel Xeon w9-3495X,GCC 13.3.0,OpenBLAS,e0166008be8e466242aa76b2ff75ce3f0fbf574a,AVX-512+AMX-BF16,,L03_qkv_prefill,llm,qkv,4096x128x4096,1,128,0,gemm,bf16xbf16_acc_fp32,NA,raw_e2e,native,row_contiguous,default,auto,auto,auto,0.0,1.0,0.0,1.0,,,,,3691.8575263514767,3687.808536817197,3696.347821173013,0.0010306232173751446,1163.3621463839515,3691.8575263514767,1.0,1.0,TokenDynamic,6744.244047911793,6313.39654567207,0.54740864952753,0.5847656645110153,ok,,benchmarks/ops/matmul-otherlibs/results/raw/x86/local-x86_MatmulOtherlibsOpenBLASBench_baseline-default.json
baseline-default,local-x86,Native,Intel Xeon w9-3495X,GCC 13.3.0,oneDNN,0e2a5bfeef1bfbffc3137464606540233086ce9b,AVX-512+AMX-BF16,,L03_qkv_prefill,llm,qkv,4096x128x4096,1,128,0,gemm,bf16xbf16_acc_fp32,NA,raw_e2e,native,row_contiguous,default,auto,auto,auto,1.0,1.0,0.0,1.0,,,,,5569.076079991646,5557.638359954582,5577.787919901311,0.0015801397292026656,771.2172062850401,3691.8575263514767,0.6629210076004232,0.6629210076004232,TokenDynamic,6744.244047911793,6313.39654567207,0.825752455045868,0.8821045913565073,ok,,benchmarks/ops/matmul-otherlibs/results/raw/x86/local-x86_MatmulOtherlibsOneDNNBench_baseline-default.json
baseline-default,local-x86,Native,Intel Xeon w9-3495X,GCC 13.3.0,vecops,c4d4daf287d3552c42830f35a16f09783c323b88+benchmark-worktree,AVX-512+AMX-BF16,,L03_qkv_prefill,llm,qkv,4096x128x4096,1,128,0,gemm,bf16xbf16_acc_fp32,AllConst,raw_e2e,native,row_contiguous,default,auto,auto,auto,0.0,1.0,0.0,1.0,,,,,6313.39654567207,6288.412190968466,6328.357963833367,0.0030412812611406944,680.2942385971725,3691.8575263514767,0.5847656645110153,0.5847656645110153,TokenDynamic,6744.244047911793,6313.39654567207,0.9361162645985319,1.0,ok,,benchmarks/ops/matmul-otherlibs/results/raw/x86/local-x86_MatmulOtherlibsVecopsLLMBench_baseline-default.json
baseline-default,local-x86,Native,Intel Xeon w9-3495X,GCC 13.3.0,vecops,c4d4daf287d3552c42830f35a16f09783c323b88+benchmark-worktree,AVX-512+AMX-BF16,,L03_qkv_prefill,llm,qkv,4096x128x4096,1,128,0,gemm,bf16xbf16_acc_fp32,TokenDynamic,raw_e2e,native,row_contiguous,default,auto,auto,auto,0.0,1.0,0.0,1.0,,,,,6744.244047911793,6729.685676067934,6768.2427234969855,0.002587916920880077,636.8345014634875,3691.8575263514767,0.54740864952753,0.54740864952753,TokenDynamic,6744.244047911793,6313.39654567207,1.0,1.0682433772570608,ok,,benchmarks/ops/matmul-otherlibs/results/raw/x86/local-x86_MatmulOtherlibsVecopsLLMBench_baseline-default.json
baseline-default,local-x86,Native,Intel Xeon w9-3495X,GCC 13.3.0,LIBXSMM,3668d249637792dcc988414eb3d2a374033743df,AVX-512+AMX-BF16,,L03_qkv_prefill,llm,qkv,4096x128x4096,1,128,0,gemm_add,bf16xbf16_acc_fp32,NA,prepared_execute,native,row_contiguous,default,auto,auto,auto,0.0,0.0,1.0,1.0,,,1.0,0.0,15686.270444550448,15620.573911453701,15771.320266584453,0.004626969574600095,273.8042360790809,3597.816333356791,,0.2293608506926326,TokenDynamic,7065.223799872911,6557.082333962344,2.2202085721378864,2.3922637608656463,ok,,benchmarks/ops/matmul-otherlibs/results/raw/x86/local-x86_MatmulOtherlibsLIBXSMMBench_baseline-default.json
baseline-default,local-x86,Native,Intel Xeon w9-3495X,GCC 13.3.0,OpenBLAS,e0166008be8e466242aa76b2ff75ce3f0fbf574a,AVX-512+AMX-BF16,,L03_qkv_prefill,llm,qkv,4096x128x4096,1,128,0,gemm_add,bf16xbf16_acc_fp32,NA,raw_e2e,native,row_contiguous,default,auto,auto,auto,0.0,1.0,0.0,1.0,,,,,3597.816333356791,3593.632004981956,3603.374205069998,0.0012481250659655602,1193.7705813883952,3597.816333356791,1.0,1.0,TokenDynamic,7065.223799872911,6557.082333962344,0.5092289268206208,0.5486916512733013,ok,,benchmarks/ops/matmul-otherlibs/results/raw/x86/local-x86_MatmulOtherlibsOpenBLASBench_baseline-default.json
baseline-default,local-x86,Native,Intel Xeon w9-3495X,GCC 13.3.0,oneDNN,0e2a5bfeef1bfbffc3137464606540233086ce9b,AVX-512+AMX-BF16,,L03_qkv_prefill,llm,qkv,4096x128x4096,1,128,0,gemm_add,bf16xbf16_acc_fp32,NA,raw_e2e,native,row_contiguous,default,auto,auto,auto,1.0,1.0,0.0,1.0,,,,,5519.47511965409,5514.902527909727,5527.674496057443,0.0012850070132843611,778.1477772598727,3597.816333356791,0.6518403028116683,0.6518403028116683,TokenDynamic,7065.223799872911,6557.082333962344,0.7812173083255161,0.8417577877688103,ok,,benchmarks/ops/matmul-otherlibs/results/raw/x86/local-x86_MatmulOtherlibsOneDNNBench_baseline-default.json
baseline-default,local-x86,Native,Intel Xeon w9-3495X,GCC 13.3.0,vecops,c4d4daf287d3552c42830f35a16f09783c323b88+benchmark-worktree,AVX-512+AMX-BF16,,L03_qkv_prefill,llm,qkv,4096x128x4096,1,128,0,gemm_add,bf16xbf16_acc_fp32,AllConst,raw_e2e,native,row_contiguous,default,auto,auto,auto,0.0,1.0,0.0,1.0,,,,,6557.082333962344,6522.143847680474,6579.401419037908,0.0037274173554188816,655.0119515434874,3597.816333356791,0.5486916512733013,0.5486916512733013,TokenDynamic,7065.223799872911,6557.082333962344,0.9280785039081555,1.0,ok,,benchmarks/ops/matmul-otherlibs/results/raw/x86/local-x86_MatmulOtherlibsVecopsLLMBench_baseline-default.json
baseline-default,local-x86,Native,Intel Xeon w9-3495X,GCC 13.3.0,vecops,c4d4daf287d3552c42830f35a16f09783c323b88+benchmark-worktree,AVX-512+AMX-BF16,,L03_qkv_prefill,llm,qkv,4096x128x4096,1,128,0,gemm_add,bf16xbf16_acc_fp32,TokenDynamic,raw_e2e,native,row_contiguous,default,auto,auto,auto,0.0,1.0,0.0,1.0,,,,,7065.223799872911,7055.984129692661,7142.459040042012,0.005646291697934668,607.902512030441,3597.816333356791,0.5092289268206208,0.5092289268206208,TokenDynamic,7065.223799872911,6557.082333962344,1.0,1.0774950564946628,ok,,benchmarks/ops/matmul-otherlibs/results/raw/x86/local-x86_MatmulOtherlibsVecopsLLMBench_baseline-default.json
baseline-default,local-x86,Native,Intel Xeon w9-3495X,GCC 13.3.0,LIBXSMM,3668d249637792dcc988414eb3d2a374033743df,AVX-512+AMX-BF16,,L04_mlp_up_decode,llm,mlp_up,11008x1x4096,1,1,0,bias,bf16xbf16_acc_fp32,NA,prepared_execute,separate,row_contiguous,default,auto,auto,auto,0.0,0.0,1.0,1.0,,,1.0,0.0,10130.802076533797,10052.817984475183,10426.25429198289,0.02117529448093159,8.901322453913126,5130.139259293814,,0.5063902364825457,TokenDynamic,3583.09355253464,3498.9178720234822,2.8273897759011573,2.895410080224314,ok,,benchmarks/ops/matmul-otherlibs/results/raw/x86/local-x86_MatmulOtherlibsLIBXSMMBench_baseline-default.json
baseline-default,local-x86,Native,Intel Xeon w9-3495X,GCC 13.3.0,OpenBLAS,e0166008be8e466242aa76b2ff75ce3f0fbf574a,AVX-512+AMX-BF16,,L04_mlp_up_decode,llm,mlp_up,11008x1x4096,1,1,0,bias,bf16xbf16_acc_fp32,NA,raw_e2e,separate,row_contiguous,default,auto,auto,auto,0.0,1.0,0.0,1.0,,,,,5130.139259293814,5077.331059362257,5418.453540726288,0.030957678795376673,17.57798988334156,5130.139259293814,1.0,1.0,TokenDynamic,3583.09355253464,3498.9178720234822,1.4317625772469187,1.4662073952387369,ok,,benchmarks/ops/matmul-otherlibs/results/raw/x86/local-x86_MatmulOtherlibsOpenBLASBench_baseline-default.json
baseline-default,local-x86,Native,Intel Xeon w9-3495X,GCC 13.3.0,oneDNN,0e2a5bfeef1bfbffc3137464606540233086ce9b,AVX-512+AMX-BF16,,L04_mlp_up_decode,llm,mlp_up,11008x1x4096,1,1,0,bias,bf16xbf16_acc_fp32,NA,raw_e2e,native_fused,row_contiguous,default,auto,auto,auto,1.0,1.0,0.0,1.0,,,,,2821.592339896597,2808.4184240433387,2833.162951981649,0.00426692725382622,31.9598032376657,5130.139259293814,1.8181716709231703,1.8181716709231703,TokenDynamic,3583.09355253464,3498.9178720234822,0.7874738123710542,0.8064185679970886,ok,,benchmarks/ops/matmul-otherlibs/results/raw/x86/local-x86_MatmulOtherlibsOneDNNBench_baseline-default.json
baseline-default,local-x86,Native,Intel Xeon w9-3495X,GCC 13.3.0,vecops,c4d4daf287d3552c42830f35a16f09783c323b88+benchmark-worktree,AVX-512+AMX-BF16,,L04_mlp_up_decode,llm,mlp_up,11008x1x4096,1,1,0,bias,bf16xbf16_acc_fp32,AllConst,raw_e2e,native_fused,row_contiguous,default,auto,auto,auto,0.0,1.0,0.0,1.0,,,,,3498.9178720234822,3490.633030499642,3552.4009535154805,0.008403578954097584,25.77297876038709,5130.139259293814,1.4662073952387369,1.4662073952387369,TokenDynamic,3583.09355253464,3498.9178720234822,0.9765075404041257,1.0,ok,,benchmarks/ops/matmul-otherlibs/results/raw/x86/local-x86_MatmulOtherlibsVecopsBiasBench_baseline-default.json
baseline-default,local-x86,Native,Intel Xeon w9-3495X,GCC 13.3.0,vecops,c4d4daf287d3552c42830f35a16f09783c323b88+benchmark-worktree,AVX-512+AMX-BF16,,L04_mlp_up_decode,llm,mlp_up,11008x1x4096,1,1,0,bias,bf16xbf16_acc_fp32,TokenDynamic,raw_e2e,native_fused,row_contiguous,default,auto,auto,auto,0.0,1.0,0.0,1.0,,,,,3583.09355253464,3546.1448527425277,3619.7617684497104,0.0105252921312948,25.16750809819337,5130.139259293814,1.4317625772469187,1.4317625772469187,TokenDynamic,3583.09355253464,3498.9178720234822,1.0,1.0240576325566846,ok,,benchmarks/ops/matmul-otherlibs/results/raw/x86/local-x86_MatmulOtherlibsVecopsBiasBench_baseline-default.json
baseline-default,local-x86,Native,Intel Xeon w9-3495X,GCC 13.3.0,LIBXSMM,3668d249637792dcc988414eb3d2a374033743df,AVX-512+AMX-BF16,,L04_mlp_up_decode,llm,mlp_up,11008x1x4096,1,1,0,bias_relu,bf16xbf16_acc_fp32,NA,prepared_execute,separate,row_contiguous,default,auto,auto,auto,0.0,0.0,1.0,1.0,,,1.0,0.0,10127.230461176414,10030.36419995344,10185.663461407574,0.007250160062800332,8.90446172284744,5363.358280155808,,0.5295977316519744,TokenDynamic,3586.243161997708,3565.9522749483585,2.8239107064717457,2.839979248270527,ok,,benchmarks/ops/matmul-otherlibs/results/raw/x86/local-x86_MatmulOtherlibsLIBXSMMBench_baseline-default.json
baseline-default,local-x86,Native,Intel Xeon w9-3495X,GCC 13.3.0,OpenBLAS,e0166008be8e466242aa76b2ff75ce3f0fbf574a,AVX-512+AMX-BF16,,L04_mlp_up_decode,llm,mlp_up,11008x1x4096,1,1,0,bias_relu,bf16xbf16_acc_fp32,NA,raw_e2e,separate,row_contiguous,default,auto,auto,auto,0.0,1.0,0.0,1.0,,,,,5363.358280155808,5093.668392044493,5563.139320001938,0.03961272459896325,16.813632669973394,5363.358280155808,1.0,1.0,TokenDynamic,3586.243161997708,3565.9522749483585,1.495536704535161,1.5040465678227506,ok,,benchmarks/ops/matmul-otherlibs/results/raw/x86/local-x86_MatmulOtherlibsOpenBLASBench_baseline-default.json
baseline-default,local-x86,Native,Intel Xeon w9-3495X,GCC 13.3.0,oneDNN,0e2a5bfeef1bfbffc3137464606540233086ce9b,AVX-512+AMX-BF16,,L04_mlp_up_decode,llm,mlp_up,11008x1x4096,1,1,0,bias_relu,bf16xbf16_acc_fp32,NA,raw_e2e,native_fused,row_contiguous,default,auto,auto,auto,1.0,1.0,0.0,1.0,,,,,2836.232898015605,2815.499648865198,2858.7097552134555,0.0067626129516337565,31.794827590884196,5363.358280155808,1.8910147625423597,1.8910147625423597,TokenDynamic,3586.243161997708,3565.9522749483585,0.7908646374206506,0.7953647944031104,ok,,benchmarks/ops/matmul-otherlibs/results/raw/x86/local-x86_MatmulOtherlibsOneDNNBench_baseline-default.json
baseline-default,local-x86,Native,Intel Xeon w9-3495X,GCC 13.3.0,vecops,c4d4daf287d3552c42830f35a16f09783c323b88+benchmark-worktree,AVX-512+AMX-BF16,,L04_mlp_up_decode,llm,mlp_up,11008x1x4096,1,1,0,bias_relu,bf16xbf16_acc_fp32,AllConst,raw_e2e,native_fused,row_contiguous,default,auto,auto,auto,0.0,1.0,0.0,1.0,,,,,3565.9522749483585,3467.031024993048,3773.800080089131,0.0417065028081424,25.28848650990595,5363.358280155808,1.5040465678227506,1.5040465678227506,TokenDynamic,3586.243161997708,3565.9522749483585,0.9943420214043583,1.0,ok,,benchmarks/ops/matmul-otherlibs/results/raw/x86/local-x86_MatmulOtherlibsVecopsBiasReluBench_baseline-default.json
baseline-default,local-x86,Native,Intel Xeon w9-3495X,GCC 13.3.0,vecops,c4d4daf287d3552c42830f35a16f09783c323b88+benchmark-worktree,AVX-512+AMX-BF16,,L04_mlp_up_decode,llm,mlp_up,11008x1x4096,1,1,0,bias_relu,bf16xbf16_acc_fp32,TokenDynamic,raw_e2e,native_fused,row_contiguous,default,auto,auto,auto,0.0,1.0,0.0,1.0,,,,,3586.243161997708,3521.3264270144437,3757.471513676432,0.03009029902268081,25.14540479451673,5363.358280155808,1.495536704535161,1.495536704535161,TokenDynamic,3586.243161997708,3565.9522749483585,1.0,1.0056901734753707,ok,,benchmarks/ops/matmul-otherlibs/results/raw/x86/local-x86_MatmulOtherlibsVecopsBiasReluBench_baseline-default.json
baseline-default,local-x86,Native,Intel Xeon w9-3495X,GCC 13.3.0,LIBXSMM,3668d249637792dcc988414eb3d2a374033743df,AVX-512+AMX-BF16,,L04_mlp_up_decode,llm,mlp_up,11008x1x4096,1,1,0,bias_silu,bf16xbf16_acc_fp32,NA,prepared_execute,separate,row_contiguous,default,auto,auto,auto,0.0,0.0,1.0,1.0,,,1.0,0.0,10132.895693039665,10072.83296897255,10259.29441518831,0.009349800039777957,8.89948329991627,5193.174518623251,,0.512506461720559,TokenDynamic,3568.2550001901723,3563.284296998628,2.8397341816937485,2.8436955483946798,ok,,benchmarks/ops/matmul-otherlibs/results/raw/x86/local-x86_MatmulOtherlibsLIBXSMMBench_baseline-default.json
baseline-default,local-x86,Native,Intel Xeon w9-3495X,GCC 13.3.0,OpenBLAS,e0166008be8e466242aa76b2ff75ce3f0fbf574a,AVX-512+AMX-BF16,,L04_mlp_up_decode,llm,mlp_up,11008x1x4096,1,1,0,bias_silu,bf16xbf16_acc_fp32,NA,raw_e2e,separate,row_contiguous,default,auto,auto,auto,0.0,1.0,0.0,1.0,,,,,5193.174518623251,5140.829733163291,5241.42711106429,0.008828953367813013,17.364626525955213,5193.174518623251,1.0,1.0,TokenDynamic,3568.2550001901723,3563.284296998628,1.4553821176867903,1.4574123437182622,ok,,benchmarks/ops/matmul-otherlibs/results/raw/x86/local-x86_MatmulOtherlibsOpenBLASBench_baseline-default.json
baseline-default,local-x86,Native,Intel Xeon w9-3495X,GCC 13.3.0,oneDNN,0e2a5bfeef1bfbffc3137464606540233086ce9b,AVX-512+AMX-BF16,,L04_mlp_up_decode,llm,mlp_up,11008x1x4096,1,1,0,bias_silu,bf16xbf16_acc_fp32,NA,raw_e2e,native_fused,row_contiguous,default,auto,auto,auto,1.0,1.0,0.0,1.0,,,,,2887.76729151626,2879.961316587772,2913.4500458288435,0.006907983143142342,31.227424822258136,5193.174518623251,1.7983355285863452,1.7983355285863452,TokenDynamic,3568.2550001901723,3563.284296998628,0.8092939802122759,0.8104229275078164,ok,,benchmarks/ops/matmul-otherlibs/results/raw/x86/local-x86_MatmulOtherlibsOneDNNBench_baseline-default.json
baseline-default,local-x86,Native,Intel Xeon w9-3495X,GCC 13.3.0,vecops,c4d4daf287d3552c42830f35a16f09783c323b88+benchmark-worktree,AVX-512+AMX-BF16,,L04_mlp_up_decode,llm,mlp_up,11008x1x4096,1,1,0,bias_silu,bf16xbf16_acc_fp32,AllConst,raw_e2e,native_fused,row_contiguous,default,auto,auto,auto,0.0,1.0,0.0,1.0,,,,,3563.284296998628,3446.3938107758113,3688.9864702086043,0.03288824926624092,25.307421042984693,5193.174518623251,1.4574123437182622,1.4574123437182622,TokenDynamic,3568.2550001901723,3563.284296998628,0.9986069652557681,1.0,ok,,benchmarks/ops/matmul-otherlibs/results/raw/x86/local-x86_MatmulOtherlibsVecopsBiasSiluBench_baseline-default.json
baseline-default,local-x86,Native,Intel Xeon w9-3495X,GCC 13.3.0,vecops,c4d4daf287d3552c42830f35a16f09783c323b88+benchmark-worktree,AVX-512+AMX-BF16,,L04_mlp_up_decode,llm,mlp_up,11008x1x4096,1,1,0,bias_silu,bf16xbf16_acc_fp32,TokenDynamic,raw_e2e,native_fused,row_contiguous,default,auto,auto,auto,0.0,1.0,0.0,1.0,,,,,3568.2550001901723,3501.1376209838904,3629.8510052514944,0.016466297398522307,25.27216692618491,5193.174518623251,1.4553821176867903,1.4553821176867903,TokenDynamic,3568.2550001901723,3563.284296998628,1.0,1.0013949779970492,ok,,benchmarks/ops/matmul-otherlibs/results/raw/x86/local-x86_MatmulOtherlibsVecopsBiasSiluBench_baseline-default.json
baseline-default,local-x86,Native,Intel Xeon w9-3495X,GCC 13.3.0,LIBXSMM,3668d249637792dcc988414eb3d2a374033743df,AVX-512+AMX-BF16,,L04_mlp_up_decode,llm,mlp_up,11008x1x4096,1,1,0,gemm,bf16xbf16_acc_fp32,NA,prepared_execute,native,row_contiguous,default,auto,auto,auto,0.0,0.0,1.0,1.0,,,1.0,0.0,10135.612307259667,9941.472969456718,10351.87739986353,0.018439226659734898,8.897098001214,5115.0175552013225,,0.5046579723198048,TokenDynamic,3420.465926798742,3371.6237560772092,2.963225631879256,3.0061516469596157,ok,,benchmarks/ops/matmul-otherlibs/results/raw/x86/local-x86_MatmulOtherlibsLIBXSMMBench_baseline-default.json
baseline-default,local-x86,Native,Intel Xeon w9-3495X,GCC 13.3.0,OpenBLAS,e0166008be8e466242aa76b2ff75ce3f0fbf574a,AVX-512+AMX-BF16,,L04_mlp_up_decode,llm,mlp_up,11008x1x4096,1,1,0,gemm,bf16xbf16_acc_fp32,NA,raw_e2e,native,row_contiguous,default,auto,auto,auto,0.0,1.0,0.0,1.0,,,,,5115.0175552013225,5090.602562780043,5219.791859121027,0.011521482729083916,17.62995630548734,5115.0175552013225,1.0,1.0,TokenDynamic,3420.465926798742,3371.6237560772092,1.4954154389102576,1.5170783946404813,ok,,benchmarks/ops/matmul-otherlibs/results/raw/x86/local-x86_MatmulOtherlibsOpenBLASBench_baseline-default.json
baseline-default,local-x86,Native,Intel Xeon w9-3495X,GCC 13.3.0,oneDNN,0e2a5bfeef1bfbffc3137464606540233086ce9b,AVX-512+AMX-BF16,,L04_mlp_up_decode,llm,mlp_up,11008x1x4096,1,1,0,gemm,bf16xbf16_acc_fp32,NA,raw_e2e,native,row_contiguous,default,auto,auto,auto,1.0,1.0,0.0,1.0,,,,,2808.505760040134,2799.675740010571,2863.519747799728,0.011051668133685013,32.10872389263369,5115.0175552013225,1.8212594141620089,1.8212594141620089,TokenDynamic,3420.465926798742,3371.6237560772092,0.8210886528750341,0.8329831449840515,ok,,benchmarks/ops/matmul-otherlibs/results/raw/x86/local-x86_MatmulOtherlibsOneDNNBench_baseline-default.json
baseline-default,local-x86,Native,Intel Xeon w9-3495X,GCC 13.3.0,vecops,c4d4daf287d3552c42830f35a16f09783c323b88+benchmark-worktree,AVX-512+AMX-BF16,,L04_mlp_up_decode,llm,mlp_up,11008x1x4096,1,1,0,gemm,bf16xbf16_acc_fp32,AllConst,raw_e2e,native,row_contiguous,default,auto,auto,auto,0.0,1.0,0.0,1.0,,,,,3371.6237560772092,3366.7789853785603,3377.1358925150707,0.001649874630051351,26.74602580951057,5115.0175552013225,1.5170783946404813,1.5170783946404813,TokenDynamic,3420.465926798742,3371.6237560772092,0.9857206088975005,1.0,ok,,benchmarks/ops/matmul-otherlibs/results/raw/x86/local-x86_MatmulOtherlibsVecopsLLMBench_baseline-default.json
baseline-default,local-x86,Native,Intel Xeon w9-3495X,GCC 13.3.0,vecops,c4d4daf287d3552c42830f35a16f09783c323b88+benchmark-worktree,AVX-512+AMX-BF16,,L04_mlp_up_decode,llm,mlp_up,11008x1x4096,1,1,0,gemm,bf16xbf16_acc_fp32,TokenDynamic,raw_e2e,native,row_contiguous,default,auto,auto,auto,0.0,1.0,0.0,1.0,,,,,3420.465926798742,3390.2026292663527,3427.58837079334,0.004885551054055064,26.36410884653902,5115.0175552013225,1.4954154389102576,1.4954154389102576,TokenDynamic,3420.465926798742,3371.6237560772092,1.0,1.014486245872926,ok,,benchmarks/ops/matmul-otherlibs/results/raw/x86/local-x86_MatmulOtherlibsVecopsLLMBench_baseline-default.json
baseline-default,local-x86,Native,Intel Xeon w9-3495X,GCC 13.3.0,LIBXSMM,3668d249637792dcc988414eb3d2a374033743df,AVX-512+AMX-BF16,,L04_mlp_up_decode,llm,mlp_up,11008x1x4096,1,1,0,gemm_add,bf16xbf16_acc_fp32,NA,prepared_execute,native,row_contiguous,default,auto,auto,auto,0.0,0.0,1.0,1.0,,,1.0,0.0,10076.121231227613,9973.540768707886,10558.11547669761,0.044544895195990565,8.949627930291717,5116.266592974877,,0.507761516119784,TokenDynamic,3411.0830512453017,3387.131585552153,2.9539360607326963,2.974824265525266,ok,,benchmarks/ops/matmul-otherlibs/results/raw/x86/local-x86_MatmulOtherlibsLIBXSMMBench_baseline-default.json
baseline-default,local-x86,Native,Intel Xeon w9-3495X,GCC 13.3.0,OpenBLAS,e0166008be8e466242aa76b2ff75ce3f0fbf574a,AVX-512+AMX-BF16,,L04_mlp_up_decode,llm,mlp_up,11008x1x4096,1,1,0,gemm_add,bf16xbf16_acc_fp32,NA,raw_e2e,native,row_contiguous,default,auto,auto,auto,0.0,1.0,0.0,1.0,,,,,5116.266592974877,5098.2130963044865,5164.936022332835,0.0061802026874628446,17.625652291814188,5116.266592974877,1.0,1.0,TokenDynamic,3411.0830512453017,3387.131585552153,1.4998950527185362,1.510501279253032,ok,,benchmarks/ops/matmul-otherlibs/results/raw/x86/local-x86_MatmulOtherlibsOpenBLASBench_baseline-default.json
baseline-default,local-x86,Native,Intel Xeon w9-3495X,GCC 13.3.0,oneDNN,0e2a5bfeef1bfbffc3137464606540233086ce9b,AVX-512+AMX-BF16,,L04_mlp_up_decode,llm,mlp_up,11008x1x4096,1,1,0,gemm_add,bf16xbf16_acc_fp32,NA,raw_e2e,native,row_contiguous,default,auto,auto,auto,1.0,1.0,0.0,1.0,,,,,2811.8268570064433,2803.2026283932396,2853.722281680366,0.00835576356778078,32.070799727692254,5116.266592974877,1.819552502041968,1.819552502041968,TokenDynamic,3411.0830512453017,3387.131585552153,0.824320843193752,0.8301498734210155,ok,,benchmarks/ops/matmul-otherlibs/results/raw/x86/local-x86_MatmulOtherlibsOneDNNBench_baseline-default.json
baseline-default,local-x86,Native,Intel Xeon w9-3495X,GCC 13.3.0,vecops,c4d4daf287d3552c42830f35a16f09783c323b88+benchmark-worktree,AVX-512+AMX-BF16,,L04_mlp_up_decode,llm,mlp_up,11008x1x4096,1,1,0,gemm_add,bf16xbf16_acc_fp32,AllConst,raw_e2e,native,row_contiguous,default,auto,auto,auto,0.0,1.0,0.0,1.0,,,,,3387.131585552153,3373.443741612591,3432.4938681959065,0.008661554849995536,26.62357033445446,5116.266592974877,1.510501279253032,1.510501279253032,TokenDynamic,3411.0830512453017,3387.131585552153,0.9929783399192217,1.0,ok,,benchmarks/ops/matmul-otherlibs/results/raw/x86/local-x86_MatmulOtherlibsVecopsLLMBench_baseline-default.json
baseline-default,local-x86,Native,Intel Xeon w9-3495X,GCC 13.3.0,vecops,c4d4daf287d3552c42830f35a16f09783c323b88+benchmark-worktree,AVX-512+AMX-BF16,,L04_mlp_up_decode,llm,mlp_up,11008x1x4096,1,1,0,gemm_add,bf16xbf16_acc_fp32,TokenDynamic,raw_e2e,native,row_contiguous,default,auto,auto,auto,0.0,1.0,0.0,1.0,,,,,3411.0830512453017,3397.375497390898,3453.2500412285276,0.007777968694454373,26.43662867342923,5116.266592974877,1.4998950527185362,1.4998950527185362,TokenDynamic,3411.0830512453017,3387.131585552153,1.0,1.007071312433008,ok,,benchmarks/ops/matmul-otherlibs/results/raw/x86/local-x86_MatmulOtherlibsVecopsLLMBench_baseline-default.json
baseline-default,local-x86,Native,Intel Xeon w9-3495X,GCC 13.3.0,LIBXSMM,3668d249637792dcc988414eb3d2a374033743df,AVX-512+AMX-BF16,,L05_mlp_up_prefill,llm,mlp_up,11008x128x4096,1,128,0,bias,bf16xbf16_acc_fp32,NA,prepared_execute,separate,row_contiguous,default,auto,auto,auto,0.0,0.0,1.0,1.0,,,1.0,0.0,58462.33649936039,57854.313298594214,60806.55270197895,0.032464748578381906,197.43864681368464,10341.498583632832,,0.17689164003470806,TokenDynamic,19350.707000869857,24148.293164519906,3.0211989927154796,2.420971788815977,ok,,benchmarks/ops/matmul-otherlibs/results/raw/x86/local-x86_MatmulOtherlibsLIBXSMMBench_baseline-default.json
baseline-default,local-x86,Native,Intel Xeon w9-3495X,GCC 13.3.0,OpenBLAS,e0166008be8e466242aa76b2ff75ce3f0fbf574a,AVX-512+AMX-BF16,,L05_mlp_up_prefill,llm,mlp_up,11008x128x4096,1,128,0,bias,bf16xbf16_acc_fp32,NA,raw_e2e,separate,row_contiguous,default,auto,auto,auto,0.0,1.0,0.0,1.0,,,,,10341.498583632832,10187.14069990286,11293.716100287083,0.056628078096794515,1116.1558950719493,10341.498583632832,1.0,1.0,TokenDynamic,19350.707000869857,24148.293164519906,0.5344248446926492,0.4282496702014191,ok,,benchmarks/ops/matmul-otherlibs/results/raw/x86/local-x86_MatmulOtherlibsOpenBLASBench_baseline-default.json
baseline-default,local-x86,Native,Intel Xeon w9-3495X,GCC 13.3.0,oneDNN,0e2a5bfeef1bfbffc3137464606540233086ce9b,AVX-512+AMX-BF16,,L05_mlp_up_prefill,llm,mlp_up,11008x128x4096,1,128,0,bias,bf16xbf16_acc_fp32,NA,raw_e2e,native_fused,row_contiguous,default,auto,auto,auto,1.0,1.0,0.0,1.0,,,,,16598.696374785504,16582.38017553231,16782.7763758396,0.006601638527413191,695.3994667637963,10341.498583632832,0.623030770015303,0.623030770015303,TokenDynamic,19350.707000869857,24148.293164519906,0.8577824249025814,0.6873652005837533,ok,,benchmarks/ops/matmul-otherlibs/results/raw/x86/local-x86_MatmulOtherlibsOneDNNBench_baseline-default.json
baseline-default,local-x86,Native,Intel Xeon w9-3495X,GCC 13.3.0,vecops,c4d4daf287d3552c42830f35a16f09783c323b88+benchmark-worktree,AVX-512+AMX-BF16,,L05_mlp_up_prefill,llm,mlp_up,11008x128x4096,1,128,0,bias,bf16xbf16_acc_fp32,AllConst,raw_e2e,native_fused,row_contiguous,default,auto,auto,auto,0.0,1.0,0.0,1.0,,,,,24148.293164519906,23948.444334382657,24352.74796638017,0.009700271945466198,477.993393957932,10341.498583632832,0.4282496702014191,0.4282496702014191,TokenDynamic,19350.707000869857,24148.293164519906,1.2479282107591412,1.0,ok,,benchmarks/ops/matmul-otherlibs/results/raw/x86/local-x86_MatmulOtherlibsVecopsBiasBench_baseline-default.json
baseline-default,local-x86,Native,Intel Xeon w9-3495X,GCC 13.3.0,vecops,c4d4daf287d3552c42830f35a16f09783c323b88+benchmark-worktree,AVX-512+AMX-BF16,,L05_mlp_up_prefill,llm,mlp_up,11008x128x4096,1,128,0,bias,bf16xbf16_acc_fp32,TokenDynamic,raw_e2e,native_fused,row_contiguous,default,auto,auto,auto,0.0,1.0,0.0,1.0,,,,,19350.707000869857,19310.814056994528,19394.53860021396,0.0023159954387124582,596.5014408766112,10341.498583632832,0.5344248446926492,0.5344248446926492,TokenDynamic,19350.707000869857,24148.293164519906,1.0,0.8013281464257298,ok,,benchmarks/ops/matmul-otherlibs/results/raw/x86/local-x86_MatmulOtherlibsVecopsBiasBench_baseline-default.json
baseline-default,local-x86,Native,Intel Xeon w9-3495X,GCC 13.3.0,LIBXSMM,3668d249637792dcc988414eb3d2a374033743df,AVX-512+AMX-BF16,,L05_mlp_up_prefill,llm,mlp_up,11008x128x4096,1,128,0,bias_relu,bf16xbf16_acc_fp32,NA,prepared_execute,separate,row_contiguous,default,auto,auto,auto,0.0,0.0,1.0,1.0,,,1.0,0.0,57963.84299901547,57249.16600011056,59862.754399364356,0.020729837932692882,199.13663433592657,10287.21138405112,,0.177476351666777,TokenDynamic,19597.41571460784,23786.850000033155,2.9577289089096293,2.436801972473643,ok,,benchmarks/ops/matmul-otherlibs/results/raw/x86/local-x86_MatmulOtherlibsLIBXSMMBench_baseline-default.json
baseline-default,local-x86,Native,Intel Xeon w9-3495X,GCC 13.3.0,OpenBLAS,e0166008be8e466242aa76b2ff75ce3f0fbf574a,AVX-512+AMX-BF16,,L05_mlp_up_prefill,llm,mlp_up,11008x128x4096,1,128,0,bias_relu,bf16xbf16_acc_fp32,NA,raw_e2e,separate,row_contiguous,default,auto,auto,auto,0.0,1.0,0.0,1.0,,,,,10287.21138405112,9957.441861759155,10425.633384595409,0.020806333979525072,1122.0460217134623,10287.21138405112,1.0,1.0,TokenDynamic,19597.41571460784,23786.850000033155,0.524926935972638,0.4324747238090281,ok,,benchmarks/ops/matmul-otherlibs/results/raw/x86/local-x86_MatmulOtherlibsOpenBLASBench_baseline-default.json
baseline-default,local-x86,Native,Intel Xeon w9-3495X,GCC 13.3.0,oneDNN,0e2a5bfeef1bfbffc3137464606540233086ce9b,AVX-512+AMX-BF16,,L05_mlp_up_prefill,llm,mlp_up,11008x128x4096,1,128,0,bias_relu,bf16xbf16_acc_fp32,NA,raw_e2e,native_fused,row_contiguous,default,auto,auto,auto,1.0,1.0,0.0,1.0,,,,,16608.81174939277,16571.09267544001,16926.981500364487,0.01652667386735368,694.9759430214513,10287.21138405112,0.6193827432854868,0.6193827432854868,TokenDynamic,19597.41571460784,23786.850000033155,0.847500098546801,0.6982350226856276,ok,,benchmarks/ops/matmul-otherlibs/results/raw/x86/local-x86_MatmulOtherlibsOneDNNBench_baseline-default.json
baseline-default,local-x86,Native,Intel Xeon w9-3495X,GCC 13.3.0,vecops,c4d4daf287d3552c42830f35a16f09783c323b88+benchmark-worktree,AVX-512+AMX-BF16,,L05_mlp_up_prefill,llm,mlp_up,11008x128x4096,1,128,0,bias_relu,bf16xbf16_acc_fp32,AllConst,raw_e2e,native_fused,row_contiguous,default,auto,auto,auto,0.0,1.0,0.0,1.0,,,,,23786.850000033155,23321.660239016634,25498.84847947396,0.04299603919461489,485.2565433415484,10287.21138405112,0.4324747238090281,0.4324747238090281,TokenDynamic,19597.41571460784,23786.850000033155,1.2137748337043506,1.0,ok,,benchmarks/ops/matmul-otherlibs/results/raw/x86/local-x86_MatmulOtherlibsVecopsBiasReluBench_baseline-default.json
baseline-default,local-x86,Native,Intel Xeon w9-3495X,GCC 13.3.0,vecops,c4d4daf287d3552c42830f35a16f09783c323b88+benchmark-worktree,AVX-512+AMX-BF16,,L05_mlp_up_prefill,llm,mlp_up,11008x128x4096,1,128,0,bias_relu,bf16xbf16_acc_fp32,TokenDynamic,raw_e2e,native_fused,row_contiguous,default,auto,auto,auto,0.0,1.0,0.0,1.0,,,,,19597.41571460784,19410.17825780104,20092.93057157525,0.015275076747948443,588.9921801983359,10287.21138405112,0.524926935972638,0.524926935972638,TokenDynamic,19597.41571460784,23786.850000033155,1.0,0.823876037162572,ok,,benchmarks/ops/matmul-otherlibs/results/raw/x86/local-x86_MatmulOtherlibsVecopsBiasReluBench_baseline-default.json
baseline-default,local-x86,Native,Intel Xeon w9-3495X,GCC 13.3.0,LIBXSMM,3668d249637792dcc988414eb3d2a374033743df,AVX-512+AMX-BF16,,L05_mlp_up_prefill,llm,mlp_up,11008x128x4096,1,128,0,bias_silu,bf16xbf16_acc_fp32,NA,prepared_execute,separate,row_contiguous,default,auto,auto,auto,0.0,0.0,1.0,1.0,,,1.0,0.0,62089.36150505906,60866.20279966156,65416.95060150232,0.05023997151263822,185.9050299149798,13038.4740001649,,0.2099952984554773,TokenDynamic,20066.098428547517,25329.943798715245,3.0942418490644967,2.451223816304254,ok,,benchmarks/ops/matmul-otherlibs/results/raw/x86/local-x86_MatmulOtherlibsLIBXSMMBench_baseline-default.json
baseline-default,local-x86,Native,Intel Xeon w9-3495X,GCC 13.3.0,OpenBLAS,e0166008be8e466242aa76b2ff75ce3f0fbf574a,AVX-512+AMX-BF16,,L05_mlp_up_prefill,llm,mlp_up,11008x128x4096,1,128,0,bias_silu,bf16xbf16_acc_fp32,NA,raw_e2e,separate,row_contiguous,default,auto,auto,auto,0.0,1.0,0.0,1.0,,,,,13038.4740001649,12888.7914361919,13198.37527328425,0.0105843503768596,885.2818671766356,13038.4740001649,1.0,1.0,TokenDynamic,20066.098428547517,25329.943798715245,0.649776240587727,0.5147454768859859,ok,,benchmarks/ops/matmul-otherlibs/results/raw/x86/local-x86_MatmulOtherlibsOpenBLASBench_baseline-default.json
baseline-default,local-x86,Native,Intel Xeon w9-3495X,GCC 13.3.0,oneDNN,0e2a5bfeef1bfbffc3137464606540233086ce9b,AVX-512+AMX-BF16,,L05_mlp_up_prefill,llm,mlp_up,11008x128x4096,1,128,0,bias_silu,bf16xbf16_acc_fp32,NA,raw_e2e,native_fused,row_contiguous,default,auto,auto,auto,1.0,1.0,0.0,1.0,,,,,17628.56700042903,17549.051974856407,17740.20450066018,0.004994091704788318,654.7738456403791,13038.4740001649,0.7396218875787001,0.7396218875787001,TokenDynamic,20066.098428547517,25329.943798715245,0.8785248942738826,0.6959576041903087,ok,,benchmarks/ops/matmul-otherlibs/results/raw/x86/local-x86_MatmulOtherlibsOneDNNBench_baseline-default.json
baseline-default,local-x86,Native,Intel Xeon w9-3495X,GCC 13.3.0,vecops,c4d4daf287d3552c42830f35a16f09783c323b88+benchmark-worktree,AVX-512+AMX-BF16,,L05_mlp_up_prefill,llm,mlp_up,11008x128x4096,1,128,0,bias_silu,bf16xbf16_acc_fp32,AllConst,raw_e2e,native_fused,row_contiguous,default,auto,auto,auto,0.0,1.0,0.0,1.0,,,,,25329.943798715245,24278.74784101732,25606.463280273598,0.023856264254342535,455.69483689835334,13038.4740001649,0.5147454768859859,0.5147454768859859,TokenDynamic,20066.098428547517,25329.943798715245,1.262325303990286,1.0,ok,,benchmarks/ops/matmul-otherlibs/results/raw/x86/local-x86_MatmulOtherlibsVecopsBiasSiluBench_baseline-default.json
baseline-default,local-x86,Native,Intel Xeon w9-3495X,GCC 13.3.0,vecops,c4d4daf287d3552c42830f35a16f09783c323b88+benchmark-worktree,AVX-512+AMX-BF16,,L05_mlp_up_prefill,llm,mlp_up,11008x128x4096,1,128,0,bias_silu,bf16xbf16_acc_fp32,TokenDynamic,raw_e2e,native_fused,row_contiguous,default,auto,auto,auto,0.0,1.0,0.0,1.0,,,,,20066.098428547517,16258.804999441574,20191.90011529385,0.09962002436074702,575.2351235145177,13038.4740001649,0.649776240587727,0.649776240587727,TokenDynamic,20066.098428547517,25329.943798715245,1.0,0.7921888255261461,ok,,benchmarks/ops/matmul-otherlibs/results/raw/x86/local-x86_MatmulOtherlibsVecopsBiasSiluBench_baseline-default.json
baseline-default,local-x86,Native,Intel Xeon w9-3495X,GCC 13.3.0,LIBXSMM,3668d249637792dcc988414eb3d2a374033743df,AVX-512+AMX-BF16,,L05_mlp_up_prefill,llm,mlp_up,11008x128x4096,1,128,0,gemm,bf16xbf16_acc_fp32,NA,prepared_execute,native,row_contiguous,default,auto,auto,auto,0.0,0.0,1.0,1.0,,,1.0,0.0,58555.42950303061,56913.66840037517,61415.07899883436,0.04154566083181708,197.1247535192717,10123.338154069363,,0.1728847049707904,TokenDynamic,18855.57899991649,22757.57416888761,3.1054697128786097,2.573008400125662,ok,,benchmarks/ops/matmul-otherlibs/results/raw/x86/local-x86_MatmulOtherlibsLIBXSMMBench_baseline-default.json
baseline-default,local-x86,Native,Intel Xeon w9-3495X,GCC 13.3.0,OpenBLAS,e0166008be8e466242aa76b2ff75ce3f0fbf574a,AVX-512+AMX-BF16,,L05_mlp_up_prefill,llm,mlp_up,11008x128x4096,1,128,0,gemm,bf16xbf16_acc_fp32,NA,raw_e2e,native,row_contiguous,default,auto,auto,auto,0.0,1.0,0.0,1.0,,,,,10123.338154069363,9815.289476626696,10248.185353702866,0.021421312502297975,1140.2093294058418,10123.338154069363,1.0,1.0,TokenDynamic,18855.57899991649,22757.57416888761,0.5368882151067436,0.44483379814309054,ok,,benchmarks/ops/matmul-otherlibs/results/raw/x86/local-x86_MatmulOtherlibsOpenBLASBench_baseline-default.json
baseline-default,local-x86,Native,Intel Xeon w9-3495X,GCC 13.3.0,oneDNN,0e2a5bfeef1bfbffc3137464606540233086ce9b,AVX-512+AMX-BF16,,L05_mlp_up_prefill,llm,mlp_up,11008x128x4096,1,128,0,gemm,bf16xbf16_acc_fp32,NA,raw_e2e,native,row_contiguous,default,auto,auto,auto,1.0,1.0,0.0,1.0,,,,,16474.668374939938,16464.11757501482,16829.79887518741,0.011223429652073482,700.6347166027299,10123.338154069363,0.6144790246259673,0.6144790246259673,TokenDynamic,18855.57899991649,22757.57416888761,0.8737291161948886,0.7239202321248644,ok,,benchmarks/ops/matmul-otherlibs/results/raw/x86/local-x86_MatmulOtherlibsOneDNNBench_baseline-default.json
baseline-default,local-x86,Native,Intel Xeon w9-3495X,GCC 13.3.0,vecops,c4d4daf287d3552c42830f35a16f09783c323b88+benchmark-worktree,AVX-512+AMX-BF16,,L05_mlp_up_prefill,llm,mlp_up,11008x128x4096,1,128,0,gemm,bf16xbf16_acc_fp32,AllConst,raw_e2e,native,row_contiguous,default,auto,auto,auto,0.0,1.0,0.0,1.0,,,,,22757.57416888761,22690.959599761605,22980.01896560891,0.0059053436572993655,507.2036466777868,10123.338154069363,0.44483379814309054,0.44483379814309054,TokenDynamic,18855.57899991649,22757.57416888761,1.2069411482399135,1.0,ok,,benchmarks/ops/matmul-otherlibs/results/raw/x86/local-x86_MatmulOtherlibsVecopsLLMBench_baseline-default.json
baseline-default,local-x86,Native,Intel Xeon w9-3495X,GCC 13.3.0,vecops,c4d4daf287d3552c42830f35a16f09783c323b88+benchmark-worktree,AVX-512+AMX-BF16,,L05_mlp_up_prefill,llm,mlp_up,11008x128x4096,1,128,0,gemm,bf16xbf16_acc_fp32,TokenDynamic,raw_e2e,native,row_contiguous,default,auto,auto,auto,0.0,1.0,0.0,1.0,,,,,18855.57899991649,18772.28779984372,18947.942999407784,0.0044127480617496525,612.1649517127595,10123.338154069363,0.5368882151067436,0.5368882151067436,TokenDynamic,18855.57899991649,22757.57416888761,1.0,0.8285408128294436,ok,,benchmarks/ops/matmul-otherlibs/results/raw/x86/local-x86_MatmulOtherlibsVecopsLLMBench_baseline-default.json
baseline-default,local-x86,Native,Intel Xeon w9-3495X,GCC 13.3.0,LIBXSMM,3668d249637792dcc988414eb3d2a374033743df,AVX-512+AMX-BF16,,L05_mlp_up_prefill,llm,mlp_up,11008x128x4096,1,128,0,gemm_add,bf16xbf16_acc_fp32,NA,prepared_execute,native,row_contiguous,default,auto,auto,auto,0.0,0.0,1.0,1.0,,,1.0,0.0,56880.78050297918,56464.30630004033,57557.266000367235,0.011731974930213157,202.9283794267809,9873.258249475233,,0.17357810779263327,TokenDynamic,20415.90914346411,23999.700167526804,2.786100785582151,2.3700621301903877,ok,,benchmarks/ops/matmul-otherlibs/results/raw/x86/local-x86_MatmulOtherlibsLIBXSMMBench_baseline-default.json
baseline-default,local-x86,Native,Intel Xeon w9-3495X,GCC 13.3.0,OpenBLAS,e0166008be8e466242aa76b2ff75ce3f0fbf574a,AVX-512+AMX-BF16,,L05_mlp_up_prefill,llm,mlp_up,11008x128x4096,1,128,0,gemm_add,bf16xbf16_acc_fp32,NA,raw_e2e,native,row_contiguous,default,auto,auto,auto,0.0,1.0,0.0,1.0,,,,,9873.258249475233,9675.944083331464,10188.92515009308,0.023239152351151305,1169.08970841652,9873.258249475233,1.0,1.0,TokenDynamic,20415.90914346411,23999.700167526804,0.4836061024809189,0.4113908999094251,ok,,benchmarks/ops/matmul-otherlibs/results/raw/x86/local-x86_MatmulOtherlibsOpenBLASBench_baseline-default.json
baseline-default,local-x86,Native,Intel Xeon w9-3495X,GCC 13.3.0,oneDNN,0e2a5bfeef1bfbffc3137464606540233086ce9b,AVX-512+AMX-BF16,,L05_mlp_up_prefill,llm,mlp_up,11008x128x4096,1,128,0,gemm_add,bf16xbf16_acc_fp32,NA,raw_e2e,native,row_contiguous,default,auto,auto,auto,1.0,1.0,0.0,1.0,,,,,16089.773125713691,16037.82434940513,16130.38952455099,0.002598003017260799,717.3951128964724,9873.258249475233,0.613635641244462,0.613635641244462,TokenDynamic,20415.90914346411,23999.700167526804,0.7880997614482735,0.6704155890865765,ok,,benchmarks/ops/matmul-otherlibs/results/raw/x86/local-x86_MatmulOtherlibsOneDNNBench_baseline-default.json
baseline-default,local-x86,Native,Intel Xeon w9-3495X,GCC 13.3.0,vecops,c4d4daf287d3552c42830f35a16f09783c323b88+benchmark-worktree,AVX-512+AMX-BF16,,L05_mlp_up_prefill,llm,mlp_up,11008x128x4096,1,128,0,gemm_add,bf16xbf16_acc_fp32,AllConst,raw_e2e,native,row_contiguous,default,auto,auto,auto,0.0,1.0,0.0,1.0,,,,,23999.700167526804,23834.327133469436,24379.365633649286,0.013075392632915347,480.95286722031955,9873.258249475233,0.4113908999094251,0.4113908999094251,TokenDynamic,20415.90914346411,23999.700167526804,1.1755391346463746,1.0,ok,,benchmarks/ops/matmul-otherlibs/results/raw/x86/local-x86_MatmulOtherlibsVecopsLLMBench_baseline-default.json
baseline-default,local-x86,Native,Intel Xeon w9-3495X,GCC 13.3.0,vecops,c4d4daf287d3552c42830f35a16f09783c323b88+benchmark-worktree,AVX-512+AMX-BF16,,L05_mlp_up_prefill,llm,mlp_up,11008x128x4096,1,128,0,gemm_add,bf16xbf16_acc_fp32,TokenDynamic,raw_e2e,native,row_contiguous,default,auto,auto,auto,0.0,1.0,0.0,1.0,,,,,20415.90914346411,20221.984257971468,20564.34557099627,0.007657678958768808,565.3789173378672,9873.258249475233,0.4836061024809189,0.4836061024809189,TokenDynamic,20415.90914346411,23999.700167526804,1.0,0.8506735084585847,ok,,benchmarks/ops/matmul-otherlibs/results/raw/x86/local-x86_MatmulOtherlibsVecopsLLMBench_baseline-default.json
baseline-default,local-x86,Native,Intel Xeon w9-3495X,GCC 13.3.0,LIBXSMM,3668d249637792dcc988414eb3d2a374033743df,AVX-512+AMX-BF16,,L06_mlp_down_decode,llm,mlp_down,4096x1x11008,1,1,0,bias,bf16xbf16_acc_fp32,NA,prepared_execute,separate,row_contiguous,default,auto,auto,auto,0.0,0.0,1.0,1.0,,,1.0,0.0,10501.0355447038,10436.695072514176,10715.18685467626,0.014412112697037191,8.58748983527449,4953.230714558491,,0.471689738928334,TokenDynamic,3252.0430953203077,3289.8319458016326,3.2290579297103403,3.191967163582581,ok,,benchmarks/ops/matmul-otherlibs/results/raw/x86/local-x86_MatmulOtherlibsLIBXSMMBench_baseline-default.json
baseline-default,local-x86,Native,Intel Xeon w9-3495X,GCC 13.3.0,OpenBLAS,e0166008be8e466242aa76b2ff75ce3f0fbf574a,AVX-512+AMX-BF16,,L06_mlp_down_decode,llm,mlp_down,4096x1x11008,1,1,0,bias,bf16xbf16_acc_fp32,NA,raw_e2e,separate,row_contiguous,default,auto,auto,auto,0.0,1.0,0.0,1.0,,,,,4953.230714558491,4928.772185771128,5080.6279639281065,0.02128735493434851,18.205801666970814,4953.230714558491,1.0,1.0,TokenDynamic,3252.0430953203077,3289.8319458016326,1.523113491849537,1.5056181580580823,ok,,benchmarks/ops/matmul-otherlibs/results/raw/x86/local-x86_MatmulOtherlibsOpenBLASBench_baseline-default.json
baseline-default,local-x86,Native,Intel Xeon w9-3495X,GCC 13.3.0,oneDNN,0e2a5bfeef1bfbffc3137464606540233086ce9b,AVX-512+AMX-BF16,,L06_mlp_down_decode,llm,mlp_down,4096x1x11008,1,1,0,bias,bf16xbf16_acc_fp32,NA,raw_e2e,native_fused,row_contiguous,default,auto,auto,auto,1.0,1.0,0.0,1.0,,,,,2761.8898201035336,2752.1264841197994,2775.2564880647697,0.004083955114026335,32.650663811281056,4953.230714558491,1.7934208231278435,1.7934208231278435,TokenDynamic,3252.0430953203077,3289.8319458016326,0.8492783579891345,0.8395230715745708,ok,,benchmarks/ops/matmul-otherlibs/results/raw/x86/local-x86_MatmulOtherlibsOneDNNBench_baseline-default.json
baseline-default,local-x86,Native,Intel Xeon w9-3495X,GCC 13.3.0,vecops,c4d4daf287d3552c42830f35a16f09783c323b88+benchmark-worktree,AVX-512+AMX-BF16,,L06_mlp_down_decode,llm,mlp_down,4096x1x11008,1,1,0,bias,bf16xbf16_acc_fp32,AllConst,raw_e2e,native_fused,row_contiguous,default,auto,auto,auto,0.0,1.0,0.0,1.0,,,,,3289.8319458016326,3207.865816138282,3371.4327784223683,0.024288927230424653,27.410985571795358,4953.230714558491,1.5056181580580823,1.5056181580580823,TokenDynamic,3252.0430953203077,3289.8319458016326,1.011620033736854,1.0,ok,,benchmarks/ops/matmul-otherlibs/results/raw/x86/local-x86_MatmulOtherlibsVecopsBiasBench_baseline-default.json
baseline-default,local-x86,Native,Intel Xeon w9-3495X,GCC 13.3.0,vecops,c4d4daf287d3552c42830f35a16f09783c323b88+benchmark-worktree,AVX-512+AMX-BF16,,L06_mlp_down_decode,llm,mlp_down,4096x1x11008,1,1,0,bias,bf16xbf16_acc_fp32,TokenDynamic,raw_e2e,native_fused,row_contiguous,default,auto,auto,auto,0.0,1.0,0.0,1.0,,,,,3252.0430953203077,3219.2448332179556,3334.6386525192343,0.018891701982251787,27.72950214890004,4953.230714558491,1.523113491849537,1.523113491849537,TokenDynamic,3252.0430953203077,3289.8319458016326,1.0,0.9885134404723774,ok,,benchmarks/ops/matmul-otherlibs/results/raw/x86/local-x86_MatmulOtherlibsVecopsBiasBench_baseline-default.json
baseline-default,local-x86,Native,Intel Xeon w9-3495X,GCC 13.3.0,LIBXSMM,3668d249637792dcc988414eb3d2a374033743df,AVX-512+AMX-BF16,,L06_mlp_down_decode,llm,mlp_down,4096x1x11008,1,1,0,bias_relu,bf16xbf16_acc_fp32,NA,prepared_execute,separate,row_contiguous,default,auto,auto,auto,0.0,0.0,1.0,1.0,,,1.0,0.0,10617.623082604649,10550.658317030566,10926.932366661882,0.016815937844924484,8.493194314624155,4951.029713993194,,0.46630302050415584,TokenDynamic,3211.938475214992,3220.927238067989,3.305674490509646,3.2964492203100573,ok,,benchmarks/ops/matmul-otherlibs/results/raw/x86/local-x86_MatmulOtherlibsLIBXSMMBench_baseline-default.json
baseline-default,local-x86,Native,Intel Xeon w9-3495X,GCC 13.3.0,OpenBLAS,e0166008be8e466242aa76b2ff75ce3f0fbf574a,AVX-512+AMX-BF16,,L06_mlp_down_decode,llm,mlp_down,4096x1x11008,1,1,0,bias_relu,bf16xbf16_acc_fp32,NA,raw_e2e,separate,row_contiguous,default,auto,auto,auto,0.0,1.0,0.0,1.0,,,,,4951.029713993194,4912.499957156667,4959.724499972903,0.0052827242297543734,18.21389513077036,4951.029713993194,1.0,1.0,TokenDynamic,3211.938475214992,3220.927238067989,1.5414459997281844,1.537144228369149,ok,,benchmarks/ops/matmul-otherlibs/results/raw/x86/local-x86_MatmulOtherlibsOpenBLASBench_baseline-default.json
baseline-default,local-x86,Native,Intel Xeon w9-3495X,GCC 13.3.0,oneDNN,0e2a5bfeef1bfbffc3137464606540233086ce9b,AVX-512+AMX-BF16,,L06_mlp_down_decode,llm,mlp_down,4096x1x11008,1,1,0,bias_relu,bf16xbf16_acc_fp32,NA,raw_e2e,native_fused,row_contiguous,default,auto,auto,auto,1.0,1.0,0.0,1.0,,,,,2766.141187445707,2754.9930666888636,2869.13924592227,0.028082826713547802,32.600482003332296,4951.029713993194,1.78986876608603,1.78986876608603,TokenDynamic,3211.938475214992,3220.927238067989,0.8612061559680263,0.8588027555397133,ok,,benchmarks/ops/matmul-otherlibs/results/raw/x86/local-x86_MatmulOtherlibsOneDNNBench_baseline-default.json
baseline-default,local-x86,Native,Intel Xeon w9-3495X,GCC 13.3.0,vecops,c4d4daf287d3552c42830f35a16f09783c323b88+benchmark-worktree,AVX-512+AMX-BF16,,L06_mlp_down_decode,llm,mlp_down,4096x1x11008,1,1,0,bias_relu,bf16xbf16_acc_fp32,AllConst,raw_e2e,native_fused,row_contiguous,default,auto,auto,auto,0.0,1.0,0.0,1.0,,,,,3220.927238067989,3137.4602906344944,3540.3364189689805,0.057186065681764035,27.997383776384606,4951.029713993194,1.537144228369149,1.537144228369149,TokenDynamic,3211.938475214992,3220.927238067989,1.002798547644159,1.0,ok,,benchmarks/ops/matmul-otherlibs/results/raw/x86/local-x86_MatmulOtherlibsVecopsBiasReluBench_baseline-default.json
baseline-default,local-x86,Native,Intel Xeon w9-3495X,GCC 13.3.0,vecops,c4d4daf287d3552c42830f35a16f09783c323b88+benchmark-worktree,AVX-512+AMX-BF16,,L06_mlp_down_decode,llm,mlp_down,4096x1x11008,1,1,0,bias_relu,bf16xbf16_acc_fp32,TokenDynamic,raw_e2e,native_fused,row_contiguous,default,auto,auto,auto,0.0,1.0,0.0,1.0,,,,,3211.938475214992,3174.0170849661813,3474.575850123074,0.043889356491778296,28.075735788794628,4951.029713993194,1.5414459997281844,1.5414459997281844,TokenDynamic,3211.938475214992,3220.927238067989,1.0,0.9972092623680662,ok,,benchmarks/ops/matmul-otherlibs/results/raw/x86/local-x86_MatmulOtherlibsVecopsBiasReluBench_baseline-default.json
baseline-default,local-x86,Native,Intel Xeon w9-3495X,GCC 13.3.0,LIBXSMM,3668d249637792dcc988414eb3d2a374033743df,AVX-512+AMX-BF16,,L06_mlp_down_decode,llm,mlp_down,4096x1x11008,1,1,0,gemm,bf16xbf16_acc_fp32,NA,prepared_execute,native,row_contiguous,default,auto,auto,auto,0.0,0.0,1.0,1.0,,,1.0,0.0,10494.537667303424,10379.361883193877,10587.634117109701,0.009869662100900742,8.592806930500174,5035.595035483961,,0.4798300978205797,TokenDynamic,3160.86815920161,3289.600050266017,3.320144067620395,3.190216897782079,ok,,benchmarks/ops/matmul-otherlibs/results/raw/x86/local-x86_MatmulOtherlibsLIBXSMMBench_baseline-default.json
baseline-default,local-x86,Native,Intel Xeon w9-3495X,GCC 13.3.0,OpenBLAS,e0166008be8e466242aa76b2ff75ce3f0fbf574a,AVX-512+AMX-BF16,,L06_mlp_down_decode,llm,mlp_down,4096x1x11008,1,1,0,gemm,bf16xbf16_acc_fp32,NA,raw_e2e,native,row_contiguous,default,auto,auto,auto,0.0,1.0,0.0,1.0,,,,,5035.595035483961,5014.955785840617,5449.902478721924,0.03993913759651782,17.908019879389133,5035.595035483961,1.0,1.0,TokenDynamic,3160.86815920161,3289.600050266017,1.5931050527447117,1.5307620861316413,ok,,benchmarks/ops/matmul-otherlibs/results/raw/x86/local-x86_MatmulOtherlibsOpenBLASBench_baseline-default.json
baseline-default,local-x86,Native,Intel Xeon w9-3495X,GCC 13.3.0,oneDNN,0e2a5bfeef1bfbffc3137464606540233086ce9b,AVX-512+AMX-BF16,,L06_mlp_down_decode,llm,mlp_down,4096x1x11008,1,1,0,gemm,bf16xbf16_acc_fp32,NA,raw_e2e,native,row_contiguous,default,auto,auto,auto,1.0,1.0,0.0,1.0,,,,,2753.3294897341184,2749.0167714042436,2767.7741672663133,0.0031062983467674415,32.75217744052427,5035.595035483961,1.828911161653317,1.828911161653317,TokenDynamic,3160.86815920161,3289.600050266017,0.8710674887590282,0.8369800120569268,ok,,benchmarks/ops/matmul-otherlibs/results/raw/x86/local-x86_MatmulOtherlibsOneDNNBench_baseline-default.json
baseline-default,local-x86,Native,Intel Xeon w9-3495X,GCC 13.3.0,vecops,c4d4daf287d3552c42830f35a16f09783c323b88+benchmark-worktree,AVX-512+AMX-BF16,,L06_mlp_down_decode,llm,mlp_down,4096x1x11008,1,1,0,gemm,bf16xbf16_acc_fp32,AllConst,raw_e2e,native,row_contiguous,default,auto,auto,auto,0.0,1.0,0.0,1.0,,,,,3289.600050266017,3189.0757651126473,3349.5412048796425,0.02122516937851611,27.412917869060614,5035.595035483961,1.5307620861316413,1.5307620861316413,TokenDynamic,3160.86815920161,3289.600050266017,1.0407267511900664,1.0,ok,,benchmarks/ops/matmul-otherlibs/results/raw/x86/local-x86_MatmulOtherlibsVecopsLLMBench_baseline-default.json
baseline-default,local-x86,Native,Intel Xeon w9-3495X,GCC 13.3.0,vecops,c4d4daf287d3552c42830f35a16f09783c323b88+benchmark-worktree,AVX-512+AMX-BF16,,L06_mlp_down_decode,llm,mlp_down,4096x1x11008,1,1,0,gemm,bf16xbf16_acc_fp32,TokenDynamic,raw_e2e,native,row_contiguous,default,auto,auto,auto,0.0,1.0,0.0,1.0,,,,,3160.86815920161,3140.376759190324,3343.1133407496172,0.03004358793970177,28.529356954507573,5035.595035483961,1.5931050527447117,1.5931050527447117,TokenDynamic,3160.86815920161,3289.600050266017,1.0,0.960867008421283,ok,,benchmarks/ops/matmul-otherlibs/results/raw/x86/local-x86_MatmulOtherlibsVecopsLLMBench_baseline-default.json
baseline-default,local-x86,Native,Intel Xeon w9-3495X,GCC 13.3.0,LIBXSMM,3668d249637792dcc988414eb3d2a374033743df,AVX-512+AMX-BF16,,L06_mlp_down_decode,llm,mlp_down,4096x1x11008,1,1,0,gemm_add,bf16xbf16_acc_fp32,NA,prepared_execute,native,row_contiguous,default,auto,auto,auto,0.0,0.0,1.0,1.0,,,1.0,0.0,10529.706417097867,10478.250766755082,11460.227133648004,0.045264833705367075,8.56410733860272,5095.335724161424,,0.4839010246180985,TokenDynamic,3226.4546303928873,3129.935522751607,3.2635532258563504,3.364192757504771,ok,,benchmarks/ops/matmul-otherlibs/results/raw/x86/local-x86_MatmulOtherlibsLIBXSMMBench_baseline-default.json
baseline-default,local-x86,Native,Intel Xeon w9-3495X,GCC 13.3.0,OpenBLAS,e0166008be8e466242aa76b2ff75ce3f0fbf574a,AVX-512+AMX-BF16,,L06_mlp_down_decode,llm,mlp_down,4096x1x11008,1,1,0,gemm_add,bf16xbf16_acc_fp32,NA,raw_e2e,native,row_contiguous,default,auto,auto,auto,0.0,1.0,0.0,1.0,,,,,5095.335724161424,4940.064165215328,5497.266923916398,0.05005819874433827,17.698055806684096,5095.335724161424,1.0,1.0,TokenDynamic,3226.4546303928873,3129.935522751607,1.5792367498875886,1.6279363223693448,ok,,benchmarks/ops/matmul-otherlibs/results/raw/x86/local-x86_MatmulOtherlibsOpenBLASBench_baseline-default.json
baseline-default,local-x86,Native,Intel Xeon w9-3495X,GCC 13.3.0,oneDNN,0e2a5bfeef1bfbffc3137464606540233086ce9b,AVX-512+AMX-BF16,,L06_mlp_down_decode,llm,mlp_down,4096x1x11008,1,1,0,gemm_add,bf16xbf16_acc_fp32,NA,raw_e2e,native,row_contiguous,default,auto,auto,auto,1.0,1.0,0.0,1.0,,,,,2769.968020147644,2748.257636034396,2790.463888028171,0.008266073797227776,32.55544300298217,5095.335724161424,1.8394926176403414,1.8394926176403414,TokenDynamic,3226.4546303928873,3129.935522751607,0.8585175796537834,0.8849920389773696,ok,,benchmarks/ops/matmul-otherlibs/results/raw/x86/local-x86_MatmulOtherlibsOneDNNBench_baseline-default.json
baseline-default,local-x86,Native,Intel Xeon w9-3495X,GCC 13.3.0,vecops,c4d4daf287d3552c42830f35a16f09783c323b88+benchmark-worktree,AVX-512+AMX-BF16,,L06_mlp_down_decode,llm,mlp_down,4096x1x11008,1,1,0,gemm_add,bf16xbf16_acc_fp32,AllConst,raw_e2e,native,row_contiguous,default,auto,auto,auto,0.0,1.0,0.0,1.0,,,,,3129.935522751607,3041.340395496015,3273.792017981494,0.032552434466784484,28.811307883020735,5095.335724161424,1.6279363223693448,1.6279363223693448,TokenDynamic,3226.4546303928873,3129.935522751607,0.9700850875967448,1.0,ok,,benchmarks/ops/matmul-otherlibs/results/raw/x86/local-x86_MatmulOtherlibsVecopsLLMBench_baseline-default.json
baseline-default,local-x86,Native,Intel Xeon w9-3495X,GCC 13.3.0,vecops,c4d4daf287d3552c42830f35a16f09783c323b88+benchmark-worktree,AVX-512+AMX-BF16,,L06_mlp_down_decode,llm,mlp_down,4096x1x11008,1,1,0,gemm_add,bf16xbf16_acc_fp32,TokenDynamic,raw_e2e,native,row_contiguous,default,auto,auto,auto,0.0,1.0,0.0,1.0,,,,,3226.4546303928873,3113.500969535064,3385.1643783197255,0.03594326332098735,27.949420131476955,5095.335724161424,1.5792367498875886,1.5792367498875886,TokenDynamic,3226.4546303928873,3129.935522751607,1.0,1.0308374108475014,ok,,benchmarks/ops/matmul-otherlibs/results/raw/x86/local-x86_MatmulOtherlibsVecopsLLMBench_baseline-default.json
baseline-default,local-x86,Native,Intel Xeon w9-3495X,GCC 13.3.0,LIBXSMM,3668d249637792dcc988414eb3d2a374033743df,AVX-512+AMX-BF16,,L07_mlp_down_prefill,llm,mlp_down,4096x128x11008,1,128,0,bias,bf16xbf16_acc_fp32,NA,prepared_execute,separate,row_contiguous,default,auto,auto,auto,0.0,0.0,1.0,1.0,,,1.0,0.0,51158.746330960035,50080.06260031835,51650.967199627004,0.01426630518486665,225.62563463394767,10283.639307509962,,0.20101429462290307,TokenDynamic,15841.823223228052,25299.67620212119,3.229347128173264,2.022110714866412,ok,,benchmarks/ops/matmul-otherlibs/results/raw/x86/local-x86_MatmulOtherlibsLIBXSMMBench_baseline-default.json
baseline-default,local-x86,Native,Intel Xeon w9-3495X,GCC 13.3.0,OpenBLAS,e0166008be8e466242aa76b2ff75ce3f0fbf574a,AVX-512+AMX-BF16,,L07_mlp_down_prefill,llm,mlp_down,4096x128x11008,1,128,0,bias,bf16xbf16_acc_fp32,NA,raw_e2e,separate,row_contiguous,default,auto,auto,auto,0.0,1.0,0.0,1.0,,,,,10283.639307509962,10123.023538527868,10637.370599747204,0.022661796951613248,1122.4357703377004,10283.639307509962,1.0,1.0,TokenDynamic,15841.823223228052,25299.67620212119,0.6491449350622465,0.4064731589982861,ok,,benchmarks/ops/matmul-otherlibs/results/raw/x86/local-x86_MatmulOtherlibsOpenBLASBench_baseline-default.json
baseline-default,local-x86,Native,Intel Xeon w9-3495X,GCC 13.3.0,oneDNN,0e2a5bfeef1bfbffc3137464606540233086ce9b,AVX-512+AMX-BF16,,L07_mlp_down_prefill,llm,mlp_down,4096x128x11008,1,128,0,bias,bf16xbf16_acc_fp32,NA,raw_e2e,native_fused,row_contiguous,default,auto,auto,auto,1.0,1.0,0.0,1.0,,,,,18883.76285621364,18776.05448576755,18942.245428167684,0.004252653954959558,611.2513007015392,10283.639307509962,0.5445757493256257,0.5445757493256257,TokenDynamic,15841.823223228052,25299.67620212119,1.1920195415717902,0.7464033415032552,ok,,benchmarks/ops/matmul-otherlibs/results/raw/x86/local-x86_MatmulOtherlibsOneDNNBench_baseline-default.json
baseline-default,local-x86,Native,Intel Xeon w9-3495X,GCC 13.3.0,vecops,c4d4daf287d3552c42830f35a16f09783c323b88+benchmark-worktree,AVX-512+AMX-BF16,,L07_mlp_down_prefill,llm,mlp_down,4096x128x11008,1,128,0,bias,bf16xbf16_acc_fp32,AllConst,raw_e2e,native_fused,row_contiguous,default,auto,auto,auto,0.0,1.0,0.0,1.0,,,,,25299.67620212119,24481.045801076107,25580.085760448128,0.01913859323891524,456.24001334183987,10283.639307509962,0.4064731589982861,0.4064731589982861,TokenDynamic,15841.823223228052,25299.67620212119,1.5970179597147363,1.0,ok,,benchmarks/ops/matmul-otherlibs/results/raw/x86/local-x86_MatmulOtherlibsVecopsBiasBench_baseline-default.json
baseline-default,local-x86,Native,Intel Xeon w9-3495X,GCC 13.3.0,vecops,c4d4daf287d3552c42830f35a16f09783c323b88+benchmark-worktree,AVX-512+AMX-BF16,,L07_mlp_down_prefill,llm,mlp_down,4096x128x11008,1,128,0,bias,bf16xbf16_acc_fp32,TokenDynamic,raw_e2e,native_fused,row_contiguous,default,auto,auto,auto,0.0,1.0,0.0,1.0,,,,,15841.823223228052,15731.53615560538,15878.634488843902,0.0045008966306744926,728.6234952474091,10283.639307509962,0.6491449350622465,0.6491449350622465,TokenDynamic,15841.823223228052,25299.67620212119,1.0,0.626167034576507,ok,,benchmarks/ops/matmul-otherlibs/results/raw/x86/local-x86_MatmulOtherlibsVecopsBiasBench_baseline-default.json
baseline-default,local-x86,Native,Intel Xeon w9-3495X,GCC 13.3.0,LIBXSMM,3668d249637792dcc988414eb3d2a374033743df,AVX-512+AMX-BF16,,L07_mlp_down_prefill,llm,mlp_down,4096x128x11008,1,128,0,bias_relu,bf16xbf16_acc_fp32,NA,prepared_execute,separate,row_contiguous,default,auto,auto,auto,0.0,0.0,1.0,1.0,,,1.0,0.0,51562.91799600392,51189.7509325839,52098.94920117222,0.009329751508267519,223.8570867710503,10157.144571296938,,0.1969854493511036,TokenDynamic,15696.424665899638,25213.7584000593,3.285010382525134,2.0450310175052144,ok,,benchmarks/ops/matmul-otherlibs/results/raw/x86/local-x86_MatmulOtherlibsLIBXSMMBench_baseline-default.json
baseline-default,local-x86,Native,Intel Xeon w9-3495X,GCC 13.3.0,OpenBLAS,e0166008be8e466242aa76b2ff75ce3f0fbf574a,AVX-512+AMX-BF16,,L07_mlp_down_prefill,llm,mlp_down,4096x128x11008,1,128,0,bias_relu,bf16xbf16_acc_fp32,NA,raw_e2e,separate,row_contiguous,default,auto,auto,auto,0.0,1.0,0.0,1.0,,,,,10157.144571296938,10093.934014106968,10504.23788588627,0.018404837658239716,1136.4143265833363,10157.144571296938,1.0,1.0,TokenDynamic,15696.424665899638,25213.7584000593,0.6470992463247542,0.40284135392020926,ok,,benchmarks/ops/matmul-otherlibs/results/raw/x86/local-x86_MatmulOtherlibsOpenBLASBench_baseline-default.json
baseline-default,local-x86,Native,Intel Xeon w9-3495X,GCC 13.3.0,oneDNN,0e2a5bfeef1bfbffc3137464606540233086ce9b,AVX-512+AMX-BF16,,L07_mlp_down_prefill,llm,mlp_down,4096x128x11008,1,128,0,bias_relu,bf16xbf16_acc_fp32,NA,raw_e2e,native_fused,row_contiguous,default,auto,auto,auto,1.0,1.0,0.0,1.0,,,,,18836.719857063144,18767.43848593573,18927.127400196954,0.0038385284838689756,612.7778453779924,10157.144571296938,0.5392204507138936,0.5392204507138936,TokenDynamic,15696.424665899638,25213.7584000593,1.2000643622993823,0.7470810007055053,ok,,benchmarks/ops/matmul-otherlibs/results/raw/x86/local-x86_MatmulOtherlibsOneDNNBench_baseline-default.json
baseline-default,local-x86,Native,Intel Xeon w9-3495X,GCC 13.3.0,vecops,c4d4daf287d3552c42830f35a16f09783c323b88+benchmark-worktree,AVX-512+AMX-BF16,,L07_mlp_down_prefill,llm,mlp_down,4096x128x11008,1,128,0,bias_relu,bf16xbf16_acc_fp32,AllConst,raw_e2e,native_fused,row_contiguous,default,auto,auto,auto,0.0,1.0,0.0,1.0,,,,,25213.7584000593,23672.278160811402,25607.49299940653,0.037559086289222526,457.79468593515406,10157.144571296938,0.40284135392020926,0.40284135392020926,TokenDynamic,15696.424665899638,25213.7584000593,1.6063376811431458,1.0,ok,,benchmarks/ops/matmul-otherlibs/results/raw/x86/local-x86_MatmulOtherlibsVecopsBiasReluBench_baseline-default.json
baseline-default,local-x86,Native,Intel Xeon w9-3495X,GCC 13.3.0,vecops,c4d4daf287d3552c42830f35a16f09783c323b88+benchmark-worktree,AVX-512+AMX-BF16,,L07_mlp_down_prefill,llm,mlp_down,4096x128x11008,1,128,0,bias_relu,bf16xbf16_acc_fp32,TokenDynamic,raw_e2e,native_fused,row_contiguous,default,auto,auto,auto,0.0,1.0,0.0,1.0,,,,,15696.424665899638,15450.39704425209,15995.434266450404,0.01630824418348026,735.3728542447301,10157.144571296938,0.6470992463247542,0.6470992463247542,TokenDynamic,15696.424665899638,25213.7584000593,1.0,0.6225341108155744,ok,,benchmarks/ops/matmul-otherlibs/results/raw/x86/local-x86_MatmulOtherlibsVecopsBiasReluBench_baseline-default.json
baseline-default,local-x86,Native,Intel Xeon w9-3495X,GCC 13.3.0,LIBXSMM,3668d249637792dcc988414eb3d2a374033743df,AVX-512+AMX-BF16,,L07_mlp_down_prefill,llm,mlp_down,4096x128x11008,1,128,0,gemm,bf16xbf16_acc_fp32,NA,prepared_execute,native,row_contiguous,default,auto,auto,auto,0.0,0.0,1.0,1.0,,,1.0,0.0,51719.134668625586,50742.33780226981,54032.45273434247,0.028939318215069273,223.1809306547074,9860.707285822302,,0.19065878323374405,TokenDynamic,15097.153888847164,23246.00483310254,3.425753956633671,2.224861219807415,ok,,benchmarks/ops/matmul-otherlibs/results/raw/x86/local-x86_MatmulOtherlibsLIBXSMMBench_baseline-default.json
baseline-default,local-x86,Native,Intel Xeon w9-3495X,GCC 13.3.0,OpenBLAS,e0166008be8e466242aa76b2ff75ce3f0fbf574a,AVX-512+AMX-BF16,,L07_mlp_down_prefill,llm,mlp_down,4096x128x11008,1,128,0,gemm,bf16xbf16_acc_fp32,NA,raw_e2e,native,row_contiguous,default,auto,auto,auto,0.0,1.0,0.0,1.0,,,,,9860.707285822302,9755.287014247317,10207.245671439783,0.02055464913600941,1170.577756080043,9860.707285822302,1.0,1.0,TokenDynamic,15097.153888847164,23246.00483310254,0.6531500810299601,0.42418933303242534,ok,,benchmarks/ops/matmul-otherlibs/results/raw/x86/local-x86_MatmulOtherlibsOpenBLASBench_baseline-default.json
baseline-default,local-x86,Native,Intel Xeon w9-3495X,GCC 13.3.0,oneDNN,0e2a5bfeef1bfbffc3137464606540233086ce9b,AVX-512+AMX-BF16,,L07_mlp_down_prefill,llm,mlp_down,4096x128x11008,1,128,0,gemm,bf16xbf16_acc_fp32,NA,raw_e2e,native,row_contiguous,default,auto,auto,auto,1.0,1.0,0.0,1.0,,,,,18930.307875052677,18710.924175320542,18991.173450558563,0.007329154545303403,609.7483825506922,9860.707285822302,0.5208952411607232,0.5208952411607232,TokenDynamic,15097.153888847164,23246.00483310254,1.2538991133313682,0.8143467237043559,ok,,benchmarks/ops/matmul-otherlibs/results/raw/x86/local-x86_MatmulOtherlibsOneDNNBench_baseline-default.json
baseline-default,local-x86,Native,Intel Xeon w9-3495X,GCC 13.3.0,vecops,c4d4daf287d3552c42830f35a16f09783c323b88+benchmark-worktree,AVX-512+AMX-BF16,,L07_mlp_down_prefill,llm,mlp_down,4096x128x11008,1,128,0,gemm,bf16xbf16_acc_fp32,AllConst,raw_e2e,native,row_contiguous,default,auto,auto,auto,0.0,1.0,0.0,1.0,,,,,23246.00483310254,23202.4892999713,23493.219866456155,0.005828002592303059,496.54659761418645,9860.707285822302,0.42418933303242534,0.42418933303242534,TokenDynamic,15097.153888847164,23246.00483310254,1.5397607392924064,1.0,ok,,benchmarks/ops/matmul-otherlibs/results/raw/x86/local-x86_MatmulOtherlibsVecopsLLMBench_baseline-default.json
baseline-default,local-x86,Native,Intel Xeon w9-3495X,GCC 13.3.0,vecops,c4d4daf287d3552c42830f35a16f09783c323b88+benchmark-worktree,AVX-512+AMX-BF16,,L07_mlp_down_prefill,llm,mlp_down,4096x128x11008,1,128,0,gemm,bf16xbf16_acc_fp32,TokenDynamic,raw_e2e,native,row_contiguous,default,auto,auto,auto,0.0,1.0,0.0,1.0,,,,,15097.153888847164,15049.798711293583,15791.64071170251,0.02310154649790944,764.5629562355488,9860.707285822302,0.6531500810299601,0.6531500810299601,TokenDynamic,15097.153888847164,23246.00483310254,1.0,0.6494515508036318,ok,,benchmarks/ops/matmul-otherlibs/results/raw/x86/local-x86_MatmulOtherlibsVecopsLLMBench_baseline-default.json
baseline-default,local-x86,Native,Intel Xeon w9-3495X,GCC 13.3.0,LIBXSMM,3668d249637792dcc988414eb3d2a374033743df,AVX-512+AMX-BF16,,L07_mlp_down_prefill,llm,mlp_down,4096x128x11008,1,128,0,gemm_add,bf16xbf16_acc_fp32,NA,prepared_execute,native,row_contiguous,default,auto,auto,auto,0.0,0.0,1.0,1.0,,,1.0,0.0,51588.67433298535,50809.65659872163,51736.22993461323,0.008762038197399345,223.74532312065406,10155.971642234363,,0.1968643655520476,TokenDynamic,15712.85399970495,23938.52249952033,3.2832147701464076,2.155048388388175,ok,,benchmarks/ops/matmul-otherlibs/results/raw/x86/local-x86_MatmulOtherlibsLIBXSMMBench_baseline-default.json
baseline-default,local-x86,Native,Intel Xeon w9-3495X,GCC 13.3.0,OpenBLAS,e0166008be8e466242aa76b2ff75ce3f0fbf574a,AVX-512+AMX-BF16,,L07_mlp_down_prefill,llm,mlp_down,4096x128x11008,1,128,0,gemm_add,bf16xbf16_acc_fp32,NA,raw_e2e,native,row_contiguous,default,auto,auto,auto,0.0,1.0,0.0,1.0,,,,,10155.971642234363,9681.02852847161,10415.115199741975,0.03919147147132738,1136.5455728527954,10155.971642234363,1.0,1.0,TokenDynamic,15712.85399970495,23938.52249952033,0.6463479926959843,0.42425223371400067,ok,,benchmarks/ops/matmul-otherlibs/results/raw/x86/local-x86_MatmulOtherlibsOpenBLASBench_baseline-default.json
baseline-default,local-x86,Native,Intel Xeon w9-3495X,GCC 13.3.0,oneDNN,0e2a5bfeef1bfbffc3137464606540233086ce9b,AVX-512+AMX-BF16,,L07_mlp_down_prefill,llm,mlp_down,4096x128x11008,1,128,0,gemm_add,bf16xbf16_acc_fp32,NA,raw_e2e,native,row_contiguous,default,auto,auto,auto,1.0,1.0,0.0,1.0,,,,,17144.122250101645,17066.067799896704,17476.13525003544,0.012981534929376775,673.2759157694156,10155.971642234363,0.5923879621293618,0.5923879621293618,TokenDynamic,15712.85399970495,23938.52249952033,1.091089005881654,0.7161729488712251,ok,,benchmarks/ops/matmul-otherlibs/results/raw/x86/local-x86_MatmulOtherlibsOneDNNBench_baseline-default.json
baseline-default,local-x86,Native,Intel Xeon w9-3495X,GCC 13.3.0,vecops,c4d4daf287d3552c42830f35a16f09783c323b88+benchmark-worktree,AVX-512+AMX-BF16,,L07_mlp_down_prefill,llm,mlp_down,4096x128x11008,1,128,0,gemm_add,bf16xbf16_acc_fp32,AllConst,raw_e2e,native,row_contiguous,default,auto,auto,auto,0.0,1.0,0.0,1.0,,,,,23938.52249952033,23750.667466568608,24942.364232750453,0.02773927099856551,482.181998000557,10155.971642234363,0.42425223371400067,0.42425223371400067,TokenDynamic,15712.85399970495,23938.52249952033,1.5234993273640702,1.0,ok,,benchmarks/ops/matmul-otherlibs/results/raw/x86/local-x86_MatmulOtherlibsVecopsLLMBench_baseline-default.json
baseline-default,local-x86,Native,Intel Xeon w9-3495X,GCC 13.3.0,vecops,c4d4daf287d3552c42830f35a16f09783c323b88+benchmark-worktree,AVX-512+AMX-BF16,,L07_mlp_down_prefill,llm,mlp_down,4096x128x11008,1,128,0,gemm_add,bf16xbf16_acc_fp32,TokenDynamic,raw_e2e,native,row_contiguous,default,auto,auto,auto,0.0,1.0,0.0,1.0,,,,,15712.85399970495,15684.66286698822,16504.151488576706,0.024856776522487405,734.603949620912,10155.971642234363,0.6463479926959843,0.6463479926959843,TokenDynamic,15712.85399970495,23938.52249952033,1.0,0.6563836176614407,ok,,benchmarks/ops/matmul-otherlibs/results/raw/x86/local-x86_MatmulOtherlibsVecopsLLMBench_baseline-default.json
baseline-default,local-x86,Native,Intel Xeon w9-3495X,GCC 13.3.0,LIBXSMM,3668d249637792dcc988414eb3d2a374033743df,AVX-512+AMX-BF16,,L08_attention,llm,attention,128x128x128,1,128,0,gemm,bf16xbf16_acc_fp32,NA,prepared_execute,native,row_contiguous,default,auto,auto,auto,0.0,0.0,1.0,1.0,,,1.0,0.0,9.389255750605054,7.702238585893673,9.443635381138446,0.09314025697899114,446.71314866779664,5.838835512819068,,0.6218635073863875,TokenDynamic,5.213569920275733,4.282429271093062,1.8009264082351617,2.1925069058311633,ok,,benchmarks/ops/matmul-otherlibs/results/raw/x86/local-x86_MatmulOtherlibsLIBXSMMBench_baseline-default.json
baseline-default,local-x86,Native,Intel Xeon w9-3495X,GCC 13.3.0,OpenBLAS,e0166008be8e466242aa76b2ff75ce3f0fbf574a,AVX-512+AMX-BF16,,L08_attention,llm,attention,128x128x128,1,128,0,gemm,bf16xbf16_acc_fp32,NA,raw_e2e,native,row_contiguous,default,auto,auto,auto,0.0,1.0,0.0,1.0,,,,,5.838835512819068,5.82876922320345,5.984263339302541,0.012811532221975145,718.3459768290226,5.838835512819068,1.0,1.0,TokenDynamic,5.213569920275733,4.282429271093062,1.1199304127698868,1.3634400344290434,ok,,benchmarks/ops/matmul-otherlibs/results/raw/x86/local-x86_MatmulOtherlibsOpenBLASBench_baseline-default.json
baseline-default,local-x86,Native,Intel Xeon w9-3495X,GCC 13.3.0,oneDNN,0e2a5bfeef1bfbffc3137464606540233086ce9b,AVX-512+AMX-BF16,,L08_attention,llm,attention,128x128x128,1,128,0,gemm,bf16xbf16_acc_fp32,NA,raw_e2e,native,row_contiguous,default,auto,auto,auto,1.0,1.0,0.0,1.0,,,,,3.8915008463514873,3.890413853099154,3.90619229166415,0.0018730438106143504,1077.8114063452945,5.838835512819068,1.5004071034170074,1.5004071034170074,TokenDynamic,5.213569920275733,4.282429271093062,0.7464176957169638,0.9087133960669493,ok,,benchmarks/ops/matmul-otherlibs/results/raw/x86/local-x86_MatmulOtherlibsOneDNNBench_baseline-default.json
baseline-default,local-x86,Native,Intel Xeon w9-3495X,GCC 13.3.0,vecops,c4d4daf287d3552c42830f35a16f09783c323b88+benchmark-worktree,AVX-512+AMX-BF16,,L08_attention,llm,attention,128x128x128,1,128,0,gemm,bf16xbf16_acc_fp32,AllConst,raw_e2e,native,row_contiguous,default,auto,auto,auto,0.0,1.0,0.0,1.0,,,,,4.282429271093062,3.215170912828189,4.439781841317594,0.15873224210580564,979.4216633797273,5.838835512819068,1.3634400344290434,1.3634400344290434,TokenDynamic,5.213569920275733,4.282429271093062,0.8214005636403885,1.0,ok,,benchmarks/ops/matmul-otherlibs/results/raw/x86/local-x86_MatmulOtherlibsVecopsLLMBench_baseline-default.json
baseline-default,local-x86,Native,Intel Xeon w9-3495X,GCC 13.3.0,vecops,c4d4daf287d3552c42830f35a16f09783c323b88+benchmark-worktree,AVX-512+AMX-BF16,,L08_attention,llm,attention,128x128x128,1,128,0,gemm,bf16xbf16_acc_fp32,TokenDynamic,raw_e2e,native,row_contiguous,default,auto,auto,auto,0.0,1.0,0.0,1.0,,,,,5.213569920275733,4.177855439997714,5.643878969944948,0.1414202721384314,804.4975063417149,5.838835512819068,1.1199304127698868,1.1199304127698868,TokenDynamic,5.213569920275733,4.282429271093062,1.0,1.2174328144700455,ok,,benchmarks/ops/matmul-otherlibs/results/raw/x86/local-x86_MatmulOtherlibsVecopsLLMBench_baseline-default.json
baseline-default,local-x86,Native,Intel Xeon w9-3495X,GCC 13.3.0,LIBXSMM,3668d249637792dcc988414eb3d2a374033743df,AVX-512+AMX-BF16,,L08_attention,llm,attention,128x128x128,1,128,0,gemm_add,bf16xbf16_acc_fp32,NA,prepared_execute,native,row_contiguous,default,auto,auto,auto,0.0,0.0,1.0,1.0,,,1.0,0.0,6.419007798787517,6.402144793217273,6.42860374371966,0.002166778742632372,653.4193650290097,4.837599063076371,,0.7536365766669021,TokenDynamic,5.8146086474292416,4.983657764072155,1.10394494075289,1.2880113568517866,ok,,benchmarks/ops/matmul-otherlibs/results/raw/x86/local-x86_MatmulOtherlibsLIBXSMMBench_baseline-default.json
baseline-default,local-x86,Native,Intel Xeon w9-3495X,GCC 13.3.0,OpenBLAS,e0166008be8e466242aa76b2ff75ce3f0fbf574a,AVX-512+AMX-BF16,,L08_attention,llm,attention,128x128x128,1,128,0,gemm_add,bf16xbf16_acc_fp32,NA,raw_e2e,native,row_contiguous,default,auto,auto,auto,0.0,1.0,0.0,1.0,,,,,4.837599063076371,4.819506801752178,4.977002805025405,0.015207456620529962,867.0218315555732,4.837599063076371,1.0,1.0,TokenDynamic,5.8146086474292416,4.983657764072155,0.8319732859777542,0.970692469685872,ok,,benchmarks/ops/matmul-otherlibs/results/raw/x86/local-x86_MatmulOtherlibsOpenBLASBench_baseline-default.json
baseline-default,local-x86,Native,Intel Xeon w9-3495X,GCC 13.3.0,oneDNN,0e2a5bfeef1bfbffc3137464606540233086ce9b,AVX-512+AMX-BF16,,L08_attention,llm,attention,128x128x128,1,128,0,gemm_add,bf16xbf16_acc_fp32,NA,raw_e2e,native,row_contiguous,default,auto,auto,auto,1.0,1.0,0.0,1.0,,,,,3.981723437725332,3.9775606164433257,3.9893953851771684,0.0014090280409454518,1053.3890827927794,4.837599063076371,1.2149510478909558,1.2149510478909558,TokenDynamic,5.8146086474292416,4.983657764072155,0.6847792653226514,0.798956033142986,ok,,benchmarks/ops/matmul-otherlibs/results/raw/x86/local-x86_MatmulOtherlibsOneDNNBench_baseline-default.json
baseline-default,local-x86,Native,Intel Xeon w9-3495X,GCC 13.3.0,vecops,c4d4daf287d3552c42830f35a16f09783c323b88+benchmark-worktree,AVX-512+AMX-BF16,,L08_attention,llm,attention,128x128x128,1,128,0,gemm_add,bf16xbf16_acc_fp32,AllConst,raw_e2e,native,row_contiguous,default,auto,auto,auto,0.0,1.0,0.0,1.0,,,,,4.983657764072155,4.152560472428358,5.2365368273016175,0.10138457427106239,841.6115629442475,4.837599063076371,0.970692469685872,0.970692469685872,TokenDynamic,5.8146086474292416,4.983657764072155,0.8570925519253187,1.0,ok,,benchmarks/ops/matmul-otherlibs/results/raw/x86/local-x86_MatmulOtherlibsVecopsLLMBench_baseline-default.json
baseline-default,local-x86,Native,Intel Xeon w9-3495X,GCC 13.3.0,vecops,c4d4daf287d3552c42830f35a16f09783c323b88+benchmark-worktree,AVX-512+AMX-BF16,,L08_attention,llm,attention,128x128x128,1,128,0,gemm_add,bf16xbf16_acc_fp32,TokenDynamic,raw_e2e,native,row_contiguous,default,auto,auto,auto,0.0,1.0,0.0,1.0,,,,,5.8146086474292416,5.53221579022963,6.165425847544651,0.04909413521608718,721.3390022137411,4.837599063076371,0.8319732859777542,0.8319732859777542,TokenDynamic,5.8146086474292416,4.983657764072155,1.0,1.1667351416759635,ok,,benchmarks/ops/matmul-otherlibs/results/raw/x86/local-x86_MatmulOtherlibsVecopsLLMBench_baseline-default.json
